run_id,run_date,ticker,rank,score_rank,score,return_pct,max_dd_pct,ann_vol_pct,from_high_pct,close,vol_ratio_20d,dollar_vol_20d_m,dist_days_25d
20260514,2026-05-14T15:08:44.443617+00:00,NOK,1,2,13.75,109.6,-8.0,59.0,0.0,,1.34,1427.3,3
20260514,2026-05-14T15:08:44.443617+00:00,MRVL,2,3,12.61,136.2,-10.8,69.0,0.0,,1.26,4123.6,3
20260514,2026-05-14T15:08:44.443617+00:00,SYRE,3,4,11.0,106.8,-9.7,76.0,-0.9,,0.56,88.0,4
20260514,2026-05-14T15:08:44.443617+00:00,NOKBF,4,5,10.88,117.3,-10.8,66.0,0.0,,0.97,23.8,3
20260514,2026-05-14T15:08:44.443617+00:00,AMD,5,6,10.75,118.2,-11.0,72.0,-1.4,,0.63,17507.7,1
20260514,2026-05-14T15:08:44.443617+00:00,INTC,6,7,10.57,149.6,-14.2,87.0,-9.8,,0.75,14943.2,1
20260514,2026-05-14T15:08:44.443617+00:00,DELL,7,8,10.06,108.7,-10.8,72.0,-6.1,,0.76,1431.8,1
20260514,2026-05-14T15:08:44.443617+00:00,FLEX,8,9,9.27,125.0,-13.5,94.0,-0.3,,1.16,697.3,3
20260514,2026-05-14T15:08:44.443617+00:00,STM,9,10,8.82,94.4,-10.7,56.0,0.0,,1.31,697.5,2
20260514,2026-05-14T15:08:44.443617+00:00,CSCO,10,11,8.34,52.0,-6.2,38.0,0.0,,2.37,1904.4,3
20260514,2026-05-14T15:08:44.443617+00:00,KGS,11,12,7.13,48.5,-6.8,32.0,-1.4,,0.92,98.5,3
20260514,2026-05-14T15:08:44.443617+00:00,PLUG,12,13,7.09,102.9,-14.5,94.0,-3.2,,1.99,287.9,4
20260514,2026-05-14T15:08:44.443617+00:00,TWLO,13,14,6.65,74.8,-11.2,64.0,-2.1,,0.9,505.8,5
20260514,2026-05-14T15:08:44.443617+00:00,VSNT,14,15,6.24,46.7,-7.5,33.0,0.0,,1.23,75.9,7
20260514,2026-05-14T15:08:44.443617+00:00,PWR,15,16,6.13,47.3,-7.7,46.0,-1.7,,0.96,847.2,4
20260514,2026-05-14T15:08:44.443617+00:00,LGN,16,17,6.06,96.2,-15.9,65.0,-8.3,,1.03,151.3,2
20260514,2026-05-14T15:08:44.443617+00:00,VSH,17,18,5.88,100.9,-17.2,60.0,-2.0,,2.92,142.2,3
20260514,2026-05-14T15:08:44.443617+00:00,SSL,18,20,5.76,64.3,-11.2,61.0,-8.5,,1.2,22.3,6
20260514,2026-05-14T15:08:44.443617+00:00,CIEN,19,21,5.46,91.9,-16.8,77.0,0.0,,0.6,1072.8,7
20260514,2026-05-14T15:08:44.443617+00:00,STX,20,22,5.36,92.1,-17.2,66.0,-2.1,,0.52,3297.6,2
20260514,2026-05-14T15:08:44.443617+00:00,BTSG,21,23,5.36,49.8,-9.3,46.0,0.0,,0.96,149.9,3
20260514,2026-05-14T15:08:44.443617+00:00,YOU,22,24,5.0,76.3,-15.3,95.0,-6.7,,0.85,94.1,4
20260514,2026-05-14T15:08:44.443617+00:00,ARM,23,25,4.9,75.4,-15.4,81.0,-7.4,,0.79,2366.0,2
20260514,2026-05-14T15:08:44.443617+00:00,HUM,24,26,4.64,65.4,-14.1,47.0,-0.6,,1.58,496.2,1
20260514,2026-05-14T15:08:44.443617+00:00,ARMK,25,27,4.63,32.9,-7.1,30.0,0.0,,2.02,149.6,6
20260514,2026-05-14T15:08:44.443617+00:00,SGHC,26,28,4.42,49.4,-11.2,45.0,0.0,,1.06,53.4,4
20260514,2026-05-14T15:08:44.443617+00:00,EBAY,27,29,4.34,37.3,-8.6,35.0,-0.3,,0.98,768.0,4
20260514,2026-05-14T15:08:44.443617+00:00,HPE,28,30,4.22,51.9,-12.3,48.0,0.0,,1.98,429.6,3
20260514,2026-05-14T15:08:44.443617+00:00,NVT,29,31,4.04,52.4,-13.0,49.0,-0.6,,0.68,364.2,2
20260514,2026-05-14T15:08:44.443617+00:00,RVMD,30,32,4.02,55.0,-13.7,95.0,-2.1,,0.49,471.3,7
20260514,2026-05-14T15:08:44.443617+00:00,KEYS,31,33,3.91,54.8,-14.0,58.0,-1.4,,1.3,408.7,3
20260514,2026-05-14T15:08:44.443617+00:00,AMZN,32,34,3.88,34.8,-9.0,29.0,-2.6,,0.84,12327.8,1
20260514,2026-05-14T15:08:44.443617+00:00,VRT,33,35,3.83,58.1,-15.2,57.0,0.0,,0.75,1927.9,5
20260514,2026-05-14T15:08:44.443617+00:00,MARA,34,36,3.79,66.2,-17.5,76.0,-1.7,,0.66,552.0,3
20260514,2026-05-14T15:08:44.443617+00:00,CZR,35,37,3.73,47.0,-12.6,63.0,-8.3,,1.35,99.2,8
20260514,2026-05-14T15:08:44.443617+00:00,GLNG,36,38,3.68,30.6,-8.3,34.0,-1.6,,1.5,71.4,3
20260514,2026-05-14T15:08:44.443617+00:00,LEGN,37,39,3.68,63.0,-17.1,73.0,-1.1,,0.97,78.3,5
20260514,2026-05-14T15:08:44.443617+00:00,TGTX,38,40,3.62,46.4,-12.8,54.0,-3.3,,0.75,95.2,3
20260514,2026-05-14T15:08:44.443617+00:00,CVE,39,41,3.6,35.5,-9.9,35.0,-2.9,,1.02,238.6,4
20260514,2026-05-14T15:08:44.443617+00:00,FTNT,40,42,3.34,40.3,-12.1,54.0,0.0,,0.86,574.2,4
20260514,2026-05-14T15:08:44.443617+00:00,GSAT,41,43,3.32,36.6,-11.0,63.0,-0.7,,0.73,117.0,4
20260514,2026-05-14T15:08:44.443617+00:00,DDOG,42,44,3.23,63.6,-19.7,84.0,-0.2,,0.69,1059.0,6
20260514,2026-05-14T15:08:44.443617+00:00,UNH,43,45,3.18,36.5,-11.5,34.0,-1.0,,1.01,3052.0,1
20260514,2026-05-14T15:08:44.443617+00:00,QCOM,44,46,3.15,45.4,-14.4,61.0,-14.4,,0.97,5065.0,3
20260514,2026-05-14T15:08:44.443617+00:00,CGON,45,47,3.07,36.3,-11.8,45.0,-5.2,,0.79,62.4,8
20260514,2026-05-14T15:08:44.443617+00:00,JBL,46,48,3.05,40.1,-13.1,48.0,-4.3,,0.8,426.5,4
20260514,2026-05-14T15:08:44.443617+00:00,VSAT,47,49,3.05,49.2,-16.1,71.0,-0.3,,0.84,95.5,3
20260514,2026-05-14T15:08:44.443617+00:00,ASX,48,50,3.01,50.5,-16.8,47.0,-0.7,,0.82,251.4,3
20260514,2026-05-14T15:08:44.443617+00:00,ROKU,49,51,3.01,40.6,-13.5,45.0,-2.2,,0.88,353.3,3
20260514,2026-05-14T15:08:44.443617+00:00,AMKR,50,52,2.98,56.2,-18.9,69.0,-5.2,,0.61,392.2,4
20260514,2026-05-14T15:08:44.443617+00:00,OUT,51,53,2.98,33.5,-11.2,31.0,-2.4,,1.78,43.3,4
20260514,2026-05-14T15:08:44.443617+00:00,GFS,52,54,2.97,50.5,-17.0,57.0,-1.7,,0.61,332.9,4
20260514,2026-05-14T15:08:44.443617+00:00,Q,53,55,2.87,44.6,-15.6,56.0,-4.1,,1.44,281.0,5
20260514,2026-05-14T15:08:44.443617+00:00,GEV,54,56,2.81,32.4,-11.5,49.0,-7.7,,0.6,2840.2,4
20260514,2026-05-14T15:08:44.443617+00:00,PBR,55,57,2.81,31.1,-11.1,39.0,-10.1,,1.01,408.2,6
20260514,2026-05-14T15:08:44.443617+00:00,MTSI,56,58,2.79,55.0,-19.7,57.0,-0.8,,1.44,407.2,2
20260514,2026-05-14T15:08:44.443617+00:00,PANW,57,59,2.76,41.8,-15.1,47.0,0.0,,1.37,1308.1,4
20260514,2026-05-14T15:08:44.443617+00:00,CHRD,58,60,2.58,40.0,-15.5,43.0,-5.3,,0.64,104.6,4
20260514,2026-05-14T15:08:44.443617+00:00,GTX,59,61,2.54,50.5,-19.9,65.0,0.0,,1.51,75.9,5
20260514,2026-05-14T15:08:44.443617+00:00,AVT,60,62,2.53,32.2,-12.7,37.0,0.0,,1.25,117.6,2
20260514,2026-05-14T15:08:44.443617+00:00,RAL,61,63,2.48,39.5,-16.0,56.0,0.0,,2.32,88.4,5
20260514,2026-05-14T15:08:44.443617+00:00,MOH,62,64,2.46,38.9,-15.8,51.0,-4.8,,0.45,245.0,3
20260514,2026-05-14T15:08:44.443617+00:00,XYZ,63,65,2.45,41.4,-16.9,55.0,-5.9,,1.19,396.6,10
20260514,2026-05-14T15:08:44.443617+00:00,U,64,66,2.39,46.3,-19.4,62.0,-2.9,,0.55,306.3,6
20260514,2026-05-14T15:08:44.443617+00:00,MIAX,65,67,2.37,30.9,-13.0,33.0,-0.1,,1.48,55.9,2
20260514,2026-05-14T15:08:44.443617+00:00,CORT,66,68,2.35,45.9,-19.6,67.0,0.0,,2.03,60.0,3
20260514,2026-05-14T15:08:44.443617+00:00,EQNR,67,69,2.32,37.9,-16.3,49.0,-9.8,,0.39,179.5,5
20260514,2026-05-14T15:08:44.443617+00:00,GOOGL,68,71,2.3,30.1,-13.1,35.0,-1.3,,1.01,10340.4,2
20260514,2026-05-14T15:08:44.443617+00:00,AVGO,69,72,2.3,34.4,-15.0,41.0,0.0,,0.85,8013.5,4
20260514,2026-05-14T15:08:44.443617+00:00,ST,70,73,2.19,30.8,-14.0,48.0,-0.2,,1.88,100.8,4
20260514,2026-05-14T15:08:44.443617+00:00,CLS,71,74,2.16,34.4,-15.9,69.0,-10.7,,0.72,958.6,5
20260514,2026-05-14T15:08:44.443617+00:00,ICLR,72,75,2.14,31.4,-14.6,58.0,-2.3,,0.43,164.2,3
20260514,2026-05-14T15:08:44.443617+00:00,TXN,73,76,2.11,37.0,-17.6,50.0,0.0,,0.84,2464.1,1
20260514,2026-05-14T15:08:44.443617+00:00,ESI,74,77,2.02,36.0,-17.8,52.0,-2.6,,0.93,141.4,6
20260514,2026-05-14T15:08:44.443617+00:00,CRWD,75,78,1.82,33.6,-18.5,55.0,0.0,,1.0,1329.6,5
20260514,2026-05-14T15:08:44.443617+00:00,CENX,76,79,1.68,33.5,-20.0,60.0,-9.5,,2.02,88.5,7
20260514,2026-05-14T15:08:44.443617+00:00,AFRM,77,80,1.66,31.6,-19.0,60.0,-3.0,,1.23,360.6,6
20260514,2026-05-14T15:08:44.443617+00:00,APA,78,81,1.66,32.3,-19.5,51.0,-16.8,,0.71,262.1,5
20260514,2026-05-14T15:08:44.443617+00:00,FORM,79,82,1.64,32.2,-19.7,71.0,-17.6,,1.56,326.5,3
20260515,2026-05-15T17:00:06.909389+00:00,MRVL,1,1,11.6,125.3,-10.8,69.0,-2.5,,1.27,4282.8,3
20260515,2026-05-15T17:00:06.909389+00:00,NOK,2,2,11.1,88.6,-8.0,60.0,-6.4,,1.17,1500.9,3
20260515,2026-05-15T17:00:06.909389+00:00,SYRE,3,3,10.67,103.6,-9.7,77.0,-4.2,,0.37,82.1,4
20260515,2026-05-15T17:00:06.909389+00:00,AMD,4,4,10.2,112.3,-11.0,73.0,-6.0,,0.53,17192.6,1
20260515,2026-05-15T17:00:06.909389+00:00,DELL,5,5,10.02,108.2,-10.8,72.0,-7.5,,0.97,1398.8,1
20260515,2026-05-15T17:00:06.909389+00:00,FLEX,6,6,8.56,115.6,-13.5,95.0,-4.3,,0.81,720.2,3
20260515,2026-05-15T17:00:06.909389+00:00,CSCO,7,7,8.48,52.8,-6.2,37.0,0.0,,3.44,2251.2,3
20260515,2026-05-15T17:00:06.909389+00:00,NOKBF,8,8,8.26,89.1,-10.8,67.0,-7.8,,0.28,24.2,3
20260515,2026-05-15T17:00:06.909389+00:00,INTC,9,9,8.03,133.7,-16.6,89.0,-16.6,,0.76,15257.7,2
20260515,2026-05-15T17:00:06.909389+00:00,STM,10,10,8.0,85.6,-10.7,57.0,-4.6,,0.88,710.0,2
20260515,2026-05-15T17:00:06.909389+00:00,TWLO,11,11,7.47,84.1,-11.2,64.0,-1.0,,0.95,517.2,4
20260515,2026-05-15T17:00:06.909389+00:00,PLUG,12,12,6.79,98.6,-14.5,95.0,-8.7,,1.05,297.0,4
20260515,2026-05-15T17:00:06.909389+00:00,KGS,13,13,6.55,44.6,-6.8,32.0,-2.7,,5.18,123.1,4
20260515,2026-05-15T17:00:06.909389+00:00,SSL,14,14,6.54,73.1,-11.2,61.0,-6.2,,0.45,21.4,6
20260515,2026-05-15T17:00:06.909389+00:00,PWR,15,15,5.99,46.2,-7.7,46.0,-2.2,,0.69,857.3,4
20260515,2026-05-15T17:00:06.909389+00:00,VSNT,16,17,5.62,42.1,-7.5,40.0,-5.6,,2.51,82.0,7
20260515,2026-05-15T17:00:06.909389+00:00,VSH,17,18,5.59,96.0,-17.2,61.0,-5.4,,1.25,144.1,3
20260515,2026-05-15T17:00:06.909389+00:00,YOU,18,19,5.46,83.2,-15.3,95.0,-3.0,,0.67,93.7,4
20260515,2026-05-15T17:00:06.909389+00:00,STX,19,20,5.39,90.7,-16.8,66.0,-5.0,,0.49,3309.5,2
20260515,2026-05-15T17:00:06.909389+00:00,FTNT,20,21,5.38,49.6,-9.2,53.0,0.0,,0.96,586.7,3
20260515,2026-05-15T17:00:06.909389+00:00,BTSG,21,22,5.32,49.4,-9.3,46.0,-1.6,,0.63,152.3,3
20260515,2026-05-15T17:00:06.909389+00:00,EBAY,22,23,5.23,44.9,-8.6,34.0,0.0,,0.64,772.2,4
20260515,2026-05-15T17:00:06.909389+00:00,CIEN,23,24,5.06,85.2,-16.8,78.0,-5.4,,0.55,1049.0,7
20260515,2026-05-15T17:00:06.909389+00:00,ARMK,24,25,4.88,34.6,-7.1,30.0,-0.0,,1.87,158.5,6
20260515,2026-05-15T17:00:06.909389+00:00,LQDA,25,26,4.78,68.9,-14.4,74.0,-3.6,,1.03,72.9,5
20260515,2026-05-15T17:00:06.909389+00:00,HUM,26,27,4.73,66.6,-14.1,47.0,0.0,,1.0,508.5,1
20260515,2026-05-15T17:00:06.909389+00:00,LGN,27,28,4.46,77.5,-17.4,69.0,-17.4,,1.78,158.6,3
20260515,2026-05-15T17:00:06.909389+00:00,ARM,28,29,4.33,66.7,-15.4,82.0,-10.9,,0.75,2416.0,2
20260515,2026-05-15T17:00:06.909389+00:00,CVE,29,30,4.28,42.2,-9.9,35.0,0.0,,0.61,238.3,4
20260515,2026-05-15T17:00:06.909389+00:00,HPE,30,31,4.12,50.7,-12.3,48.0,-3.6,,2.34,468.4,3
20260515,2026-05-15T17:00:06.909389+00:00,CZR,31,32,3.65,45.9,-12.6,63.0,-4.9,,2.12,105.4,7
20260515,2026-05-15T17:00:06.909389+00:00,MARA,32,33,3.64,63.6,-17.5,77.0,-8.3,,1.12,553.5,3
20260515,2026-05-15T17:00:06.909389+00:00,PANW,33,34,3.62,48.4,-13.4,47.0,0.0,,1.5,1371.1,4
20260515,2026-05-15T17:00:06.909389+00:00,NVT,34,35,3.59,46.5,-13.0,50.0,-3.1,,0.58,362.3,2
20260515,2026-05-15T17:00:06.909389+00:00,KEYS,35,36,3.51,49.2,-14.0,59.0,-4.7,,0.91,408.9,3
20260515,2026-05-15T17:00:06.909389+00:00,SGHC,36,37,3.51,39.2,-11.2,44.0,-0.9,,1.09,53.8,4
20260515,2026-05-15T17:00:06.909389+00:00,DDOG,37,38,3.5,69.1,-19.7,84.0,0.0,,0.75,1070.1,6
20260515,2026-05-15T17:00:06.909389+00:00,GSAT,38,39,3.46,38.1,-11.0,63.0,-1.3,,0.77,111.5,4
20260515,2026-05-15T17:00:06.909389+00:00,VRT,39,40,3.43,52.0,-15.2,56.0,-1.6,,0.61,1924.7,5
20260515,2026-05-15T17:00:06.909389+00:00,AMZN,40,41,3.37,30.2,-9.0,29.0,-4.8,,0.67,12223.4,1
20260515,2026-05-15T17:00:06.909389+00:00,UNH,41,42,3.22,37.0,-11.5,34.0,-2.0,,0.63,3076.2,1
20260515,2026-05-15T17:00:06.909389+00:00,VSAT,42,43,3.14,50.5,-16.1,72.0,-6.4,,1.08,96.8,3
20260515,2026-05-15T17:00:06.909389+00:00,CHRD,43,44,3.11,48.1,-15.5,43.0,-2.4,,0.56,104.4,4
20260515,2026-05-15T17:00:06.909389+00:00,GTX,44,45,2.99,52.2,-17.4,65.0,-1.9,,1.05,79.2,5
20260515,2026-05-15T17:00:06.909389+00:00,RVMD,45,46,2.98,40.8,-13.7,95.0,-7.2,,0.55,442.2,6
20260515,2026-05-15T17:00:06.909389+00:00,ROKU,46,47,2.94,39.6,-13.5,45.0,-4.5,,0.66,348.9,3
20260515,2026-05-15T17:00:06.909389+00:00,LEGN,47,48,2.93,50.1,-17.1,74.0,-6.1,,0.73,77.6,5
20260515,2026-05-15T17:00:06.909389+00:00,PBR,48,49,2.91,32.2,-11.1,39.0,-10.4,,0.72,388.2,6
20260515,2026-05-15T17:00:06.909389+00:00,MIAX,49,50,2.89,37.6,-13.0,32.0,-1.0,,1.01,57.5,2
20260515,2026-05-15T17:00:06.909389+00:00,TGTX,50,51,2.84,36.4,-12.8,55.0,-8.1,,0.63,95.2,3
20260515,2026-05-15T17:00:06.909389+00:00,MTSI,51,52,2.82,55.7,-19.7,57.0,-0.3,,1.19,424.8,2
20260515,2026-05-15T17:00:06.909389+00:00,GFS,52,53,2.78,47.4,-17.0,57.0,-5.2,,0.46,331.8,4
20260515,2026-05-15T17:00:06.909389+00:00,AMKR,53,54,2.72,51.3,-18.9,69.0,-9.4,,0.89,393.2,5
20260515,2026-05-15T17:00:06.909389+00:00,QCOM,54,55,2.71,42.7,-15.8,62.0,-14.8,,0.89,5258.3,3
20260515,2026-05-15T17:00:06.909389+00:00,ASX,55,56,2.71,45.6,-16.8,48.0,-3.7,,0.73,252.3,3
20260515,2026-05-15T17:00:06.909389+00:00,U,56,57,2.63,51.0,-19.4,62.0,-1.5,,0.69,300.5,5
20260515,2026-05-15T17:00:06.909389+00:00,EQNR,57,58,2.62,42.8,-16.3,49.0,-8.0,,0.49,172.0,5
20260515,2026-05-15T17:00:06.909389+00:00,Q,58,59,2.6,40.4,-15.6,57.0,-6.7,,1.13,290.9,5
20260515,2026-05-15T17:00:06.909389+00:00,CRWD,59,60,2.5,42.6,-17.0,55.0,0.0,,1.01,1348.8,4
20260515,2026-05-15T17:00:06.909389+00:00,JBL,60,61,2.49,32.8,-13.1,49.0,-8.2,,0.79,431.8,4
20260515,2026-05-15T17:00:06.909389+00:00,RCRUY,61,62,2.44,34.0,-13.9,49.0,0.0,,0.71,6.0,5
20260515,2026-05-15T17:00:06.909389+00:00,AVT,62,63,2.43,30.9,-12.7,37.0,-2.3,,0.88,119.1,2
20260515,2026-05-15T17:00:06.909389+00:00,GOOGL,63,64,2.38,31.2,-13.1,35.0,-1.6,,0.76,10419.1,2
20260515,2026-05-15T17:00:06.909389+00:00,MOH,64,65,2.34,37.1,-15.8,51.0,-5.8,,0.52,244.2,4
20260515,2026-05-15T17:00:06.909389+00:00,XYZ,65,66,2.32,39.2,-16.9,55.0,-5.5,,0.95,403.4,10
20260515,2026-05-15T17:00:06.909389+00:00,ICLR,66,67,2.21,32.4,-14.6,56.0,-6.2,,0.82,164.5,4
20260515,2026-05-15T17:00:06.909389+00:00,ST,67,68,2.2,30.8,-14.0,48.0,-1.7,,1.53,105.2,4
20260515,2026-05-15T17:00:06.909389+00:00,CORT,68,69,2.17,41.8,-19.3,68.0,-3.6,,1.55,63.5,3
20260515,2026-05-15T17:00:06.909389+00:00,APA,69,70,2.12,41.3,-19.5,51.0,-13.0,,0.64,259.3,5
20260515,2026-05-15T17:00:06.909389+00:00,TXN,70,72,2.08,36.1,-17.4,50.0,-0.8,,0.63,2478.5,1
20260515,2026-05-15T17:00:06.909389+00:00,RAL,71,73,2.07,33.1,-16.0,56.0,-3.6,,1.01,92.0,5
20260515,2026-05-15T17:00:06.909389+00:00,OVV,72,74,2.03,30.3,-14.9,38.0,-5.4,,0.73,237.8,5
20260515,2026-05-15T17:00:06.909389+00:00,VIST,73,75,2.02,32.7,-16.2,49.0,-6.5,,0.76,94.9,4
20260515,2026-05-15T17:00:06.909389+00:00,LYB,74,76,1.82,35.6,-19.6,54.0,-9.0,,0.53,449.6,6
20260515,2026-05-15T17:00:06.909389+00:00,ETSY,75,77,1.8,31.6,-17.5,55.0,-16.1,,0.7,222.9,4
20260515,2026-05-15T17:00:06.909389+00:00,CF,76,78,1.79,32.3,-18.1,63.0,-9.8,,0.69,402.4,4
20260515,2026-05-15T17:00:06.909389+00:00,FORM,77,79,1.62,31.8,-19.7,71.0,-19.0,,0.59,326.0,3
20260518,2026-05-19T02:14:44.109603+00:00,MXL,1,1,23.84,373.5,-15.7,183.0,-14.5,,0.52,547.7,2
20260518,2026-05-19T02:14:44.109603+00:00,NOK,2,2,10.65,84.9,-8.0,60.0,-6.6,,0.73,1567.9,3
20260518,2026-05-19T02:14:44.109603+00:00,MRVL,3,3,10.52,113.7,-10.8,70.0,-7.5,,0.93,4231.9,3
20260518,2026-05-19T02:14:44.109603+00:00,AMD,4,4,10.03,110.4,-11.0,73.0,-8.2,,0.61,17435.5,2
20260518,2026-05-19T02:14:44.109603+00:00,DELL,5,5,9.67,104.5,-10.8,73.0,-8.6,,0.84,1383.7,2
20260518,2026-05-19T02:14:44.109603+00:00,SYRE,6,6,9.42,91.5,-9.7,78.0,-8.3,,0.96,82.1,5
20260518,2026-05-19T02:14:44.109603+00:00,CSCO,7,7,8.49,52.9,-6.2,37.0,0.0,,1.02,2464.4,3
20260518,2026-05-19T02:14:44.109603+00:00,INTC,8,8,8.39,137.9,-16.4,89.0,-16.4,,0.93,16056.3,4
20260518,2026-05-19T02:14:44.109603+00:00,NOKBF,9,9,8.11,87.4,-10.8,66.0,-7.0,,0.53,24.1,4
20260518,2026-05-19T02:14:44.109603+00:00,STM,10,10,7.57,81.0,-10.7,57.0,-5.3,,1.08,710.7,3
20260518,2026-05-19T02:14:44.109603+00:00,KGS,11,11,7.37,50.1,-6.8,32.0,0.0,,2.02,146.9,4
20260518,2026-05-19T02:14:44.109603+00:00,FLEX,12,12,7.19,97.1,-13.5,96.0,-10.6,,1.26,791.5,5
20260518,2026-05-19T02:14:44.109603+00:00,TWLO,13,13,7.0,78.7,-11.2,64.0,-2.0,,0.88,553.4,4
20260518,2026-05-19T02:14:44.109603+00:00,FTNT,14,14,6.16,56.8,-9.2,54.0,0.0,,0.93,619.2,2
20260518,2026-05-19T02:14:44.109603+00:00,VSNT,15,15,5.94,44.5,-7.5,38.0,-4.8,,0.92,83.7,7
20260518,2026-05-19T02:14:44.109603+00:00,PLUG,16,16,5.89,85.5,-14.5,96.0,-12.9,,0.97,300.7,5
20260518,2026-05-19T02:14:44.109603+00:00,SSL,17,17,5.82,65.0,-11.2,60.0,-6.6,,0.7,19.5,6
20260518,2026-05-19T02:14:44.109603+00:00,VSH,18,19,5.33,91.6,-17.2,60.0,-4.0,,1.12,154.6,3
20260518,2026-05-19T02:14:44.109603+00:00,YOU,19,20,5.17,78.9,-15.3,95.0,-2.9,,1.01,92.2,3
20260518,2026-05-19T02:14:44.109603+00:00,PWR,20,21,4.96,39.3,-7.9,48.0,-7.9,,1.47,906.2,6
20260518,2026-05-19T02:14:44.109603+00:00,PANW,21,22,4.67,62.5,-13.4,44.0,0.0,,1.2,1519.2,3
20260518,2026-05-19T02:14:44.109603+00:00,EBAY,22,23,4.63,39.7,-8.6,34.0,-1.5,,0.68,785.9,4
20260518,2026-05-19T02:14:44.109603+00:00,HUM,23,24,4.56,64.4,-14.1,47.0,0.0,,0.85,530.0,0
20260518,2026-05-19T02:14:44.109603+00:00,ARM,24,25,4.48,69.1,-15.4,83.0,-9.3,,0.74,2497.8,2
20260518,2026-05-19T02:14:44.109603+00:00,ARMK,25,26,4.48,31.8,-7.1,30.0,-0.3,,0.55,164.5,5
20260518,2026-05-19T02:14:44.109603+00:00,STX,26,27,4.46,75.0,-16.8,67.0,-11.2,,1.05,3430.2,4
20260518,2026-05-19T02:14:44.109603+00:00,HPE,27,28,4.4,54.1,-12.3,48.0,-3.3,,1.06,470.6,3
20260518,2026-05-19T02:14:44.109603+00:00,LQDA,28,29,4.37,63.0,-14.4,74.0,-3.9,,0.91,75.3,5
20260518,2026-05-19T02:14:44.109603+00:00,CVE,29,30,4.34,42.8,-9.9,35.0,0.0,,1.17,242.8,4
20260518,2026-05-19T02:14:44.109603+00:00,LGN,30,31,4.24,78.6,-18.5,69.0,-18.5,,0.76,153.1,3
20260518,2026-05-19T02:14:44.109603+00:00,SGHC,31,32,4.18,46.6,-11.2,44.0,0.0,,1.28,53.0,3
20260518,2026-05-19T02:14:44.109603+00:00,CIEN,32,33,4.08,68.7,-16.8,79.0,-11.3,,1.25,1083.6,8
20260518,2026-05-19T02:14:44.109603+00:00,BTSG,33,34,3.93,36.5,-9.3,45.0,-3.8,,0.67,160.0,3
20260518,2026-05-19T02:14:44.109603+00:00,DDOG,34,35,3.62,71.5,-19.7,84.0,0.0,,0.84,1134.1,5
20260518,2026-05-19T02:14:44.109603+00:00,MARA,35,36,3.57,62.4,-17.5,76.0,-9.0,,0.79,545.4,3
20260518,2026-05-19T02:14:44.109603+00:00,GSAT,36,37,3.49,38.5,-11.0,63.0,-1.2,,1.4,107.1,5
20260518,2026-05-19T02:14:44.109603+00:00,VSAT,37,38,3.45,55.6,-16.1,72.0,-3.7,,1.75,101.3,4
20260518,2026-05-19T02:14:44.109603+00:00,DINO,38,39,3.37,38.7,-11.5,44.0,-5.0,,1.2,172.8,3
20260518,2026-05-19T02:14:44.109603+00:00,PBR,39,40,3.27,36.2,-11.1,40.0,-6.0,,1.3,362.9,6
20260518,2026-05-19T02:14:44.109603+00:00,RVMD,40,41,3.27,44.7,-13.7,95.0,-5.4,,0.79,416.2,7
20260518,2026-05-19T02:14:44.109603+00:00,UNH,41,42,3.2,36.8,-11.5,34.0,-2.5,,0.98,3134.1,2
20260518,2026-05-19T02:14:44.109603+00:00,CHRD,42,43,3.1,48.0,-15.5,43.0,0.0,,1.2,100.0,4
20260518,2026-05-19T02:14:44.109603+00:00,RCRUY,43,44,3.02,42.1,-13.9,51.0,0.0,,0.66,5.7,4
20260518,2026-05-19T02:14:44.109603+00:00,NVT,44,45,3.02,39.1,-13.0,51.0,-7.6,,1.06,373.5,4
20260518,2026-05-19T02:14:44.109603+00:00,KEYS,45,46,3.0,42.0,-14.0,59.0,-7.1,,1.95,441.7,5
20260518,2026-05-19T02:14:44.109603+00:00,PBR-A,46,47,2.97,31.7,-10.7,37.0,-6.3,,1.94,172.8,9
20260518,2026-05-19T02:14:44.109603+00:00,CRWD,47,48,2.87,48.8,-17.0,55.0,0.0,,1.66,1484.7,3
20260518,2026-05-19T02:14:44.109603+00:00,ROKU,48,49,2.79,37.6,-13.5,45.0,-4.2,,0.7,341.1,3
20260518,2026-05-19T02:14:44.109603+00:00,GTX,49,50,2.78,48.1,-17.3,65.0,-4.7,,0.71,82.4,5
20260518,2026-05-19T02:14:44.109603+00:00,LEGN,50,51,2.75,47.0,-17.1,74.0,-6.8,,0.61,71.3,4
20260518,2026-05-19T02:14:44.109603+00:00,TGTX,51,52,2.74,35.1,-12.8,55.0,-8.5,,0.67,92.5,4
20260518,2026-05-19T02:14:44.109603+00:00,MIAX,52,53,2.74,35.6,-13.0,33.0,-4.1,,1.01,60.2,3
20260518,2026-05-19T02:14:44.109603+00:00,QCOM,53,54,2.73,43.1,-15.8,62.0,-14.3,,0.71,5611.9,3
20260518,2026-05-19T02:14:44.109603+00:00,GFS,54,55,2.69,45.7,-17.0,57.0,-9.5,,0.77,316.6,6
20260518,2026-05-19T02:14:44.109603+00:00,VRT,55,56,2.62,39.7,-15.2,59.0,-9.7,,1.4,1989.8,7
20260518,2026-05-19T02:14:44.109603+00:00,VIST,56,57,2.57,41.6,-16.2,52.0,0.0,,1.43,95.1,4
20260518,2026-05-19T02:14:44.109603+00:00,EQNR,57,58,2.56,41.8,-16.3,49.0,-5.5,,1.24,155.6,5
20260518,2026-05-19T02:14:44.109603+00:00,GOOGL,58,59,2.36,31.0,-13.1,35.0,-1.4,,0.97,10600.6,2
20260518,2026-05-19T02:14:44.109603+00:00,JBL,59,60,2.29,30.0,-13.1,49.0,-9.0,,1.16,441.7,6
20260518,2026-05-19T02:14:44.109603+00:00,U,60,61,2.29,44.5,-19.4,62.0,-4.8,,0.8,302.2,6
20260518,2026-05-19T02:14:44.109603+00:00,MTSI,61,62,2.25,44.4,-19.7,58.0,-7.1,,1.46,467.0,4
20260518,2026-05-19T02:14:44.109603+00:00,AMKR,62,63,2.2,41.6,-18.9,71.0,-15.4,,0.78,383.2,6
20260518,2026-05-19T02:14:44.109603+00:00,ST,63,64,2.2,30.9,-14.0,48.0,-2.3,,1.19,109.3,4
20260518,2026-05-19T02:14:44.109603+00:00,TXN,64,65,2.14,35.3,-16.5,50.0,-2.5,,0.72,2525.0,2
20260518,2026-05-19T02:14:44.109603+00:00,RAL,65,66,2.13,34.0,-16.0,56.0,-4.1,,0.8,96.7,6
20260518,2026-05-19T02:14:44.109603+00:00,ASX,66,67,2.12,35.6,-16.8,50.0,-10.8,,1.45,262.1,5
20260518,2026-05-19T02:14:44.109603+00:00,APA,67,68,2.12,41.3,-19.5,51.0,-8.9,,1.04,256.4,5
20260518,2026-05-19T02:14:44.109603+00:00,CORT,68,69,1.99,38.4,-19.3,68.0,-5.5,,0.67,62.5,3
20260518,2026-05-19T02:14:44.109603+00:00,MPC,69,70,1.98,30.0,-15.2,38.0,-0.4,,0.89,559.8,5
20260518,2026-05-19T02:14:44.109603+00:00,ETSY,70,71,1.91,33.6,-17.5,55.0,-15.5,,0.9,218.6,4
20260518,2026-05-19T02:14:44.109603+00:00,XYZ,71,72,1.88,31.8,-16.9,54.0,-5.6,,0.87,392.8,9
20260518,2026-05-19T02:14:44.109603+00:00,SFM,72,73,1.88,30.6,-16.3,49.0,0.0,,0.99,192.1,5
20260518,2026-05-19T02:14:44.109603+00:00,LYB,73,74,1.74,34.1,-19.6,55.0,-10.0,,0.7,424.6,6
20260518,2026-05-19T02:14:44.109603+00:00,S,74,75,1.74,31.4,-18.0,52.0,0.0,,1.21,105.4,4
20260518,2026-05-19T02:14:44.109603+00:00,CF,75,76,1.72,31.2,-18.1,63.0,-8.6,,1.0,380.6,4
20260520,2026-05-21T02:02:53.141754+00:00,MXL,1,1,27.06,423.9,-15.7,183.0,-5.4,,0.48,566.0,2
20260520,2026-05-21T02:02:53.141754+00:00,MRVL,2,2,12.5,135.1,-10.8,71.0,0.0,,1.18,4247.3,3
20260520,2026-05-21T02:02:53.141754+00:00,AMD,3,3,11.24,123.6,-11.0,74.0,-2.4,,0.78,17748.2,3
20260520,2026-05-21T02:02:53.141754+00:00,INTC,4,4,10.33,169.7,-16.4,89.0,-8.1,,1.02,17273.1,3
20260520,2026-05-21T02:02:53.141754+00:00,NOK,5,5,9.44,75.3,-8.0,60.0,-7.4,,0.63,1591.8,3
20260520,2026-05-21T02:02:53.141754+00:00,DELL,6,6,9.19,99.3,-10.8,73.0,-6.7,,0.75,1329.2,1
20260520,2026-05-21T02:02:53.141754+00:00,STM,7,7,8.75,93.7,-10.7,57.0,0.0,,0.84,720.6,3
20260520,2026-05-21T02:02:53.141754+00:00,DOCN,8,8,8.24,151.6,-18.4,116.0,-2.3,,0.93,568.4,3
20260520,2026-05-21T02:02:53.141754+00:00,NOKBF,9,9,7.8,84.1,-10.8,66.0,-6.8,,1.71,25.5,5
20260520,2026-05-21T02:02:53.141754+00:00,FLEX,10,10,7.43,100.2,-13.5,96.0,-9.3,,0.96,837.5,4
20260520,2026-05-21T02:02:53.141754+00:00,CSCO,11,11,7.25,45.2,-6.2,38.0,-3.8,,1.03,2641.0,4
20260520,2026-05-21T02:02:53.141754+00:00,ARM,12,12,6.78,104.4,-15.4,88.0,0.0,,1.54,2664.1,2
20260520,2026-05-21T02:02:53.141754+00:00,FTNT,13,13,6.78,62.5,-9.2,53.0,0.0,,0.96,661.4,2
20260520,2026-05-21T02:02:53.141754+00:00,LQDA,14,14,6.74,83.9,-12.4,74.0,0.0,,1.13,81.9,4
20260520,2026-05-21T02:02:53.141754+00:00,KGS,15,15,6.73,45.8,-6.8,33.0,-3.3,,1.08,156.8,4
20260520,2026-05-21T02:02:53.141754+00:00,FROG,16,16,6.18,94.5,-15.3,79.0,0.0,,1.12,176.5,2
20260520,2026-05-21T02:02:53.141754+00:00,VSH,17,17,6.13,105.3,-17.2,62.0,0.0,,1.21,167.6,3
20260520,2026-05-21T02:02:53.141754+00:00,TWLO,18,18,5.99,67.3,-11.2,64.0,-6.1,,0.96,569.5,6
20260520,2026-05-21T02:02:53.141754+00:00,CORT,19,20,5.87,69.6,-11.9,62.0,0.0,,0.9,66.3,3
20260520,2026-05-21T02:02:53.141754+00:00,VSNT,20,21,5.46,40.9,-7.5,39.0,-5.7,,0.69,82.0,6
20260520,2026-05-21T02:02:53.141754+00:00,YOU,21,22,5.4,82.3,-15.3,95.0,0.0,,0.79,88.4,3
20260520,2026-05-21T02:02:53.141754+00:00,SYRE,22,23,5.18,66.4,-12.8,75.0,-5.9,,0.96,81.9,6
20260520,2026-05-21T02:02:53.141754+00:00,STX,23,24,5.04,83.0,-16.5,67.0,-9.9,,0.47,3455.4,3
20260520,2026-05-21T02:02:53.141754+00:00,PANW,24,25,4.92,65.9,-13.4,45.0,-0.4,,1.13,1654.2,4
20260520,2026-05-21T02:02:53.141754+00:00,HPE,25,26,4.81,59.2,-12.3,48.0,-1.0,,0.77,455.7,3
20260520,2026-05-21T02:02:53.141754+00:00,PLUG,26,27,4.69,77.0,-16.4,97.0,-16.4,,0.7,296.0,5
20260520,2026-05-21T02:02:53.141754+00:00,BTSG,27,28,4.6,42.7,-9.3,45.0,0.0,,0.84,166.6,3
20260520,2026-05-21T02:02:53.141754+00:00,SSL,28,29,4.39,49.1,-11.2,58.0,-8.8,,1.15,19.8,6
20260520,2026-05-21T02:02:53.141754+00:00,HUM,29,30,4.33,61.0,-14.1,47.0,-2.1,,0.8,529.8,0
20260520,2026-05-21T02:02:53.141754+00:00,DDOG,30,31,4.23,83.5,-19.7,83.0,-1.4,,0.77,1206.0,5
20260520,2026-05-21T02:02:53.141754+00:00,EBAY,31,32,4.14,35.5,-8.6,34.0,0.0,,1.13,811.2,4
20260520,2026-05-21T02:02:53.141754+00:00,CRWD,32,33,4.11,67.3,-16.4,53.0,0.0,,1.48,1614.9,3
20260520,2026-05-21T02:02:53.141754+00:00,RCRUY,33,34,4.01,55.9,-13.9,52.0,0.0,,0.54,6.0,4
20260520,2026-05-21T02:02:53.141754+00:00,CIEN,34,35,3.9,65.6,-16.8,79.0,-6.2,,0.96,1086.9,7
20260520,2026-05-21T02:02:53.141754+00:00,TIGO,35,36,3.9,30.5,-7.8,38.0,-0.9,,1.46,99.7,8
20260520,2026-05-21T02:02:53.141754+00:00,VSAT,36,37,3.84,61.9,-16.1,73.0,0.0,,1.97,114.1,4
20260520,2026-05-21T02:02:53.141754+00:00,GTX,37,38,3.76,63.1,-16.8,64.0,-3.7,,1.12,88.9,5
20260520,2026-05-21T02:02:53.141754+00:00,MARA,38,39,3.72,65.0,-17.5,76.0,-1.8,,1.16,546.6,3
20260520,2026-05-21T02:02:53.141754+00:00,DINO,39,40,3.68,42.2,-11.5,43.0,-3.9,,0.83,178.3,3
20260520,2026-05-21T02:02:53.141754+00:00,CVE,40,41,3.66,36.1,-9.9,35.0,-4.0,,1.33,258.5,4
20260520,2026-05-21T02:02:53.141754+00:00,SGHC,41,42,3.53,39.4,-11.2,44.0,-0.9,,0.81,52.9,3
20260520,2026-05-21T02:02:53.141754+00:00,RVMD,42,43,3.48,47.6,-13.7,95.0,-1.4,,0.83,401.5,7
20260520,2026-05-21T02:02:53.141754+00:00,GSAT,43,44,3.37,37.2,-11.0,62.0,-0.3,,0.71,105.3,5
20260520,2026-05-21T02:02:53.141754+00:00,LEGN,44,45,3.22,55.2,-17.1,74.0,-2.9,,0.54,65.7,4
20260520,2026-05-21T02:02:53.141754+00:00,GFS,45,46,3.13,53.3,-17.0,58.0,-5.6,,0.74,312.1,4
20260520,2026-05-21T02:02:53.141754+00:00,NVT,46,47,2.99,38.7,-13.0,51.0,-7.0,,0.73,382.6,4
20260520,2026-05-21T02:02:53.141754+00:00,ROKU,47,48,2.92,39.4,-13.5,46.0,-4.1,,0.68,336.5,4
20260520,2026-05-21T02:02:53.141754+00:00,UNH,48,49,2.89,33.2,-11.5,34.0,-4.5,,1.04,2723.1,3
20260520,2026-05-21T02:02:53.141754+00:00,KEYS,49,50,2.89,40.5,-14.0,59.0,-6.7,,2.23,538.7,5
20260520,2026-05-21T02:02:53.141754+00:00,MTSI,50,51,2.75,54.2,-19.7,59.0,-2.0,,0.98,493.6,4
20260520,2026-05-21T02:02:53.141754+00:00,TGTX,51,52,2.7,34.6,-12.8,55.0,-7.8,,0.61,89.6,4
20260520,2026-05-21T02:02:53.141754+00:00,LSCC,52,53,2.69,41.9,-15.6,64.0,0.0,,1.42,357.2,7
20260520,2026-05-21T02:02:53.141754+00:00,TXN,53,54,2.59,39.5,-15.2,50.0,-1.1,,0.85,2538.0,2
20260520,2026-05-21T02:02:53.141754+00:00,CHRD,54,55,2.55,39.6,-15.5,43.0,-2.7,,1.55,109.4,3
20260520,2026-05-21T02:02:53.141754+00:00,QCOM,55,56,2.42,42.6,-17.6,63.0,-14.7,,0.62,5850.8,3
20260520,2026-05-21T02:02:53.141754+00:00,RAL,56,57,2.3,36.7,-16.0,56.0,-2.8,,0.76,104.1,6
20260520,2026-05-21T02:02:53.141754+00:00,AMKR,57,58,2.29,43.1,-18.9,71.0,-12.3,,0.58,379.8,6
20260520,2026-05-21T02:02:53.141754+00:00,U,58,59,2.26,43.7,-19.4,63.0,-6.9,,0.61,297.8,7
20260520,2026-05-21T02:02:53.141754+00:00,Q,59,60,2.25,35.0,-15.6,59.0,-9.1,,0.75,309.5,5
20260520,2026-05-21T02:02:53.141754+00:00,EQNR,60,61,2.24,36.6,-16.3,50.0,-7.2,,1.33,156.3,4
20260520,2026-05-21T02:02:53.141754+00:00,S,61,62,2.14,38.6,-18.0,51.0,0.0,,1.04,110.1,4
20260520,2026-05-21T02:02:53.141754+00:00,MPC,62,63,2.06,31.3,-15.2,39.0,-1.8,,0.95,570.7,5
20260520,2026-05-21T02:02:53.141754+00:00,XYZ,63,64,1.96,33.2,-16.9,54.0,-5.3,,1.18,399.9,10
20260520,2026-05-21T02:02:53.141754+00:00,IMVT,64,65,1.96,33.7,-17.2,86.0,0.0,,13.84,71.6,7
20260520,2026-05-21T02:02:53.141754+00:00,ASX,65,66,1.92,32.3,-16.8,50.0,-10.7,,1.2,273.9,5
20260520,2026-05-21T02:02:53.141754+00:00,SFM,66,67,1.91,31.1,-16.3,49.0,-1.7,,0.87,211.2,4
20260520,2026-05-21T02:02:53.141754+00:00,APA,67,68,1.86,36.2,-19.5,52.0,-10.8,,0.99,264.3,4
20260520,2026-05-21T02:02:53.141754+00:00,NXPI,68,69,1.72,34.2,-19.9,63.0,0.0,,0.99,1247.7,4
20260520,2026-05-21T02:02:53.141754+00:00,AFRM,69,70,1.65,31.4,-19.0,61.0,-0.7,,1.17,340.0,5
20260521,2026-05-22T00:37:47.291770+00:00,MXL,1,1,29.08,455.6,-15.7,183.0,-2.5,,0.4,572.5,2
20260521,2026-05-22T00:37:47.291770+00:00,MRVL,2,2,13.44,145.3,-10.8,71.0,0.0,,0.85,4146.6,3
20260521,2026-05-22T00:37:47.291770+00:00,AMD,3,3,11.7,128.7,-11.0,74.0,-2.0,,0.6,17664.4,3
20260521,2026-05-22T00:37:47.291770+00:00,NOK,4,4,10.95,87.3,-8.0,60.0,-3.6,,0.51,1545.8,3
20260521,2026-05-22T00:37:47.291770+00:00,INTC,5,5,10.44,171.6,-16.4,89.0,-8.5,,0.62,17362.1,3
20260521,2026-05-22T00:37:47.291770+00:00,DELL,6,6,10.44,112.8,-10.8,73.0,-2.9,,0.89,1346.5,1
20260521,2026-05-22T00:37:47.291770+00:00,ARM,7,7,9.15,140.9,-15.4,92.0,0.0,,1.8,2816.7,2
20260521,2026-05-22T00:37:47.291770+00:00,DOCN,8,8,9.09,167.3,-18.4,114.0,-3.4,,0.93,582.0,4
20260521,2026-05-22T00:37:47.291770+00:00,STM,9,9,8.75,93.7,-10.7,57.0,0.0,,0.6,682.0,3
20260521,2026-05-22T00:37:47.291770+00:00,CSCO,10,10,8.48,52.9,-6.2,38.0,-0.6,,0.88,2681.2,4
20260521,2026-05-22T00:37:47.291770+00:00,NOKBF,11,11,8.41,90.6,-10.8,67.0,-3.3,,0.35,22.6,5
20260521,2026-05-22T00:37:47.291770+00:00,FLEX,12,12,7.93,107.1,-13.5,96.0,-9.7,,0.71,855.2,4
20260521,2026-05-22T00:37:47.291770+00:00,FTNT,13,13,7.73,71.2,-9.2,52.0,-0.4,,0.68,666.6,2
20260521,2026-05-22T00:37:47.291770+00:00,LQDA,14,14,7.18,89.3,-12.4,74.0,0.0,,0.75,84.4,4
20260521,2026-05-22T00:37:47.291770+00:00,VSH,15,15,6.96,119.5,-17.2,62.0,0.0,,1.24,174.9,3
20260521,2026-05-22T00:37:47.291770+00:00,FROG,16,16,6.9,105.6,-15.3,77.0,-2.7,,0.46,176.6,2
20260521,2026-05-22T00:37:47.291770+00:00,KGS,17,17,6.6,44.9,-6.8,33.0,-4.6,,1.0,161.1,4
20260521,2026-05-22T00:37:47.291770+00:00,TWLO,18,18,6.13,68.9,-11.2,64.0,-9.1,,0.89,577.5,6
20260521,2026-05-22T00:37:47.291770+00:00,STX,19,19,6.03,99.3,-16.5,68.0,-2.8,,0.73,3503.2,3
20260521,2026-05-22T00:37:47.291770+00:00,VSNT,20,20,5.84,43.8,-7.5,38.0,-5.2,,0.87,81.9,6
20260521,2026-05-22T00:37:47.291770+00:00,CORT,21,21,5.8,68.9,-11.9,62.0,0.0,,0.69,67.0,3
20260521,2026-05-22T00:37:47.291770+00:00,YOU,22,22,5.78,88.1,-15.3,94.0,-1.5,,0.67,85.9,3
20260521,2026-05-22T00:37:47.291770+00:00,HPE,23,23,5.77,70.9,-12.3,46.0,-0.5,,0.79,459.3,3
20260521,2026-05-22T00:37:47.291770+00:00,DDOG,24,24,5.7,112.5,-19.7,80.0,0.0,,0.61,1212.2,5
20260521,2026-05-22T00:37:47.291770+00:00,SIRI,25,25,5.65,39.7,-7.0,35.0,0.0,,1.61,136.3,2
20260521,2026-05-22T00:37:47.291770+00:00,PANW,26,26,5.64,75.5,-13.4,44.0,0.0,,0.8,1673.8,4
20260521,2026-05-22T00:37:47.291770+00:00,SYRE,27,28,5.32,68.2,-12.8,75.0,-2.8,,0.65,82.2,6
20260521,2026-05-22T00:37:47.291770+00:00,CRWD,28,29,5.19,85.0,-16.4,48.0,-0.3,,0.87,1628.8,3
20260521,2026-05-22T00:37:47.291770+00:00,HUM,29,30,4.86,68.5,-14.1,46.0,-2.2,,0.47,530.8,0
20260521,2026-05-22T00:37:47.291770+00:00,BTSG,30,31,4.85,45.0,-9.3,45.0,-1.0,,0.8,169.1,3
20260521,2026-05-22T00:37:47.291770+00:00,EBAY,31,32,4.59,39.4,-8.6,33.0,-1.5,,0.63,812.7,4
20260521,2026-05-22T00:37:47.291770+00:00,SSL,32,33,4.59,51.3,-11.2,58.0,-7.1,,1.05,19.8,6
20260521,2026-05-22T00:37:47.291770+00:00,GFS,33,34,4.48,76.2,-17.0,65.0,0.0,,2.43,342.5,4
20260521,2026-05-22T00:37:47.291770+00:00,GTX,34,35,4.35,73.0,-16.8,65.0,0.0,,1.35,94.0,5
20260521,2026-05-22T00:37:47.291770+00:00,TIGO,35,36,4.19,32.7,-7.8,39.0,0.0,,1.16,102.4,8
20260521,2026-05-22T00:37:47.291770+00:00,CIEN,36,37,4.17,70.3,-16.8,79.0,-0.7,,0.77,1073.5,7
20260521,2026-05-22T00:37:47.291770+00:00,MARA,37,38,4.12,72.0,-17.5,76.0,0.0,,0.78,544.7,3
20260521,2026-05-22T00:37:47.291770+00:00,JAZZ,38,39,4.11,38.2,-9.3,40.0,0.0,,0.62,206.7,6
20260521,2026-05-22T00:37:47.291770+00:00,RCRUY,39,40,3.96,55.1,-13.9,52.0,-2.3,,1.23,6.1,5
20260521,2026-05-22T00:37:47.291770+00:00,CVE,40,41,3.57,35.2,-9.9,35.0,-4.7,,0.88,261.1,4
20260521,2026-05-22T00:37:47.291770+00:00,ROKU,41,42,3.57,48.2,-13.5,44.0,-3.4,,0.4,330.2,4
20260521,2026-05-22T00:37:47.291770+00:00,SGHC,42,43,3.54,39.5,-11.2,44.0,-2.7,,0.55,52.7,3
20260521,2026-05-22T00:37:47.291770+00:00,RVMD,43,44,3.53,48.3,-13.7,95.0,0.0,,0.66,387.0,7
20260521,2026-05-22T00:37:47.291770+00:00,DINO,44,45,3.51,40.3,-11.5,44.0,-7.6,,0.7,180.5,3
20260521,2026-05-22T00:37:47.291770+00:00,VSAT,45,46,3.5,56.4,-16.1,74.0,-6.0,,1.67,120.5,4
20260521,2026-05-22T00:37:47.291770+00:00,AMZN,46,47,3.44,30.8,-9.0,28.0,-2.4,,0.81,12048.1,3
20260521,2026-05-22T00:37:47.291770+00:00,NVT,47,48,3.28,42.5,-13.0,51.0,-6.0,,0.66,375.2,4
20260521,2026-05-22T00:37:47.291770+00:00,GSAT,48,49,3.27,36.1,-11.0,62.0,0.0,,0.67,102.8,5
20260521,2026-05-22T00:37:47.291770+00:00,MTZ,49,50,3.25,39.6,-12.2,44.0,-11.1,,0.75,444.6,5
20260521,2026-05-22T00:37:47.291770+00:00,PWR,50,51,3.19,30.6,-9.6,47.0,-8.7,,0.7,968.8,5
20260521,2026-05-22T00:37:47.291770+00:00,UNH,51,52,3.18,36.5,-11.5,34.0,-4.7,,0.65,2685.2,3
20260521,2026-05-22T00:37:47.291770+00:00,HRB,52,53,3.17,32.4,-10.2,59.0,-4.8,,1.24,106.8,8
20260521,2026-05-22T00:37:47.291770+00:00,CZR,53,54,3.02,38.0,-12.6,56.0,-4.0,,0.76,107.5,7
20260521,2026-05-22T00:37:47.291770+00:00,QCOM,54,55,3.0,53.0,-17.6,63.0,-10.2,,0.91,6082.4,3
20260521,2026-05-22T00:37:47.291770+00:00,MTSI,55,56,2.78,55.0,-19.7,59.0,-0.8,,0.64,499.2,4
20260521,2026-05-22T00:37:47.291770+00:00,JBL,56,57,2.77,36.4,-13.1,49.0,-4.3,,0.79,448.5,5
20260521,2026-05-22T00:37:47.291770+00:00,LSCC,57,58,2.74,42.7,-15.6,64.0,0.0,,0.8,359.4,7
20260521,2026-05-22T00:37:47.291770+00:00,KEYS,58,59,2.7,37.8,-14.0,59.0,-7.9,,1.44,559.2,5
20260521,2026-05-22T00:37:47.291770+00:00,RAL,59,60,2.65,42.3,-16.0,56.0,-2.5,,0.63,106.0,6
20260521,2026-05-22T00:37:47.291770+00:00,S,60,61,2.58,46.4,-18.0,50.0,0.0,,0.95,111.6,4
20260521,2026-05-22T00:37:47.291770+00:00,U,61,62,2.53,49.1,-19.4,61.0,-9.3,,0.6,291.8,7
20260521,2026-05-22T00:37:47.291770+00:00,CHRD,62,63,2.48,38.4,-15.5,43.0,-3.7,,1.09,111.1,3
20260521,2026-05-22T00:37:47.291770+00:00,LEGN,63,64,2.44,41.7,-17.1,72.0,-3.3,,0.63,64.9,5
20260521,2026-05-22T00:37:47.291770+00:00,TXN,64,65,2.39,36.4,-15.2,50.0,-3.2,,0.64,2262.3,2
20260521,2026-05-22T00:37:47.291770+00:00,Q,65,66,2.38,37.0,-15.6,59.0,-9.3,,0.7,302.1,5
20260521,2026-05-22T00:37:47.291770+00:00,ASX,66,67,2.32,39.0,-16.8,50.0,-8.0,,0.89,275.1,5
20260521,2026-05-22T00:37:47.291770+00:00,ORCL,67,68,2.29,34.8,-15.2,54.0,-3.2,,0.51,4102.7,5
20260521,2026-05-22T00:37:47.291770+00:00,AFRM,68,69,2.24,42.5,-19.0,59.0,-0.6,,0.76,335.4,5
20260521,2026-05-22T00:37:47.291770+00:00,AMKR,69,70,2.13,40.3,-18.9,71.0,-15.6,,0.97,383.4,7
20260521,2026-05-22T00:37:47.291770+00:00,EQNR,70,71,2.12,34.6,-16.3,50.0,-7.9,,1.29,157.5,4
20260521,2026-05-22T00:37:47.291770+00:00,XYZ,71,72,2.08,35.3,-16.9,54.0,-8.3,,1.51,416.0,11
20260521,2026-05-22T00:37:47.291770+00:00,VIST,72,73,2.06,33.3,-16.2,51.0,-4.7,,0.76,99.2,5
20260521,2026-05-22T00:37:47.291770+00:00,VRT,73,74,1.98,31.8,-16.1,61.0,-14.0,,0.9,1937.4,7
20260521,2026-05-22T00:37:47.291770+00:00,APA,74,75,1.76,34.4,-19.5,52.0,-13.1,,0.94,267.7,4
20260521,2026-05-22T00:37:47.291770+00:00,NXPI,75,76,1.52,30.2,-19.9,64.0,-3.5,,0.79,1244.8,4
20260522,2026-05-22T13:59:47.441731+00:00,MXL,1,1,26.31,412.1,-15.7,184.0,-8.6,,0.4,572.5,2
20260522,2026-05-22T13:59:47.441731+00:00,MRVL,2,2,13.66,147.6,-10.8,71.0,0.0,,0.85,4146.6,3
20260522,2026-05-22T13:59:47.441731+00:00,DELL,3,3,13.13,141.8,-10.8,77.0,0.0,,0.89,1346.5,1
20260522,2026-05-22T13:59:47.441731+00:00,NOK,4,4,12.8,102.1,-8.0,61.0,0.0,,0.51,1545.8,3
20260522,2026-05-22T13:59:47.441731+00:00,AMD,5,5,10.68,117.5,-11.0,73.0,0.0,,0.6,17664.4,3
20260522,2026-05-22T13:59:47.441731+00:00,INTC,6,6,9.72,159.6,-16.4,88.0,-7.5,,0.62,17362.1,3
20260522,2026-05-22T13:59:47.441731+00:00,NOKBF,7,7,9.38,101.2,-10.8,67.0,0.0,,0.35,22.6,5
20260522,2026-05-22T13:59:47.441731+00:00,STM,8,8,9.1,97.4,-10.7,57.0,0.0,,0.6,682.0,3
20260522,2026-05-22T13:59:47.441731+00:00,CSCO,9,9,8.81,54.9,-6.2,38.0,0.0,,0.88,2681.2,4
20260522,2026-05-22T13:59:47.441731+00:00,DOCN,10,10,8.68,159.6,-18.4,114.0,-0.6,,0.93,582.0,4
20260522,2026-05-22T13:59:47.441731+00:00,ARM,11,11,8.67,133.6,-15.4,92.0,0.0,,1.8,2816.7,2
20260522,2026-05-22T13:59:47.441731+00:00,FTNT,12,12,8.18,75.5,-9.2,52.0,0.0,,0.68,666.6,2
20260522,2026-05-22T13:59:47.441731+00:00,VSH,13,13,8.13,139.7,-17.2,65.0,0.0,,1.24,174.9,3
20260522,2026-05-22T13:59:47.441731+00:00,FLEX,14,14,7.75,104.6,-13.5,96.0,-8.4,,0.71,855.2,4
20260522,2026-05-22T13:59:47.441731+00:00,LQDA,15,15,6.65,82.7,-12.4,74.0,-1.0,,0.75,84.4,4
20260522,2026-05-22T13:59:47.441731+00:00,HPE,16,16,6.61,81.3,-12.3,48.0,0.0,,0.79,459.3,3
20260522,2026-05-22T13:59:47.441731+00:00,KGS,17,17,6.56,44.7,-6.8,33.0,-3.2,,1.0,161.1,4
20260522,2026-05-22T13:59:47.441731+00:00,STX,18,18,6.28,103.5,-16.5,68.0,-3.6,,0.73,3503.2,3
20260522,2026-05-22T13:59:47.441731+00:00,FROG,19,19,6.27,95.8,-15.3,76.0,-0.8,,0.46,176.6,2
20260522,2026-05-22T13:59:47.441731+00:00,PANW,20,20,6.12,81.9,-13.4,44.0,0.0,,0.8,1673.8,4
20260522,2026-05-22T13:59:47.441731+00:00,VSNT,21,21,5.95,44.5,-7.5,38.0,-3.9,,0.87,81.9,6
20260522,2026-05-22T13:59:47.441731+00:00,SIRI,22,22,5.92,41.5,-7.0,35.0,0.0,,1.61,136.3,2
20260522,2026-05-22T13:59:47.441731+00:00,DDOG,23,23,5.8,114.3,-19.7,80.0,0.0,,0.61,1212.2,5
20260522,2026-05-22T13:59:47.441731+00:00,SYRE,24,24,5.77,74.1,-12.8,75.0,-1.0,,0.65,82.2,6
20260522,2026-05-22T13:59:47.441731+00:00,CRWD,25,25,5.59,91.6,-16.4,49.0,0.0,,0.87,1628.8,3
20260522,2026-05-22T13:59:47.441731+00:00,TWLO,26,26,5.59,62.9,-11.2,64.0,-8.1,,0.89,577.5,6
20260522,2026-05-22T13:59:47.441731+00:00,YOU,27,27,5.48,83.6,-15.3,94.0,-1.7,,0.67,85.9,3
20260522,2026-05-22T13:59:47.441731+00:00,HUM,28,28,5.41,76.2,-14.1,45.0,-1.4,,0.47,530.8,0
20260522,2026-05-22T13:59:47.441731+00:00,CORT,29,29,5.41,64.2,-11.9,61.0,0.0,,0.69,67.0,3
20260522,2026-05-22T13:59:47.441731+00:00,GFS,30,30,5.14,87.6,-17.0,67.0,0.0,,2.43,342.5,4
20260522,2026-05-22T13:59:47.441731+00:00,BTSG,31,31,5.02,46.6,-9.3,45.0,0.0,,0.8,169.1,3
20260522,2026-05-22T13:59:47.441731+00:00,EBAY,32,33,4.55,39.0,-8.6,33.0,-0.6,,0.63,812.7,4
20260522,2026-05-22T13:59:47.441731+00:00,SSL,33,34,4.44,49.7,-11.2,58.0,-6.7,,1.05,19.8,6
20260522,2026-05-22T13:59:47.441731+00:00,HPQ,34,35,4.34,36.5,-8.4,44.0,0.0,,1.08,318.4,3
20260522,2026-05-22T13:59:47.441731+00:00,JAZZ,35,36,4.23,39.3,-9.3,40.0,0.0,,0.62,206.7,6
20260522,2026-05-22T13:59:47.441731+00:00,CIEN,36,37,4.1,69.0,-16.8,79.0,-2.1,,0.77,1073.5,7
20260522,2026-05-22T13:59:47.441731+00:00,MARA,37,38,4.05,70.7,-17.5,76.0,0.0,,0.78,544.7,3
20260522,2026-05-22T13:59:47.441731+00:00,GTX,38,39,4.04,67.7,-16.8,65.0,0.0,,1.35,94.0,5
20260522,2026-05-22T13:59:47.441731+00:00,NTAP,39,40,4.03,35.6,-8.9,35.0,0.0,,0.97,248.0,4
20260522,2026-05-22T13:59:47.441731+00:00,RCRUY,40,41,3.81,53.1,-13.9,52.0,-0.8,,1.23,6.1,5
20260522,2026-05-22T13:59:47.441731+00:00,CVE,41,42,3.8,37.5,-9.9,35.0,-3.9,,0.88,261.1,4
20260522,2026-05-22T13:59:47.441731+00:00,DINO,42,43,3.71,42.5,-11.5,44.0,-6.0,,0.7,180.5,3
20260522,2026-05-22T13:59:47.441731+00:00,TXN,43,44,3.67,47.1,-12.8,50.0,0.0,,0.64,2262.3,2
20260522,2026-05-22T13:59:47.441731+00:00,VSAT,44,45,3.65,58.8,-16.1,74.0,0.0,,1.67,120.5,4
20260522,2026-05-22T13:59:47.441731+00:00,UNH,45,46,3.63,41.7,-11.5,33.0,-4.0,,0.65,2685.2,3
20260522,2026-05-22T13:59:47.441731+00:00,RVMD,46,47,3.49,47.8,-13.7,95.0,0.0,,0.66,387.0,7
20260522,2026-05-22T13:59:47.441731+00:00,QCOM,47,48,3.3,58.2,-17.6,64.0,-4.2,,0.91,6082.4,3
20260522,2026-05-22T13:59:47.441731+00:00,ROKU,48,49,3.25,43.8,-13.5,44.0,-2.6,,0.4,330.2,4
20260522,2026-05-22T13:59:47.441731+00:00,CZR,49,50,3.07,38.7,-12.6,56.0,-3.0,,0.76,107.5,7
20260522,2026-05-22T13:59:47.441731+00:00,HRB,50,51,3.04,31.1,-10.2,59.0,-2.7,,1.24,106.8,8
20260522,2026-05-22T13:59:47.441731+00:00,NVT,51,52,3.03,39.3,-13.0,51.0,-5.5,,0.66,375.2,4
20260522,2026-05-22T13:59:47.441731+00:00,LSCC,52,53,2.9,45.3,-15.6,64.0,0.0,,0.8,359.4,7
20260522,2026-05-22T13:59:47.441731+00:00,GSAT,53,54,2.9,32.0,-11.0,62.0,0.0,,0.67,102.8,5
20260522,2026-05-22T13:59:47.441731+00:00,MTZ,54,55,2.84,34.6,-12.2,44.0,-11.5,,0.75,444.6,5
20260522,2026-05-22T13:59:47.441731+00:00,LEGN,55,56,2.84,48.7,-17.1,72.0,0.0,,0.63,64.9,5
20260522,2026-05-22T13:59:47.441731+00:00,MTSI,56,57,2.78,54.8,-19.7,59.0,0.0,,0.64,499.2,4
20260522,2026-05-22T13:59:47.441731+00:00,JBL,57,58,2.69,35.4,-13.1,49.0,-3.2,,0.79,448.5,5
20260522,2026-05-22T13:59:47.441731+00:00,NUE,58,59,2.62,31.9,-12.2,28.0,-1.7,,0.66,330.4,4
20260522,2026-05-22T13:59:47.441731+00:00,CHRD,59,60,2.58,40.0,-15.5,43.0,-2.9,,1.09,111.1,3
20260522,2026-05-22T13:59:47.441731+00:00,S,60,61,2.45,44.0,-18.0,50.0,0.0,,0.95,111.6,4
20260522,2026-05-22T13:59:47.441731+00:00,ASX,61,62,2.31,38.8,-16.8,50.0,-2.8,,0.89,275.1,5
20260522,2026-05-22T13:59:47.441731+00:00,RAL,62,63,2.24,35.8,-16.0,54.0,-0.3,,0.63,106.0,6
20260522,2026-05-22T13:59:47.441731+00:00,ORCL,63,64,2.2,33.4,-15.2,54.0,-0.8,,0.51,4102.7,5
20260522,2026-05-22T13:59:47.441731+00:00,Q,64,65,2.16,33.6,-15.6,58.0,-7.4,,0.7,302.1,5
20260522,2026-05-22T13:59:47.441731+00:00,VIST,65,66,2.16,34.9,-16.2,51.0,-2.1,,0.76,99.2,5
20260522,2026-05-22T13:59:47.441731+00:00,EQNR,66,67,2.13,34.8,-16.3,50.0,-7.4,,1.29,157.5,4
20260522,2026-05-22T13:59:47.441731+00:00,U,67,68,2.08,40.2,-19.4,60.0,-8.9,,0.6,291.8,7
20260522,2026-05-22T13:59:47.441731+00:00,AFRM,68,69,2.05,38.9,-19.0,59.0,-1.6,,0.76,335.4,5
20260522,2026-05-22T13:59:47.441731+00:00,MPC,69,70,2.02,30.6,-15.2,39.0,-3.0,,1.13,578.5,6
20260522,2026-05-22T13:59:47.441731+00:00,XYZ,70,71,2.0,33.8,-16.9,54.0,-8.8,,1.51,416.0,11
20260522,2026-05-22T13:59:47.441731+00:00,AMKR,71,72,1.97,37.2,-18.9,71.0,-14.9,,0.97,383.4,7
20260522,2026-05-22T13:59:47.441731+00:00,VRT,72,73,1.94,31.2,-16.1,61.0,-11.7,,0.9,1937.4,7
20260522,2026-05-22T13:59:47.441731+00:00,APA,73,74,1.91,37.3,-19.5,52.0,-11.5,,0.94,267.7,4
20260522,2026-05-22T13:59:47.441731+00:00,NXPI,74,75,1.7,33.7,-19.9,64.0,0.0,,0.79,1244.8,4
20260522,2026-05-22T13:59:47.441731+00:00,INGM,75,76,1.7,31.4,-18.4,60.0,-14.2,,0.8,48.7,6
20260526,2026-05-27T02:19:20.813005+00:00,MXL,1,1,26.53,415.7,-15.7,184.0,-6.0,,1.2,511.9,4
20260526,2026-05-27T02:19:20.813005+00:00,NOK,2,2,14.72,117.4,-8.0,63.0,0.0,,1.61,1659.9,3
20260526,2026-05-27T02:19:20.813005+00:00,MRVL,3,3,14.57,157.5,-10.8,71.0,0.0,,1.81,4235.9,3
20260526,2026-05-27T02:19:20.813005+00:00,DELL,4,4,13.68,147.8,-10.8,79.0,0.0,,1.64,1616.1,1
20260526,2026-05-27T02:19:20.813005+00:00,AMD,5,5,12.63,139.0,-11.0,74.0,0.0,,0.91,17180.5,3
20260526,2026-05-27T02:19:20.813005+00:00,NOKBF,6,6,10.68,115.1,-10.8,69.0,0.0,,1.92,25.8,5
20260526,2026-05-27T02:19:20.813005+00:00,INTC,7,7,9.95,163.5,-16.4,88.0,-4.6,,0.7,16604.2,3
20260526,2026-05-27T02:19:20.813005+00:00,STM,8,8,9.82,105.1,-10.7,58.0,0.0,,1.35,701.3,3
20260526,2026-05-27T02:19:20.813005+00:00,ARM,9,9,9.34,143.8,-15.4,93.0,0.0,,0.91,2815.0,2
20260526,2026-05-27T02:19:20.813005+00:00,VSH,10,10,8.84,151.9,-17.2,66.0,0.0,,1.84,213.9,3
20260526,2026-05-27T02:19:20.813005+00:00,FLEX,11,11,8.75,118.1,-13.5,97.0,-1.3,,0.79,884.7,4
20260526,2026-05-27T02:19:20.813005+00:00,CSCO,12,12,8.08,50.4,-6.2,39.0,-1.7,,1.02,2826.6,5
20260526,2026-05-27T02:19:20.813005+00:00,HPE,13,13,6.97,85.7,-12.3,50.0,0.0,,1.06,521.1,3
20260526,2026-05-27T02:19:20.813005+00:00,SIRI,14,14,6.13,43.1,-7.0,35.0,0.0,,1.58,129.8,2
20260526,2026-05-27T02:19:20.813005+00:00,CORT,15,15,5.93,66.6,-11.2,61.0,0.0,,0.54,67.7,3
20260526,2026-05-27T02:19:20.813005+00:00,FROG,16,16,5.78,88.4,-15.3,76.0,-1.3,,0.87,187.2,3
20260526,2026-05-27T02:19:20.813005+00:00,PANW,17,17,5.77,77.3,-13.4,44.0,-1.5,,0.91,1727.4,5
20260526,2026-05-27T02:19:20.813005+00:00,UMC,18,18,5.43,99.8,-18.4,64.0,0.0,,1.66,263.1,4
20260526,2026-05-27T02:19:20.813005+00:00,TWLO,19,19,5.36,60.3,-11.2,63.0,-6.0,,0.7,586.5,6
20260526,2026-05-27T02:19:20.813005+00:00,SSL,20,20,5.19,58.0,-11.2,57.0,-5.9,,0.72,19.8,5
20260526,2026-05-27T02:19:20.813005+00:00,CIEN,21,22,4.19,70.5,-16.8,79.0,0.0,,0.71,1083.6,7
20260526,2026-05-27T02:19:20.813005+00:00,NTAP,22,23,4.19,37.1,-8.9,39.0,-0.3,,2.52,316.6,4
20260526,2026-05-27T02:19:20.813005+00:00,MARA,23,24,3.82,66.6,-17.5,76.0,0.0,,0.98,558.0,3
20260526,2026-05-27T02:19:20.813005+00:00,QRVO,24,25,3.78,31.4,-8.3,40.0,0.0,,1.14,117.0,1
20260526,2026-05-27T02:19:20.813005+00:00,DINO,25,26,3.47,39.8,-11.5,44.0,-7.4,,0.73,180.9,3
20260526,2026-05-27T02:19:20.813005+00:00,CVE,26,27,3.31,32.6,-9.9,36.0,-9.1,,1.21,267.6,4
20260526,2026-05-27T02:19:20.813005+00:00,ASX,27,28,3.28,55.1,-16.8,56.0,0.0,,1.64,287.1,5
20260526,2026-05-27T02:19:20.813005+00:00,MTSI,28,29,3.13,61.7,-19.7,60.0,0.0,,1.5,533.0,4
20260526,2026-05-27T02:19:20.813005+00:00,LSCC,29,30,3.13,48.8,-15.6,65.0,0.0,,0.83,351.9,7
20260526,2026-05-27T02:19:20.813005+00:00,NUE,30,31,3.07,37.4,-12.2,29.0,0.0,,1.08,333.8,4
20260526,2026-05-27T02:19:20.813005+00:00,NVT,31,32,3.03,39.2,-13.0,51.0,-2.7,,0.71,370.7,4
20260526,2026-05-27T02:19:20.813005+00:00,LEGN,32,33,2.91,49.7,-17.1,72.0,0.0,,0.65,66.8,5
20260526,2026-05-27T02:19:20.813005+00:00,LUMN,33,34,2.89,43.2,-15.0,66.0,-1.6,,1.44,134.9,3
20260526,2026-05-27T02:19:20.813005+00:00,GSAT,34,35,2.88,31.8,-11.0,62.0,0.0,,1.22,101.8,5
20260526,2026-05-27T02:19:20.813005+00:00,YPF,35,36,2.48,30.3,-12.2,42.0,0.0,,1.19,93.7,3
20260526,2026-05-27T02:19:20.813005+00:00,AMKR,36,37,2.36,44.5,-18.9,74.0,-5.9,,1.61,388.9,8
20260526,2026-05-27T02:19:20.813005+00:00,CHRD,37,38,2.29,35.5,-15.5,44.0,-7.1,,0.68,110.4,3
20260526,2026-05-27T02:19:20.813005+00:00,ORCL,38,39,2.04,31.0,-15.2,54.0,-1.5,,0.6,3857.4,5
20260526,2026-05-27T02:19:20.813005+00:00,VIST,39,40,1.91,30.8,-16.2,51.0,-6.2,,0.42,94.3,4
20260526,2026-05-27T02:19:20.813005+00:00,EQNR,40,41,1.88,30.7,-16.3,51.0,-10.1,,0.99,160.7,4
20260526,2026-05-27T02:19:20.813005+00:00,APA,41,42,1.83,35.6,-19.5,52.0,-15.0,,0.58,264.2,4
20260526,2026-05-27T02:19:20.813005+00:00,INGM,42,43,1.75,32.2,-18.4,60.0,-12.6,,0.68,49.4,6
20260526,2026-05-27T02:19:20.813005+00:00,MKSI,43,44,1.7,30.6,-17.9,54.0,0.0,,0.62,413.8,7
20260527,2026-05-27T22:53:42.675813+00:00,MXL,1,1,32.05,464.2,-14.5,183.0,-1.1,,0.72,519.6,4
20260527,2026-05-27T22:53:42.675813+00:00,DELL,2,2,14.09,152.2,-10.8,79.0,0.0,,1.27,1696.4,1
20260527,2026-05-27T22:53:42.675813+00:00,MRVL,3,3,13.95,150.7,-10.8,72.0,-4.6,,2.25,4566.5,4
20260527,2026-05-27T22:53:42.675813+00:00,NOK,4,4,13.67,109.1,-8.0,64.0,-4.7,,1.02,1680.4,3
20260527,2026-05-27T22:53:42.675813+00:00,AMD,5,5,13.03,143.3,-11.0,73.0,-1.7,,0.66,17169.1,3
20260527,2026-05-27T22:53:42.675813+00:00,NOKBF,6,6,11.75,126.7,-10.8,68.0,0.0,,1.64,27.7,5
20260527,2026-05-27T22:53:42.675813+00:00,VSH,7,7,10.64,152.9,-14.4,66.0,-2.9,,0.98,223.8,3
20260527,2026-05-27T22:53:42.675813+00:00,INTC,8,8,10.22,167.9,-16.4,88.0,-5.9,,0.62,16547.9,3
20260527,2026-05-27T22:53:42.675813+00:00,FLEX,9,9,9.68,130.6,-13.5,96.0,0.0,,0.78,903.7,4
20260527,2026-05-27T22:53:42.675813+00:00,DOCN,10,10,9.63,177.2,-18.4,113.0,-8.3,,0.54,601.9,5
20260527,2026-05-27T22:53:42.675813+00:00,STM,11,11,9.53,97.6,-10.2,59.0,-4.2,,1.14,721.6,3
20260527,2026-05-27T22:53:42.675813+00:00,ARM,12,12,8.71,134.2,-15.4,93.0,-5.8,,0.79,2823.8,2
20260527,2026-05-27T22:53:42.675813+00:00,CSCO,13,13,8.67,54.1,-6.2,38.0,-0.6,,0.81,2882.9,5
20260527,2026-05-27T22:53:42.675813+00:00,LQDA,14,14,8.16,101.4,-12.4,70.0,0.0,,0.81,91.2,4
20260527,2026-05-27T22:53:42.675813+00:00,CORT,15,15,8.12,86.3,-10.6,64.0,0.0,,1.5,72.3,2
20260527,2026-05-27T22:53:42.675813+00:00,STX,16,16,6.86,112.9,-16.5,67.0,0.0,,0.79,3577.8,3
20260527,2026-05-27T22:53:42.675813+00:00,FTNT,17,17,6.67,61.5,-9.2,53.0,-4.5,,1.11,716.4,3
20260527,2026-05-27T22:53:42.675813+00:00,HPE,18,18,6.48,79.7,-12.3,50.0,-2.3,,1.09,537.9,4
20260527,2026-05-27T22:53:42.675813+00:00,UMC,19,19,6.4,115.7,-18.1,64.0,0.0,,1.63,286.0,4
20260527,2026-05-27T22:53:42.675813+00:00,SIRI,20,20,5.59,39.3,-7.0,35.0,0.0,,0.78,128.9,2
20260527,2026-05-27T22:53:42.675813+00:00,BTSG,21,21,5.48,50.9,-9.3,45.0,0.0,,0.62,169.7,2
20260527,2026-05-27T22:53:42.675813+00:00,VSAT,22,22,5.32,85.7,-16.1,75.0,0.0,,1.66,139.3,4
20260527,2026-05-27T22:53:42.675813+00:00,SYRE,23,23,5.3,68.0,-12.8,75.0,-5.1,,0.5,79.9,6
20260527,2026-05-27T22:53:42.675813+00:00,NTAP,24,24,5.05,44.7,-8.9,39.0,0.0,,2.32,349.6,4
20260527,2026-05-27T22:53:42.675813+00:00,PANW,25,25,4.95,66.3,-13.4,45.0,-4.6,,1.06,1772.3,6
20260527,2026-05-27T22:53:42.675813+00:00,FROG,26,26,4.69,71.8,-15.3,75.0,-3.5,,0.47,185.7,3
20260527,2026-05-27T22:53:42.675813+00:00,VSNT,27,28,4.67,35.0,-7.5,37.0,-2.3,,0.66,80.5,4
20260527,2026-05-27T22:53:42.675813+00:00,TWLO,28,29,4.61,51.8,-11.2,64.0,-10.0,,0.76,593.3,6
20260527,2026-05-27T22:53:42.675813+00:00,DDOG,29,30,4.59,90.5,-19.7,79.0,-0.8,,0.67,1290.9,5
20260527,2026-05-27T22:53:42.675813+00:00,HUM,30,31,4.59,64.8,-14.1,44.0,-1.4,,0.38,503.2,1
20260527,2026-05-27T22:53:42.675813+00:00,ON,31,32,4.54,83.2,-18.3,64.0,-1.7,,1.04,1472.2,4
20260527,2026-05-27T22:53:42.675813+00:00,HPQ,32,33,4.48,37.7,-8.4,49.0,0.0,,1.94,425.3,3
20260527,2026-05-27T22:53:42.675813+00:00,FSLR,33,34,4.44,36.8,-8.3,44.0,0.0,,0.75,645.9,1
20260527,2026-05-27T22:53:42.675813+00:00,ASX,34,35,4.38,61.2,-14.0,55.0,0.0,,1.41,297.0,5
20260527,2026-05-27T22:53:42.675813+00:00,SSL,35,36,4.36,54.3,-12.5,58.0,-12.5,,1.37,19.9,6
20260527,2026-05-27T22:53:42.675813+00:00,GSAT,36,37,4.33,45.6,-10.5,59.0,0.0,,1.29,103.7,5
20260527,2026-05-27T22:53:42.675813+00:00,GFS,37,38,4.28,72.9,-17.0,69.0,-9.8,,3.85,499.2,5
20260527,2026-05-27T22:53:42.675813+00:00,CRWD,38,39,4.23,69.3,-16.4,48.0,-3.9,,1.08,1750.7,4
20260527,2026-05-27T22:53:42.675813+00:00,CIEN,39,40,4.19,70.6,-16.8,79.0,-3.4,,0.88,1061.1,8
20260527,2026-05-27T22:53:42.675813+00:00,TXN,40,41,4.06,50.1,-12.3,51.0,-2.3,,0.9,2181.1,1
20260527,2026-05-27T22:53:42.675813+00:00,MARA,41,42,3.99,69.6,-17.5,76.0,0.0,,0.76,565.2,3
20260527,2026-05-27T22:53:42.675813+00:00,SFTBY,42,43,3.93,73.3,-18.6,95.0,-7.6,,0.99,49.0,4
20260527,2026-05-27T22:53:42.675813+00:00,GTX,43,44,3.88,65.2,-16.8,65.0,-0.7,,0.89,101.8,5
20260527,2026-05-27T22:53:42.675813+00:00,ICL,44,45,3.77,36.0,-9.5,43.0,-2.8,,1.13,8.5,0
20260527,2026-05-27T22:53:42.675813+00:00,RVMD,45,46,3.64,49.8,-13.7,95.0,-1.2,,1.16,346.4,9
20260527,2026-05-27T22:53:42.675813+00:00,LUMN,46,47,3.63,54.4,-15.0,67.0,0.0,,1.23,141.4,3
20260527,2026-05-27T22:53:42.675813+00:00,QCOM,47,48,3.48,61.3,-17.6,68.0,-6.2,,0.82,6419.3,2
20260527,2026-05-27T22:53:42.675813+00:00,YPF,48,49,3.46,42.2,-12.2,43.0,0.0,,2.25,102.5,3
20260527,2026-05-27T22:53:42.675813+00:00,AMZN,49,50,3.43,30.7,-9.0,29.0,-1.1,,0.92,11619.5,4
20260527,2026-05-27T22:53:42.675813+00:00,LSCC,50,51,3.41,52.1,-15.3,64.0,-1.6,,0.7,349.2,6
20260527,2026-05-27T22:53:42.675813+00:00,NUE,51,52,3.35,40.8,-12.2,29.0,0.0,,0.96,310.7,4
20260527,2026-05-27T22:53:42.675813+00:00,RCRUY,52,53,3.22,44.8,-13.9,51.0,0.0,,0.97,6.1,5
20260527,2026-05-27T22:53:42.675813+00:00,DINO,53,54,3.18,36.5,-11.5,44.0,-8.0,,0.8,181.2,4
20260527,2026-05-27T22:53:42.675813+00:00,MTSI,54,55,3.15,62.1,-19.7,60.0,-2.2,,0.79,542.5,4
20260527,2026-05-27T22:53:42.675813+00:00,UNH,55,56,3.05,35.0,-11.5,33.0,-4.3,,0.65,2529.5,4
20260527,2026-05-27T22:53:42.675813+00:00,ROKU,56,57,3.05,41.1,-13.5,43.0,0.0,,0.93,329.8,3
20260527,2026-05-27T22:53:42.675813+00:00,NVT,57,58,2.93,38.0,-12.9,51.0,-3.5,,0.94,373.7,5
20260527,2026-05-27T22:53:42.675813+00:00,JBL,58,59,2.9,36.6,-12.6,49.0,-2.3,,0.58,445.3,5
20260527,2026-05-27T22:53:42.675813+00:00,AVT,59,60,2.9,32.3,-11.2,39.0,-2.3,,0.81,115.8,3
20260527,2026-05-27T22:53:42.675813+00:00,ST,60,61,2.86,34.8,-12.2,47.0,0.0,,1.0,117.2,3
20260527,2026-05-27T22:53:42.675813+00:00,ZM,61,62,2.83,32.3,-11.4,46.0,-8.5,,0.62,584.3,6
20260527,2026-05-27T22:53:42.675813+00:00,LEGN,62,63,2.79,47.8,-17.1,73.0,-3.5,,0.59,65.9,5
20260527,2026-05-27T22:53:42.675813+00:00,SWKS,63,64,2.78,33.1,-11.9,54.0,-5.7,,0.97,396.7,6
20260527,2026-05-27T22:53:42.675813+00:00,AMKR,64,65,2.74,49.1,-17.9,73.0,-7.6,,1.0,381.8,8
20260527,2026-05-27T22:53:42.675813+00:00,MTZ,65,66,2.66,33.6,-12.7,44.0,-11.4,,0.59,437.5,5
20260527,2026-05-27T22:53:42.675813+00:00,LNTH,66,67,2.58,31.4,-12.2,43.0,-3.8,,1.4,108.2,5
20260527,2026-05-27T22:53:42.675813+00:00,MKSI,67,68,2.4,34.1,-14.2,54.0,-1.8,,0.66,414.3,7
20260527,2026-05-27T22:53:42.675813+00:00,AUR,68,69,2.36,44.6,-18.9,77.0,-18.9,,0.76,237.2,6
20260527,2026-05-27T22:53:42.675813+00:00,EC,69,70,2.34,30.5,-13.0,46.0,0.0,,1.28,42.7,5
20260527,2026-05-27T22:53:42.675813+00:00,PRM,70,71,2.3,34.7,-15.1,56.0,-6.9,,0.72,47.7,4
20260527,2026-05-27T22:53:42.675813+00:00,NXPI,71,72,2.25,42.5,-18.9,65.0,-1.0,,0.88,1285.1,4
20260527,2026-05-27T22:53:42.675813+00:00,U,72,73,2.15,41.8,-19.4,60.0,-1.4,,0.84,300.9,6
20260527,2026-05-27T22:53:42.675813+00:00,AVGO,73,74,2.1,31.4,-15.0,41.0,-4.1,,0.93,7759.8,6
20260527,2026-05-27T22:53:42.675813+00:00,AFRM,74,75,2.09,39.7,-19.0,60.0,0.0,,1.1,358.2,5
20260527,2026-05-27T22:53:42.675813+00:00,RAL,75,76,2.08,33.2,-16.0,54.0,0.0,,0.75,111.6,6
20260527,2026-05-27T22:53:42.675813+00:00,LRCX,76,77,2.03,33.6,-16.5,60.0,-1.2,,0.94,2639.5,4
20260527,2026-05-27T22:53:42.675813+00:00,VIST,77,78,1.9,30.7,-16.2,51.0,-7.1,,0.54,92.3,5
20260527,2026-05-27T22:53:42.675813+00:00,STLD,78,79,1.85,34.5,-18.6,38.0,0.0,,1.29,234.2,4
20260527,2026-05-27T22:53:42.675813+00:00,S,79,80,1.84,33.2,-18.0,50.0,-4.1,,1.34,126.2,5
20260527,2026-05-27T22:53:42.675813+00:00,XYZ,80,81,1.83,31.0,-16.9,53.0,-4.6,,1.06,431.5,10
20260527,2026-05-27T22:53:42.675813+00:00,INGM,81,82,1.78,32.8,-18.4,60.0,-11.5,,0.38,48.9,6
20260527,2026-05-27T22:53:42.675813+00:00,GH,82,83,1.53,30.2,-19.8,61.0,0.0,,1.5,237.6,3
20260528,2026-05-29T01:55:43.522808+00:00,MXL,1,1,31.83,460.9,-14.5,183.0,-4.4,,0.64,479.9,4
20260528,2026-05-29T01:55:43.522808+00:00,AMD,2,2,14.43,158.8,-11.0,73.0,0.0,,0.77,17230.0,3
20260528,2026-05-29T01:55:43.522808+00:00,BB,3,3,14.11,159.0,-11.3,67.0,0.0,,1.03,217.5,1
20260528,2026-05-29T01:55:43.522808+00:00,MRVL,4,4,13.96,150.9,-10.8,72.0,-1.6,,2.07,4943.7,4
20260528,2026-05-29T01:55:43.522808+00:00,VSH,5,5,13.87,180.7,-13.0,66.0,0.0,,1.35,240.8,3
20260528,2026-05-29T01:55:43.522808+00:00,NOK,6,6,12.28,97.9,-8.0,64.0,-7.2,,0.97,1670.4,2
20260528,2026-05-29T01:55:43.522808+00:00,STM,7,7,11.41,107.2,-9.4,59.0,-1.8,,0.85,710.9,3
20260528,2026-05-29T01:55:43.522808+00:00,DELL,8,8,10.62,114.8,-10.8,67.0,0.0,,3.97,2080.3,1
20260528,2026-05-29T01:55:43.522808+00:00,ARM,9,9,10.59,163.1,-15.4,95.0,0.0,,1.23,3002.3,2
20260528,2026-05-29T01:55:43.522808+00:00,NOKBF,10,10,10.13,109.3,-10.8,69.0,-5.3,,0.46,28.0,5
20260528,2026-05-29T01:55:43.522808+00:00,INTC,11,11,10.04,165.1,-16.4,88.0,-6.6,,0.66,16022.5,4
20260528,2026-05-29T01:55:43.522808+00:00,FLEX,12,12,9.62,129.8,-13.5,96.0,-0.6,,0.71,919.3,4
20260528,2026-05-29T01:55:43.522808+00:00,DOCN,13,13,9.29,171.0,-18.4,112.0,-7.3,,0.39,599.2,5
20260528,2026-05-29T01:55:43.522808+00:00,CORT,14,14,8.62,91.5,-10.6,64.0,0.0,,0.9,73.5,2
20260528,2026-05-29T01:55:43.522808+00:00,CSCO,15,15,8.04,50.1,-6.2,39.0,-1.5,,0.76,2936.0,5
20260528,2026-05-29T01:55:43.522808+00:00,LQDA,16,16,8.04,100.0,-12.4,70.0,0.0,,0.49,92.8,4
20260528,2026-05-29T01:55:43.522808+00:00,PLUG,17,17,7.93,130.2,-16.4,100.0,-0.5,,0.97,334.7,4
20260528,2026-05-29T01:55:43.522808+00:00,STX,18,18,7.07,116.3,-16.5,67.0,0.0,,0.6,3352.5,3
20260528,2026-05-29T01:55:43.522808+00:00,FTNT,19,19,6.95,64.1,-9.2,53.0,-3.2,,0.91,740.9,3
20260528,2026-05-29T01:55:43.522808+00:00,FSLR,20,20,6.5,53.8,-8.3,49.0,0.0,,1.99,714.9,1
20260528,2026-05-29T01:55:43.522808+00:00,UMC,21,21,6.49,117.2,-18.1,64.0,0.0,,0.91,288.0,4
20260528,2026-05-29T01:55:43.522808+00:00,HPE,22,22,6.43,79.1,-12.3,50.0,0.0,,1.41,563.5,4
20260528,2026-05-29T01:55:43.522808+00:00,VSAT,23,23,5.54,89.4,-16.1,75.0,0.0,,1.98,150.1,4
20260528,2026-05-29T01:55:43.522808+00:00,PANW,24,24,5.46,73.1,-13.4,45.0,-1.1,,0.71,1807.6,6
20260528,2026-05-29T01:55:43.522808+00:00,SIRI,25,25,5.33,37.4,-7.0,35.0,0.0,,0.74,123.9,2
20260528,2026-05-29T01:55:43.522808+00:00,FROG,26,26,5.31,81.2,-15.3,75.0,-1.6,,0.49,185.9,3
20260528,2026-05-29T01:55:43.522808+00:00,ON,27,27,5.29,86.2,-16.3,64.0,-2.5,,0.62,1459.6,4
20260528,2026-05-29T01:55:43.522808+00:00,SYRE,28,28,5.27,67.7,-12.8,75.0,-5.7,,0.39,74.9,6
20260528,2026-05-29T01:55:43.522808+00:00,DDOG,29,29,5.13,101.2,-19.7,78.0,0.0,,0.86,1334.5,5
20260528,2026-05-29T01:55:43.522808+00:00,BTSG,30,30,5.04,46.8,-9.3,44.0,0.0,,0.72,169.4,2
20260528,2026-05-29T01:55:43.522808+00:00,NTAP,31,31,5.03,44.5,-8.9,39.0,-0.2,,2.15,384.1,5
20260528,2026-05-29T01:55:43.522808+00:00,CRWD,32,32,4.9,80.4,-16.4,48.0,-0.1,,0.77,1787.0,4
20260528,2026-05-29T01:55:43.522808+00:00,ASX,33,33,4.8,67.1,-14.0,55.0,0.0,,1.01,300.8,5
20260528,2026-05-29T01:55:43.522808+00:00,TWLO,34,34,4.68,52.6,-11.2,64.0,-8.5,,0.52,595.8,6
20260528,2026-05-29T01:55:43.522808+00:00,SFTBY,35,36,4.58,85.5,-18.6,95.0,-2.0,,0.86,50.5,4
20260528,2026-05-29T01:55:43.522808+00:00,HUM,36,37,4.46,62.8,-14.1,44.0,-0.6,,0.32,463.2,1
20260528,2026-05-29T01:55:43.522808+00:00,ICL,37,38,4.39,41.9,-9.5,43.0,-1.0,,0.76,8.7,0
20260528,2026-05-29T01:55:43.522808+00:00,VSNT,38,39,4.19,31.4,-7.5,37.0,-2.5,,0.71,80.0,4
20260528,2026-05-29T01:55:43.522808+00:00,TXN,39,40,4.1,49.7,-12.1,51.0,-2.8,,0.8,2169.3,1
20260528,2026-05-29T01:55:43.522808+00:00,GFS,40,41,4.09,69.6,-17.0,69.0,-10.4,,1.47,523.5,5
20260528,2026-05-29T01:55:43.522808+00:00,QCOM,41,42,4.08,72.0,-17.6,69.0,-2.2,,0.67,6383.3,2
20260528,2026-05-29T01:55:43.522808+00:00,HPQ,42,43,4.02,33.8,-8.4,49.0,-1.9,,1.92,456.3,4
20260528,2026-05-29T01:55:43.522808+00:00,GTX,43,44,3.92,64.2,-16.4,65.0,-1.8,,0.66,103.1,5
20260528,2026-05-29T01:55:43.522808+00:00,YPF,44,45,3.85,46.9,-12.2,42.0,0.0,,1.23,103.6,3
20260528,2026-05-29T01:55:43.522808+00:00,CIEN,45,46,3.77,63.5,-16.8,79.0,-5.3,,0.95,1069.3,8
20260528,2026-05-29T01:55:43.522808+00:00,RVMD,46,47,3.77,51.6,-13.7,95.0,-0.2,,1.13,347.2,8
20260528,2026-05-29T01:55:43.522808+00:00,RCRUY,47,48,3.54,49.3,-13.9,52.0,0.0,,0.59,6.0,5
20260528,2026-05-29T01:55:43.522808+00:00,LSCC,48,49,3.54,54.1,-15.3,64.0,-2.0,,0.73,350.2,6
20260528,2026-05-29T01:55:43.522808+00:00,CORZ,49,50,3.45,63.6,-18.4,63.0,0.0,,0.97,384.1,3
20260528,2026-05-29T01:55:43.522808+00:00,AMZN,50,51,3.4,30.5,-9.0,29.0,-0.4,,0.94,11224.4,4
20260528,2026-05-29T01:55:43.522808+00:00,NUE,51,52,3.4,41.4,-12.2,29.0,0.0,,1.12,311.5,4
20260528,2026-05-29T01:55:43.522808+00:00,DINO,52,53,3.39,38.8,-11.5,44.0,-7.7,,0.7,176.4,4
20260528,2026-05-29T01:55:43.522808+00:00,LUMN,53,55,3.37,50.5,-15.0,67.0,-1.6,,0.84,144.5,3
20260528,2026-05-29T01:55:43.522808+00:00,WULF,54,56,3.35,62.7,-18.7,82.0,-1.3,,0.84,686.3,4
20260528,2026-05-29T01:55:43.522808+00:00,SSL,55,57,3.34,41.6,-12.5,55.0,-11.6,,0.97,19.6,6
20260528,2026-05-29T01:55:43.522808+00:00,NVT,56,58,3.33,39.5,-11.8,51.0,-5.2,,0.61,373.9,5
20260528,2026-05-29T01:55:43.522808+00:00,U,57,59,3.31,64.2,-19.4,60.0,0.0,,1.27,312.9,6
20260528,2026-05-29T01:55:43.522808+00:00,MARA,58,60,3.29,57.4,-17.5,75.0,-1.8,,0.85,573.2,4
20260528,2026-05-29T01:55:43.522808+00:00,ALKS,59,61,3.24,32.7,-10.1,51.0,0.0,,1.36,79.1,5
20260528,2026-05-29T01:55:43.522808+00:00,SWKS,60,62,3.18,37.8,-11.9,54.0,-2.4,,0.75,402.9,6
20260528,2026-05-29T01:55:43.522808+00:00,ZM,61,63,3.14,35.9,-11.4,45.0,-8.0,,0.67,571.0,6
20260528,2026-05-29T01:55:43.522808+00:00,AVT,62,64,3.08,33.1,-10.7,39.0,-2.2,,1.17,110.3,3
20260528,2026-05-29T01:55:43.522808+00:00,ST,63,65,3.02,35.3,-11.7,47.0,-0.3,,1.12,114.1,4
20260528,2026-05-29T01:55:43.522808+00:00,JBL,64,66,2.95,37.3,-12.6,49.0,-4.4,,0.49,445.0,5
20260528,2026-05-29T01:55:43.522808+00:00,MTSI,65,67,2.92,57.6,-19.7,60.0,-4.5,,0.87,556.4,4
20260528,2026-05-29T01:55:43.522808+00:00,AFRM,66,68,2.92,55.4,-19.0,58.0,0.0,,0.93,364.4,5
20260528,2026-05-29T01:55:43.522808+00:00,LEGN,67,69,2.85,48.7,-17.1,73.0,-4.3,,0.56,66.0,5
20260528,2026-05-29T01:55:43.522808+00:00,UNH,68,70,2.74,31.5,-11.5,33.0,-4.6,,0.65,2445.2,4
20260528,2026-05-29T01:55:43.522808+00:00,NXPI,69,71,2.72,46.2,-17.0,65.0,-0.7,,0.75,1183.7,4
20260528,2026-05-29T01:55:43.522808+00:00,LNTH,70,72,2.71,33.0,-12.2,43.0,-3.3,,0.76,109.2,5
20260528,2026-05-29T01:55:43.522808+00:00,AUR,71,73,2.7,51.1,-18.9,77.0,-15.8,,1.37,247.7,6
20260528,2026-05-29T01:55:43.522808+00:00,ORCL,72,74,2.67,40.6,-15.2,55.0,0.0,,1.27,3783.1,5
20260528,2026-05-29T01:55:43.522808+00:00,AMKR,73,75,2.67,47.9,-17.9,73.0,-9.6,,0.72,382.6,8
20260528,2026-05-29T01:55:43.522808+00:00,GH,74,76,2.57,41.9,-16.3,61.0,0.0,,1.3,247.4,3
20260528,2026-05-29T01:55:43.522808+00:00,PRM,75,77,2.54,38.3,-15.1,56.0,-4.5,,0.49,47.5,4
20260528,2026-05-29T01:55:43.522808+00:00,ROKU,76,78,2.46,33.2,-13.5,42.0,-0.6,,0.58,330.9,3
20260528,2026-05-29T01:55:43.522808+00:00,EC,77,79,2.34,30.4,-13.0,46.0,-1.0,,1.06,43.3,5
20260528,2026-05-29T01:55:43.522808+00:00,MKSI,78,80,2.29,32.3,-14.1,54.0,-3.2,,0.81,421.7,8
20260528,2026-05-29T01:55:43.522808+00:00,AVGO,79,81,2.26,33.8,-15.0,41.0,-3.0,,0.97,7817.0,6
20260528,2026-05-29T01:55:43.522808+00:00,RAL,80,82,2.25,36.0,-16.0,54.0,-0.3,,0.75,114.7,6
20260528,2026-05-29T01:55:43.522808+00:00,LRCX,81,83,2.22,36.1,-16.3,60.0,-1.5,,0.91,2653.9,4
20260528,2026-05-29T01:55:43.522808+00:00,S,82,84,2.08,37.3,-18.0,50.0,-3.7,,3.44,145.4,5
20260528,2026-05-29T01:55:43.522808+00:00,BRKR,83,85,1.95,35.8,-18.3,56.0,0.0,,1.96,111.1,6
20260528,2026-05-29T01:55:43.522808+00:00,STLD,84,86,1.9,35.4,-18.6,38.0,0.0,,1.26,240.9,4
20260528,2026-05-29T01:55:43.522808+00:00,CROX,85,87,1.87,30.8,-16.5,43.0,0.0,,0.97,131.2,6
20260528,2026-05-29T01:55:43.522808+00:00,INGM,86,88,1.72,31.7,-18.4,60.0,-12.0,,0.65,49.1,6
20260528,2026-05-29T01:55:43.522808+00:00,NXT,87,89,1.66,30.5,-18.3,68.0,-4.9,,0.56,326.6,4
20260528,2026-05-29T01:55:43.522808+00:00,CENX,88,90,1.55,31.0,-20.0,64.0,-0.6,,1.27,102.4,8
20260529,2026-05-29T15:23:40.449499+00:00,MXL,1,1,27.36,396.2,-14.5,185.0,-12.7,,0.64,479.9,4
20260529,2026-05-29T15:23:40.449499+00:00,DELL,2,2,15.81,170.8,-10.8,89.0,0.0,,3.97,2080.3,1
20260529,2026-05-29T15:23:40.449499+00:00,BB,3,3,14.94,168.4,-11.3,67.0,0.0,,1.03,217.5,1
20260529,2026-05-29T15:23:40.449499+00:00,AMD,4,4,14.33,157.7,-11.0,73.0,-1.2,,0.77,17230.0,3
20260529,2026-05-29T15:23:40.449499+00:00,MRVL,5,5,14.12,152.6,-10.8,72.0,-2.0,,2.07,4943.7,4
20260529,2026-05-29T15:23:40.449499+00:00,VSH,6,6,13.62,177.4,-13.0,66.0,0.0,,1.35,240.8,3
20260529,2026-05-29T15:23:40.449499+00:00,ARM,7,7,11.55,177.8,-15.4,95.0,0.0,,1.23,3002.3,2
20260529,2026-05-29T15:23:40.449499+00:00,STM,8,8,11.27,105.9,-9.4,59.0,-2.8,,0.85,710.9,3
20260529,2026-05-29T15:23:40.449499+00:00,FLEX,9,9,9.84,132.9,-13.5,97.0,0.0,,0.71,919.3,4
20260529,2026-05-29T15:23:40.449499+00:00,INTC,10,10,9.78,160.8,-16.4,88.0,-8.3,,0.66,16022.5,4
20260529,2026-05-29T15:23:40.449499+00:00,NTAP,11,11,9.25,81.9,-8.9,66.0,0.0,,2.15,384.1,5
20260529,2026-05-29T15:23:40.449499+00:00,DOCN,12,12,9.14,168.2,-18.4,112.0,-4.7,,0.39,599.2,5
20260529,2026-05-29T15:23:40.449499+00:00,CORT,13,13,8.55,90.9,-10.6,64.0,0.0,,0.9,73.5,2
20260529,2026-05-29T15:23:40.449499+00:00,STX,14,14,8.2,135.0,-16.5,64.0,0.0,,0.6,3352.5,3
20260529,2026-05-29T15:23:40.449499+00:00,HPE,15,15,8.15,100.2,-12.3,58.0,0.0,,1.41,563.5,4
20260529,2026-05-29T15:23:40.449499+00:00,CSCO,16,16,8.13,50.7,-6.2,38.0,-1.2,,0.76,2936.0,5
20260529,2026-05-29T15:23:40.449499+00:00,LQDA,17,17,7.8,97.0,-12.4,70.0,-1.7,,0.49,92.8,4
20260529,2026-05-29T15:23:40.449499+00:00,FTNT,18,18,7.52,69.3,-9.2,53.0,0.0,,0.91,740.9,3
20260529,2026-05-29T15:23:40.449499+00:00,ELV,19,19,7.48,33.9,-4.5,28.0,-2.7,,0.84,602.7,5
20260529,2026-05-29T15:23:40.449499+00:00,NOK,20,20,7.45,78.3,-10.5,64.0,-10.5,,0.97,1670.4,2
20260529,2026-05-29T15:23:40.449499+00:00,NOKBF,21,21,7.21,77.8,-10.8,67.0,-10.6,,0.46,28.0,5
20260529,2026-05-29T15:23:40.449499+00:00,PLUG,22,22,7.17,117.7,-16.4,100.0,-4.8,,0.97,334.7,4
20260529,2026-05-29T15:23:40.449499+00:00,FSLR,23,23,6.37,52.8,-8.3,49.0,0.0,,1.99,714.9,1
20260529,2026-05-29T15:23:40.449499+00:00,UMC,24,24,6.17,111.6,-18.1,65.0,-1.9,,0.91,288.0,4
20260529,2026-05-29T15:23:40.449499+00:00,PANW,25,25,6.03,80.8,-13.4,46.0,0.0,,0.71,1807.6,6
20260529,2026-05-29T15:23:40.449499+00:00,DDOG,26,26,5.92,116.7,-19.7,79.0,0.0,,0.86,1334.5,5
20260529,2026-05-29T15:23:40.449499+00:00,HPQ,27,27,5.66,47.7,-8.4,52.0,0.0,,1.92,456.3,4
20260529,2026-05-29T15:23:40.449499+00:00,FROG,28,28,5.54,84.8,-15.3,75.0,0.0,,0.49,185.9,3
20260529,2026-05-29T15:23:40.449499+00:00,SYRE,29,29,5.38,69.1,-12.8,75.0,-6.0,,0.39,74.9,6
20260529,2026-05-29T15:23:40.449499+00:00,ARMK,30,30,5.36,30.9,-5.8,31.0,0.0,,0.73,172.8,5
20260529,2026-05-29T15:23:40.449499+00:00,CRWD,31,31,5.23,85.7,-16.4,49.0,0.0,,0.77,1787.0,4
20260529,2026-05-29T15:23:40.449499+00:00,SIRI,32,32,5.19,36.5,-7.0,35.0,-0.8,,0.74,123.9,2
20260529,2026-05-29T15:23:40.449499+00:00,HUM,33,33,5.11,64.4,-12.6,44.0,-1.3,,0.32,463.2,1
20260529,2026-05-29T15:23:40.449499+00:00,BTSG,34,34,5.06,47.0,-9.3,44.0,0.0,,0.72,169.4,2
20260529,2026-05-29T15:23:40.449499+00:00,ON,35,35,5.05,82.1,-16.3,64.0,-4.7,,0.62,1459.6,4
20260529,2026-05-29T15:23:40.449499+00:00,TWLO,36,37,4.5,50.7,-11.2,64.0,-7.5,,0.52,595.8,6
20260529,2026-05-29T15:23:40.449499+00:00,QCOM,37,38,4.39,77.4,-17.6,68.0,-0.1,,0.67,6383.3,2
20260529,2026-05-29T15:23:40.449499+00:00,SFTBY,38,39,4.38,81.7,-18.6,95.0,-5.1,,0.86,50.5,4
20260529,2026-05-29T15:23:40.449499+00:00,LOGI,39,40,4.37,33.7,-7.7,38.0,0.0,,0.77,135.3,4
20260529,2026-05-29T15:23:40.449499+00:00,VSAT,40,41,4.37,70.4,-16.1,77.0,-7.1,,1.98,150.1,4
20260529,2026-05-29T15:23:40.449499+00:00,VSNT,41,42,4.36,32.7,-7.5,36.0,-3.2,,0.71,80.0,4
20260529,2026-05-29T15:23:40.449499+00:00,TXN,42,43,4.35,48.5,-11.2,51.0,-4.6,,0.8,2169.3,1
20260529,2026-05-29T15:23:40.449499+00:00,ASX,43,44,4.27,58.4,-13.7,57.0,-5.6,,1.01,300.8,5
20260529,2026-05-29T15:23:40.449499+00:00,GTX,44,45,4.22,65.2,-15.5,65.0,-2.2,,0.66,103.1,5
20260529,2026-05-29T15:23:40.449499+00:00,ALKS,45,46,4.08,41.1,-10.1,52.0,0.0,,1.36,79.1,5
20260529,2026-05-29T15:23:40.449499+00:00,YPF,46,47,3.92,47.8,-12.2,42.0,0.0,,1.23,103.6,3
20260529,2026-05-29T15:23:40.449499+00:00,RCRUY,47,48,3.88,54.0,-13.9,52.0,0.0,,0.59,6.0,5
20260529,2026-05-29T15:23:40.449499+00:00,RVMD,48,49,3.75,51.3,-13.7,95.0,-0.7,,1.13,347.2,8
20260529,2026-05-29T15:23:40.449499+00:00,LUMN,49,50,3.71,55.7,-15.0,66.0,-2.6,,0.84,144.5,3
20260529,2026-05-29T15:23:40.449499+00:00,ICL,50,51,3.59,34.2,-9.5,42.0,-1.7,,0.76,8.7,0
20260529,2026-05-29T15:23:40.449499+00:00,GFS,51,52,3.57,60.8,-17.0,68.0,-10.8,,1.47,523.5,5
20260529,2026-05-29T15:23:40.449499+00:00,AVT,52,53,3.57,34.1,-9.6,39.0,-2.8,,1.17,110.3,3
20260529,2026-05-29T15:23:40.449499+00:00,ZM,53,54,3.47,39.6,-11.4,45.0,-7.0,,0.67,571.0,6
20260529,2026-05-29T15:23:40.449499+00:00,ST,54,55,3.46,36.4,-10.5,47.0,-0.8,,1.12,114.1,4
20260529,2026-05-29T15:23:40.449499+00:00,CORZ,55,56,3.44,63.3,-18.4,63.0,-3.0,,0.97,384.1,3
20260529,2026-05-29T15:23:40.449499+00:00,AMZN,56,57,3.43,30.7,-9.0,29.0,-0.9,,0.94,11224.4,4
20260529,2026-05-29T15:23:40.449499+00:00,SWKS,57,59,3.26,35.6,-10.9,55.0,-5.0,,0.75,402.9,6
20260529,2026-05-29T15:23:40.449499+00:00,CIEN,58,60,3.2,53.9,-16.8,80.0,-9.6,,0.95,1069.3,8
20260529,2026-05-29T15:23:40.449499+00:00,U,59,61,3.18,61.7,-19.4,60.0,0.0,,1.27,312.9,6
20260529,2026-05-29T15:23:40.449499+00:00,NUE,60,62,3.17,38.6,-12.2,29.0,0.0,,1.12,311.5,4
20260529,2026-05-29T15:23:40.449499+00:00,ORCL,61,63,3.15,47.8,-15.2,56.0,0.0,,1.27,3783.1,5
20260529,2026-05-29T15:23:40.449499+00:00,JBL,62,64,3.13,39.6,-12.6,49.0,-4.2,,0.49,445.0,5
20260529,2026-05-29T15:23:40.449499+00:00,BWA,63,65,3.13,30.3,-9.7,40.0,0.0,,1.01,240.3,2
20260529,2026-05-29T15:23:40.449499+00:00,AFRM,64,66,3.12,59.3,-19.0,58.0,0.0,,0.93,364.4,5
20260529,2026-05-29T15:23:40.449499+00:00,NVT,65,67,3.1,36.7,-11.8,51.0,-5.6,,0.61,373.9,5
20260529,2026-05-29T15:23:40.449499+00:00,WULF,66,68,3.08,57.8,-18.7,83.0,-5.5,,0.84,686.3,4
20260529,2026-05-29T15:23:40.449499+00:00,LSCC,67,69,3.01,46.0,-15.3,63.0,-2.2,,0.73,350.2,6
20260529,2026-05-29T15:23:40.449499+00:00,AUR,68,70,2.94,55.7,-18.9,78.0,-12.0,,1.37,247.7,6
20260529,2026-05-29T15:23:40.449499+00:00,DAL,69,71,2.93,30.2,-10.3,43.0,0.0,,1.0,561.3,5
20260529,2026-05-29T15:23:40.449499+00:00,MARA,70,72,2.78,48.6,-17.5,74.0,-2.0,,0.85,573.2,4
20260529,2026-05-29T15:23:40.449499+00:00,NXPI,71,73,2.73,44.3,-16.2,65.0,-3.0,,0.75,1183.7,4
20260529,2026-05-29T15:23:40.449499+00:00,SSL,72,74,2.71,37.9,-14.0,56.0,-14.0,,0.97,19.6,6
20260529,2026-05-29T15:23:40.449499+00:00,NXT,73,75,2.7,49.5,-18.3,72.0,0.0,,0.56,326.6,4
20260529,2026-05-29T15:23:40.449499+00:00,GH,74,76,2.65,43.0,-16.2,61.0,-1.0,,1.3,247.4,3
20260529,2026-05-29T15:23:40.449499+00:00,LEGN,75,77,2.63,45.0,-17.1,73.0,-9.5,,0.56,66.0,5
20260529,2026-05-29T15:23:40.449499+00:00,CROX,76,78,2.58,37.8,-14.6,42.0,0.0,,0.97,131.2,6
20260529,2026-05-29T15:23:40.449499+00:00,AVGO,77,79,2.55,38.1,-15.0,42.0,-0.1,,0.97,7817.0,6
20260529,2026-05-29T15:23:40.449499+00:00,ROKU,78,80,2.55,34.3,-13.5,42.0,-0.1,,0.58,330.9,3
20260529,2026-05-29T15:23:40.449499+00:00,LNTH,79,81,2.54,30.9,-12.2,43.0,-3.0,,0.76,109.2,5
20260529,2026-05-29T15:23:40.449499+00:00,BRKR,80,82,2.52,44.6,-17.7,57.0,0.0,,1.96,111.1,6
20260529,2026-05-29T15:23:40.449499+00:00,PRM,81,83,2.51,37.7,-15.1,56.0,-5.8,,0.49,47.5,4
20260529,2026-05-29T15:23:40.449499+00:00,AMKR,82,84,2.46,44.1,-17.9,74.0,-11.9,,0.72,382.6,8
20260529,2026-05-29T15:23:40.449499+00:00,TGTX,83,85,2.46,30.4,-12.3,54.0,-11.1,,0.48,86.5,5
20260529,2026-05-29T15:23:40.449499+00:00,LRCX,84,86,2.36,38.5,-16.3,60.0,-1.0,,0.91,2653.9,4
20260529,2026-05-29T15:23:40.449499+00:00,MKSI,85,87,2.24,31.4,-14.0,54.0,-4.0,,0.81,421.7,8
20260529,2026-05-29T15:23:40.449499+00:00,CLS,86,88,2.15,42.3,-19.7,73.0,-10.0,,1.16,800.4,9
20260529,2026-05-29T15:23:40.449499+00:00,MTSI,87,89,2.08,41.0,-19.7,62.0,-11.0,,0.87,556.4,4
20260529,2026-05-29T15:23:40.449499+00:00,RAL,88,90,2.07,33.1,-16.0,54.0,-0.6,,0.75,114.7,6
20260529,2026-05-29T15:23:40.449499+00:00,F,89,91,1.95,31.8,-16.3,51.0,0.0,,1.29,1073.7,6
20260529,2026-05-29T15:23:40.449499+00:00,NTNX,90,92,1.73,30.2,-17.5,52.0,0.0,,2.31,195.0,4
20260529,2026-05-29T15:23:40.449499+00:00,INGM,91,93,1.66,30.5,-18.4,60.0,-10.0,,0.65,49.1,6
20260601,2026-06-02T01:50:04.312840+00:00,MXL,1,1,25.42,398.7,-15.7,185.0,-15.7,,0.95,478.2,5
20260601,2026-06-02T01:50:04.312840+00:00,VSH,2,2,22.59,213.7,-9.5,65.0,0.0,,1.59,284.1,4
20260601,2026-06-02T01:50:04.312840+00:00,DELL,3,3,20.54,221.9,-10.8,93.0,0.0,,2.16,3353.8,1
20260601,2026-06-02T01:50:04.312840+00:00,MRVL,4,4,16.95,183.2,-10.8,72.0,0.0,,1.19,5377.9,3
20260601,2026-06-02T01:50:04.312840+00:00,BB,5,5,16.42,185.0,-11.3,68.0,0.0,,1.35,251.0,0
20260601,2026-06-02T01:50:04.312840+00:00,ARM,6,6,15.32,235.9,-15.4,99.0,0.0,,1.7,3477.1,2
20260601,2026-06-02T01:50:04.312840+00:00,AMD,7,7,15.2,167.2,-11.0,72.0,-1.5,,0.84,17510.1,4
20260601,2026-06-02T01:50:04.312840+00:00,STM,8,8,12.66,118.9,-9.4,57.0,-2.4,,0.88,710.5,4
20260601,2026-06-02T01:50:04.312840+00:00,DOCN,9,9,11.58,213.1,-18.4,113.0,0.0,,1.35,643.7,5
20260601,2026-06-02T01:50:04.312840+00:00,ELV,10,10,11.17,42.6,-3.8,27.0,0.0,,1.28,645.3,5
20260601,2026-06-02T01:50:04.312840+00:00,NOK,11,11,10.3,101.4,-9.8,66.0,-1.3,,1.47,1707.9,2
20260601,2026-06-02T01:50:04.312840+00:00,UMC,12,12,10.07,131.2,-13.0,63.0,0.0,,0.67,301.6,3
20260601,2026-06-02T01:50:04.312840+00:00,CORT,13,13,10.05,99.7,-9.9,64.0,0.0,,0.85,68.7,1
20260601,2026-06-02T01:50:04.312840+00:00,FLEX,14,14,9.98,134.6,-13.5,96.0,-1.8,,0.63,1001.7,4
20260601,2026-06-02T01:50:04.312840+00:00,HPE,15,15,9.64,118.6,-12.3,57.0,0.0,,5.65,978.8,4
20260601,2026-06-02T01:50:04.312840+00:00,STX,16,16,9.6,158.1,-16.5,63.0,0.0,,0.8,3226.5,3
20260601,2026-06-02T01:50:04.312840+00:00,NTAP,17,17,9.36,82.8,-8.9,59.0,0.0,,1.58,557.5,4
20260601,2026-06-02T01:50:04.312840+00:00,INTC,18,18,9.35,153.7,-16.4,89.0,-15.5,,0.95,16310.9,5
20260601,2026-06-02T01:50:04.312840+00:00,NOKBF,19,19,9.22,99.4,-10.8,69.0,-0.2,,0.96,27.4,5
20260601,2026-06-02T01:50:04.312840+00:00,FTNT,20,20,8.83,81.4,-9.2,55.0,0.0,,1.13,820.8,2
20260601,2026-06-02T01:50:04.312840+00:00,CSCO,21,21,8.74,54.5,-6.2,38.0,0.0,,0.85,3161.4,4
20260601,2026-06-02T01:50:04.312840+00:00,HUM,22,22,7.7,81.7,-10.6,45.0,0.0,,1.21,476.3,2
20260601,2026-06-02T01:50:04.312840+00:00,DDOG,23,23,7.52,148.3,-19.7,83.0,0.0,,1.57,1515.0,4
20260601,2026-06-02T01:50:04.312840+00:00,TWLO,24,24,7.49,84.2,-11.2,74.0,0.0,,2.37,605.5,6
20260601,2026-06-02T01:50:04.312840+00:00,ON,25,25,7.41,90.7,-12.2,63.0,-4.8,,0.68,1484.8,5
20260601,2026-06-02T01:50:04.312840+00:00,FROG,26,26,7.13,109.1,-15.3,79.0,0.0,,1.42,206.7,2
20260601,2026-06-02T01:50:04.312840+00:00,SFTBY,27,27,7.03,131.0,-18.6,103.0,0.0,,1.88,55.9,4
20260601,2026-06-02T01:50:04.312840+00:00,PANW,28,28,6.91,92.5,-13.4,49.0,0.0,,1.62,2128.1,5
20260601,2026-06-02T01:50:04.312840+00:00,LQDA,29,29,6.82,84.8,-12.4,71.0,-5.3,,0.77,97.8,5
20260601,2026-06-02T01:50:04.312840+00:00,HPQ,30,30,6.75,56.8,-8.4,54.0,0.0,,1.86,564.6,3
20260601,2026-06-02T01:50:04.312840+00:00,FSLR,31,31,6.44,53.4,-8.3,49.0,-1.2,,1.07,771.3,1
20260601,2026-06-02T01:50:04.312840+00:00,TSEM,32,32,6.33,101.2,-16.0,91.0,-12.5,,1.05,616.6,6
20260601,2026-06-02T01:50:04.312840+00:00,ALKS,33,33,6.3,44.8,-7.1,51.0,0.0,,1.05,88.4,5
20260601,2026-06-02T01:50:04.312840+00:00,ARMK,34,34,6.24,33.4,-5.4,31.0,0.0,,0.81,178.1,5
20260601,2026-06-02T01:50:04.312840+00:00,CRWD,35,35,6.09,99.8,-16.4,52.0,0.0,,1.42,2053.4,3
20260601,2026-06-02T01:50:04.312840+00:00,SYRE,36,36,5.92,76.0,-12.8,75.0,-7.7,,0.89,73.3,6
20260601,2026-06-02T01:50:04.312840+00:00,ASX,37,37,5.51,71.1,-12.9,54.0,-6.0,,0.74,312.8,4
20260601,2026-06-02T01:50:04.312840+00:00,BTSG,38,38,5.12,47.6,-9.3,45.0,-2.8,,0.85,142.5,2
20260601,2026-06-02T01:50:04.312840+00:00,LOGI,39,40,4.96,38.3,-7.7,39.0,0.0,,1.29,159.9,3
20260601,2026-06-02T01:50:04.312840+00:00,GTX,40,41,4.87,63.9,-13.1,65.0,-7.7,,1.05,99.5,7
20260601,2026-06-02T01:50:04.312840+00:00,ST,41,42,4.84,40.0,-8.3,46.0,-2.4,,0.84,117.3,5
20260601,2026-06-02T01:50:04.312840+00:00,GFS,42,43,4.82,69.3,-14.4,67.0,-11.1,,0.94,553.8,5
20260601,2026-06-02T01:50:04.312840+00:00,NVT,43,44,4.8,53.9,-11.2,48.0,-1.4,,1.03,349.5,5
20260601,2026-06-02T01:50:04.312840+00:00,YPF,44,45,4.75,57.9,-12.2,42.0,0.0,,1.32,108.1,3
20260601,2026-06-02T01:50:04.312840+00:00,SKM,45,46,4.75,51.7,-10.9,60.0,0.0,,3.33,103.7,6
20260601,2026-06-02T01:50:04.312840+00:00,AVT,46,47,4.73,37.1,-7.8,39.0,-2.4,,1.11,110.5,4
20260601,2026-06-02T01:50:04.312840+00:00,CORZ,47,48,4.7,86.6,-18.4,62.0,0.0,,1.07,401.9,2
20260601,2026-06-02T01:50:04.312840+00:00,RCRUY,48,49,4.67,65.0,-13.9,52.0,0.0,,2.5,6.9,4
20260601,2026-06-02T01:50:04.312840+00:00,PLUG,49,50,4.67,76.7,-16.4,90.0,-4.8,,0.71,340.1,2
20260601,2026-06-02T01:50:04.312840+00:00,TXN,50,51,4.65,45.4,-9.8,52.0,-9.8,,1.27,2349.4,2
20260601,2026-06-02T01:50:04.312840+00:00,RVMD,51,52,4.6,62.9,-13.7,95.0,0.0,,2.62,420.1,7
20260601,2026-06-02T01:50:04.312840+00:00,SIRI,52,53,4.57,32.1,-7.0,35.0,-2.8,,0.96,117.3,2
20260601,2026-06-02T01:50:04.312840+00:00,ZM,53,54,4.55,51.9,-11.4,49.0,0.0,,1.59,578.7,5
20260601,2026-06-02T01:50:04.312840+00:00,ORCL,54,55,4.42,67.1,-15.2,61.0,0.0,,2.28,4449.2,4
20260601,2026-06-02T01:50:04.312840+00:00,MARA,55,56,4.38,71.5,-16.3,72.0,0.0,,1.2,566.8,3
20260601,2026-06-02T01:50:04.312840+00:00,CIEN,56,57,4.28,71.0,-16.6,78.0,-5.4,,1.47,1147.1,8
20260601,2026-06-02T01:50:04.312840+00:00,NUE,57,58,3.98,42.2,-10.6,29.0,0.0,,0.83,328.5,4
20260601,2026-06-02T01:50:04.312840+00:00,WULF,58,59,3.95,74.1,-18.7,81.0,-4.0,,0.91,680.4,4
20260601,2026-06-02T01:50:04.312840+00:00,QCOM,59,60,3.79,66.8,-17.6,71.0,-8.8,,0.73,6251.8,1
20260601,2026-06-02T01:50:04.312840+00:00,MGM,60,61,3.71,41.4,-11.2,48.0,0.0,,5.37,257.0,8
20260601,2026-06-02T01:50:04.312840+00:00,VSAT,61,62,3.66,59.0,-16.1,79.0,-16.0,,1.97,172.2,4
20260601,2026-06-02T01:50:04.312840+00:00,TTMI,62,63,3.6,65.7,-18.2,87.0,-12.4,,1.13,460.5,6
20260601,2026-06-02T01:50:04.312840+00:00,LSCC,63,64,3.59,54.8,-15.3,62.0,-3.7,,0.58,348.7,6
20260601,2026-06-02T01:50:04.312840+00:00,AMKR,64,65,3.54,63.5,-17.9,72.0,-6.9,,1.04,344.3,9
20260601,2026-06-02T01:50:04.312840+00:00,EC,65,66,3.53,45.9,-13.0,50.0,0.0,,2.24,47.7,5
20260601,2026-06-02T01:50:04.312840+00:00,LUMN,66,67,3.53,53.0,-15.0,67.0,-3.5,,1.15,153.8,3
20260601,2026-06-02T01:50:04.312840+00:00,SSL,67,68,3.52,47.4,-13.4,55.0,-10.5,,0.59,19.0,5
20260601,2026-06-02T01:50:04.312840+00:00,NXPI,68,69,3.51,45.4,-12.9,65.0,-6.4,,0.75,1172.8,5
20260601,2026-06-02T01:50:04.312840+00:00,MDB,69,70,3.46,59.8,-17.3,70.0,0.0,,2.53,962.4,3
20260601,2026-06-02T01:50:04.312840+00:00,BWA,70,72,3.39,31.6,-9.3,39.0,-0.8,,0.7,253.4,2
20260601,2026-06-02T01:50:04.312840+00:00,ICL,71,73,3.39,32.3,-9.5,42.0,-5.0,,0.64,9.1,1
20260601,2026-06-02T01:50:04.312840+00:00,CLS,72,74,3.35,66.0,-19.7,76.0,0.0,,1.64,816.1,8
20260601,2026-06-02T01:50:04.312840+00:00,JBL,73,75,3.3,41.6,-12.6,49.0,-5.3,,1.14,454.5,5
20260601,2026-06-02T01:50:04.312840+00:00,AUR,74,76,3.3,62.4,-18.9,77.0,-11.1,,0.74,247.4,5
20260601,2026-06-02T01:50:04.312840+00:00,MTSI,75,77,3.23,46.8,-14.5,60.0,-13.6,,1.27,604.5,6
20260601,2026-06-02T01:50:04.312840+00:00,AVGO,76,78,3.13,46.9,-15.0,42.0,0.0,,1.56,8746.9,6
20260601,2026-06-02T01:50:04.312840+00:00,U,77,79,3.13,60.7,-19.4,59.0,0.0,,1.27,329.4,5
20260601,2026-06-02T01:50:04.312840+00:00,UNH,78,80,3.06,32.4,-10.6,33.0,-5.3,,1.01,2546.8,5
20260601,2026-06-02T01:50:04.312840+00:00,SWKS,79,81,2.96,30.9,-10.5,56.0,-9.5,,0.88,399.5,6
20260601,2026-06-02T01:50:04.312840+00:00,BRKR,80,82,2.96,49.0,-16.6,58.0,-0.8,,1.53,133.9,5
20260601,2026-06-02T01:50:04.312840+00:00,CDNS,81,83,2.9,37.8,-13.0,44.0,0.0,,2.12,830.4,5
20260601,2026-06-02T01:50:04.312840+00:00,LRCX,82,84,2.83,46.1,-16.3,59.0,-1.7,,0.88,2716.8,3
20260601,2026-06-02T01:50:04.312840+00:00,VIAV,83,85,2.8,43.7,-15.6,79.0,-14.2,,1.05,339.7,6
20260601,2026-06-02T01:50:04.312840+00:00,DINO,84,86,2.77,31.8,-11.5,41.0,-4.3,,0.74,169.8,4
20260601,2026-06-02T01:50:04.312840+00:00,AFRM,85,87,2.76,52.4,-19.0,58.0,-1.0,,1.03,371.5,4
20260601,2026-06-02T01:50:04.312840+00:00,ROKU,86,88,2.75,37.2,-13.5,41.0,-2.2,,0.78,270.1,4
20260601,2026-06-02T01:50:04.312840+00:00,CROX,87,89,2.72,39.7,-14.6,42.0,0.0,,1.1,130.0,5
20260601,2026-06-02T01:50:04.312840+00:00,MKSI,88,90,2.68,36.6,-13.6,53.0,-4.9,,0.76,416.3,8
20260601,2026-06-02T01:50:04.312840+00:00,F,89,91,2.61,32.6,-12.5,51.0,-4.6,,1.19,1210.3,4
20260601,2026-06-02T01:50:04.312840+00:00,LEGN,90,92,2.5,42.8,-17.1,74.0,-13.6,,1.28,70.7,7
20260601,2026-06-02T01:50:04.312840+00:00,AAON,91,93,2.48,45.6,-18.4,83.0,-2.5,,0.76,198.5,8
20260601,2026-06-02T01:50:04.312840+00:00,GH,92,94,2.37,38.4,-16.2,61.0,-3.1,,1.02,269.1,4
20260601,2026-06-02T01:50:04.312840+00:00,NXT,93,95,2.36,43.4,-18.3,74.0,-7.3,,0.94,364.3,4
20260601,2026-06-02T01:50:04.312840+00:00,AMAT,94,96,2.25,30.6,-13.6,50.0,0.0,,0.86,3366.2,4
20260601,2026-06-02T01:50:04.312840+00:00,Q,95,97,2.25,30.9,-13.7,58.0,-9.7,,1.13,311.8,6
20260601,2026-06-02T01:50:04.312840+00:00,MOD,96,98,2.2,35.9,-16.3,73.0,-2.5,,1.28,379.8,8
20260601,2026-06-02T01:50:04.312840+00:00,RAL,97,99,2.15,34.4,-16.0,54.0,-1.7,,0.69,121.8,6
20260601,2026-06-02T01:50:04.312840+00:00,NTNX,98,100,2.13,37.3,-17.5,53.0,0.0,,1.27,218.2,3
20260601,2026-06-02T01:50:04.312840+00:00,P,99,101,2.12,36.8,-17.3,62.0,-4.4,,1.05,348.3,4
20260601,2026-06-02T01:50:04.312840+00:00,PRM,100,102,2.0,30.1,-15.1,56.0,-6.8,,0.77,48.3,5
20260601,2026-06-02T01:50:04.312840+00:00,VRT,101,103,1.96,32.3,-16.5,59.0,-14.0,,1.08,1961.2,7
20260601,2026-06-02T01:50:04.312840+00:00,STLD,102,104,1.94,32.9,-17.0,36.0,0.0,,0.84,256.9,5
20260601,2026-06-02T01:50:04.312840+00:00,IBM,103,105,1.92,31.6,-16.5,50.0,0.0,,3.57,2770.2,5
20260601,2026-06-02T01:50:04.312840+00:00,SNDR,104,106,1.91,30.7,-16.1,45.0,0.0,,0.82,34.8,3
20260601,2026-06-02T01:50:04.312840+00:00,S,105,107,1.9,34.2,-18.0,55.0,-4.8,,1.6,175.9,5
20260601,2026-06-02T01:50:04.312840+00:00,ALGM,106,108,1.83,35.7,-19.5,66.0,-8.3,,0.78,129.0,6
20260601,2026-06-02T01:50:04.312840+00:00,LITE,107,109,1.55,30.3,-19.6,102.0,-14.1,,1.28,5979.8,8
20260602,2026-06-03T02:04:25.107199+00:00,VSH,1,1,26.8,253.5,-9.5,68.0,0.0,,1.68,311.4,3
20260602,2026-06-03T02:04:25.107199+00:00,MXL,2,2,26.11,409.5,-15.7,185.0,-13.2,,1.54,492.5,5
20260602,2026-06-03T02:04:25.107199+00:00,MRVL,3,3,25.22,272.6,-10.8,95.0,0.0,,3.92,6896.3,3
20260602,2026-06-03T02:04:25.107199+00:00,DELL,4,4,18.22,196.8,-10.8,94.0,-6.6,,1.52,3661.3,1
20260602,2026-06-03T02:04:25.107199+00:00,BB,5,5,17.44,196.6,-11.3,69.0,0.0,,1.62,265.0,0
20260602,2026-06-03T02:04:25.107199+00:00,STM,6,6,14.82,139.2,-9.4,63.0,0.0,,1.84,762.6,4
20260602,2026-06-03T02:04:25.107199+00:00,ARM,7,7,14.58,224.5,-15.4,99.0,-1.5,,1.19,3719.9,2
20260602,2026-06-03T02:04:25.107199+00:00,AMD,8,8,14.37,158.1,-11.0,72.0,0.0,,0.61,17426.3,4
20260602,2026-06-03T02:04:25.107199+00:00,HPE,9,9,13.19,162.2,-12.3,68.0,0.0,,5.96,1390.3,4
20260602,2026-06-03T02:04:25.107199+00:00,DOCN,10,10,12.57,231.2,-18.4,112.0,-0.2,,0.57,636.4,5
20260602,2026-06-03T02:04:25.107199+00:00,FLEX,11,11,11.07,149.3,-13.5,97.0,0.0,,0.75,1033.7,3
20260602,2026-06-03T02:04:25.107199+00:00,NOK,12,12,10.85,106.7,-9.8,66.0,0.0,,1.15,1742.4,2
20260602,2026-06-03T02:04:25.107199+00:00,CORT,13,13,10.03,99.5,-9.9,64.0,0.0,,0.83,68.7,1
20260602,2026-06-03T02:04:25.107199+00:00,UMC,14,14,9.91,127.3,-12.9,63.0,-1.9,,0.87,312.3,3
20260602,2026-06-03T02:04:25.107199+00:00,NOKBF,15,15,9.9,106.8,-10.8,70.0,0.0,,1.33,24.6,5
20260602,2026-06-03T02:04:25.107199+00:00,CSCO,16,16,9.49,59.1,-6.2,39.0,0.0,,0.92,3271.5,4
20260602,2026-06-03T02:04:25.107199+00:00,ELV,17,17,8.99,34.3,-3.8,28.0,-3.4,,1.32,668.2,6
20260602,2026-06-03T02:04:25.107199+00:00,ON,18,18,8.97,105.7,-11.8,64.0,0.0,,0.81,1467.5,5
20260602,2026-06-03T02:04:25.107199+00:00,STX,19,19,8.96,147.5,-16.5,63.0,0.0,,0.64,3122.9,3
20260602,2026-06-03T02:04:25.107199+00:00,NTAP,20,20,8.74,77.3,-8.9,59.0,-2.3,,1.19,591.5,3
20260602,2026-06-03T02:04:25.107199+00:00,FTNT,21,21,8.66,79.8,-9.2,55.0,0.0,,1.06,850.7,2
20260602,2026-06-03T02:04:25.107199+00:00,INTC,22,22,8.23,136.8,-16.6,89.0,-16.6,,0.75,16313.4,5
20260602,2026-06-03T02:04:25.107199+00:00,FROG,23,23,8.15,124.7,-15.3,77.0,-0.3,,1.22,216.9,2
20260602,2026-06-03T02:04:25.107199+00:00,TWLO,24,24,7.68,86.4,-11.2,74.0,0.0,,0.98,589.5,5
20260602,2026-06-03T02:04:25.107199+00:00,TSEM,25,25,7.66,122.4,-16.0,92.0,-4.8,,0.95,630.8,6
20260602,2026-06-03T02:04:25.107199+00:00,HUM,26,26,7.17,76.1,-10.6,46.0,-2.3,,0.56,478.4,2
20260602,2026-06-03T02:04:25.107199+00:00,FSLR,27,27,6.96,57.7,-8.3,49.0,0.0,,0.97,786.5,1
20260602,2026-06-03T02:04:25.107199+00:00,PANW,28,28,6.53,87.4,-13.4,49.0,-1.1,,2.33,2391.8,6
20260602,2026-06-03T02:04:25.107199+00:00,DDOG,29,29,6.46,127.4,-19.7,83.0,-3.0,,1.22,1586.9,4
20260602,2026-06-03T02:04:25.107199+00:00,SFTBY,30,30,6.45,120.3,-18.6,104.0,-4.5,,0.71,56.3,4
20260602,2026-06-03T02:04:25.107199+00:00,ST,31,31,6.34,52.4,-8.3,48.0,0.0,,1.65,124.6,5
20260602,2026-06-03T02:04:25.107199+00:00,AVT,32,32,6.08,46.8,-7.7,41.0,0.0,,1.66,113.1,4
20260602,2026-06-03T02:04:25.107199+00:00,LEGN,33,33,6.03,103.2,-17.1,112.0,0.0,,5.76,92.1,6
20260602,2026-06-03T02:04:25.107199+00:00,ASX,34,34,6.01,77.6,-12.9,54.0,-3.3,,1.16,321.6,4
20260602,2026-06-03T02:04:25.107199+00:00,ARMK,35,35,6.0,32.1,-5.4,31.0,-0.4,,1.06,181.3,6
20260602,2026-06-03T02:04:25.107199+00:00,ALKS,36,36,5.79,41.1,-7.1,51.0,-2.2,,0.92,88.0,5
20260602,2026-06-03T02:04:25.107199+00:00,TXN,37,37,5.44,53.0,-9.8,53.0,-5.2,,1.42,2443.7,2
20260602,2026-06-03T02:04:25.107199+00:00,CRWD,38,38,5.41,88.6,-16.4,52.0,-1.7,,1.24,2163.1,3
20260602,2026-06-03T02:04:25.107199+00:00,GFS,39,39,5.41,77.8,-14.4,68.0,-6.0,,0.81,558.5,5
20260602,2026-06-03T02:04:25.107199+00:00,SYRE,40,40,5.35,68.7,-12.8,75.0,-9.5,,0.81,72.6,6
20260602,2026-06-03T02:04:25.107199+00:00,HPQ,41,41,5.3,44.6,-8.4,56.0,-7.0,,1.23,594.2,3
20260602,2026-06-03T02:04:25.107199+00:00,CIEN,42,42,4.97,82.5,-16.6,80.0,0.0,,1.34,1200.2,7
20260602,2026-06-03T02:04:25.107199+00:00,LOGI,43,43,4.89,37.7,-7.7,39.0,0.0,,0.87,154.1,2
20260602,2026-06-03T02:04:25.107199+00:00,LQDA,44,44,4.85,60.3,-12.4,71.0,-11.2,,1.3,102.6,6
20260602,2026-06-03T02:04:25.107199+00:00,NUE,45,45,4.76,47.3,-9.9,29.0,0.0,,1.21,339.4,4
20260602,2026-06-03T02:04:25.107199+00:00,GTX,46,47,4.74,62.2,-13.1,65.0,-6.6,,1.14,101.2,6
20260602,2026-06-03T02:04:25.107199+00:00,YPF,47,48,4.69,57.1,-12.2,42.0,0.0,,0.79,110.4,3
20260602,2026-06-03T02:04:25.107199+00:00,NVT,48,49,4.68,52.5,-11.2,48.0,-0.3,,0.74,331.3,5
20260602,2026-06-03T02:04:25.107199+00:00,CORZ,49,50,4.53,83.4,-18.4,62.0,0.0,,1.25,414.6,2
20260602,2026-06-03T02:04:25.107199+00:00,BTSG,50,51,4.46,41.4,-9.3,44.0,-3.8,,0.76,135.7,2
20260602,2026-06-03T02:04:25.107199+00:00,BWA,51,52,4.36,40.6,-9.3,39.0,0.0,,1.15,262.6,2
20260602,2026-06-03T02:04:25.107199+00:00,LSCC,52,53,4.26,65.2,-15.3,62.0,0.0,,0.8,339.7,6
20260602,2026-06-03T02:04:25.107199+00:00,VIAV,53,54,4.25,62.3,-14.6,81.0,-4.4,,1.09,341.0,5
20260602,2026-06-03T02:04:25.107199+00:00,SKM,54,55,4.23,46.0,-10.9,58.0,0.0,,1.43,109.7,5
20260602,2026-06-03T02:04:25.107199+00:00,QCOM,55,56,4.18,73.7,-17.6,72.0,-4.1,,0.63,6280.0,1
20260602,2026-06-03T02:04:25.107199+00:00,MTSI,56,57,4.13,60.0,-14.5,62.0,-6.7,,1.59,638.3,6
20260602,2026-06-03T02:04:25.107199+00:00,ORCL,57,58,4.02,61.1,-15.2,61.0,-1.4,,1.36,4517.4,4
20260602,2026-06-03T02:04:25.107199+00:00,SWKS,58,59,4.0,41.8,-10.5,56.0,-5.2,,1.24,415.5,6
20260602,2026-06-03T02:04:25.107199+00:00,PLUG,59,60,3.96,64.9,-16.4,88.0,-1.2,,0.89,348.9,2
20260602,2026-06-03T02:04:25.107199+00:00,SSL,60,61,3.9,52.4,-13.4,55.0,-8.3,,0.57,18.7,4
20260602,2026-06-03T02:04:25.107199+00:00,NXPI,61,62,3.89,50.3,-12.9,65.0,-2.7,,1.0,1196.5,4
20260602,2026-06-03T02:04:25.107199+00:00,TTMI,62,63,3.88,70.8,-18.2,87.0,-8.8,,0.89,459.8,6
20260602,2026-06-03T02:04:25.107199+00:00,WULF,63,64,3.86,72.3,-18.7,81.0,-0.9,,0.91,686.9,4
20260602,2026-06-03T02:04:25.107199+00:00,ZM,64,65,3.8,43.4,-11.4,47.0,0.0,,0.85,576.0,5
20260602,2026-06-03T02:04:25.107199+00:00,AUR,65,66,3.8,71.9,-18.9,77.0,-8.1,,0.83,246.9,5
20260602,2026-06-03T02:04:25.107199+00:00,CLS,66,67,3.79,74.5,-19.7,78.0,0.0,,1.89,875.9,8
20260602,2026-06-03T02:04:25.107199+00:00,RCRUY,67,68,3.67,51.2,-13.9,53.0,-4.8,,2.89,7.9,5
20260602,2026-06-03T02:04:25.107199+00:00,JBL,68,69,3.66,46.3,-12.6,49.0,-1.9,,1.29,472.1,5
20260602,2026-06-03T02:04:25.107199+00:00,RVMD,69,70,3.62,49.5,-13.7,96.0,-7.6,,1.35,430.2,6
20260602,2026-06-03T02:04:25.107199+00:00,AMKR,70,71,3.55,63.6,-17.9,72.0,-4.3,,1.32,347.7,8
20260602,2026-06-03T02:04:25.107199+00:00,MDB,71,72,3.5,60.7,-17.3,70.0,-1.3,,0.84,997.8,3
20260602,2026-06-03T02:04:25.107199+00:00,AVGO,72,73,3.47,52.0,-15.0,43.0,0.0,,1.87,9353.0,6
20260602,2026-06-03T02:04:25.107199+00:00,LUMN,73,74,3.45,51.7,-15.0,67.0,-3.9,,0.85,154.9,3
20260602,2026-06-03T02:04:25.107199+00:00,EC,74,75,3.44,44.7,-13.0,50.0,-1.7,,0.93,47.3,5
20260602,2026-06-03T02:04:25.107199+00:00,MARA,75,77,3.29,53.7,-16.3,72.0,-3.8,,0.91,569.3,3
20260602,2026-06-03T02:04:25.107199+00:00,VSAT,76,78,3.19,51.8,-16.2,79.0,-16.2,,1.2,179.4,3
20260602,2026-06-03T02:04:25.107199+00:00,LRCX,77,79,3.07,50.0,-16.3,59.0,0.0,,0.94,2777.0,3
20260602,2026-06-03T02:04:25.107199+00:00,MKSI,78,80,3.0,40.9,-13.6,54.0,-0.8,,0.83,407.2,8
20260602,2026-06-03T02:04:25.107199+00:00,BRKR,79,81,2.96,49.1,-16.6,58.0,-2.7,,0.89,138.8,5
20260602,2026-06-03T02:04:25.107199+00:00,UNH,80,82,2.87,30.4,-10.6,33.0,-5.8,,0.58,2529.0,5
20260602,2026-06-03T02:04:25.107199+00:00,MGM,81,83,2.85,31.8,-11.2,49.0,-4.6,,1.59,273.1,8
20260602,2026-06-03T02:04:25.107199+00:00,MOD,82,84,2.83,46.2,-16.3,74.0,0.0,,0.76,385.1,7
20260602,2026-06-03T02:04:25.107199+00:00,MCHP,83,85,2.8,39.4,-14.1,47.0,-5.3,,1.16,1141.5,7
20260602,2026-06-03T02:04:25.107199+00:00,CDNS,84,86,2.79,36.3,-13.0,44.0,0.0,,1.39,841.3,5
20260602,2026-06-03T02:04:25.107199+00:00,AMAT,85,87,2.73,37.1,-13.6,52.0,0.0,,1.34,3523.1,4
20260602,2026-06-03T02:04:25.107199+00:00,CROX,86,88,2.73,39.8,-14.6,42.0,-2.0,,0.66,129.0,5
20260602,2026-06-03T02:04:25.107199+00:00,LITE,87,89,2.72,51.2,-18.8,105.0,-2.3,,1.28,6133.6,7
20260602,2026-06-03T02:04:25.107199+00:00,AAON,88,90,2.7,49.7,-18.4,83.0,0.0,,0.8,205.0,7
20260602,2026-06-03T02:04:25.107199+00:00,U,89,91,2.63,51.0,-19.4,60.0,-4.4,,0.85,330.0,5
20260602,2026-06-03T02:04:25.107199+00:00,DINO,90,92,2.62,30.1,-11.5,41.0,-1.0,,0.96,164.1,4
20260602,2026-06-03T02:04:25.107199+00:00,STLD,91,93,2.61,40.4,-15.5,37.0,0.0,,1.02,262.5,5
20260602,2026-06-03T02:04:25.107199+00:00,GGB,92,94,2.55,32.1,-12.6,39.0,-0.0,,1.68,89.9,6
20260602,2026-06-03T02:04:25.107199+00:00,NXT,93,95,2.54,46.5,-18.3,75.0,-2.7,,0.57,368.2,4
20260602,2026-06-03T02:04:25.107199+00:00,GLW,94,96,2.48,38.6,-15.6,79.0,-3.6,,1.18,2997.3,5
20260602,2026-06-03T02:04:25.107199+00:00,GH,95,97,2.46,39.9,-16.2,61.0,-2.3,,0.86,276.2,3
20260602,2026-06-03T02:04:25.107199+00:00,ALGM,96,98,2.45,47.7,-19.5,67.0,-2.0,,0.86,129.3,6
20260602,2026-06-03T02:04:25.107199+00:00,AA,97,99,2.32,36.6,-15.8,57.0,0.0,,1.57,305.9,4
20260602,2026-06-03T02:04:25.107199+00:00,ROKU,98,100,2.25,30.4,-13.5,41.0,-3.6,,0.76,256.9,4
20260602,2026-06-03T02:04:25.107199+00:00,NTNX,99,101,2.15,37.6,-17.5,53.0,-0.7,,1.07,222.7,3
20260602,2026-06-03T02:04:25.107199+00:00,AFRM,100,102,2.11,40.0,-19.0,57.0,-3.6,,0.86,374.6,4
20260602,2026-06-03T02:04:25.107199+00:00,P,101,103,2.03,35.2,-17.3,62.0,-6.1,,0.88,358.2,4
20260602,2026-06-03T02:04:25.107199+00:00,VRT,102,104,2.01,33.1,-16.5,60.0,-11.1,,0.88,1964.6,6
20260602,2026-06-03T02:04:25.107199+00:00,RAL,103,105,2.01,32.0,-16.0,53.0,-0.8,,0.47,122.3,6
20260602,2026-06-03T02:04:25.107199+00:00,IBM,104,106,1.98,32.6,-16.5,50.0,0.0,,1.61,3007.9,5
20260603,2026-06-03T17:36:46.279595+00:00,MXL,1,1,29.6,464.2,-15.7,184.0,-9.6,,1.54,492.5,5
20260603,2026-06-03T17:36:46.279595+00:00,VSH,2,2,28.58,270.4,-9.5,67.0,0.0,,1.68,311.4,3
20260603,2026-06-03T17:36:46.279595+00:00,MRVL,3,3,28.36,306.5,-10.8,94.0,0.0,,3.92,6896.3,3
20260603,2026-06-03T17:36:46.279595+00:00,DELL,4,4,17.12,184.9,-10.8,95.0,-10.7,,1.52,3661.3,1
20260603,2026-06-03T17:36:46.279595+00:00,BB,5,5,16.03,180.6,-11.3,69.0,-3.5,,1.62,265.0,0
20260603,2026-06-03T17:36:46.279595+00:00,CORT,6,6,15.91,112.8,-7.1,63.0,0.0,,0.83,68.7,1
20260603,2026-06-03T17:36:46.279595+00:00,AMD,7,7,15.35,168.8,-11.0,72.0,0.0,,0.61,17426.3,4
20260603,2026-06-03T17:36:46.279595+00:00,STM,8,8,15.1,141.9,-9.4,63.0,0.0,,1.84,762.6,4
20260603,2026-06-03T17:36:46.279595+00:00,ARM,9,9,15.01,231.2,-15.4,99.0,-2.3,,1.19,3719.9,2
20260603,2026-06-03T17:36:46.279595+00:00,HPE,10,10,12.83,157.7,-12.3,68.0,-2.1,,5.96,1390.3,4
20260603,2026-06-03T17:36:46.279595+00:00,DOCN,11,11,12.26,225.5,-18.4,112.0,0.0,,0.57,636.4,5
20260603,2026-06-03T17:36:46.279595+00:00,NOK,12,12,11.69,115.1,-9.8,65.0,0.0,,1.15,1742.4,2
20260603,2026-06-03T17:36:46.279595+00:00,FLEX,13,13,11.68,157.7,-13.5,97.0,0.0,,0.75,1033.7,3
20260603,2026-06-03T17:36:46.279595+00:00,NOKBF,14,14,11.08,119.5,-10.8,69.0,0.0,,1.33,24.6,5
20260603,2026-06-03T17:36:46.279595+00:00,ELV,15,15,10.09,38.5,-3.8,27.0,-2.1,,1.32,668.2,6
20260603,2026-06-03T17:36:46.279595+00:00,ON,16,16,9.99,117.8,-11.8,64.0,0.0,,0.81,1467.5,5
20260603,2026-06-03T17:36:46.279595+00:00,UMC,17,17,9.95,116.3,-11.7,65.0,-7.9,,0.87,312.3,3
20260603,2026-06-03T17:36:46.279595+00:00,CSCO,18,18,9.87,61.5,-6.2,39.0,0.0,,0.92,3271.5,4
20260603,2026-06-03T17:36:46.279595+00:00,STX,19,19,9.48,156.0,-16.5,62.0,0.0,,0.64,3122.9,3
20260603,2026-06-03T17:36:46.279595+00:00,HUM,20,20,8.79,83.1,-9.4,45.0,0.0,,0.56,478.4,2
20260603,2026-06-03T17:36:46.279595+00:00,NTAP,21,21,8.69,77.0,-8.9,59.0,0.0,,1.19,591.5,3
20260603,2026-06-03T17:36:46.279595+00:00,INTC,22,22,8.63,143.5,-16.6,89.0,-13.6,,0.75,16313.4,5
20260603,2026-06-03T17:36:46.279595+00:00,FTNT,23,23,7.91,72.9,-9.2,55.0,-1.9,,1.06,850.7,2
20260603,2026-06-03T17:36:46.279595+00:00,AVT,24,24,7.68,48.9,-6.4,41.0,0.0,,1.66,113.1,4
20260603,2026-06-03T17:36:46.279595+00:00,FSLR,25,25,7.63,63.2,-8.3,48.0,0.0,,0.97,786.5,1
20260603,2026-06-03T17:36:46.279595+00:00,ALKS,26,26,7.6,50.3,-6.6,51.0,0.0,,0.92,88.0,5
20260603,2026-06-03T17:36:46.279595+00:00,TSEM,27,27,7.54,120.5,-16.0,93.0,-7.9,,0.95,630.8,6
20260603,2026-06-03T17:36:46.279595+00:00,SKM,28,28,7.16,52.9,-7.4,57.0,-2.1,,1.43,109.7,5
20260603,2026-06-03T17:36:46.279595+00:00,TWLO,29,29,7.13,80.1,-11.2,75.0,-1.4,,0.98,589.5,5
20260603,2026-06-03T17:36:46.279595+00:00,FROG,30,30,6.88,105.2,-15.3,78.0,-4.5,,1.22,216.9,2
20260603,2026-06-03T17:36:46.279595+00:00,GTX,31,31,6.83,69.1,-10.1,64.0,-5.9,,1.14,101.2,6
20260603,2026-06-03T17:36:46.279595+00:00,ST,32,32,6.7,55.4,-8.3,48.0,-0.1,,1.65,124.6,5
20260603,2026-06-03T17:36:46.279595+00:00,CIEN,33,33,6.53,108.5,-16.6,75.0,-0.5,,1.34,1200.2,7
20260603,2026-06-03T17:36:46.279595+00:00,NUE,34,34,6.41,50.4,-7.9,28.0,-0.2,,1.21,339.4,4
20260603,2026-06-03T17:36:46.279595+00:00,ASX,35,35,6.19,80.0,-12.9,54.0,-2.2,,1.16,321.6,4
20260603,2026-06-03T17:36:46.279595+00:00,SFTBY,36,36,6.13,114.3,-18.6,104.0,-10.8,,0.71,56.3,4
20260603,2026-06-03T17:36:46.279595+00:00,SYRE,37,37,6.07,77.9,-12.8,75.0,-5.5,,0.81,72.6,6
20260603,2026-06-03T17:36:46.279595+00:00,MS,38,38,6.03,30.4,-5.0,26.0,-2.0,,1.36,1153.3,3
20260603,2026-06-03T17:36:46.279595+00:00,TXN,39,39,5.83,56.9,-9.8,52.0,-4.9,,1.42,2443.7,2
20260603,2026-06-03T17:36:46.279595+00:00,ARMK,40,40,5.77,30.3,-5.3,31.0,-1.9,,1.06,181.3,6
20260603,2026-06-03T17:36:46.279595+00:00,LEGN,41,41,5.57,95.3,-17.1,112.0,-4.4,,5.76,92.1,6
20260603,2026-06-03T17:36:46.279595+00:00,GFS,42,42,5.46,78.5,-14.4,68.0,-4.1,,0.81,558.5,5
20260603,2026-06-03T17:36:46.279595+00:00,PANW,43,43,5.27,70.6,-13.4,51.0,-7.4,,2.33,2391.8,6
20260603,2026-06-03T17:36:46.279595+00:00,BWA,44,44,5.24,48.8,-9.3,40.0,0.0,,1.15,262.6,2
20260603,2026-06-03T17:36:46.279595+00:00,DDOG,45,45,5.22,103.0,-19.7,85.0,-10.5,,1.22,1586.9,4
20260603,2026-06-03T17:36:46.279595+00:00,NVT,46,46,5.05,56.7,-11.2,48.0,-0.5,,0.74,331.3,5
20260603,2026-06-03T17:36:46.279595+00:00,NXPI,47,47,5.01,52.9,-10.6,65.0,-3.7,,1.0,1196.5,4
20260603,2026-06-03T17:36:46.279595+00:00,VIAV,48,49,4.9,71.8,-14.6,81.0,-3.7,,1.09,341.0,5
20260603,2026-06-03T17:36:46.279595+00:00,TTMI,49,50,4.89,89.3,-18.2,86.0,-4.9,,0.89,459.8,6
20260603,2026-06-03T17:36:46.279595+00:00,BTSG,50,51,4.85,45.0,-9.3,44.0,-1.8,,0.76,135.7,2
20260603,2026-06-03T17:36:46.279595+00:00,MTSI,51,52,4.82,69.9,-14.5,61.0,-5.1,,1.59,638.3,6
20260603,2026-06-03T17:36:46.279595+00:00,LQDA,52,53,4.8,59.7,-12.4,71.0,-11.1,,1.3,102.6,6
20260603,2026-06-03T17:36:46.279595+00:00,QCOM,53,54,4.66,82.2,-17.6,72.0,-0.5,,0.63,6280.0,1
20260603,2026-06-03T17:36:46.279595+00:00,CRWD,54,55,4.6,75.5,-16.4,52.0,-4.4,,1.24,2163.1,3
20260603,2026-06-03T17:36:46.279595+00:00,LSCC,55,56,4.44,67.9,-15.3,62.0,0.0,,0.8,339.7,6
20260603,2026-06-03T17:36:46.279595+00:00,CORZ,56,57,4.4,81.1,-18.4,62.0,-0.3,,1.25,414.6,2
20260603,2026-06-03T17:36:46.279595+00:00,CAT,57,58,4.32,31.1,-7.2,41.0,-0.3,,1.07,2365.3,6
20260603,2026-06-03T17:36:46.279595+00:00,RCRUY,58,59,4.3,52.5,-12.2,53.0,-5.9,,2.89,7.9,5
20260603,2026-06-03T17:36:46.279595+00:00,SWKS,59,60,4.28,44.8,-10.5,56.0,-2.8,,1.24,415.5,6
20260603,2026-06-03T17:36:46.279595+00:00,YPF,60,61,4.24,51.6,-12.2,42.0,-1.4,,0.79,110.4,3
20260603,2026-06-03T17:36:46.279595+00:00,LOGI,61,62,4.24,32.7,-7.7,41.0,-5.7,,0.87,154.1,2
20260603,2026-06-03T17:36:46.279595+00:00,QRVO,62,63,4.15,31.9,-7.7,42.0,-3.2,,1.58,129.7,2
20260603,2026-06-03T17:36:46.279595+00:00,SSL,63,64,4.08,54.9,-13.4,55.0,-6.8,,0.57,18.7,4
20260603,2026-06-03T17:36:46.279595+00:00,JBL,64,65,4.04,51.0,-12.6,49.0,0.0,,1.29,472.1,5
20260603,2026-06-03T17:36:46.279595+00:00,RVMD,65,66,4.02,55.0,-13.7,96.0,-5.7,,1.35,430.2,6
20260603,2026-06-03T17:36:46.279595+00:00,AMKR,66,67,3.95,70.9,-17.9,72.0,-2.7,,1.32,347.7,8
20260603,2026-06-03T17:36:46.279595+00:00,AAON,67,68,3.9,59.4,-15.2,83.0,0.0,,0.8,205.0,7
20260603,2026-06-03T17:36:46.279595+00:00,WULF,68,69,3.81,71.5,-18.7,81.0,-2.3,,0.91,686.9,4
20260603,2026-06-03T17:36:46.279595+00:00,PLUG,69,70,3.79,62.2,-16.4,88.0,-10.3,,0.89,348.9,2
20260603,2026-06-03T17:36:46.279595+00:00,MARA,70,71,3.71,60.5,-16.3,71.0,-5.2,,0.91,569.3,3
20260603,2026-06-03T17:36:46.279595+00:00,LRCX,71,72,3.65,59.5,-16.3,59.0,0.0,,0.94,2777.0,3
20260603,2026-06-03T17:36:46.279595+00:00,MCHP,72,73,3.65,41.9,-11.5,47.0,-6.5,,1.16,1141.5,7
20260603,2026-06-03T17:36:46.279595+00:00,CLS,73,74,3.56,70.1,-19.7,78.0,-4.3,,1.89,875.9,8
20260603,2026-06-03T17:36:46.279595+00:00,HPQ,74,76,3.42,37.3,-10.9,57.0,-10.9,,1.23,594.2,3
20260603,2026-06-03T17:36:46.279595+00:00,BRKR,75,77,3.42,56.7,-16.6,59.0,0.0,,0.89,138.8,5
20260603,2026-06-03T17:36:46.279595+00:00,UNH,76,78,3.41,33.9,-9.9,33.0,-4.4,,0.58,2529.0,5
20260603,2026-06-03T17:36:46.279595+00:00,MKSI,77,79,3.4,46.3,-13.6,53.0,0.0,,0.83,407.2,8
20260603,2026-06-03T17:36:46.279595+00:00,VSAT,78,80,3.32,57.5,-17.3,78.0,-17.3,,1.2,179.4,3
20260603,2026-06-03T17:36:46.279595+00:00,AMAT,79,81,3.28,44.6,-13.6,51.0,0.0,,1.34,3523.1,4
20260603,2026-06-03T17:36:46.279595+00:00,GGB,80,82,3.27,32.6,-10.0,39.0,-2.6,,1.68,89.9,6
20260603,2026-06-03T17:36:46.279595+00:00,STLD,81,83,3.25,44.5,-13.7,36.0,0.0,,1.02,262.5,5
20260603,2026-06-03T17:36:46.279595+00:00,ZM,82,84,3.22,36.7,-11.4,49.0,-5.5,,0.85,576.0,5
20260603,2026-06-03T17:36:46.279595+00:00,ORCL,83,85,3.21,48.8,-15.2,63.0,-7.5,,1.36,4517.4,4
20260603,2026-06-03T17:36:46.279595+00:00,GLW,84,86,3.1,48.2,-15.6,78.0,-4.1,,1.18,2997.3,5
20260603,2026-06-03T17:36:46.279595+00:00,ILMN,85,87,3.09,32.5,-10.5,40.0,0.0,,1.21,263.2,1
20260603,2026-06-03T17:36:46.279595+00:00,LUMN,86,88,3.09,46.3,-15.0,68.0,-9.1,,0.85,154.9,3
20260603,2026-06-03T17:36:46.279595+00:00,ALGM,87,89,3.08,60.2,-19.5,67.0,0.0,,0.86,129.3,6
20260603,2026-06-03T17:36:46.279595+00:00,AVGO,88,90,3.07,46.0,-15.0,42.0,0.0,,1.87,9353.0,6
20260603,2026-06-03T17:36:46.279595+00:00,CDNS,89,91,3.05,34.8,-11.4,44.0,-2.9,,1.39,841.3,5
20260603,2026-06-03T17:36:46.279595+00:00,MOD,90,92,2.99,48.7,-16.3,74.0,-0.8,,0.76,385.1,7
20260603,2026-06-03T17:36:46.279595+00:00,AUR,91,93,2.93,55.4,-18.9,80.0,-17.3,,0.83,246.9,5
20260603,2026-06-03T17:36:46.279595+00:00,ADI,92,94,2.89,32.2,-11.1,39.0,0.0,,1.06,1979.4,7
20260603,2026-06-03T17:36:46.279595+00:00,TGTX,93,95,2.76,41.5,-15.1,59.0,-4.8,,0.71,86.3,6
20260603,2026-06-03T17:36:46.279595+00:00,CROX,94,96,2.75,40.2,-14.6,42.0,-2.1,,0.66,129.0,5
20260603,2026-06-03T17:36:46.279595+00:00,Q,95,97,2.56,35.1,-13.7,57.0,-7.0,,1.22,322.6,5
20260603,2026-06-03T17:36:46.279595+00:00,SNDR,96,98,2.54,33.7,-13.2,45.0,-0.0,,0.76,34.6,3
20260603,2026-06-03T17:36:46.279595+00:00,PWR,97,99,2.5,31.1,-12.4,47.0,-8.3,,0.84,913.4,7
20260603,2026-06-03T17:36:46.279595+00:00,GH,98,100,2.41,39.1,-16.2,61.0,-3.3,,0.86,276.2,3
20260603,2026-06-03T17:36:46.279595+00:00,LITE,99,101,2.36,44.4,-18.8,106.0,-10.8,,1.28,6133.6,7
20260603,2026-06-03T17:36:46.279595+00:00,RAL,100,102,2.35,34.8,-14.8,53.0,-0.1,,0.47,122.3,6
20260603,2026-06-03T17:36:46.279595+00:00,EC,101,103,2.33,30.3,-13.0,47.0,-3.7,,0.93,47.3,5
20260603,2026-06-03T17:36:46.279595+00:00,MDB,102,104,2.33,40.4,-17.3,71.0,-8.3,,0.84,997.8,3
20260603,2026-06-03T17:36:46.279595+00:00,AA,103,105,2.24,35.4,-15.8,57.0,-2.7,,1.57,305.9,4
20260603,2026-06-03T17:36:46.279595+00:00,NXT,104,106,2.17,39.8,-18.3,76.0,-7.5,,0.57,368.2,4
20260603,2026-06-03T17:36:46.279595+00:00,U,105,107,2.09,40.6,-19.4,62.0,-9.4,,0.85,330.0,5
20260603,2026-06-03T17:36:46.279595+00:00,VRT,106,108,2.05,33.8,-16.5,59.0,-11.2,,0.88,1964.6,6
20260603,2026-06-03T17:36:46.279595+00:00,P,107,109,1.95,33.8,-17.3,62.0,-7.4,,0.88,358.2,4
20260603,2026-06-03T17:36:46.279595+00:00,NTNX,108,110,1.79,31.3,-17.5,54.0,-5.1,,1.07,222.7,3
20260603,2026-06-03T17:36:46.279595+00:00,MBLY,109,111,1.76,33.7,-19.2,57.0,0.0,,1.05,62.9,4
20260604,2026-06-05T02:09:51.637808+00:00,MXL,1,1,31.84,499.3,-15.7,183.0,-7.9,,0.66,499.8,5
20260604,2026-06-05T02:09:51.637808+00:00,VSH,2,2,29.99,283.7,-9.5,66.0,-0.5,,1.49,367.4,2
20260604,2026-06-05T02:09:51.637808+00:00,MRVL,3,3,23.45,253.5,-10.8,88.0,0.0,,2.27,9625.5,3
20260604,2026-06-05T02:09:51.637808+00:00,BB,4,4,20.06,200.6,-10.0,68.0,0.0,,2.55,345.5,1
20260604,2026-06-05T02:09:51.637808+00:00,DELL,5,5,17.5,189.0,-10.8,95.0,-9.4,,1.06,4062.9,1
20260604,2026-06-05T02:09:51.637808+00:00,CORT,6,6,17.08,121.1,-7.1,63.0,0.0,,0.79,67.9,1
20260604,2026-06-05T02:09:51.637808+00:00,STM,7,7,16.03,150.6,-9.4,61.0,-1.7,,1.14,806.2,4
20260604,2026-06-05T02:09:51.637808+00:00,ARM,8,8,15.84,244.0,-15.4,98.0,-4.5,,0.8,3785.6,2
20260604,2026-06-05T02:09:51.637808+00:00,AMD,9,9,15.63,171.9,-11.0,72.0,-3.6,,0.78,15996.2,4
20260604,2026-06-05T02:09:51.637808+00:00,HPE,10,10,12.66,155.7,-12.3,68.0,-4.4,,1.05,1608.6,3
20260604,2026-06-05T02:09:51.637808+00:00,DOCN,11,11,12.58,231.5,-18.4,112.0,0.0,,0.96,531.8,4
20260604,2026-06-05T02:09:51.637808+00:00,FLEX,12,12,12.32,166.2,-13.5,96.0,-1.5,,0.71,957.0,2
20260604,2026-06-05T02:09:51.637808+00:00,NOK,13,13,11.66,114.7,-9.8,65.0,-1.4,,1.06,1829.8,3
20260604,2026-06-05T02:09:51.637808+00:00,ON,14,14,11.18,131.8,-11.8,62.0,-1.6,,0.81,1368.8,4
20260604,2026-06-05T02:09:51.637808+00:00,HUM,15,15,11.14,96.2,-8.6,47.0,0.0,,1.16,496.7,2
20260604,2026-06-05T02:09:51.637808+00:00,ELV,16,16,11.07,42.2,-3.8,29.0,0.0,,0.83,679.2,6
20260604,2026-06-05T02:09:51.637808+00:00,CSCO,17,17,10.62,66.2,-6.2,39.0,0.0,,0.77,3425.0,4
20260604,2026-06-05T02:09:51.637808+00:00,NOKBF,18,18,10.43,112.5,-10.8,69.0,-2.7,,0.44,24.7,5
20260604,2026-06-05T02:09:51.637808+00:00,UMC,19,19,10.13,116.6,-11.5,65.0,-9.2,,1.02,309.0,5
20260604,2026-06-05T02:09:51.637808+00:00,STX,20,20,9.9,162.9,-16.5,62.0,-1.6,,0.69,2906.2,2
20260604,2026-06-05T02:09:51.637808+00:00,GTX,21,21,9.65,78.4,-8.1,64.0,-2.8,,0.99,103.6,5
20260604,2026-06-05T02:09:51.637808+00:00,INTC,22,22,9.47,157.4,-16.6,88.0,-13.6,,0.57,15453.6,5
20260604,2026-06-05T02:09:51.637808+00:00,NTAP,23,23,8.8,77.9,-8.9,59.0,-1.2,,0.77,629.1,3
20260604,2026-06-05T02:09:51.637808+00:00,FTNT,24,24,8.56,78.9,-9.2,55.0,0.0,,0.76,895.4,3
20260604,2026-06-05T02:09:51.637808+00:00,TSEM,25,25,8.53,136.3,-16.0,91.0,-9.4,,0.53,619.2,6
20260604,2026-06-05T02:09:51.637808+00:00,MS,26,26,8.17,36.9,-4.5,27.0,0.0,,0.95,1170.0,2
20260604,2026-06-05T02:09:51.637808+00:00,FSLR,27,27,8.02,66.5,-8.3,48.0,-1.0,,0.9,810.2,2
20260604,2026-06-05T02:09:51.637808+00:00,AVT,28,28,8.0,47.3,-5.9,41.0,-5.2,,1.7,115.4,4
20260604,2026-06-05T02:09:51.637808+00:00,ALKS,29,29,7.79,51.5,-6.6,51.0,0.0,,1.01,87.3,4
20260604,2026-06-05T02:09:51.637808+00:00,STT,30,30,7.71,35.4,-4.6,24.0,0.0,,0.89,280.0,4
20260604,2026-06-05T02:09:51.637808+00:00,TWLO,31,31,7.54,84.8,-11.2,75.0,0.0,,1.33,611.3,5
20260604,2026-06-05T02:09:51.637808+00:00,SYRE,32,32,7.44,95.5,-12.8,76.0,0.0,,1.14,73.5,5
20260604,2026-06-05T02:09:51.637808+00:00,NXPI,33,33,7.36,60.5,-8.2,64.0,-3.1,,0.84,1163.3,3
20260604,2026-06-05T02:09:51.637808+00:00,FROG,34,34,7.34,112.3,-15.3,78.0,-2.4,,0.59,220.8,1
20260604,2026-06-05T02:09:51.637808+00:00,NUE,35,35,7.27,56.0,-7.7,28.0,0.0,,0.85,342.7,4
20260604,2026-06-05T02:09:51.637808+00:00,ST,36,36,7.26,60.0,-8.3,47.0,-1.7,,0.88,127.0,4
20260604,2026-06-05T02:09:51.637808+00:00,ARMK,37,37,6.74,32.8,-4.9,30.0,-1.9,,0.92,183.8,6
20260604,2026-06-05T02:09:51.637808+00:00,JEF,38,38,6.53,45.4,-6.9,32.0,0.0,,0.65,95.6,4
20260604,2026-06-05T02:09:51.637808+00:00,GFS,39,39,6.37,80.7,-12.7,68.0,-5.8,,0.56,535.3,5
20260604,2026-06-05T02:09:51.637808+00:00,ASX,40,40,6.34,81.8,-12.9,54.0,-5.4,,1.22,330.2,4
20260604,2026-06-05T02:09:51.637808+00:00,VIAV,41,41,6.2,90.9,-14.6,77.0,-3.8,,0.73,333.7,5
20260604,2026-06-05T02:09:51.637808+00:00,TTMI,42,42,6.04,110.3,-18.2,83.0,-6.1,,0.69,467.5,5
20260604,2026-06-05T02:09:51.637808+00:00,TXN,43,43,6.03,58.8,-9.8,52.0,-6.0,,0.98,2418.7,3
20260604,2026-06-05T02:09:51.637808+00:00,NBIX,44,44,5.97,30.6,-5.1,33.0,0.0,,0.98,200.8,3
20260604,2026-06-05T02:09:51.637808+00:00,LQDA,45,45,5.91,73.6,-12.4,75.0,0.0,,2.36,116.0,6
20260604,2026-06-05T02:09:51.637808+00:00,MTSI,46,46,5.82,84.4,-14.5,58.0,-6.6,,0.72,642.6,5
20260604,2026-06-05T02:09:51.637808+00:00,NVT,47,47,5.72,64.2,-11.2,47.0,-1.4,,0.68,310.1,4
20260604,2026-06-05T02:09:51.637808+00:00,SFTBY,48,48,5.52,103.0,-18.6,106.0,-17.6,,1.33,59.7,5
20260604,2026-06-05T02:09:51.637808+00:00,SNDR,49,49,5.52,45.3,-8.2,43.0,0.0,,0.78,34.5,2
20260604,2026-06-05T02:09:51.637808+00:00,GS,50,50,5.43,33.6,-6.2,30.0,0.0,,1.21,2152.5,4
20260604,2026-06-05T02:09:51.637808+00:00,CAT,51,51,5.33,38.4,-7.2,40.0,0.0,,1.16,2370.0,5
20260604,2026-06-05T02:09:51.637808+00:00,BWA,52,52,5.26,49.1,-9.3,39.0,0.0,,0.95,271.5,1
20260604,2026-06-05T02:09:51.637808+00:00,PANW,53,53,5.17,69.2,-13.4,51.0,-7.1,,0.97,2636.7,6
20260604,2026-06-05T02:09:51.637808+00:00,LSCC,54,55,5.08,77.7,-15.3,60.0,-1.7,,0.44,311.3,5
20260604,2026-06-05T02:09:51.637808+00:00,CIEN,55,56,4.94,82.1,-16.6,81.0,-14.6,,3.52,1377.2,7
20260604,2026-06-05T02:09:51.637808+00:00,WULF,56,57,4.83,90.5,-18.7,78.0,-2.1,,0.8,653.0,4
20260604,2026-06-05T02:09:51.637808+00:00,STLD,57,58,4.8,52.9,-11.0,35.0,0.0,,0.83,264.1,5
20260604,2026-06-05T02:09:51.637808+00:00,RCRUY,58,59,4.78,56.3,-11.8,53.0,-4.4,,0.77,7.9,4
20260604,2026-06-05T02:09:51.637808+00:00,CORZ,59,60,4.77,87.8,-18.4,61.0,-3.9,,0.53,380.2,2
20260604,2026-06-05T02:09:51.637808+00:00,DDOG,60,61,4.75,93.7,-19.7,85.0,-12.2,,0.91,1684.2,4
20260604,2026-06-05T02:09:51.637808+00:00,LEGN,61,62,4.69,80.3,-17.1,112.0,-5.7,,1.16,90.9,5
20260604,2026-06-05T02:09:51.637808+00:00,SWKS,62,63,4.5,47.1,-10.5,55.0,-4.2,,0.67,386.1,6
20260604,2026-06-05T02:09:51.637808+00:00,MARA,63,64,4.49,73.3,-16.3,68.0,-6.5,,0.81,557.2,3
20260604,2026-06-05T02:09:51.637808+00:00,QCOM,64,65,4.46,78.8,-17.6,72.0,-3.4,,0.5,6086.8,1
20260604,2026-06-05T02:09:51.637808+00:00,DAL,65,66,4.42,35.1,-7.9,42.0,-3.6,,0.66,540.0,3
20260604,2026-06-05T02:09:51.637808+00:00,QRVO,66,68,4.41,33.9,-7.7,42.0,-3.9,,0.69,121.1,2
20260604,2026-06-05T02:09:51.637808+00:00,JBL,67,69,4.36,55.1,-12.6,48.0,-1.7,,0.8,436.7,4
20260604,2026-06-05T02:09:51.637808+00:00,AAON,68,70,4.36,62.8,-14.4,82.0,-3.1,,0.66,204.6,7
20260604,2026-06-05T02:09:51.637808+00:00,AMKR,69,71,4.35,77.9,-17.9,70.0,-5.4,,1.36,346.5,8
20260604,2026-06-05T02:09:51.637808+00:00,MCHP,70,72,4.31,49.4,-11.5,45.0,-6.0,,0.81,1113.6,6
20260604,2026-06-05T02:09:51.637808+00:00,RVMD,71,73,4.26,58.2,-13.7,96.0,-4.9,,0.94,419.4,6
20260604,2026-06-05T02:09:51.637808+00:00,LRCX,72,74,4.22,68.8,-16.3,57.0,-2.1,,0.91,2681.0,2
20260604,2026-06-05T02:09:51.637808+00:00,MKSI,73,75,4.21,57.4,-13.6,50.0,-1.5,,0.53,374.5,7
20260604,2026-06-05T02:09:51.637808+00:00,PLUG,74,76,4.2,69.0,-16.4,87.0,-13.0,,0.57,351.1,2
20260604,2026-06-05T02:09:51.637808+00:00,CRWD,75,77,4.13,67.6,-16.4,53.0,-8.1,,2.05,2522.6,4
20260604,2026-06-05T02:09:51.637808+00:00,BTSG,76,78,4.13,38.3,-9.3,46.0,-6.9,,4.76,156.0,3
20260604,2026-06-05T02:09:51.637808+00:00,YPF,77,79,4.06,49.4,-12.2,42.0,-0.3,,0.52,111.6,4
20260604,2026-06-05T02:09:51.637808+00:00,AMAT,78,80,4.02,54.7,-13.6,49.0,0.0,,0.82,3631.6,3
20260604,2026-06-05T02:09:51.637808+00:00,UNH,79,81,3.98,39.5,-9.9,34.0,-1.2,,1.91,2666.6,6
20260604,2026-06-05T02:09:51.637808+00:00,SKM,80,82,3.95,42.8,-10.8,60.0,-10.8,,1.97,120.8,6
20260604,2026-06-05T02:09:51.637808+00:00,GLW,81,83,3.89,60.6,-15.6,76.0,-4.9,,0.72,2834.5,4
20260604,2026-06-05T02:09:51.637808+00:00,BRKR,82,84,3.85,63.7,-16.6,60.0,-4.4,,1.93,158.6,5
20260604,2026-06-05T02:09:51.637808+00:00,KNX,83,85,3.79,38.2,-10.1,44.0,0.0,,0.95,316.2,5
20260604,2026-06-05T02:09:51.637808+00:00,MOD,84,86,3.73,60.8,-16.3,72.0,-1.9,,0.75,394.1,7
20260604,2026-06-05T02:09:51.637808+00:00,IBKR,85,87,3.69,30.7,-8.3,38.0,-1.9,,1.3,475.9,7
20260604,2026-06-05T02:09:51.637808+00:00,LITE,86,88,3.68,69.2,-18.8,102.0,-10.3,,0.94,5915.8,6
20260604,2026-06-05T02:09:51.637808+00:00,ORCL,87,89,3.62,55.1,-15.2,63.0,-4.8,,0.9,4539.6,3
20260604,2026-06-05T02:09:51.637808+00:00,SSL,88,90,3.6,48.3,-13.4,55.0,-7.0,,1.41,17.6,4
20260604,2026-06-05T02:09:51.637808+00:00,CLS,89,91,3.58,70.5,-19.7,78.0,-10.0,,1.26,904.8,8
20260604,2026-06-05T02:09:51.637808+00:00,CDNS,90,92,3.56,38.6,-10.9,44.0,-1.1,,1.29,884.0,4
20260604,2026-06-05T02:09:51.637808+00:00,ASML,91,93,3.49,36.2,-10.4,48.0,0.0,,1.38,2582.6,2
20260604,2026-06-05T02:09:51.637808+00:00,VIK,92,94,3.49,30.6,-8.8,53.0,-2.8,,0.41,354.3,6
20260604,2026-06-05T02:09:51.637808+00:00,ALGM,93,95,3.48,67.9,-19.5,67.0,0.0,,0.76,126.0,5
20260604,2026-06-05T02:09:51.637808+00:00,LNTH,94,96,3.43,41.7,-12.2,42.0,-0.2,,0.69,114.9,5
20260604,2026-06-05T02:09:51.637808+00:00,GGB,95,97,3.42,34.0,-10.0,39.0,-3.7,,0.53,85.5,7
20260604,2026-06-05T02:09:51.637808+00:00,VSAT,96,98,3.38,66.5,-19.7,79.0,-15.9,,0.87,192.7,4
20260604,2026-06-05T02:09:51.637808+00:00,ILMN,97,99,3.32,34.9,-10.5,40.0,-1.7,,1.39,293.9,0
20260604,2026-06-05T02:09:51.637808+00:00,HPQ,98,100,3.32,37.3,-11.2,57.0,-10.4,,0.62,602.1,3
20260604,2026-06-05T02:09:51.637808+00:00,LUMN,99,101,3.31,49.5,-15.0,67.0,-9.9,,0.82,149.7,3
20260604,2026-06-05T02:09:51.637808+00:00,ADI,100,102,3.24,36.1,-11.1,39.0,-2.0,,0.68,2028.3,6
20260604,2026-06-05T02:09:51.637808+00:00,ZM,101,103,3.13,35.8,-11.4,49.0,-6.0,,0.65,555.8,6
20260604,2026-06-05T02:09:51.637808+00:00,MGM,102,104,3.11,34.8,-11.2,48.0,-5.4,,0.56,280.4,7
20260604,2026-06-05T02:09:51.637808+00:00,TSM,103,105,3.02,31.7,-10.5,42.0,-0.4,,0.84,5273.1,7
20260604,2026-06-05T02:09:51.637808+00:00,ESI,104,106,2.99,37.0,-12.4,50.0,-6.6,,1.02,125.4,6
20260604,2026-06-05T02:09:51.637808+00:00,Q,105,107,2.96,40.6,-13.7,56.0,-8.0,,0.6,323.5,5
20260604,2026-06-05T02:09:51.637808+00:00,ICLR,106,108,2.91,42.5,-14.6,62.0,0.0,,1.54,144.2,4
20260604,2026-06-05T02:09:51.637808+00:00,RAL,107,109,2.9,40.0,-13.8,53.0,-0.4,,0.54,123.9,6
20260604,2026-06-05T02:09:51.637808+00:00,GH,108,110,2.83,45.9,-16.2,62.0,-0.1,,0.8,289.0,3
20260604,2026-06-05T02:09:51.637808+00:00,CROX,109,111,2.83,41.3,-14.6,41.0,0.0,,1.09,133.1,4
20260604,2026-06-05T02:09:51.637808+00:00,CGNX,110,112,2.82,31.0,-11.0,42.0,-5.4,,0.64,170.9,5
20260604,2026-06-05T02:09:51.637808+00:00,AUR,111,113,2.77,52.3,-18.9,80.0,-18.6,,0.46,241.1,5
20260604,2026-06-05T02:09:51.637808+00:00,MOH,112,114,2.77,33.5,-12.1,48.0,-2.3,,1.09,171.0,7
20260604,2026-06-05T02:09:51.637808+00:00,PWR,113,115,2.66,33.2,-12.4,47.0,-8.4,,0.84,886.4,5
20260604,2026-06-05T02:09:51.637808+00:00,DINO,114,116,2.65,30.4,-11.5,40.0,-1.6,,1.15,153.6,5
20260604,2026-06-05T02:09:51.637808+00:00,U,115,117,2.65,51.3,-19.4,61.0,-6.7,,0.64,319.4,4
20260604,2026-06-05T02:09:51.637808+00:00,NXT,116,118,2.63,48.2,-18.3,75.0,-3.9,,0.5,377.4,5
20260604,2026-06-05T02:09:51.637808+00:00,TGTX,117,119,2.56,38.6,-15.1,57.0,-6.0,,1.07,80.1,5
20260604,2026-06-05T02:09:51.637808+00:00,CVE,118,120,2.4,31.9,-13.3,36.0,-6.3,,0.85,226.7,5
20260604,2026-06-05T02:09:51.637808+00:00,MDB,119,121,2.34,40.6,-17.3,71.0,-5.9,,0.55,1045.1,3
20260604,2026-06-05T02:09:51.637808+00:00,TECK,120,122,2.27,33.4,-14.7,49.0,-4.6,,0.65,213.2,2
20260604,2026-06-05T02:09:51.637808+00:00,INGM,121,123,2.25,40.2,-17.9,42.0,-2.9,,0.6,38.2,5
20260604,2026-06-05T02:09:51.637808+00:00,NTNX,122,124,2.17,38.0,-17.5,54.0,-1.6,,1.0,234.4,3
20260604,2026-06-05T02:09:51.637808+00:00,VRT,123,125,2.06,34.0,-16.5,59.0,-13.9,,1.06,1934.8,6
20260604,2026-06-05T02:09:51.637808+00:00,AA,124,126,1.98,31.2,-15.8,57.0,-6.9,,1.06,320.1,4
20260604,2026-06-05T02:09:51.637808+00:00,AFRM,125,127,1.85,32.9,-17.7,59.0,-6.7,,0.83,377.0,5
20260604,2026-06-05T02:09:51.637808+00:00,RDDT,126,128,1.83,31.9,-17.5,68.0,0.0,,1.37,865.1,6
20260604,2026-06-05T02:09:51.637808+00:00,MTZ,127,129,1.81,31.2,-17.2,44.0,-14.3,,0.71,474.2,6
20260604,2026-06-05T02:09:51.637808+00:00,MBLY,128,130,1.73,31.6,-18.3,57.0,-2.3,,0.76,64.7,4
20260605,2026-06-06T03:39:03.653561+00:00,VSH,1,1,22.93,242.6,-10.6,71.0,-10.6,,1.38,390.4,2
20260605,2026-06-06T03:39:03.653561+00:00,BB,2,2,17.04,170.4,-10.0,72.0,-9.0,,1.69,370.3,1
20260605,2026-06-06T03:39:03.653561+00:00,CORT,3,3,16.03,113.7,-7.1,63.0,-3.0,,0.69,67.9,1
20260605,2026-06-06T03:39:03.653561+00:00,ELV,4,4,12.82,48.9,-3.8,28.0,0.0,,1.0,689.0,6
20260605,2026-06-06T03:39:03.653561+00:00,HUM,5,5,11.66,97.1,-8.3,47.0,0.0,,1.06,512.6,2
20260605,2026-06-06T03:39:03.653561+00:00,ARM,6,6,11.45,191.5,-16.7,103.0,-16.7,,1.15,3802.1,3
20260605,2026-06-06T03:39:03.653561+00:00,DELL,7,7,11.07,170.0,-15.4,96.0,-15.4,,0.93,4223.5,1
20260605,2026-06-06T03:39:03.653561+00:00,MRVL,8,8,11.02,184.5,-16.7,96.0,-16.7,,2.26,10673.8,4
20260605,2026-06-06T03:39:03.653561+00:00,FLEX,9,9,10.94,147.7,-13.5,97.0,-6.2,,0.82,925.5,3
20260605,2026-06-06T03:39:03.653561+00:00,DOCN,10,10,10.61,195.3,-18.4,113.0,-5.9,,0.97,513.1,4
20260605,2026-06-06T03:39:03.653561+00:00,HPE,11,11,10.26,127.0,-12.4,71.0,-12.4,,1.04,1677.9,4
20260605,2026-06-06T03:39:03.653561+00:00,STM,12,12,9.89,111.5,-11.3,65.0,-11.3,,1.67,847.1,5
20260605,2026-06-06T03:39:03.653561+00:00,CSCO,13,13,9.4,60.5,-6.4,41.0,-6.4,,1.11,3547.6,5
20260605,2026-06-06T03:39:03.653561+00:00,AMD,14,14,9.27,130.1,-14.0,76.0,-14.0,,1.37,16173.1,5
20260605,2026-06-06T03:39:03.653561+00:00,GTX,15,15,9.19,73.7,-8.0,64.0,-5.5,,0.81,103.2,5
20260605,2026-06-06T03:39:03.653561+00:00,FTNT,16,16,7.88,72.6,-9.2,56.0,-3.3,,1.02,849.2,3
20260605,2026-06-06T03:39:03.653561+00:00,ON,17,17,7.87,98.0,-12.4,67.0,-12.4,,1.62,1383.8,5
20260605,2026-06-06T03:39:03.653561+00:00,STX,18,18,7.7,126.8,-16.5,64.0,-9.9,,1.03,2871.4,3
20260605,2026-06-06T03:39:03.653561+00:00,ALKS,19,19,7.62,50.4,-6.6,51.0,-1.3,,0.58,86.4,4
20260605,2026-06-06T03:39:03.653561+00:00,NTAP,20,20,7.55,66.9,-8.9,61.0,-7.8,,0.76,644.8,4
20260605,2026-06-06T03:39:03.653561+00:00,UMC,21,21,7.35,102.5,-13.9,66.0,-13.9,,1.94,328.1,6
20260605,2026-06-06T03:39:03.653561+00:00,STT,22,22,7.31,33.5,-4.6,24.0,-0.6,,0.96,278.0,5
20260605,2026-06-06T03:39:03.653561+00:00,MS,23,23,7.25,32.8,-4.5,28.0,-2.9,,1.06,1180.6,3
20260605,2026-06-06T03:39:03.653561+00:00,TWLO,24,24,6.97,78.4,-11.2,75.0,-4.5,,1.13,624.1,5
20260605,2026-06-06T03:39:03.653561+00:00,JEF,25,25,6.77,47.1,-6.9,32.0,0.0,,1.09,93.8,4
20260605,2026-06-06T03:39:03.653561+00:00,ARMK,26,26,6.73,32.8,-4.9,30.0,-1.8,,0.83,185.6,6
20260605,2026-06-06T03:39:03.653561+00:00,NUE,27,27,6.57,50.6,-7.7,29.0,-3.0,,1.0,341.0,5
20260605,2026-06-06T03:39:03.653561+00:00,FROG,28,28,6.48,99.1,-15.3,78.0,-4.9,,0.79,217.0,2
20260605,2026-06-06T03:39:03.653561+00:00,AVT,29,29,6.31,41.6,-6.6,41.0,-6.6,,1.27,118.3,4
20260605,2026-06-06T03:39:03.653561+00:00,SYRE,30,30,6.18,79.3,-12.8,78.0,-6.2,,1.48,75.5,6
20260605,2026-06-06T03:39:03.653561+00:00,ST,31,31,6.15,50.9,-8.3,49.0,-6.9,,0.88,128.1,4
20260605,2026-06-06T03:39:03.653561+00:00,NOKBF,32,32,6.02,91.7,-15.2,74.0,-15.2,,0.2,24.2,5
20260605,2026-06-06T03:39:03.653561+00:00,LQDA,33,33,5.82,72.4,-12.4,75.0,-1.1,,0.84,118.8,6
20260605,2026-06-06T03:39:03.653561+00:00,TSEM,34,34,5.65,103.9,-18.4,93.0,-18.4,,0.67,608.9,7
20260605,2026-06-06T03:39:03.653561+00:00,NOK,35,35,5.61,82.3,-14.7,72.0,-14.7,,1.51,1883.8,4
20260605,2026-06-06T03:39:03.653561+00:00,SNDR,36,36,5.47,44.9,-8.2,43.0,0.0,,1.41,35.7,2
20260605,2026-06-06T03:39:03.653561+00:00,PANW,37,38,4.84,64.8,-13.4,52.0,-9.5,,0.75,2639.0,5
20260605,2026-06-06T03:39:03.653561+00:00,NVT,38,39,4.53,50.8,-11.2,49.0,-7.7,,1.1,305.5,5
20260605,2026-06-06T03:39:03.653561+00:00,STLD,39,40,4.33,47.7,-11.0,36.0,-3.0,,1.04,265.9,6
20260605,2026-06-06T03:39:03.653561+00:00,VIAV,40,41,4.28,62.7,-14.6,81.0,-14.0,,0.97,332.9,6
20260605,2026-06-06T03:39:03.653561+00:00,RCRUY,41,42,4.16,49.0,-11.8,54.0,-8.5,,0.52,7.8,4
20260605,2026-06-06T03:39:03.653561+00:00,DDOG,42,43,4.16,82.1,-19.7,85.0,-15.6,,0.89,1518.6,3
20260605,2026-06-06T03:39:03.653561+00:00,LEGN,43,45,4.11,70.4,-17.1,112.0,-10.1,,0.84,93.0,5
20260605,2026-06-06T03:39:03.653561+00:00,NXPI,44,46,4.07,44.9,-11.0,67.0,-11.0,,2.23,1216.0,4
20260605,2026-06-06T03:39:03.653561+00:00,UNH,45,47,4.04,40.1,-9.9,34.0,-0.4,,1.57,2786.8,6
20260605,2026-06-06T03:39:03.653561+00:00,TTMI,46,48,4.01,73.2,-18.2,84.0,-14.9,,0.75,466.3,6
20260605,2026-06-06T03:39:03.653561+00:00,DAL,47,49,3.96,31.4,-7.9,41.0,-3.7,,0.71,529.9,3
20260605,2026-06-06T03:39:03.653561+00:00,BWA,48,50,3.94,36.7,-9.3,41.0,-5.7,,0.94,274.4,1
20260605,2026-06-06T03:39:03.653561+00:00,WULF,49,51,3.91,73.3,-18.7,80.0,-10.2,,0.99,640.9,5
20260605,2026-06-06T03:39:03.653561+00:00,BTSG,50,52,3.87,35.9,-9.3,46.0,-6.9,,2.97,172.8,2
20260605,2026-06-06T03:39:03.653561+00:00,CORZ,51,53,3.83,70.5,-18.4,63.0,-11.0,,0.89,356.0,3
20260605,2026-06-06T03:39:03.653561+00:00,TXN,52,54,3.75,46.0,-12.3,54.0,-12.3,,1.5,2488.7,4
20260605,2026-06-06T03:39:03.653561+00:00,YPF,53,55,3.73,45.5,-12.2,43.0,-3.3,,0.67,112.1,5
20260605,2026-06-06T03:39:03.653561+00:00,GFS,54,56,3.7,59.4,-16.0,72.0,-16.0,,1.05,530.0,6
20260605,2026-06-06T03:39:03.653561+00:00,MTSI,55,57,3.69,57.9,-15.7,61.0,-15.7,,1.72,645.6,6
20260605,2026-06-06T03:39:03.653561+00:00,RVMD,56,58,3.62,49.5,-13.7,97.0,-8.8,,0.78,412.8,6
20260605,2026-06-06T03:39:03.653561+00:00,VNO,57,59,3.61,30.5,-8.4,33.0,0.0,,0.86,53.3,2
20260605,2026-06-06T03:39:03.653561+00:00,KNX,58,60,3.58,36.1,-10.1,44.0,0.0,,0.97,320.9,5
20260605,2026-06-06T03:39:03.653561+00:00,ASX,59,61,3.53,57.1,-16.2,59.0,-16.2,,2.32,352.9,5
20260605,2026-06-06T03:39:03.653561+00:00,FSLR,60,62,3.47,42.8,-12.3,54.0,-12.3,,1.28,832.3,3
20260605,2026-06-06T03:39:03.653561+00:00,JBL,61,63,3.39,42.8,-12.6,49.0,-7.1,,0.83,423.9,4
20260605,2026-06-06T03:39:03.653561+00:00,CRWD,62,64,3.33,54.6,-16.4,55.0,-14.2,,1.34,2569.0,3
20260605,2026-06-06T03:39:03.653561+00:00,SSL,63,65,3.28,44.1,-13.4,54.0,-5.7,,0.91,17.1,4
20260605,2026-06-06T03:39:03.653561+00:00,AAON,64,66,3.27,47.1,-14.4,84.0,-10.5,,0.83,163.2,8
20260605,2026-06-06T03:39:03.653561+00:00,LSCC,65,67,3.24,49.6,-15.3,64.0,-12.3,,1.32,313.0,6
20260605,2026-06-06T03:39:03.653561+00:00,QCOM,66,68,3.23,56.9,-17.6,76.0,-13.7,,0.88,5832.4,2
20260605,2026-06-06T03:39:03.653561+00:00,DINO,67,69,3.15,36.2,-11.5,38.0,-3.5,,1.26,153.7,6
20260605,2026-06-06T03:39:03.653561+00:00,BRKR,68,70,3.13,51.8,-16.6,62.0,-10.1,,1.15,162.5,5
20260605,2026-06-06T03:39:03.653561+00:00,MGM,69,71,2.98,33.3,-11.2,49.0,-6.3,,0.5,278.9,6
20260605,2026-06-06T03:39:03.653561+00:00,ILMN,70,72,2.91,30.6,-10.5,41.0,-5.0,,1.07,302.0,0
20260605,2026-06-06T03:39:03.653561+00:00,HPQ,71,73,2.91,37.3,-12.8,57.0,-12.8,,0.71,603.8,4
20260605,2026-06-06T03:39:03.653561+00:00,SWKS,72,74,2.9,34.2,-11.8,58.0,-11.8,,1.36,391.6,7
20260605,2026-06-06T03:39:03.653561+00:00,AMKR,73,75,2.83,50.7,-17.9,75.0,-16.7,,1.18,348.5,7
20260605,2026-06-06T03:39:03.653561+00:00,MKSI,74,76,2.81,38.2,-13.6,53.0,-10.0,,0.8,353.9,8
20260605,2026-06-06T03:39:03.653561+00:00,ZM,75,77,2.79,31.9,-11.4,49.0,-9.2,,0.67,548.4,6
20260605,2026-06-06T03:39:03.653561+00:00,ORCL,76,78,2.73,41.5,-15.2,66.0,-13.9,,1.33,4540.2,3
20260605,2026-06-06T03:39:03.653561+00:00,LRCX,77,79,2.68,43.6,-16.3,60.0,-11.8,,1.51,2743.8,3
20260605,2026-06-06T03:39:03.653561+00:00,MCHP,78,80,2.66,36.6,-13.7,49.0,-13.7,,1.7,1120.6,7
20260605,2026-06-06T03:39:03.653561+00:00,MOH,79,81,2.54,30.7,-12.1,48.0,-3.3,,0.71,170.3,7
20260605,2026-06-06T03:39:03.653561+00:00,CROX,80,82,2.53,36.9,-14.6,42.0,-1.8,,0.9,134.9,4
20260605,2026-06-06T03:39:03.653561+00:00,AMAT,81,83,2.49,33.8,-13.6,53.0,-9.7,,1.46,3742.6,4
20260605,2026-06-06T03:39:03.653561+00:00,TGTX,82,84,2.49,37.6,-15.1,57.0,-6.9,,0.91,74.6,5
20260605,2026-06-06T03:39:03.653561+00:00,MARA,83,85,2.48,42.3,-17.0,71.0,-17.0,,1.0,557.1,4
20260605,2026-06-06T03:39:03.653561+00:00,ICLR,84,86,2.45,35.8,-14.6,62.0,-2.2,,1.2,147.3,4
20260605,2026-06-06T03:39:03.653561+00:00,RAL,85,87,2.45,33.9,-13.8,53.0,-4.0,,0.59,124.6,7
20260605,2026-06-06T03:39:03.653561+00:00,GLW,86,88,2.43,37.8,-15.6,78.0,-14.6,,1.06,2789.3,5
20260605,2026-06-06T03:39:03.653561+00:00,GH,87,89,2.32,37.7,-16.2,63.0,-5.7,,1.33,299.0,4
20260605,2026-06-06T03:39:03.653561+00:00,MOD,88,90,2.3,37.5,-16.3,73.0,-9.9,,0.83,392.8,8
20260605,2026-06-06T03:39:03.653561+00:00,CLF,89,91,2.3,41.7,-18.1,60.0,-8.3,,0.95,217.7,3
20260605,2026-06-06T03:39:03.653561+00:00,ALGM,90,92,2.11,41.1,-19.5,73.0,-13.5,,0.8,118.2,6
20260605,2026-06-06T03:39:03.653561+00:00,NTNX,91,93,2.0,35.0,-17.5,55.0,-4.0,,0.78,235.2,2
20260605,2026-06-06T03:39:03.653561+00:00,U,92,94,1.92,37.3,-19.4,60.0,-9.3,,0.94,291.4,5
20260605,2026-06-06T03:39:03.653561+00:00,INGM,93,95,1.88,33.6,-17.9,43.0,-6.7,,0.77,36.1,5
20260605,2026-06-06T03:39:03.653561+00:00,LITE,94,96,1.85,34.8,-18.8,99.0,-18.0,,1.2,5917.2,7
20260605,2026-06-06T03:39:03.653561+00:00,LUMN,95,97,1.82,34.4,-18.9,71.0,-18.9,,0.83,146.5,3
20260608,2026-06-09T00:01:39.368417+00:00,VSH,1,1,21.97,232.5,-10.6,71.0,-10.6,,1.07,407.0,2
20260608,2026-06-09T00:01:39.368417+00:00,HUM,2,2,18.51,106.1,-5.7,46.0,0.0,,0.67,489.2,2
20260608,2026-06-09T00:01:39.368417+00:00,CORT,3,3,16.73,118.6,-7.1,63.0,-2.1,,0.79,68.8,1
20260608,2026-06-09T00:01:39.368417+00:00,BB,4,4,16.67,169.3,-10.2,72.0,-10.2,,0.71,366.8,1
20260608,2026-06-09T00:01:39.368417+00:00,ELV,5,5,12.56,47.9,-3.8,28.0,0.0,,1.02,701.6,6
20260608,2026-06-09T00:01:39.368417+00:00,MRVL,6,6,12.53,209.7,-16.7,97.0,-8.7,,1.88,11719.9,4
20260608,2026-06-09T00:01:39.368417+00:00,DELL,7,7,11.69,179.6,-15.4,96.0,-14.0,,0.71,4236.7,1
20260608,2026-06-09T00:01:39.368417+00:00,ARM,8,8,11.2,187.3,-16.7,103.0,-15.9,,0.72,3835.1,3
20260608,2026-06-09T00:01:39.368417+00:00,HPE,9,9,11.14,137.9,-12.4,70.0,-11.2,,0.77,1722.3,4
20260608,2026-06-09T00:01:39.368417+00:00,STM,10,10,11.03,124.4,-11.3,65.0,-5.9,,1.06,862.5,5
20260608,2026-06-09T00:01:39.368417+00:00,FLEX,11,11,10.94,147.6,-13.5,97.0,-6.9,,1.02,902.0,4
20260608,2026-06-09T00:01:39.368417+00:00,AMD,12,12,10.07,141.3,-14.0,76.0,-9.6,,0.73,15466.8,5
20260608,2026-06-09T00:01:39.368417+00:00,GTX,13,13,10.03,77.3,-7.7,64.0,-4.6,,0.77,101.1,5
20260608,2026-06-09T00:01:39.368417+00:00,CSCO,14,14,9.43,60.6,-6.4,41.0,-4.5,,0.79,3579.2,5
20260608,2026-06-09T00:01:39.368417+00:00,DOCN,15,15,9.41,173.1,-18.4,113.0,-6.2,,0.82,502.8,4
20260608,2026-06-09T00:01:39.368417+00:00,NTAP,16,16,8.66,76.6,-8.9,60.0,-5.9,,0.6,650.0,4
20260608,2026-06-09T00:01:39.368417+00:00,ON,17,17,8.27,102.9,-12.4,67.0,-9.7,,1.03,1401.6,5
20260608,2026-06-09T00:01:39.368417+00:00,ALKS,18,18,8.01,53.0,-6.6,51.0,-2.1,,0.59,84.6,4
20260608,2026-06-09T00:01:39.368417+00:00,UMC,19,19,7.96,111.0,-13.9,66.0,-12.6,,0.97,333.4,6
20260608,2026-06-09T00:01:39.368417+00:00,VOYA,20,20,7.84,32.3,-4.1,25.0,0.0,,1.59,95.2,8
20260608,2026-06-09T00:01:39.368417+00:00,STX,21,21,7.81,128.6,-16.5,64.0,-6.8,,0.72,2789.6,3
20260608,2026-06-09T00:01:39.368417+00:00,RCRUY,22,22,7.74,65.4,-8.5,54.0,-2.1,,1.53,8.3,4
20260608,2026-06-09T00:01:39.368417+00:00,FTNT,23,23,7.58,69.9,-9.2,56.0,-4.4,,0.83,830.9,3
20260608,2026-06-09T00:01:39.368417+00:00,JEF,24,24,7.33,50.9,-6.9,33.0,0.0,,1.07,94.0,4
20260608,2026-06-09T00:01:39.368417+00:00,MS,25,25,7.24,32.7,-4.5,28.0,-2.8,,0.81,1174.1,3
20260608,2026-06-09T00:01:39.368417+00:00,STT,26,26,7.18,32.9,-4.6,24.0,-0.6,,0.77,279.9,5
20260608,2026-06-09T00:01:39.368417+00:00,FROG,27,27,7.15,109.4,-15.3,77.0,-3.0,,0.84,195.1,2
20260608,2026-06-09T00:01:39.368417+00:00,AVT,28,28,6.69,44.0,-6.6,41.0,-6.3,,0.94,118.9,4
20260608,2026-06-09T00:01:39.368417+00:00,ARMK,29,29,6.65,32.4,-4.9,31.0,-2.9,,0.6,186.9,5
20260608,2026-06-09T00:01:39.368417+00:00,NUE,30,30,6.39,49.2,-7.7,29.0,-3.4,,1.16,350.9,6
20260608,2026-06-09T00:01:39.368417+00:00,CNC,31,31,6.22,78.7,-12.6,49.0,0.0,,1.43,297.6,4
20260608,2026-06-09T00:01:39.368417+00:00,TWLO,32,32,6.21,69.8,-11.2,77.0,-10.2,,0.97,626.6,5
20260608,2026-06-09T00:01:39.368417+00:00,SNDR,33,33,6.18,50.7,-8.2,43.0,0.0,,1.26,37.2,2
20260608,2026-06-09T00:01:39.368417+00:00,ST,34,34,6.04,50.0,-8.3,49.0,-6.3,,1.04,131.9,4
20260608,2026-06-09T00:01:39.368417+00:00,NOK,35,35,5.94,87.1,-14.7,71.0,-13.4,,0.82,1896.5,4
20260608,2026-06-09T00:01:39.368417+00:00,BTSG,36,36,5.9,43.3,-7.3,46.0,-4.0,,1.4,180.1,2
20260608,2026-06-09T00:01:39.368417+00:00,TSEM,37,37,5.82,107.1,-18.4,93.0,-16.1,,0.54,607.5,7
20260608,2026-06-09T00:01:39.368417+00:00,NOKBF,38,38,5.79,88.2,-15.2,74.0,-13.6,,0.32,24.3,5
20260608,2026-06-09T00:01:39.368417+00:00,SYRE,39,39,5.7,73.2,-12.8,78.0,-8.3,,1.01,76.1,5
20260608,2026-06-09T00:01:39.368417+00:00,VNO,40,40,5.38,36.6,-6.8,33.0,0.0,,1.25,54.0,2
20260608,2026-06-09T00:01:39.368417+00:00,OSCR,41,41,5.3,105.9,-20.0,72.0,0.0,,1.8,201.9,6
20260608,2026-06-09T00:01:39.368417+00:00,LQDA,42,42,5.19,64.6,-12.4,73.0,0.0,,1.53,125.7,5
20260608,2026-06-09T00:01:39.368417+00:00,BWA,43,43,4.71,43.9,-9.3,42.0,-1.5,,0.88,278.3,1
20260608,2026-06-09T00:01:39.368417+00:00,TTMI,44,44,4.66,85.0,-18.2,84.0,-9.4,,0.94,471.9,6
20260608,2026-06-09T00:01:39.368417+00:00,PANW,45,45,4.55,60.8,-13.4,52.0,-11.4,,0.68,2611.3,5
20260608,2026-06-09T00:01:39.368417+00:00,NVT,46,46,4.48,50.3,-11.2,49.0,-7.1,,1.31,310.7,5
20260608,2026-06-09T00:01:39.368417+00:00,DDOG,47,47,4.47,88.2,-19.7,85.0,-16.5,,0.85,1463.4,3
20260608,2026-06-09T00:01:39.368417+00:00,NXPI,48,48,4.45,49.1,-11.0,67.0,-9.5,,1.42,1198.7,4
20260608,2026-06-09T00:01:39.368417+00:00,UNH,49,49,4.43,44.0,-9.9,34.0,0.0,,0.97,2805.6,6
20260608,2026-06-09T00:01:39.368417+00:00,VIAV,50,50,4.37,64.0,-14.6,81.0,-11.9,,0.98,336.2,6
20260608,2026-06-09T00:01:39.368417+00:00,KNX,51,51,4.34,40.8,-9.4,44.0,0.0,,1.69,345.3,4
20260608,2026-06-09T00:01:39.368417+00:00,WULF,52,52,4.28,80.2,-18.7,81.0,-3.3,,0.87,628.4,5
20260608,2026-06-09T00:01:39.368417+00:00,STLD,53,53,4.27,47.1,-11.0,36.0,-3.5,,1.04,270.2,6
20260608,2026-06-09T00:01:39.368417+00:00,CORZ,54,55,4.11,75.6,-18.4,63.0,-6.5,,0.57,349.7,3
20260608,2026-06-09T00:01:39.368417+00:00,GFS,55,56,4.1,65.8,-16.0,72.0,-14.1,,0.47,519.2,6
20260608,2026-06-09T00:01:39.368417+00:00,MTSI,56,57,4.08,64.0,-15.7,61.0,-11.7,,1.04,646.4,6
20260608,2026-06-09T00:01:39.368417+00:00,DAL,57,58,4.07,32.3,-7.9,41.0,-5.2,,0.67,529.7,3
20260608,2026-06-09T00:01:39.368417+00:00,ASX,58,59,3.93,63.6,-16.2,60.0,-12.5,,1.1,355.1,5
20260608,2026-06-09T00:01:39.368417+00:00,TXN,59,60,3.92,48.1,-12.3,54.0,-10.5,,0.95,2474.3,4
20260608,2026-06-09T00:01:39.368417+00:00,YPF,60,61,3.77,46.0,-12.2,43.0,-3.2,,0.58,111.1,5
20260608,2026-06-09T00:01:39.368417+00:00,RVMD,61,62,3.67,50.2,-13.7,97.0,-9.3,,1.01,415.3,6
20260608,2026-06-09T00:01:39.368417+00:00,LSCC,62,63,3.65,55.9,-15.3,65.0,-7.6,,0.83,309.0,6
20260608,2026-06-09T00:01:39.368417+00:00,LEGN,63,65,3.57,61.1,-17.1,113.0,-13.1,,1.07,94.4,6
20260608,2026-06-09T00:01:39.368417+00:00,MARA,64,66,3.57,60.8,-17.0,74.0,-7.2,,0.79,548.4,4
20260608,2026-06-09T00:01:39.368417+00:00,JBL,65,67,3.56,44.9,-12.6,50.0,-4.3,,0.76,417.1,4
20260608,2026-06-09T00:01:39.368417+00:00,CDNS,66,68,3.55,34.4,-9.7,48.0,-5.3,,1.06,925.7,5
20260608,2026-06-09T00:01:39.368417+00:00,QCOM,67,69,3.49,61.7,-17.6,76.0,-12.9,,0.66,5606.4,2
20260608,2026-06-09T00:01:39.368417+00:00,MOH,68,70,3.35,40.4,-12.1,48.0,0.0,,1.1,166.1,7
20260608,2026-06-09T00:01:39.368417+00:00,BRKR,69,71,3.26,53.9,-16.6,62.0,-10.3,,0.86,164.4,5
20260608,2026-06-09T00:01:39.368417+00:00,DINO,70,72,3.25,37.2,-11.5,38.0,-2.2,,0.84,151.6,6
20260608,2026-06-09T00:01:39.368417+00:00,SWKS,71,73,3.25,38.4,-11.8,58.0,-9.6,,1.13,397.1,7
20260608,2026-06-09T00:01:39.368417+00:00,AAON,72,74,3.2,46.1,-14.4,84.0,-10.9,,0.62,154.5,8
20260608,2026-06-09T00:01:39.368417+00:00,MGM,73,75,3.14,35.0,-11.2,48.0,-6.8,,0.47,278.8,6
20260608,2026-06-09T00:01:39.368417+00:00,AMAT,74,76,3.12,42.5,-13.6,56.0,-1.9,,1.16,3804.5,4
20260608,2026-06-09T00:01:39.368417+00:00,AMKR,75,77,3.12,55.9,-17.9,75.0,-12.5,,0.9,343.1,7
20260608,2026-06-09T00:01:39.368417+00:00,LRCX,76,78,3.11,50.7,-16.3,61.0,-5.6,,1.28,2797.5,3
20260608,2026-06-09T00:01:39.368417+00:00,CRWD,77,79,3.11,51.0,-16.4,55.0,-15.8,,0.85,2572.3,3
20260608,2026-06-09T00:01:39.368417+00:00,CROX,78,80,3.11,45.5,-14.6,40.0,-0.7,,1.21,139.6,4
20260608,2026-06-09T00:01:39.368417+00:00,SSL,79,81,3.04,40.8,-13.4,54.0,-5.9,,1.15,17.4,4
20260608,2026-06-09T00:01:39.368417+00:00,MCHP,80,82,2.95,40.6,-13.7,49.0,-10.8,,1.18,1091.1,7
20260608,2026-06-09T00:01:39.368417+00:00,ICLR,81,83,2.92,42.8,-14.6,62.0,-0.4,,1.0,151.7,4
20260608,2026-06-09T00:01:39.368417+00:00,FSLR,82,84,2.91,39.2,-13.5,54.0,-13.5,,0.74,842.3,3
20260608,2026-06-09T00:01:39.368417+00:00,ZM,83,85,2.84,32.4,-11.4,49.0,-9.6,,0.7,546.7,7
20260608,2026-06-09T00:01:39.368417+00:00,MKSI,84,86,2.84,38.6,-13.6,53.0,-6.9,,0.98,343.9,8
20260608,2026-06-09T00:01:39.368417+00:00,ORCL,85,87,2.78,42.3,-15.2,66.0,-14.6,,0.8,4515.4,3
20260608,2026-06-09T00:01:39.368417+00:00,HPQ,86,88,2.76,37.3,-13.5,57.0,-13.5,,0.73,602.2,5
20260608,2026-06-09T00:01:39.368417+00:00,RAL,87,89,2.66,36.7,-13.8,53.0,-2.6,,0.47,123.7,7
20260608,2026-06-09T00:01:39.368417+00:00,TGTX,88,90,2.65,39.9,-15.1,57.0,-5.1,,0.84,69.8,5
20260608,2026-06-09T00:01:39.368417+00:00,PRM,89,91,2.48,32.6,-13.1,56.0,-8.6,,0.88,41.8,4
20260608,2026-06-09T00:01:39.368417+00:00,GLW,90,92,2.43,37.9,-15.6,78.0,-9.8,,0.82,2709.8,5
20260608,2026-06-09T00:01:39.368417+00:00,GH,91,93,2.34,38.0,-16.2,63.0,-6.3,,0.86,297.5,4
20260608,2026-06-09T00:01:39.368417+00:00,ALGM,92,94,2.32,45.3,-19.5,73.0,-10.1,,0.83,117.0,6
20260608,2026-06-09T00:01:39.368417+00:00,U,93,95,2.3,39.3,-17.1,60.0,-10.5,,0.61,276.1,5
20260608,2026-06-09T00:01:39.368417+00:00,MOD,94,96,2.25,36.7,-16.3,73.0,-10.3,,0.68,395.5,8
20260608,2026-06-09T00:01:39.368417+00:00,NTNX,95,97,1.96,34.2,-17.5,55.0,-7.2,,0.7,236.3,2
20260608,2026-06-09T00:01:39.368417+00:00,AFRM,96,98,1.94,31.5,-16.3,61.0,-11.1,,0.66,345.7,5
20260608,2026-06-09T00:01:39.368417+00:00,INGM,97,99,1.88,33.6,-17.9,43.0,-6.7,,0.76,35.3,4
20260608,2026-06-09T00:01:39.368417+00:00,CLF,98,100,1.83,32.9,-18.0,61.0,-14.0,,1.52,228.6,4
20260608,2026-06-09T00:01:39.368417+00:00,LUMN,99,101,1.82,34.5,-18.9,71.0,-18.0,,0.61,145.5,3
20260608,2026-06-09T00:01:39.368417+00:00,LITE,100,102,1.77,33.2,-18.8,99.0,-15.0,,0.81,5841.4,7
20260608,2026-06-09T00:01:39.368417+00:00,SKM,101,103,1.76,32.8,-18.6,63.0,-13.8,,0.93,124.5,6
20260608,2026-06-09T00:01:39.368417+00:00,MDB,102,104,1.75,30.3,-17.3,73.0,-12.7,,0.58,1027.5,3
20260609,2026-06-10T00:01:40.849715+00:00,HUM,1,1,23.96,113.5,-4.7,46.0,0.0,,0.91,481.2,2
20260609,2026-06-10T00:01:40.849715+00:00,VSH,2,2,22.36,236.7,-10.6,71.0,-8.4,,2.29,454.3,2
20260609,2026-06-10T00:01:40.849715+00:00,CORT,3,3,18.28,129.7,-7.1,64.0,0.0,,0.92,69.3,1
20260609,2026-06-10T00:01:40.849715+00:00,ELV,4,4,12.17,46.5,-3.8,27.0,0.0,,1.0,702.0,5
20260609,2026-06-10T00:01:40.849715+00:00,MRVL,5,5,11.67,195.2,-16.7,99.0,-15.7,,1.97,12788.0,4
20260609,2026-06-10T00:01:40.849715+00:00,GTX,6,6,10.59,81.6,-7.7,64.0,-3.0,,1.2,103.6,5
20260609,2026-06-10T00:01:40.849715+00:00,BB,7,7,10.52,152.6,-14.5,73.0,-14.5,,1.22,381.1,2
20260609,2026-06-10T00:01:40.849715+00:00,STM,8,8,10.27,115.9,-11.3,66.0,-8.0,,1.92,918.7,5
20260609,2026-06-10T00:01:40.849715+00:00,FLEX,9,9,9.8,132.2,-13.5,97.0,-9.1,,0.8,875.2,4
20260609,2026-06-10T00:01:40.849715+00:00,AMD,10,10,9.42,132.1,-14.0,77.0,-12.4,,1.16,15308.4,5
20260609,2026-06-10T00:01:40.849715+00:00,HPE,11,11,9.03,126.7,-14.0,71.0,-14.0,,0.75,1769.2,4
20260609,2026-06-10T00:01:40.849715+00:00,ALKS,12,12,8.99,59.5,-6.6,51.0,0.0,,1.18,86.1,4
20260609,2026-06-10T00:01:40.849715+00:00,DELL,13,13,8.85,159.9,-18.1,97.0,-18.1,,0.88,4294.3,2
20260609,2026-06-10T00:01:40.849715+00:00,VOYA,14,14,8.32,34.2,-4.1,25.0,-0.0,,1.23,96.6,7
20260609,2026-06-10T00:01:40.849715+00:00,RCRUY,15,15,8.3,70.1,-8.5,54.0,-1.6,,1.68,8.8,4
20260609,2026-06-10T00:01:40.849715+00:00,NTAP,16,16,7.88,70.0,-8.9,61.0,-8.9,,0.63,659.0,4
20260609,2026-06-10T00:01:40.849715+00:00,DOCN,17,17,7.88,145.1,-18.4,111.0,-6.7,,1.08,503.6,5
20260609,2026-06-10T00:01:40.849715+00:00,JEF,18,18,7.72,53.7,-6.9,33.0,0.0,,1.09,94.6,3
20260609,2026-06-10T00:01:40.849715+00:00,ON,19,19,7.71,97.5,-12.6,67.0,-12.6,,1.42,1448.2,5
20260609,2026-06-10T00:01:40.849715+00:00,UMC,20,20,7.53,104.9,-13.9,66.0,-13.1,,1.36,346.0,6
20260609,2026-06-10T00:01:40.849715+00:00,CSCO,21,21,7.41,54.9,-7.4,42.0,-7.4,,0.74,3559.0,5
20260609,2026-06-10T00:01:40.849715+00:00,ARMK,22,22,7.3,35.6,-4.9,31.0,-1.1,,0.54,179.1,4
20260609,2026-06-10T00:01:40.849715+00:00,STX,23,23,7.26,119.6,-16.5,65.0,-10.1,,0.94,2668.9,4
20260609,2026-06-10T00:01:40.849715+00:00,FTNT,24,24,7.13,65.8,-9.2,57.0,-7.5,,1.25,846.1,4
20260609,2026-06-10T00:01:40.849715+00:00,CNC,25,25,7.02,84.6,-12.1,49.0,0.0,,1.09,298.8,4
20260609,2026-06-10T00:01:40.849715+00:00,MS,26,26,6.94,31.4,-4.5,28.0,-3.7,,1.35,1206.2,4
20260609,2026-06-10T00:01:40.849715+00:00,VNO,27,27,6.85,45.8,-6.7,34.0,0.0,,1.77,56.3,2
20260609,2026-06-10T00:01:40.849715+00:00,STT,28,28,6.63,30.4,-4.6,23.0,0.0,,0.95,280.2,4
20260609,2026-06-10T00:01:40.849715+00:00,SYRE,29,29,6.56,84.2,-12.8,79.0,-2.6,,1.53,77.1,5
20260609,2026-06-10T00:01:40.849715+00:00,AVT,30,30,6.51,42.9,-6.6,41.0,-6.5,,1.67,125.9,4
20260609,2026-06-10T00:01:40.849715+00:00,BTSG,31,31,6.5,47.6,-7.3,46.0,-1.1,,1.79,190.2,2
20260609,2026-06-10T00:01:40.849715+00:00,SNDR,32,32,6.46,51.9,-8.0,43.0,-1.9,,1.08,38.2,2
20260609,2026-06-10T00:01:40.849715+00:00,NUE,33,33,6.3,48.5,-7.7,29.0,-3.0,,0.76,346.3,6
20260609,2026-06-10T00:01:40.849715+00:00,FROG,34,34,6.16,94.2,-15.3,79.0,-8.0,,0.96,191.6,3
20260609,2026-06-10T00:01:40.849715+00:00,LQDA,35,35,5.31,66.0,-12.4,73.0,0.0,,0.76,112.5,5
20260609,2026-06-10T00:01:40.849715+00:00,OSCR,36,36,5.16,103.1,-20.0,72.0,-0.6,,1.06,205.1,6
20260609,2026-06-10T00:01:40.849715+00:00,ST,37,37,4.92,40.7,-8.3,48.0,-7.3,,0.9,134.9,4
20260609,2026-06-10T00:01:40.849715+00:00,KNX,38,38,4.88,44.5,-9.1,43.0,-0.4,,0.95,351.0,3
20260609,2026-06-10T00:01:40.849715+00:00,DAL,39,39,4.73,37.6,-7.9,42.0,-1.6,,1.11,537.2,3
20260609,2026-06-10T00:01:40.849715+00:00,TWLO,40,40,4.56,61.6,-13.5,77.0,-13.5,,0.77,630.8,5
20260609,2026-06-10T00:01:40.849715+00:00,UNH,41,41,4.51,44.8,-9.9,34.0,0.0,,1.19,2849.1,6
20260609,2026-06-10T00:01:40.849715+00:00,TTMI,42,42,4.5,82.2,-18.2,84.0,-11.7,,0.88,472.4,5
20260609,2026-06-10T00:01:40.849715+00:00,NXPI,43,43,4.49,49.6,-11.0,67.0,-10.6,,1.3,1198.2,4
20260609,2026-06-10T00:01:40.849715+00:00,PANW,44,44,4.33,58.0,-13.4,52.0,-13.3,,0.76,2610.6,6
20260609,2026-06-10T00:01:40.849715+00:00,GFS,45,45,4.33,70.7,-16.3,71.0,-16.3,,0.61,521.5,7
20260609,2026-06-10T00:01:40.849715+00:00,STLD,46,46,4.25,46.9,-11.0,36.0,-2.5,,0.8,273.1,6
20260609,2026-06-10T00:01:40.849715+00:00,NVT,47,47,4.25,47.7,-11.2,49.0,-7.1,,1.07,310.6,5
20260609,2026-06-10T00:01:40.849715+00:00,NOK,48,48,4.23,75.3,-17.8,72.0,-17.8,,1.48,1925.5,5
20260609,2026-06-10T00:01:40.849715+00:00,BWA,49,49,4.14,38.7,-9.3,42.0,-4.9,,0.93,276.9,1
20260609,2026-06-10T00:01:40.849715+00:00,CROX,50,50,4.03,58.9,-14.6,41.0,0.0,,1.43,146.0,4
20260609,2026-06-10T00:01:40.849715+00:00,DDOG,51,51,3.97,78.3,-19.7,85.0,-18.1,,0.71,1436.4,3
20260609,2026-06-10T00:01:40.849715+00:00,MTSI,52,53,3.9,61.2,-15.7,61.0,-12.4,,0.93,640.8,6
20260609,2026-06-10T00:01:40.849715+00:00,LEGN,53,55,3.81,65.2,-17.1,113.0,-7.7,,0.85,94.8,6
20260609,2026-06-10T00:01:40.849715+00:00,TXN,54,56,3.75,46.0,-12.3,54.0,-11.2,,1.09,2463.8,5
20260609,2026-06-10T00:01:40.849715+00:00,ASX,55,57,3.72,60.2,-16.2,60.0,-13.6,,1.8,372.0,6
20260609,2026-06-10T00:01:40.849715+00:00,RVMD,56,58,3.67,50.2,-13.7,97.0,-8.6,,1.02,424.1,6
20260609,2026-06-10T00:01:40.849715+00:00,TGTX,57,59,3.62,54.6,-15.1,57.0,0.0,,1.49,69.4,5
20260609,2026-06-10T00:01:40.849715+00:00,WULF,58,60,3.53,66.2,-18.7,81.0,-5.4,,1.34,642.6,6
20260609,2026-06-10T00:01:40.849715+00:00,AMKR,59,61,3.46,61.9,-17.9,76.0,-9.1,,1.64,357.2,7
20260609,2026-06-10T00:01:40.849715+00:00,CORZ,60,62,3.44,63.3,-18.4,62.0,-7.0,,0.91,350.3,4
20260609,2026-06-10T00:01:40.849715+00:00,CDNS,61,63,3.39,32.9,-9.7,48.0,-6.1,,1.06,928.3,6
20260609,2026-06-10T00:01:40.849715+00:00,VIAV,62,64,3.38,54.3,-16.1,81.0,-16.1,,1.08,334.5,7
20260609,2026-06-10T00:01:40.849715+00:00,LSCC,63,65,3.37,51.5,-15.3,65.0,-11.0,,1.05,310.2,7
20260609,2026-06-10T00:01:40.849715+00:00,BRKR,64,66,3.36,55.7,-16.6,62.0,-8.7,,0.71,164.8,5
20260609,2026-06-10T00:01:40.849715+00:00,JBL,65,67,3.32,41.9,-12.6,50.0,-4.7,,1.03,421.4,5
20260609,2026-06-10T00:01:40.849715+00:00,MARA,66,68,3.27,55.7,-17.0,75.0,-10.4,,1.19,547.2,5
20260609,2026-06-10T00:01:40.849715+00:00,MKSI,67,69,3.17,43.2,-13.6,53.0,-4.2,,1.1,343.6,8
20260609,2026-06-10T00:01:40.849715+00:00,MOH,68,70,3.17,38.3,-12.1,48.0,0.0,,1.36,168.9,7
20260609,2026-06-10T00:01:40.849715+00:00,AMAT,69,71,3.12,42.4,-13.6,56.0,-0.5,,1.39,3912.9,4
20260609,2026-06-10T00:01:40.849715+00:00,PRM,70,72,3.1,40.7,-13.1,57.0,-3.6,,1.19,41.7,4
20260609,2026-06-10T00:01:40.849715+00:00,LRCX,71,73,3.04,49.5,-16.3,61.0,-4.8,,1.59,2898.6,3
20260609,2026-06-10T00:01:40.849715+00:00,ILMN,72,74,3.02,31.7,-10.5,41.0,-6.4,,0.74,298.3,0
20260609,2026-06-10T00:01:40.849715+00:00,QCOM,73,75,3.01,53.7,-17.9,77.0,-17.9,,1.2,5375.5,2
20260609,2026-06-10T00:01:40.849715+00:00,ICLR,74,76,3.01,44.1,-14.6,62.0,-0.6,,1.06,156.0,5
20260609,2026-06-10T00:01:40.849715+00:00,YPF,75,77,2.99,36.5,-12.2,41.0,-3.1,,0.57,110.2,5
20260609,2026-06-10T00:01:40.849715+00:00,GH,76,78,2.95,47.8,-16.2,63.0,-2.3,,0.9,302.4,4
20260609,2026-06-10T00:01:40.849715+00:00,AAON,77,79,2.91,42.0,-14.4,84.0,-12.5,,1.03,152.1,8
20260609,2026-06-10T00:01:40.849715+00:00,MCHP,78,80,2.89,39.7,-13.7,49.0,-10.7,,1.33,1064.6,7
20260609,2026-06-10T00:01:40.849715+00:00,SWKS,79,81,2.88,34.1,-11.8,58.0,-11.8,,1.1,399.1,7
20260609,2026-06-10T00:01:40.849715+00:00,RAL,80,82,2.86,39.5,-13.8,54.0,0.0,,0.96,119.6,6
20260609,2026-06-10T00:01:40.849715+00:00,U,81,83,2.84,41.9,-14.7,59.0,-11.6,,1.65,279.9,6
20260609,2026-06-10T00:01:40.849715+00:00,CRWD,82,84,2.62,45.9,-17.5,56.0,-17.5,,0.97,2617.2,4
20260609,2026-06-10T00:01:40.849715+00:00,SSL,83,85,2.61,35.1,-13.4,54.0,-5.0,,2.11,18.3,4
20260609,2026-06-10T00:01:40.849715+00:00,MOD,84,86,2.37,38.7,-16.3,73.0,-9.4,,0.86,399.7,8
20260609,2026-06-10T00:01:40.849715+00:00,CLF,85,87,2.36,37.1,-15.7,61.0,-13.8,,1.06,234.9,4
20260609,2026-06-10T00:01:40.849715+00:00,HPQ,86,88,2.34,35.1,-15.0,57.0,-15.0,,0.65,598.0,5
20260609,2026-06-10T00:01:40.849715+00:00,SKM,87,89,2.25,41.8,-18.6,63.0,-10.4,,1.56,128.2,5
20260609,2026-06-10T00:01:40.849715+00:00,ALGM,88,90,2.1,41.0,-19.5,73.0,-13.0,,0.73,112.8,6
20260609,2026-06-10T00:01:40.849715+00:00,ODFL,89,91,2.03,31.9,-15.7,37.0,0.0,,0.82,418.8,1
20260609,2026-06-10T00:01:40.849715+00:00,GLW,90,92,1.97,32.2,-16.4,80.0,-16.4,,1.18,2622.9,6
20260609,2026-06-10T00:01:40.849715+00:00,NTNX,91,93,1.87,32.7,-17.5,55.0,-9.2,,0.94,240.2,3
20260609,2026-06-10T00:01:40.849715+00:00,FSLR,92,94,1.76,30.9,-17.6,55.0,-17.6,,0.91,832.0,4
20260609,2026-06-10T00:01:40.849715+00:00,ETSY,93,95,1.74,30.5,-17.5,50.0,-1.4,,0.64,189.2,6
20260610,2026-06-11T00:01:51.071898+00:00,HUM,1,1,26.14,123.8,-4.7,44.0,0.0,,0.63,455.9,2
20260610,2026-06-11T00:01:51.071898+00:00,CORT,2,2,19.91,141.2,-7.1,63.0,0.0,,1.38,73.2,1
20260610,2026-06-11T00:01:51.071898+00:00,VSH,3,3,15.01,218.7,-14.6,73.0,-14.6,,1.06,464.4,2
20260610,2026-06-11T00:01:51.071898+00:00,JEF,4,4,12.42,62.0,-5.0,29.0,-1.9,,0.84,93.4,3
20260610,2026-06-11T00:01:51.071898+00:00,BB,5,5,10.74,157.9,-14.7,73.0,-14.7,,0.65,387.6,2
20260610,2026-06-11T00:01:51.071898+00:00,GTX,6,6,10.56,81.4,-7.7,64.0,-5.4,,0.71,101.8,5
20260610,2026-06-11T00:01:51.071898+00:00,STM,7,7,10.06,113.4,-11.3,66.0,-11.3,,1.3,948.3,5
20260610,2026-06-11T00:01:51.071898+00:00,NUE,8,8,9.7,51.7,-5.3,28.0,-4.5,,0.85,342.8,7
20260610,2026-06-11T00:01:51.071898+00:00,VOYA,9,9,8.96,36.9,-4.1,24.0,0.0,,0.69,95.9,7
20260610,2026-06-11T00:01:51.071898+00:00,ALKS,10,10,8.86,58.6,-6.6,51.0,-1.0,,0.77,82.0,4
20260610,2026-06-11T00:01:51.071898+00:00,FLEX,11,11,8.68,120.4,-13.9,98.0,-13.9,,0.74,850.6,4
20260610,2026-06-11T00:01:51.071898+00:00,ELV,12,12,8.66,40.5,-4.7,29.0,-4.7,,1.42,706.2,5
20260610,2026-06-11T00:01:51.071898+00:00,DOCN,13,13,8.64,158.9,-18.4,111.0,-5.0,,0.8,499.0,5
20260610,2026-06-11T00:01:51.071898+00:00,RCRUY,14,14,8.55,72.3,-8.5,54.0,-1.6,,0.93,9.0,4
20260610,2026-06-11T00:01:51.071898+00:00,STT,15,15,8.35,32.2,-3.9,23.0,-0.9,,1.65,291.4,5
20260610,2026-06-11T00:01:51.071898+00:00,BTSG,16,16,7.76,56.8,-7.3,44.0,-1.8,,1.03,192.8,2
20260610,2026-06-11T00:01:51.071898+00:00,AMD,17,17,7.75,128.8,-16.6,77.0,-16.6,,0.86,15059.4,5
20260610,2026-06-11T00:01:51.071898+00:00,CNC,18,18,7.38,89.0,-12.1,48.0,-1.3,,1.18,290.0,5
20260610,2026-06-11T00:01:51.071898+00:00,STX,19,19,7.2,118.6,-16.5,65.0,-13.3,,1.09,2656.3,5
20260610,2026-06-11T00:01:51.071898+00:00,SNDR,20,20,7.05,56.7,-8.0,42.0,-4.4,,1.57,40.4,3
20260610,2026-06-11T00:01:51.071898+00:00,STLD,21,21,7.03,53.7,-7.6,34.0,-3.1,,1.12,278.4,7
20260610,2026-06-11T00:01:51.071898+00:00,VNO,22,22,7.03,47.0,-6.7,34.0,-0.4,,1.24,57.2,2
20260610,2026-06-11T00:01:51.071898+00:00,FTNT,23,23,7.0,64.5,-9.2,57.0,-7.2,,1.0,861.6,4
20260610,2026-06-11T00:01:51.071898+00:00,ARMK,24,24,6.9,33.6,-4.9,31.0,-2.0,,0.61,165.8,5
20260610,2026-06-11T00:01:51.071898+00:00,SYRE,25,25,6.68,85.8,-12.8,78.0,-4.3,,0.93,74.2,5
20260610,2026-06-11T00:01:51.071898+00:00,MS,26,26,6.5,34.6,-5.3,27.0,-5.3,,0.91,1210.4,4
20260610,2026-06-11T00:01:51.071898+00:00,MAC,27,27,6.5,32.1,-4.9,29.0,0.0,,1.08,70.6,6
20260610,2026-06-11T00:01:51.071898+00:00,CSCO,28,28,6.23,53.6,-8.6,42.0,-8.6,,0.65,3533.3,5
20260610,2026-06-11T00:01:51.071898+00:00,LEGN,29,29,6.1,83.0,-13.6,112.0,-3.9,,0.63,91.0,6
20260610,2026-06-11T00:01:51.071898+00:00,FROG,30,30,6.0,91.8,-15.3,79.0,-9.0,,0.86,187.4,3
20260610,2026-06-11T00:01:51.071898+00:00,LQDA,31,31,5.92,73.6,-12.4,73.0,0.0,,1.24,109.0,5
20260610,2026-06-11T00:01:51.071898+00:00,HPE,32,32,5.91,112.2,-19.0,72.0,-19.0,,0.86,1827.7,5
20260610,2026-06-11T00:01:51.071898+00:00,NTAP,33,33,5.91,66.6,-11.3,61.0,-11.3,,0.73,672.6,5
20260610,2026-06-11T00:01:51.071898+00:00,UMC,34,34,5.86,102.1,-17.4,66.0,-17.4,,1.13,349.2,6
20260610,2026-06-11T00:01:51.071898+00:00,KNX,35,35,5.78,52.8,-9.1,41.0,-1.8,,1.09,361.2,3
20260610,2026-06-11T00:01:51.071898+00:00,OSCR,36,36,5.72,114.2,-20.0,71.0,0.0,,1.0,201.4,5
20260610,2026-06-11T00:01:51.071898+00:00,AVT,37,37,5.21,42.3,-8.1,41.0,-8.1,,0.44,124.2,4
20260610,2026-06-11T00:01:51.071898+00:00,RAL,38,38,5.17,45.5,-8.8,52.0,-2.1,,0.77,100.6,6
20260610,2026-06-11T00:01:51.071898+00:00,ON,39,39,5.13,91.0,-17.7,68.0,-17.7,,1.15,1474.2,5
20260610,2026-06-11T00:01:51.071898+00:00,TTMI,40,40,4.94,90.1,-18.2,84.0,-12.6,,0.62,469.5,5
20260610,2026-06-11T00:01:51.071898+00:00,TGTX,41,41,4.85,73.1,-15.1,58.0,0.0,,2.96,76.2,5
20260610,2026-06-11T00:01:51.071898+00:00,TWLO,42,42,4.81,65.0,-13.5,77.0,-12.5,,0.66,623.0,5
20260610,2026-06-11T00:01:51.071898+00:00,GFS,43,43,4.75,79.9,-16.8,70.0,-16.8,,0.49,518.0,7
20260610,2026-06-11T00:01:51.071898+00:00,UNH,44,44,4.74,47.1,-9.9,34.0,-1.3,,0.89,2799.1,5
20260610,2026-06-11T00:01:51.071898+00:00,BEN,45,46,4.33,32.9,-7.6,33.0,-3.7,,0.93,126.0,5
20260610,2026-06-11T00:01:51.071898+00:00,GGB,46,47,4.24,34.0,-8.0,38.0,-7.6,,1.27,87.2,9
20260610,2026-06-11T00:01:51.071898+00:00,PANW,47,48,4.23,56.6,-13.4,52.0,-12.4,,0.65,2606.7,5
20260610,2026-06-11T00:01:51.071898+00:00,ARES,48,49,4.13,34.8,-8.4,43.0,-1.8,,0.65,298.5,7
20260610,2026-06-11T00:01:51.071898+00:00,MTSI,49,50,4.09,64.1,-15.7,61.0,-13.5,,0.81,636.2,6
20260610,2026-06-11T00:01:51.071898+00:00,DAL,50,51,4.07,32.3,-7.9,43.0,-7.3,,0.95,543.1,3
20260610,2026-06-11T00:01:51.071898+00:00,NVT,51,52,4.06,45.6,-11.2,49.0,-11.1,,1.29,315.0,6
20260610,2026-06-11T00:01:51.071898+00:00,DDOG,52,53,4.01,79.0,-19.7,85.0,-18.0,,0.57,1428.5,3
20260610,2026-06-11T00:01:51.071898+00:00,APO,53,54,3.98,31.3,-7.9,35.0,-2.8,,0.8,429.4,5
20260610,2026-06-11T00:01:51.071898+00:00,ASX,54,55,3.92,63.4,-16.2,59.0,-15.5,,1.24,377.3,6
20260610,2026-06-11T00:01:51.071898+00:00,BWA,55,56,3.87,36.1,-9.3,43.0,-7.5,,0.89,275.1,1
20260610,2026-06-11T00:01:51.071898+00:00,ILMN,56,57,3.86,40.6,-10.5,40.0,-4.9,,1.43,300.0,0
20260610,2026-06-11T00:01:51.071898+00:00,AMKR,57,59,3.84,68.9,-17.9,75.0,-10.8,,1.11,364.2,7
20260610,2026-06-11T00:01:51.071898+00:00,M,58,60,3.82,36.4,-9.5,37.0,0.0,,1.08,157.0,6
20260610,2026-06-11T00:01:51.071898+00:00,RVMD,59,61,3.78,51.7,-13.7,96.0,-11.9,,1.19,437.4,6
20260610,2026-06-11T00:01:51.071898+00:00,NOKBF,60,62,3.77,70.4,-18.6,76.0,-18.6,,2.09,26.1,5
20260610,2026-06-11T00:01:51.071898+00:00,TXN,61,63,3.72,49.1,-13.2,54.0,-13.2,,0.9,2472.2,5
20260610,2026-06-11T00:01:51.071898+00:00,CROX,62,64,3.64,53.1,-14.6,42.0,-4.6,,1.23,150.0,4
20260610,2026-06-11T00:01:51.071898+00:00,VIAV,63,65,3.56,57.3,-16.1,81.0,-15.4,,0.65,331.7,7
20260610,2026-06-11T00:01:51.071898+00:00,PRM,64,66,3.56,46.7,-13.1,57.0,-0.5,,1.39,42.4,4
20260610,2026-06-11T00:01:51.071898+00:00,NXPI,65,67,3.54,50.1,-14.2,66.0,-14.2,,1.11,1189.6,4
20260610,2026-06-11T00:01:51.071898+00:00,MKSI,66,68,3.53,48.2,-13.6,52.0,-5.7,,1.16,340.7,9
20260610,2026-06-11T00:01:51.071898+00:00,AMAT,67,69,3.5,47.5,-13.6,55.0,-0.9,,1.32,3995.3,4
20260610,2026-06-11T00:01:51.071898+00:00,VIK,68,70,3.48,30.5,-8.8,50.0,-4.4,,0.59,333.5,6
20260610,2026-06-11T00:01:51.071898+00:00,LSCC,69,71,3.48,53.2,-15.3,65.0,-14.4,,1.0,307.5,6
20260610,2026-06-11T00:01:51.071898+00:00,YPF,70,72,3.44,41.8,-12.2,40.0,-1.9,,0.53,109.7,4
20260610,2026-06-11T00:01:51.071898+00:00,BRKR,71,73,3.44,56.9,-16.6,61.0,-12.4,,0.44,164.3,5
20260610,2026-06-11T00:01:51.071898+00:00,GH,72,74,3.42,55.6,-16.2,62.0,-1.9,,0.71,301.5,4
20260610,2026-06-11T00:01:51.071898+00:00,CDNS,73,75,3.38,32.7,-9.7,48.0,-7.5,,0.73,927.0,6
20260610,2026-06-11T00:01:51.071898+00:00,ICLR,74,76,3.31,48.4,-14.6,60.0,-5.4,,0.86,158.4,5
20260610,2026-06-11T00:01:51.071898+00:00,LRCX,75,77,3.29,53.6,-16.3,60.0,-6.4,,1.51,2990.1,3
20260610,2026-06-11T00:01:51.071898+00:00,CORZ,76,78,3.16,58.2,-18.4,63.0,-11.6,,0.89,354.1,4
20260610,2026-06-11T00:01:51.071898+00:00,JBL,77,79,3.15,39.8,-12.6,50.0,-7.3,,0.84,413.7,4
20260610,2026-06-11T00:01:51.071898+00:00,WULF,78,80,3.1,58.1,-18.7,82.0,-13.3,,1.07,646.8,6
20260610,2026-06-11T00:01:51.071898+00:00,ST,79,81,3.08,37.5,-12.2,49.0,-12.2,,0.8,136.1,4
20260610,2026-06-11T00:01:51.071898+00:00,MCHP,80,82,2.89,40.8,-14.2,49.0,-14.2,,0.93,1048.4,7
20260610,2026-06-11T00:01:51.071898+00:00,MOH,81,83,2.7,32.6,-12.1,48.0,-2.5,,1.19,170.5,6
20260610,2026-06-11T00:01:51.071898+00:00,CRWD,82,84,2.66,46.7,-17.5,56.0,-17.2,,0.65,2602.2,4
20260610,2026-06-11T00:01:51.071898+00:00,MARA,83,85,2.59,44.1,-17.0,76.0,-15.0,,0.82,536.3,5
20260610,2026-06-11T00:01:51.071898+00:00,ESI,84,86,2.54,31.5,-12.4,49.0,-12.2,,0.92,116.1,8
20260610,2026-06-11T00:01:51.071898+00:00,CLF,85,87,2.47,39.1,-15.9,61.0,-15.9,,0.64,235.7,4
20260610,2026-06-11T00:01:51.071898+00:00,AFRM,86,88,2.41,35.4,-14.7,58.0,-14.7,,0.93,327.1,6
20260610,2026-06-11T00:01:51.071898+00:00,ALGM,87,89,2.2,42.9,-19.5,73.0,-16.9,,0.67,108.3,6
20260610,2026-06-11T00:01:51.071898+00:00,ODFL,88,90,2.17,34.0,-15.7,36.0,-5.1,,1.69,438.5,2
20260610,2026-06-11T00:01:51.071898+00:00,U,89,91,2.17,37.2,-17.1,60.0,-17.1,,1.16,283.7,6
20260610,2026-06-11T00:01:51.071898+00:00,AAON,90,92,2.16,39.4,-18.2,85.0,-18.2,,0.86,146.2,8
20260610,2026-06-11T00:01:51.071898+00:00,MOD,91,93,2.12,34.5,-16.3,74.0,-15.9,,0.94,401.9,9
20260610,2026-06-11T00:01:51.071898+00:00,MDB,92,94,1.94,33.6,-17.3,73.0,-13.8,,0.49,1022.0,4
20260610,2026-06-11T00:01:51.071898+00:00,HPQ,93,95,1.91,30.3,-15.8,57.0,-15.8,,0.89,608.3,5
20260610,2026-06-11T00:01:51.071898+00:00,INGM,94,96,1.86,33.2,-17.9,42.0,-10.1,,0.85,34.5,5
20260610,2026-06-11T00:01:51.071898+00:00,ETSY,95,97,1.84,32.2,-17.5,50.0,-1.4,,0.81,186.1,6
20260610,2026-06-11T00:01:51.071898+00:00,SKM,96,98,1.82,33.9,-18.6,65.0,-17.8,,1.06,128.8,5
20260610,2026-06-11T00:01:51.071898+00:00,Q,97,99,1.81,30.6,-17.0,56.0,-17.0,,0.98,280.5,6
20260610,2026-06-11T00:01:51.071898+00:00,RDDT,98,100,1.73,30.2,-17.5,69.0,-6.4,,0.61,851.3,5
20260610,2026-06-11T00:01:51.071898+00:00,RBRK,99,101,1.69,32.0,-18.9,67.0,-16.2,,0.78,325.8,6
20260611,2026-06-12T00:45:47.383411+00:00,HUM,1,1,26.18,124.0,-4.7,44.0,0.0,,0.77,429.3,2
20260611,2026-06-12T00:45:47.383411+00:00,CORT,2,2,22.41,158.9,-7.1,63.0,0.0,,0.98,71.1,1
20260611,2026-06-12T00:45:47.383411+00:00,VSH,3,3,16.48,240.1,-14.6,73.0,-8.4,,0.82,462.9,2
20260611,2026-06-12T00:45:47.383411+00:00,JEF,4,4,13.09,65.3,-5.0,29.0,0.0,,0.99,92.5,3
20260611,2026-06-12T00:45:47.383411+00:00,STM,5,5,12.27,138.3,-11.3,68.0,-2.0,,1.33,965.1,5
20260611,2026-06-12T00:45:47.383411+00:00,BB,6,6,12.12,178.1,-14.7,72.0,-10.2,,0.67,396.5,2
20260611,2026-06-12T00:45:47.383411+00:00,GTX,7,7,11.72,90.3,-7.7,64.0,-1.2,,0.81,99.3,5
20260611,2026-06-12T00:45:47.383411+00:00,NUE,8,8,11.28,60.1,-5.3,29.0,-0.5,,1.02,345.9,7
20260611,2026-06-12T00:45:47.383411+00:00,FLEX,9,9,10.07,139.5,-13.9,99.0,-6.1,,0.56,826.4,4
20260611,2026-06-12T00:45:47.383411+00:00,STT,10,10,9.53,36.8,-3.9,23.0,0.0,,1.42,296.1,5
20260611,2026-06-12T00:45:47.383411+00:00,ALKS,11,11,9.34,61.8,-6.6,51.0,0.0,,1.11,80.7,3
20260611,2026-06-12T00:45:47.383411+00:00,VOYA,12,12,9.23,38.0,-4.1,25.0,0.0,,1.1,97.9,6
20260611,2026-06-12T00:45:47.383411+00:00,AMD,13,13,9.18,152.6,-16.6,78.0,-10.0,,0.96,15125.7,5
20260611,2026-06-12T00:45:47.383411+00:00,BTSG,14,14,8.84,64.7,-7.3,45.0,0.0,,0.99,195.1,2
20260611,2026-06-12T00:45:47.383411+00:00,RCRUY,15,15,8.76,74.0,-8.5,54.0,-0.1,,0.74,9.2,4
20260611,2026-06-12T00:45:47.383411+00:00,STLD,16,16,8.42,64.4,-7.6,34.0,0.0,,0.73,275.5,7
20260611,2026-06-12T00:45:47.383411+00:00,DOCN,17,17,8.4,154.6,-18.4,111.0,-3.2,,0.67,494.7,5
20260611,2026-06-12T00:45:47.383411+00:00,HST,18,18,8.23,32.9,-4.0,24.0,-1.1,,1.48,199.3,3
20260611,2026-06-12T00:45:47.383411+00:00,FTNT,19,19,8.01,73.8,-9.2,57.0,-3.1,,1.17,884.7,4
20260611,2026-06-12T00:45:47.383411+00:00,SYRE,20,20,7.98,102.5,-12.8,79.0,0.0,,1.25,76.4,5
20260611,2026-06-12T00:45:47.383411+00:00,STX,21,21,7.69,126.6,-16.5,66.0,-7.7,,0.87,2673.2,5
20260611,2026-06-12T00:45:47.383411+00:00,LQDA,22,22,7.67,95.4,-12.4,75.0,0.0,,1.85,114.4,5
20260611,2026-06-12T00:45:47.383411+00:00,SNDR,23,23,7.55,60.7,-8.0,42.0,-1.7,,0.85,41.4,3
20260611,2026-06-12T00:45:47.383411+00:00,ARMK,24,24,7.53,36.6,-4.9,31.0,0.0,,0.63,155.6,5
20260611,2026-06-12T00:45:47.383411+00:00,VNO,25,25,7.51,50.2,-6.7,34.0,0.0,,1.43,59.5,2
20260611,2026-06-12T00:45:47.383411+00:00,MS,26,26,7.15,38.1,-5.3,27.0,-2.6,,0.78,1216.4,4
20260611,2026-06-12T00:45:47.383411+00:00,UMC,27,27,7.06,123.1,-17.4,68.0,-9.7,,1.15,361.2,6
20260611,2026-06-12T00:45:47.383411+00:00,MAC,28,28,7.06,34.8,-4.9,29.0,0.0,,1.28,66.4,6
20260611,2026-06-12T00:45:47.383411+00:00,CNC,29,29,7.0,84.4,-12.1,49.0,-4.0,,1.33,291.1,6
20260611,2026-06-12T00:45:47.383411+00:00,LEGN,30,30,6.87,93.5,-13.6,112.0,0.0,,0.69,90.4,6
20260611,2026-06-12T00:45:47.383411+00:00,ELV,31,31,6.73,37.4,-5.6,29.0,-5.6,,1.2,685.7,5
20260611,2026-06-12T00:45:47.383411+00:00,UBS,32,32,6.68,33.8,-5.1,30.0,0.0,,0.83,108.1,4
20260611,2026-06-12T00:45:47.383411+00:00,CSCO,33,33,6.54,56.4,-8.6,42.0,-6.3,,0.82,3453.2,4
20260611,2026-06-12T00:45:47.383411+00:00,KNX,34,34,6.49,59.2,-9.1,41.0,0.0,,0.81,366.5,3
20260611,2026-06-12T00:45:47.383411+00:00,RAL,35,35,6.25,55.0,-8.8,53.0,0.0,,1.1,95.2,6
20260611,2026-06-12T00:45:47.383411+00:00,HPE,36,36,6.23,118.3,-19.0,72.0,-16.7,,0.62,1840.8,5
20260611,2026-06-12T00:45:47.383411+00:00,AVT,37,37,6.0,48.7,-8.1,42.0,-4.8,,1.08,123.3,4
20260611,2026-06-12T00:45:47.383411+00:00,FROG,38,38,5.96,91.1,-15.3,79.0,-11.1,,1.0,186.2,4
20260611,2026-06-12T00:45:47.383411+00:00,OSCR,39,39,5.93,118.5,-20.0,71.0,0.0,,0.83,198.5,5
20260611,2026-06-12T00:45:47.383411+00:00,TTMI,40,40,5.84,106.5,-18.2,85.0,-4.9,,0.65,463.2,5
20260611,2026-06-12T00:45:47.383411+00:00,NTAP,41,41,5.58,63.5,-11.4,61.0,-11.4,,0.56,679.8,4
20260611,2026-06-12T00:45:47.383411+00:00,ON,42,42,5.53,98.1,-17.7,69.0,-13.4,,0.97,1419.6,5
20260611,2026-06-12T00:45:47.383411+00:00,GFS,43,43,5.52,92.9,-16.8,71.0,-10.2,,0.5,519.6,7
20260611,2026-06-12T00:45:47.383411+00:00,GGB,44,44,5.27,42.3,-8.0,37.0,-4.7,,0.69,85.1,9
20260611,2026-06-12T00:45:47.383411+00:00,BWA,45,45,5.19,48.4,-9.3,43.0,-2.8,,0.84,264.5,1
20260611,2026-06-12T00:45:47.383411+00:00,PANW,46,46,5.03,67.4,-13.4,53.0,-7.0,,0.98,2635.5,5
20260611,2026-06-12T00:45:47.383411+00:00,DAL,47,47,4.98,39.6,-7.9,45.0,-0.8,,1.13,559.6,3
20260611,2026-06-12T00:45:47.383411+00:00,M,48,49,4.91,46.9,-9.5,40.0,0.0,,1.34,164.7,6
20260611,2026-06-12T00:45:47.383411+00:00,TWLO,49,50,4.89,66.0,-13.5,77.0,-12.7,,0.63,616.8,5
20260611,2026-06-12T00:45:47.383411+00:00,TGTX,50,51,4.77,71.9,-15.1,58.0,0.0,,1.36,78.4,5
20260611,2026-06-12T00:45:47.383411+00:00,MTSI,51,52,4.59,72.1,-15.7,62.0,-8.5,,1.04,635.3,6
20260611,2026-06-12T00:45:47.383411+00:00,AMAT,52,53,4.56,62.0,-13.6,59.0,0.0,,1.42,4167.8,4
20260611,2026-06-12T00:45:47.383411+00:00,MKSI,53,54,4.54,61.9,-13.6,55.0,0.0,,0.93,343.4,9
20260611,2026-06-12T00:45:47.383411+00:00,DDOG,54,55,4.47,88.1,-19.7,85.0,-15.6,,0.83,1440.6,2
20260611,2026-06-12T00:45:47.383411+00:00,NVT,55,56,4.44,49.9,-11.2,50.0,-6.7,,0.84,314.0,6
20260611,2026-06-12T00:45:47.383411+00:00,BEN,56,57,4.44,33.8,-7.6,33.0,-1.7,,0.82,125.7,5
20260611,2026-06-12T00:45:47.383411+00:00,UNH,57,58,4.41,43.8,-9.9,34.0,-1.8,,0.69,2730.0,5
20260611,2026-06-12T00:45:47.383411+00:00,ASX,58,59,4.4,71.2,-16.2,60.0,-9.4,,1.49,394.5,6
20260611,2026-06-12T00:45:47.383411+00:00,LRCX,59,60,4.35,70.8,-16.3,65.0,0.0,,1.56,3134.1,3
20260611,2026-06-12T00:45:47.383411+00:00,LSCC,60,61,4.35,66.6,-15.3,66.0,-7.6,,0.75,305.4,6
20260611,2026-06-12T00:45:47.383411+00:00,AMKR,61,62,4.31,77.3,-17.9,76.0,-2.4,,1.02,372.0,7
20260611,2026-06-12T00:45:47.383411+00:00,TXN,62,63,4.28,56.5,-13.2,54.0,-8.6,,1.21,2503.1,5
20260611,2026-06-12T00:45:47.383411+00:00,CROX,63,64,4.21,61.5,-14.6,42.0,-1.5,,0.65,149.3,4
20260611,2026-06-12T00:45:47.383411+00:00,VIAV,64,65,4.2,67.6,-16.1,82.0,-9.2,,0.59,328.2,6
20260611,2026-06-12T00:45:47.383411+00:00,NXPI,65,66,4.19,59.3,-14.2,67.0,-9.1,,1.32,1218.5,4
20260611,2026-06-12T00:45:47.383411+00:00,RVMD,66,67,4.19,57.3,-13.7,97.0,-8.8,,0.77,440.0,6
20260611,2026-06-12T00:45:47.383411+00:00,VIK,67,68,4.15,36.4,-8.8,51.0,0.0,,0.43,313.9,6
20260611,2026-06-12T00:45:47.383411+00:00,IBKR,68,69,4.14,34.3,-8.3,40.0,0.0,,0.66,482.8,7
20260611,2026-06-12T00:45:47.383411+00:00,PRM,69,70,4.12,54.0,-13.1,57.0,0.0,,1.66,43.1,3
20260611,2026-06-12T00:45:47.383411+00:00,TIGO,70,71,4.1,30.8,-7.5,38.0,0.0,,0.9,190.4,6
20260611,2026-06-12T00:45:47.383411+00:00,ASML,71,72,3.99,41.5,-10.4,54.0,0.0,,1.7,3014.9,2
20260611,2026-06-12T00:45:47.383411+00:00,JBL,72,73,3.99,50.4,-12.6,51.0,-0.9,,0.87,414.9,4
20260611,2026-06-12T00:45:47.383411+00:00,GS,73,74,3.95,33.0,-8.4,32.0,-5.2,,1.12,2319.2,5
20260611,2026-06-12T00:45:47.383411+00:00,CLF,74,75,3.91,62.1,-15.9,63.0,-7.1,,0.86,241.3,4
20260611,2026-06-12T00:45:47.383411+00:00,YPF,75,76,3.88,47.3,-12.2,41.0,0.0,,1.29,114.4,3
20260611,2026-06-12T00:45:47.383411+00:00,WULF,76,77,3.88,72.8,-18.7,84.0,-5.2,,1.13,659.3,6
20260611,2026-06-12T00:45:47.383411+00:00,LTH,77,78,3.86,32.6,-8.4,49.0,0.0,,0.78,81.1,6
20260611,2026-06-12T00:45:47.383411+00:00,BRKR,78,79,3.85,63.7,-16.6,61.0,-12.0,,0.72,157.1,5
20260611,2026-06-12T00:45:47.383411+00:00,ARES,79,80,3.84,32.3,-8.4,42.0,0.0,,0.78,294.0,7
20260611,2026-06-12T00:45:47.383411+00:00,CVS,80,81,3.78,33.1,-8.8,34.0,0.0,,1.77,756.0,4
20260611,2026-06-12T00:45:47.383411+00:00,ILMN,81,82,3.78,39.7,-10.5,40.0,-2.8,,0.77,297.2,0
20260611,2026-06-12T00:45:47.383411+00:00,ST,82,83,3.76,45.9,-12.2,50.0,-6.9,,0.91,132.1,4
20260611,2026-06-12T00:45:47.383411+00:00,AAL,83,84,3.67,42.2,-11.5,52.0,-1.8,,1.89,1215.5,3
20260611,2026-06-12T00:45:47.383411+00:00,ATI,84,86,3.62,40.5,-11.2,48.0,0.0,,1.56,291.2,5
20260611,2026-06-12T00:45:47.383411+00:00,MCHP,85,87,3.59,50.8,-14.2,50.0,-9.2,,1.38,1058.2,7
20260611,2026-06-12T00:45:47.383411+00:00,ICLR,86,88,3.59,52.5,-14.6,61.0,-1.9,,0.67,160.6,5
20260611,2026-06-12T00:45:47.383411+00:00,CORZ,87,89,3.53,65.1,-18.4,64.0,-6.3,,0.89,350.8,4
20260611,2026-06-12T00:45:47.383411+00:00,CDNS,88,90,3.49,33.7,-9.7,48.0,-7.8,,0.88,926.6,7
20260611,2026-06-12T00:45:47.383411+00:00,LEVI,89,91,3.44,36.2,-10.5,38.0,0.0,,1.67,53.8,8
20260611,2026-06-12T00:45:47.383411+00:00,LNTH,90,92,3.41,31.2,-9.1,37.0,0.0,,1.18,104.0,6
20260611,2026-06-12T00:45:47.383411+00:00,C,91,93,3.32,31.3,-9.4,29.0,0.0,,1.19,1384.3,4
20260611,2026-06-12T00:45:47.383411+00:00,GH,92,94,3.27,53.1,-16.2,62.0,-1.7,,0.6,303.2,4
20260611,2026-06-12T00:45:47.383411+00:00,MT,93,95,3.24,36.5,-11.2,57.0,-3.6,,1.28,160.7,5
20260611,2026-06-12T00:45:47.383411+00:00,CRWD,94,96,3.22,56.5,-17.5,57.0,-11.6,,0.91,2645.6,4
20260611,2026-06-12T00:45:47.383411+00:00,ADI,95,97,3.14,35.0,-11.1,42.0,-5.8,,0.94,2148.0,7
20260611,2026-06-12T00:45:47.383411+00:00,ARWR,96,98,3.13,35.2,-11.2,55.0,-6.6,,0.85,115.7,9
20260611,2026-06-12T00:45:47.383411+00:00,ESI,97,99,3.13,38.8,-12.4,52.0,-4.6,,0.81,114.1,8
20260611,2026-06-12T00:45:47.383411+00:00,AAON,98,100,2.94,53.6,-18.2,85.0,-13.2,,0.88,141.9,8
20260611,2026-06-12T00:45:47.383411+00:00,AFRM,99,101,2.84,41.8,-14.7,59.0,-9.7,,0.97,320.8,5
20260611,2026-06-12T00:45:47.383411+00:00,ALGM,100,102,2.77,54.1,-19.5,74.0,-10.6,,0.62,106.9,6
20260611,2026-06-12T00:45:47.383411+00:00,MOD,101,103,2.7,44.0,-16.3,74.0,-11.5,,0.85,407.5,9
20260611,2026-06-12T00:45:47.383411+00:00,MARA,102,104,2.7,46.0,-17.0,76.0,-8.4,,0.88,540.4,5
20260611,2026-06-12T00:45:47.383411+00:00,ROKU,103,105,2.69,30.5,-11.3,41.0,-9.3,,1.14,262.2,6
20260611,2026-06-12T00:45:47.383411+00:00,IMVT,104,106,2.59,34.7,-13.4,88.0,-7.5,,0.47,85.8,7
20260611,2026-06-12T00:45:47.383411+00:00,CMBT,105,107,2.51,32.5,-13.0,41.0,-9.8,,0.53,29.4,6
20260611,2026-06-12T00:45:47.383411+00:00,ODFL,106,108,2.37,37.2,-15.7,37.0,-0.4,,0.99,451.8,2
20260611,2026-06-12T00:45:47.383411+00:00,UAL,107,109,2.32,30.0,-12.9,59.0,-2.1,,1.21,604.2,6
20260611,2026-06-12T00:45:47.383411+00:00,SN,108,110,2.2,35.5,-16.2,50.0,0.0,,0.78,332.7,6
20260611,2026-06-12T00:45:47.383411+00:00,U,109,111,2.19,37.5,-17.1,60.0,-17.0,,0.74,284.8,5
20260611,2026-06-12T00:45:47.383411+00:00,Q,110,112,2.17,36.8,-17.0,57.0,-11.4,,0.81,270.1,6
20260611,2026-06-12T00:45:47.383411+00:00,SWKS,111,113,2.16,34.0,-15.7,60.0,-12.8,,0.91,391.7,6
20260611,2026-06-12T00:45:47.383411+00:00,HPQ,112,114,2.13,32.0,-15.0,57.0,-14.9,,0.6,613.6,5
20260611,2026-06-12T00:45:47.383411+00:00,MDB,113,115,2.08,36.0,-17.3,73.0,-12.2,,0.38,1018.9,4
20260611,2026-06-12T00:45:47.383411+00:00,BROS,114,116,2.08,37.5,-18.0,53.0,0.0,,1.72,202.3,4
20260611,2026-06-12T00:45:47.383411+00:00,INGM,115,117,2.06,36.7,-17.9,42.0,-7.6,,1.08,34.4,4
20260611,2026-06-12T00:45:47.383411+00:00,GGAL,116,118,2.03,37.9,-18.7,53.0,0.0,,3.13,73.1,4
20260611,2026-06-12T00:45:47.383411+00:00,GLW,117,119,1.93,36.9,-19.1,80.0,-15.1,,0.75,2411.2,6
20260611,2026-06-12T00:45:47.383411+00:00,ETSY,118,120,1.91,33.5,-17.5,50.0,-0.4,,1.04,188.2,6
20260611,2026-06-12T00:45:47.383411+00:00,SKM,119,121,1.89,35.1,-18.6,65.0,-17.6,,1.25,132.8,4
20260611,2026-06-12T00:45:47.383411+00:00,RBRK,120,122,1.87,33.7,-18.0,67.0,-16.0,,0.8,330.5,6
20260611,2026-06-12T00:45:47.383411+00:00,RDDT,121,123,1.77,30.9,-17.5,69.0,-5.8,,0.61,847.1,4
20260612,2026-06-13T00:01:50.185435+00:00,HUM,1,1,26.22,124.2,-4.7,44.0,0.0,,0.74,417.2,2
20260612,2026-06-13T00:01:50.185435+00:00,CORT,2,2,22.23,157.6,-7.1,63.0,-0.4,,0.68,68.6,1
20260612,2026-06-13T00:01:50.185435+00:00,VSH,3,3,16.59,241.7,-14.6,73.0,-7.2,,0.89,475.1,2
20260612,2026-06-13T00:01:50.185435+00:00,JEF,4,4,13.81,68.9,-5.0,30.0,0.0,,1.01,92.3,2
20260612,2026-06-13T00:01:50.185435+00:00,BB,5,5,12.14,178.5,-14.7,72.0,-11.1,,0.49,399.9,2
20260612,2026-06-13T00:01:50.185435+00:00,NUE,6,6,12.04,64.2,-5.3,29.0,0.0,,0.85,350.2,6
20260612,2026-06-13T00:01:50.185435+00:00,GTX,7,7,11.99,92.5,-7.7,64.0,-0.8,,0.69,97.8,5
20260612,2026-06-13T00:01:50.185435+00:00,STM,8,8,11.68,131.7,-11.3,68.0,-3.0,,0.84,971.4,5
20260612,2026-06-13T00:01:50.185435+00:00,STT,9,9,10.47,40.4,-3.9,23.0,0.0,,1.16,301.8,5
20260612,2026-06-13T00:01:50.185435+00:00,AMD,10,10,9.65,160.2,-16.6,78.0,-5.7,,1.0,15345.6,5
20260612,2026-06-13T00:01:50.185435+00:00,FLEX,11,11,9.54,132.3,-13.9,99.0,-7.6,,0.89,829.6,5
20260612,2026-06-13T00:01:50.185435+00:00,ALKS,12,12,8.79,58.1,-6.6,52.0,-1.4,,0.77,80.8,3
20260612,2026-06-13T00:01:50.185435+00:00,VOYA,13,13,8.75,36.0,-4.1,24.0,0.0,,2.02,103.2,5
20260612,2026-06-13T00:01:50.185435+00:00,HST,14,14,8.62,34.4,-4.0,24.0,0.0,,0.86,200.7,3
20260612,2026-06-13T00:01:50.185435+00:00,BTSG,15,15,8.46,61.9,-7.3,44.0,0.0,,1.21,202.4,2
20260612,2026-06-13T00:01:50.185435+00:00,STLD,16,16,8.21,62.7,-7.6,34.0,0.0,,0.74,275.8,6
20260612,2026-06-13T00:01:50.185435+00:00,STX,17,17,8.13,133.9,-16.5,67.0,-1.0,,1.0,2726.7,5
20260612,2026-06-13T00:01:50.185435+00:00,LQDA,18,18,8.0,99.5,-12.4,74.0,-0.6,,0.92,115.7,5
20260612,2026-06-13T00:01:50.185435+00:00,FTNT,19,19,7.93,73.2,-9.2,57.0,-2.3,,0.79,886.7,4
20260612,2026-06-13T00:01:50.185435+00:00,RCRUY,20,20,7.79,65.9,-8.5,55.0,-4.1,,0.35,9.1,4
20260612,2026-06-13T00:01:50.185435+00:00,VNO,21,21,7.58,50.7,-6.7,34.0,-1.8,,1.17,61.2,2
20260612,2026-06-13T00:01:50.185435+00:00,SNDR,22,22,7.58,60.9,-8.0,42.0,-0.8,,0.84,38.0,3
20260612,2026-06-13T00:01:50.185435+00:00,DOCN,23,23,7.43,136.7,-18.4,111.0,-5.6,,0.8,487.0,5
20260612,2026-06-13T00:01:50.185435+00:00,UMC,24,24,7.37,128.4,-17.4,68.0,-5.5,,0.89,363.8,6
20260612,2026-06-13T00:01:50.185435+00:00,CNC,25,25,7.26,87.5,-12.1,49.0,-1.5,,1.0,289.5,5
20260612,2026-06-13T00:01:50.185435+00:00,MS,26,26,7.18,38.2,-5.3,27.0,-1.9,,0.79,1220.1,4
20260612,2026-06-13T00:01:50.185435+00:00,ARMK,27,27,7.08,34.5,-4.9,31.0,-0.5,,0.5,143.7,5
20260612,2026-06-13T00:01:50.185435+00:00,ELV,28,28,6.99,38.9,-5.6,29.0,-4.4,,0.9,683.1,4
20260612,2026-06-13T00:01:50.185435+00:00,MAC,29,29,6.98,34.4,-4.9,29.0,0.0,,0.8,62.5,5
20260612,2026-06-13T00:01:50.185435+00:00,UBS,30,30,6.75,34.2,-5.1,30.0,0.0,,1.2,110.8,4
20260612,2026-06-13T00:01:50.185435+00:00,KLAC,31,31,6.59,77.2,-11.7,60.0,0.0,,0.91,2265.0,4
20260612,2026-06-13T00:01:50.185435+00:00,SYRE,32,32,6.49,83.3,-12.8,77.0,0.0,,0.92,78.5,5
20260612,2026-06-13T00:01:50.185435+00:00,LEGN,33,33,6.45,87.8,-13.6,112.0,-1.1,,0.61,90.3,6
20260612,2026-06-13T00:01:50.185435+00:00,HPE,34,34,6.42,121.9,-19.0,72.0,-14.2,,0.59,1838.4,4
20260612,2026-06-13T00:01:50.185435+00:00,CSCO,35,35,6.3,54.3,-8.6,42.0,-6.8,,0.63,3154.9,4
20260612,2026-06-13T00:01:50.185435+00:00,AVT,36,36,6.27,50.9,-8.1,42.0,-2.5,,0.9,123.5,4
20260612,2026-06-13T00:01:50.185435+00:00,RAL,37,37,6.19,54.6,-8.8,53.0,0.0,,0.76,93.8,6
20260612,2026-06-13T00:01:50.185435+00:00,KNX,38,38,5.9,53.8,-9.1,41.0,-1.1,,0.65,329.7,3
20260612,2026-06-13T00:01:50.185435+00:00,OSCR,39,39,5.64,112.8,-20.0,72.0,-2.2,,0.71,195.3,5
20260612,2026-06-13T00:01:50.185435+00:00,TTMI,40,40,5.54,101.1,-18.2,84.0,-1.5,,0.75,465.9,4
20260612,2026-06-13T00:01:50.185435+00:00,GGB,41,41,5.4,43.3,-8.0,37.0,-2.9,,1.04,86.4,9
20260612,2026-06-13T00:01:50.185435+00:00,ON,42,42,5.36,95.0,-17.7,69.0,-12.8,,0.62,1394.4,5
20260612,2026-06-13T00:01:50.185435+00:00,FROG,43,43,5.26,80.4,-15.3,78.0,-12.0,,0.82,185.5,4
20260612,2026-06-13T00:01:50.185435+00:00,NTAP,44,44,5.17,58.9,-11.4,61.0,-10.8,,0.4,667.0,4
20260612,2026-06-13T00:01:50.185435+00:00,GFS,45,45,5.11,85.9,-16.8,71.0,-9.5,,0.33,519.8,6
20260612,2026-06-13T00:01:50.185435+00:00,M,46,46,5.08,48.4,-9.5,40.0,0.0,,1.0,169.3,5
20260612,2026-06-13T00:01:50.185435+00:00,PANW,47,47,5.0,67.0,-13.4,53.0,-6.9,,0.69,2607.0,5
20260612,2026-06-13T00:01:50.185435+00:00,TGTX,48,48,4.79,72.1,-15.1,58.0,0.0,,1.34,81.6,5
20260612,2026-06-13T00:01:50.185435+00:00,AMKR,49,49,4.78,85.7,-17.9,78.0,0.0,,1.43,385.8,7
20260612,2026-06-13T00:01:50.185435+00:00,ASX,50,50,4.77,77.1,-16.2,61.0,-6.1,,0.85,402.1,6
20260612,2026-06-13T00:01:50.185435+00:00,BWA,51,51,4.73,44.2,-9.3,43.0,-3.3,,0.51,257.9,1
20260612,2026-06-13T00:01:50.185435+00:00,AMAT,52,52,4.71,64.1,-13.6,59.0,0.0,,0.9,4067.7,3
20260612,2026-06-13T00:01:50.185435+00:00,PRM,53,53,4.67,61.3,-13.1,57.0,0.0,,1.25,43.2,3
20260612,2026-06-13T00:01:50.185435+00:00,DAL,54,54,4.64,36.9,-7.9,45.0,0.0,,0.95,567.1,3
20260612,2026-06-13T00:01:50.185435+00:00,ROKU,55,55,4.49,50.9,-11.3,57.0,0.0,,7.13,357.8,6
20260612,2026-06-13T00:01:50.185435+00:00,TWLO,56,56,4.47,61.6,-13.8,77.0,-13.8,,0.53,604.8,5
20260612,2026-06-13T00:01:50.185435+00:00,MKSI,57,57,4.43,60.4,-13.6,55.0,0.0,,0.89,345.0,9
20260612,2026-06-13T00:01:50.185435+00:00,BEN,58,58,4.43,33.7,-7.6,33.0,-0.7,,0.8,126.3,5
20260612,2026-06-13T00:01:50.185435+00:00,MTSI,59,59,4.39,68.9,-15.7,62.0,-7.3,,0.67,627.3,6
20260612,2026-06-13T00:01:50.185435+00:00,UNH,60,60,4.34,43.1,-9.9,34.0,-1.1,,1.04,2771.7,5
20260612,2026-06-13T00:01:50.185435+00:00,VIAV,61,61,4.3,69.2,-16.1,83.0,-3.4,,0.78,332.1,6
20260612,2026-06-13T00:01:50.185435+00:00,ARES,62,62,4.28,36.0,-8.4,42.0,0.0,,0.64,288.8,6
20260612,2026-06-13T00:01:50.185435+00:00,TXN,63,63,4.24,55.9,-13.2,54.0,-7.3,,0.65,2495.1,5
20260612,2026-06-13T00:01:50.185435+00:00,TIGO,64,64,4.24,31.9,-7.5,38.0,0.0,,0.57,192.6,5
20260612,2026-06-13T00:01:50.185435+00:00,NXPI,65,65,4.22,59.7,-14.2,67.0,-8.4,,0.54,1219.0,3
20260612,2026-06-13T00:01:50.185435+00:00,DDOG,66,66,4.14,81.6,-19.7,85.0,-17.2,,0.94,1456.6,3
20260612,2026-06-13T00:01:50.185435+00:00,LRCX,67,67,4.12,67.2,-16.3,65.0,0.0,,0.93,3208.0,3
20260612,2026-06-13T00:01:50.185435+00:00,GS,68,68,4.1,34.3,-8.4,32.0,-2.7,,0.96,2344.8,5
20260612,2026-06-13T00:01:50.185435+00:00,CVS,69,69,4.06,35.6,-8.8,34.0,0.0,,1.39,767.8,4
20260612,2026-06-13T00:01:50.185435+00:00,RVMD,70,70,4.05,55.4,-13.7,96.0,-6.0,,0.55,438.7,5
20260612,2026-06-13T00:01:50.185435+00:00,NVT,71,71,4.04,45.3,-11.2,50.0,-6.0,,0.73,313.5,6
20260612,2026-06-13T00:01:50.185435+00:00,YPF,72,72,4.04,49.2,-12.2,40.0,-0.8,,0.62,115.9,3
20260612,2026-06-13T00:01:50.185435+00:00,IBKR,73,73,3.99,33.1,-8.3,39.0,0.0,,0.74,485.4,6
20260612,2026-06-13T00:01:50.185435+00:00,LSCC,74,74,3.97,60.7,-15.3,66.0,-6.5,,0.64,304.4,5
20260612,2026-06-13T00:01:50.185435+00:00,ST,75,75,3.97,48.4,-12.2,50.0,-5.9,,0.61,127.2,4
20260612,2026-06-13T00:01:50.185435+00:00,BRKR,76,76,3.97,65.8,-16.6,61.0,-13.5,,0.81,159.3,6
20260612,2026-06-13T00:01:50.185435+00:00,CROX,77,77,3.96,57.9,-14.6,42.0,-2.4,,0.65,150.1,4
20260612,2026-06-13T00:01:50.185435+00:00,JBL,78,78,3.9,49.2,-12.6,51.0,0.0,,0.85,416.3,4
20260612,2026-06-13T00:01:50.185435+00:00,CLF,79,80,3.78,60.0,-15.9,63.0,-6.6,,0.73,245.6,4
20260612,2026-06-13T00:01:50.185435+00:00,AAL,80,81,3.72,42.8,-11.5,52.0,0.0,,1.74,1291.4,3
20260612,2026-06-13T00:01:50.185435+00:00,LTH,81,82,3.72,31.4,-8.4,50.0,-1.6,,0.9,79.8,7
20260612,2026-06-13T00:01:50.185435+00:00,MCHP,82,84,3.53,50.0,-14.2,50.0,-7.0,,0.74,1064.5,6
20260612,2026-06-13T00:01:50.185435+00:00,CRWD,83,85,3.48,61.1,-17.5,56.0,-12.7,,0.59,2642.9,4
20260612,2026-06-13T00:01:50.185435+00:00,ASML,84,86,3.44,35.8,-10.4,54.0,-1.9,,1.4,3138.5,2
20260612,2026-06-13T00:01:50.185435+00:00,ONTO,85,87,3.42,66.4,-19.4,69.0,0.0,,1.36,374.4,6
20260612,2026-06-13T00:01:50.185435+00:00,ICLR,86,88,3.4,49.8,-14.6,61.0,-4.3,,0.59,158.8,5
20260612,2026-06-13T00:01:50.185435+00:00,CORZ,87,89,3.4,62.6,-18.4,64.0,-5.0,,0.55,339.1,4
20260612,2026-06-13T00:01:50.185435+00:00,CAT,88,90,3.39,30.4,-9.0,44.0,-3.2,,0.74,2509.6,5
20260612,2026-06-13T00:01:50.185435+00:00,MT,89,91,3.35,37.7,-11.2,57.0,-1.2,,0.71,163.6,5
20260612,2026-06-13T00:01:50.185435+00:00,ILMN,90,92,3.33,35.0,-10.5,40.0,-5.8,,0.79,294.9,1
20260612,2026-06-13T00:01:50.185435+00:00,C,91,93,3.28,30.9,-9.4,29.0,0.0,,0.96,1405.3,4
20260612,2026-06-13T00:01:50.185435+00:00,CDNS,92,94,3.26,31.5,-9.7,48.0,-7.5,,0.56,926.9,7
20260612,2026-06-13T00:01:50.185435+00:00,MGM,93,95,3.23,36.1,-11.2,48.0,-3.4,,0.78,272.3,5
20260612,2026-06-13T00:01:50.185435+00:00,ESI,94,96,3.21,39.8,-12.4,52.0,-2.8,,0.77,113.7,7
20260612,2026-06-13T00:01:50.185435+00:00,GH,95,97,3.14,51.0,-16.2,62.0,-1.2,,0.61,306.8,4
20260612,2026-06-13T00:01:50.185435+00:00,WULF,96,98,3.14,58.8,-18.7,81.0,-2.5,,0.81,659.8,6
20260612,2026-06-13T00:01:50.185435+00:00,ADI,97,99,3.12,34.7,-11.1,42.0,-4.5,,0.57,2150.8,6
20260612,2026-06-13T00:01:50.185435+00:00,ALGM,98,100,3.11,60.6,-19.5,75.0,-6.0,,0.72,106.5,5
20260612,2026-06-13T00:01:50.185435+00:00,ATI,99,101,3.09,34.6,-11.2,48.0,-0.5,,1.65,309.9,5
20260612,2026-06-13T00:01:50.185435+00:00,AAON,100,102,3.08,56.3,-18.2,85.0,-14.1,,1.02,141.6,9
20260612,2026-06-13T00:01:50.185435+00:00,MARA,101,103,3.08,52.5,-17.0,76.0,-5.2,,1.05,535.6,5
20260612,2026-06-13T00:01:50.185435+00:00,MOH,102,104,3.04,36.7,-12.1,48.0,-1.4,,1.26,180.6,7
20260612,2026-06-13T00:01:50.185435+00:00,LEVI,103,105,2.9,30.4,-10.5,37.0,-0.9,,0.84,53.4,7
20260612,2026-06-13T00:01:50.185435+00:00,AFRM,104,106,2.63,38.8,-14.7,59.0,-10.2,,0.64,314.8,5
20260612,2026-06-13T00:01:50.185435+00:00,IMVT,105,107,2.58,34.5,-13.4,88.0,-5.5,,0.44,85.9,7
20260612,2026-06-13T00:01:50.185435+00:00,HPQ,106,108,2.45,36.8,-15.0,57.0,-12.9,,0.44,609.6,5
20260612,2026-06-13T00:01:50.185435+00:00,CMBT,107,109,2.45,31.7,-13.0,41.0,-6.4,,0.41,29.4,6
20260612,2026-06-13T00:01:50.185435+00:00,MOD,108,110,2.37,38.7,-16.3,74.0,-10.6,,0.84,409.3,8
20260612,2026-06-13T00:01:50.185435+00:00,SWKS,109,111,2.34,36.8,-15.7,60.0,-11.3,,0.43,384.7,6
20260612,2026-06-13T00:01:50.185435+00:00,ODFL,110,112,2.22,34.9,-15.7,37.0,-1.2,,0.54,440.4,2
20260612,2026-06-13T00:01:50.185435+00:00,U,111,113,2.21,37.9,-17.1,60.0,-15.3,,0.68,283.3,4
20260612,2026-06-13T00:01:50.185435+00:00,GGAL,112,114,2.04,38.1,-18.7,53.0,-0.5,,0.83,74.8,4
20260612,2026-06-13T00:01:50.185435+00:00,Q,113,115,2.02,34.3,-17.0,57.0,-10.5,,0.76,262.5,5
20260612,2026-06-13T00:01:50.185435+00:00,INGM,114,116,1.92,34.2,-17.9,42.0,-6.0,,1.16,35.0,4
20260612,2026-06-13T00:01:50.185435+00:00,GLW,115,117,1.88,35.9,-19.1,80.0,-13.8,,0.72,2380.7,6
20260612,2026-06-13T00:01:50.185435+00:00,ETSY,116,118,1.75,30.7,-17.5,50.0,-0.4,,0.72,188.2,6
20260612,2026-06-13T00:01:50.185435+00:00,BROS,117,119,1.72,31.1,-18.0,52.0,0.0,,1.34,207.8,3
20260612,2026-06-13T00:01:50.185435+00:00,SKM,118,120,1.69,31.5,-18.6,65.0,-16.7,,0.65,131.5,3
20260612,2026-06-13T00:01:50.185435+00:00,RBRK,119,121,1.61,32.0,-19.8,67.0,-19.8,,0.91,334.6,7
20260615,2026-06-16T00:01:58.245083+00:00,HUM,1,1,26.13,123.8,-4.7,44.0,0.0,,1.4,421.0,2
20260615,2026-06-16T00:01:58.245083+00:00,CORT,2,2,20.88,148.0,-7.1,63.0,-0.2,,1.04,70.5,1
20260615,2026-06-16T00:01:58.245083+00:00,VSH,3,3,17.87,260.4,-14.6,74.0,-0.4,,0.8,487.9,2
20260615,2026-06-16T00:01:58.245083+00:00,JEF,4,4,12.81,63.9,-5.0,29.0,0.0,,0.97,92.3,2
20260615,2026-06-16T00:01:58.245083+00:00,GTX,5,5,12.39,95.5,-7.7,64.0,0.0,,0.69,98.2,5
20260615,2026-06-16T00:01:58.245083+00:00,BB,6,6,12.07,177.5,-14.7,72.0,-10.6,,0.59,406.2,2
20260615,2026-06-16T00:01:58.245083+00:00,STM,7,7,11.91,134.3,-11.3,68.0,-1.0,,0.77,983.8,5
20260615,2026-06-16T00:01:58.245083+00:00,NUE,8,8,11.35,60.5,-5.3,29.0,-2.6,,1.53,363.1,7
20260615,2026-06-16T00:01:58.245083+00:00,AMD,9,9,10.76,178.8,-16.6,79.0,0.0,,1.05,15644.0,5
20260615,2026-06-16T00:01:58.245083+00:00,STT,10,10,10.01,38.6,-3.9,23.0,-0.2,,1.24,309.8,5
20260615,2026-06-16T00:01:58.245083+00:00,FTNT,11,11,9.51,79.8,-8.4,57.0,-0.1,,0.81,891.6,4
20260615,2026-06-16T00:01:58.245083+00:00,FLEX,12,12,9.25,128.2,-13.9,99.0,-7.9,,0.81,819.6,5
20260615,2026-06-16T00:01:58.245083+00:00,ALKS,13,13,9.13,60.4,-6.6,52.0,-1.2,,0.92,82.4,2
20260615,2026-06-16T00:01:58.245083+00:00,STX,14,14,8.65,142.4,-16.5,68.0,0.0,,1.79,2910.0,5
20260615,2026-06-16T00:01:58.245083+00:00,SMTC,15,15,8.56,120.0,-14.0,80.0,0.0,,0.75,608.2,3
20260615,2026-06-16T00:01:58.245083+00:00,HST,16,16,8.35,33.4,-4.0,24.0,-0.3,,1.24,202.6,4
20260615,2026-06-16T00:01:58.245083+00:00,VOYA,17,17,8.22,33.8,-4.1,24.0,-0.3,,0.92,100.9,5
20260615,2026-06-16T00:01:58.245083+00:00,UMC,18,18,8.17,142.4,-17.4,69.0,0.0,,0.87,368.4,6
20260615,2026-06-16T00:01:58.245083+00:00,LQDA,19,19,7.62,94.8,-12.4,74.0,0.0,,1.13,117.2,5
20260615,2026-06-16T00:01:58.245083+00:00,STLD,20,20,7.61,58.2,-7.6,35.0,-3.7,,1.5,286.1,7
20260615,2026-06-16T00:01:58.245083+00:00,RCRUY,21,21,7.56,63.9,-8.5,55.0,-4.1,,0.4,9.1,5
20260615,2026-06-16T00:01:58.245083+00:00,MS,22,22,7.3,38.9,-5.3,27.0,-0.1,,0.99,1226.8,4
20260615,2026-06-16T00:01:58.245083+00:00,DOCN,23,23,7.26,133.7,-18.4,110.0,0.0,,1.15,491.1,5
20260615,2026-06-16T00:01:58.245083+00:00,BTSG,24,24,7.13,52.2,-7.3,42.0,0.0,,0.75,202.4,2
20260615,2026-06-16T00:01:58.245083+00:00,SNDR,25,25,7.1,57.1,-8.0,42.0,-2.5,,0.88,36.0,3
20260615,2026-06-16T00:01:58.245083+00:00,VNO,26,26,7.06,47.2,-6.7,34.0,-1.6,,1.04,62.7,2
20260615,2026-06-16T00:01:58.245083+00:00,SYRE,27,27,7.03,90.2,-12.8,77.0,0.0,,1.09,76.0,5
20260615,2026-06-16T00:01:58.245083+00:00,CNC,28,28,6.76,81.5,-12.1,50.0,-4.2,,1.37,296.4,6
20260615,2026-06-16T00:01:58.245083+00:00,ARMK,29,29,6.76,32.9,-4.9,31.0,-0.6,,0.65,136.7,5
20260615,2026-06-16T00:01:58.245083+00:00,HPE,30,30,6.72,127.7,-19.0,72.0,-12.7,,0.78,1885.9,4
20260615,2026-06-16T00:01:58.245083+00:00,RAL,31,31,6.71,59.1,-8.8,53.0,0.0,,1.45,94.6,6
20260615,2026-06-16T00:01:58.245083+00:00,LEGN,32,32,6.7,91.3,-13.6,112.0,-2.2,,0.52,90.3,5
20260615,2026-06-16T00:01:58.245083+00:00,UBS,33,33,6.68,33.9,-5.1,30.0,0.0,,0.95,110.9,4
20260615,2026-06-16T00:01:58.245083+00:00,AVT,34,34,6.6,53.5,-8.1,42.0,-1.2,,0.67,123.4,4
20260615,2026-06-16T00:01:58.245083+00:00,ELV,35,35,6.55,36.4,-5.6,29.0,-4.9,,0.6,665.0,4
20260615,2026-06-16T00:01:58.245083+00:00,MAC,36,36,6.44,31.8,-4.9,29.0,-1.4,,1.52,63.3,6
20260615,2026-06-16T00:01:58.245083+00:00,KLAC,37,37,6.25,73.3,-11.7,60.0,0.0,,1.65,2412.1,4
20260615,2026-06-16T00:01:58.245083+00:00,TTMI,38,38,6.13,111.9,-18.2,85.0,0.0,,0.89,472.4,4
20260615,2026-06-16T00:01:58.245083+00:00,CSCO,39,39,6.08,52.4,-8.6,42.0,-7.6,,0.88,3066.6,5
20260615,2026-06-16T00:01:58.245083+00:00,ON,40,40,6.0,106.5,-17.7,70.0,-6.0,,0.94,1401.9,5
20260615,2026-06-16T00:01:58.245083+00:00,OSCR,41,41,5.79,115.7,-20.0,72.0,0.0,,0.78,194.5,5
20260615,2026-06-16T00:01:58.245083+00:00,KNX,42,42,5.67,51.7,-9.1,42.0,-3.9,,0.99,328.7,4
20260615,2026-06-16T00:01:58.245083+00:00,GFS,43,43,5.6,94.2,-16.8,71.0,-6.6,,0.32,516.8,6
20260615,2026-06-16T00:01:58.245083+00:00,FROG,44,44,5.45,83.4,-15.3,79.0,-9.0,,0.98,189.1,4
20260615,2026-06-16T00:01:58.245083+00:00,NTAP,45,45,5.24,59.6,-11.4,61.0,-10.6,,0.7,674.0,4
20260615,2026-06-16T00:01:58.245083+00:00,GGB,46,46,5.1,40.9,-8.0,38.0,-4.5,,0.72,86.1,9
20260615,2026-06-16T00:01:58.245083+00:00,PANW,47,47,5.09,68.2,-13.4,53.0,-5.3,,0.76,2572.0,5
20260615,2026-06-16T00:01:58.245083+00:00,AMAT,48,48,4.88,66.4,-13.6,59.0,0.0,,1.35,4130.9,3
20260615,2026-06-16T00:01:58.245083+00:00,M,49,49,4.81,45.9,-9.5,41.0,-2.7,,0.77,170.4,5
20260615,2026-06-16T00:01:58.245083+00:00,PRM,50,50,4.75,62.3,-13.1,57.0,0.0,,1.07,43.3,3
20260615,2026-06-16T00:01:58.245083+00:00,ASX,51,51,4.72,76.4,-16.2,61.0,-5.2,,1.02,410.2,6
20260615,2026-06-16T00:01:58.245083+00:00,AMKR,52,52,4.72,84.6,-17.9,78.0,0.0,,1.13,400.8,7
20260615,2026-06-16T00:01:58.245083+00:00,MTSI,53,53,4.71,73.9,-15.7,62.0,-6.1,,0.86,624.7,6
20260615,2026-06-16T00:01:58.245083+00:00,MKSI,54,54,4.7,64.1,-13.6,55.0,0.0,,0.84,343.8,9
20260615,2026-06-16T00:01:58.245083+00:00,TXN,55,55,4.69,62.0,-13.2,55.0,-3.6,,0.9,2511.1,5
20260615,2026-06-16T00:01:58.245083+00:00,VIAV,56,56,4.68,75.3,-16.1,82.0,-2.3,,0.97,338.3,6
20260615,2026-06-16T00:01:58.245083+00:00,NXPI,57,57,4.49,63.7,-14.2,67.0,-5.0,,0.89,1225.5,3
20260615,2026-06-16T00:01:58.245083+00:00,RVMD,58,58,4.49,61.5,-13.7,97.0,-2.2,,0.74,437.7,5
20260615,2026-06-16T00:01:58.245083+00:00,BEN,59,59,4.47,34.0,-7.6,33.0,0.0,,0.83,125.3,5
20260615,2026-06-16T00:01:58.245083+00:00,LRCX,60,60,4.4,71.7,-16.3,65.0,0.0,,1.34,3332.3,3
20260615,2026-06-16T00:01:58.245083+00:00,BWA,61,61,4.38,40.9,-9.3,43.0,-4.6,,0.81,257.7,2
20260615,2026-06-16T00:01:58.245083+00:00,UNH,62,62,4.32,42.9,-9.9,34.0,-0.5,,0.95,2718.9,5
20260615,2026-06-16T00:01:58.245083+00:00,IBKR,63,63,4.25,35.3,-8.3,40.0,0.0,,0.62,484.7,6
20260615,2026-06-16T00:01:58.245083+00:00,NVT,64,64,4.23,47.5,-11.2,50.0,-4.2,,0.85,311.3,6
20260615,2026-06-16T00:01:58.245083+00:00,BRKR,65,65,4.11,68.1,-16.6,61.0,-9.7,,1.19,163.2,6
20260615,2026-06-16T00:01:58.245083+00:00,DDOG,66,66,4.1,80.9,-19.7,85.0,-16.0,,0.94,1467.2,3
20260615,2026-06-16T00:01:58.245083+00:00,CVS,67,67,4.08,35.8,-8.8,34.0,-1.3,,0.91,763.0,4
20260615,2026-06-16T00:01:58.245083+00:00,ROKU,68,68,4.08,46.3,-11.3,57.0,-1.9,,9.83,537.2,7
20260615,2026-06-16T00:01:58.245083+00:00,GS,69,69,4.06,33.9,-8.4,32.0,-1.5,,1.02,2384.1,5
20260615,2026-06-16T00:01:58.245083+00:00,TWLO,70,70,4.04,59.2,-14.6,77.0,-14.6,,0.62,586.1,6
20260615,2026-06-16T00:01:58.245083+00:00,CROX,71,71,4.04,59.0,-14.6,42.0,-1.2,,0.98,153.2,4
20260615,2026-06-16T00:01:58.245083+00:00,LSCC,72,72,4.03,61.6,-15.3,66.0,-3.6,,0.75,302.4,5
20260615,2026-06-16T00:01:58.245083+00:00,WULF,73,73,4.03,75.6,-18.7,82.0,0.0,,1.16,676.9,6
20260615,2026-06-16T00:01:58.245083+00:00,ST,74,74,4.01,48.9,-12.2,50.0,-4.1,,0.57,123.5,4
20260615,2026-06-16T00:01:58.245083+00:00,CLF,75,75,3.99,63.2,-15.9,62.0,-7.6,,0.94,251.5,5
20260615,2026-06-16T00:01:58.245083+00:00,MCHP,76,76,3.96,56.1,-14.2,51.0,-2.0,,1.02,1078.6,5
20260615,2026-06-16T00:01:58.245083+00:00,TGTX,77,77,3.96,59.6,-15.1,55.0,0.0,,1.32,84.7,5
20260615,2026-06-16T00:01:58.245083+00:00,CORZ,78,78,3.9,71.9,-18.4,63.0,-2.9,,0.89,342.8,4
20260615,2026-06-16T00:01:58.245083+00:00,DAL,79,79,3.78,30.0,-7.9,43.0,0.0,,1.34,582.4,3
20260615,2026-06-16T00:01:58.245083+00:00,JBL,80,80,3.72,47.0,-12.6,51.0,0.0,,1.05,418.8,4
20260615,2026-06-16T00:01:58.245083+00:00,LTH,81,81,3.72,31.4,-8.4,50.0,-1.8,,0.95,80.1,6
20260615,2026-06-16T00:01:58.245083+00:00,CAT,82,82,3.71,33.3,-9.0,44.0,-0.7,,0.87,2494.8,5
20260615,2026-06-16T00:01:58.245083+00:00,AAL,83,83,3.68,42.4,-11.5,52.0,0.0,,1.94,1407.8,3
20260615,2026-06-16T00:01:58.245083+00:00,ALGM,84,84,3.67,71.6,-19.5,77.0,0.0,,1.19,106.2,5
20260615,2026-06-16T00:01:58.245083+00:00,ONTO,85,85,3.65,70.9,-19.4,70.0,0.0,,1.09,386.5,6
20260615,2026-06-16T00:01:58.245083+00:00,ILMN,86,86,3.63,38.1,-10.5,41.0,-2.4,,1.15,300.3,1
20260615,2026-06-16T00:01:58.245083+00:00,AAON,87,87,3.59,65.4,-18.2,85.0,-11.4,,0.82,139.4,9
20260615,2026-06-16T00:01:58.245083+00:00,CDNS,88,89,3.55,34.3,-9.7,48.0,-5.3,,0.76,933.7,7
20260615,2026-06-16T00:01:58.245083+00:00,ASML,89,90,3.52,36.5,-10.4,54.0,-0.4,,1.25,3224.1,2
20260615,2026-06-16T00:01:58.245083+00:00,AFRM,90,91,3.48,51.2,-14.7,62.0,-2.4,,1.41,326.9,4
20260615,2026-06-16T00:01:58.245083+00:00,VIK,91,92,3.45,30.3,-8.8,51.0,0.0,,0.99,295.5,6
20260615,2026-06-16T00:01:58.245083+00:00,MARA,92,93,3.43,58.4,-17.0,76.0,-1.4,,0.88,536.1,5
20260615,2026-06-16T00:01:58.245083+00:00,CRWD,93,94,3.42,60.0,-17.5,56.0,-11.4,,0.66,2616.4,4
20260615,2026-06-16T00:01:58.245083+00:00,C,94,95,3.37,31.7,-9.4,29.0,0.0,,1.18,1447.7,4
20260615,2026-06-16T00:01:58.245083+00:00,MOH,95,96,3.33,40.2,-12.1,48.0,-0.6,,0.91,181.4,6
20260615,2026-06-16T00:01:58.245083+00:00,ADI,96,97,3.29,36.7,-11.1,42.0,-2.3,,0.86,2170.4,6
20260615,2026-06-16T00:01:58.245083+00:00,ESI,97,99,3.21,39.7,-12.4,52.0,0.0,,1.07,110.5,7
20260615,2026-06-16T00:01:58.245083+00:00,ICLR,98,100,3.21,47.0,-14.6,61.0,-3.3,,0.51,159.5,5
20260615,2026-06-16T00:01:58.245083+00:00,YPF,99,101,3.12,38.0,-12.2,42.0,-6.7,,1.11,120.3,3
20260615,2026-06-16T00:01:58.245083+00:00,ARWR,100,102,3.02,34.0,-11.2,54.0,-3.2,,0.74,110.5,7
20260615,2026-06-16T00:01:58.245083+00:00,MT,101,103,2.93,33.0,-11.2,57.0,-3.4,,0.65,163.0,5
20260615,2026-06-16T00:01:58.245083+00:00,MGM,102,104,2.86,31.9,-11.2,48.0,-4.1,,0.82,275.4,6
20260615,2026-06-16T00:01:58.245083+00:00,GH,103,105,2.85,46.3,-16.2,62.0,-2.6,,0.66,309.1,5
20260615,2026-06-16T00:01:58.245083+00:00,ATI,104,106,2.82,31.6,-11.2,48.0,-1.8,,1.11,318.5,5
20260615,2026-06-16T00:01:58.245083+00:00,MOD,105,107,2.8,45.7,-16.3,74.0,-6.9,,0.76,408.9,8
20260615,2026-06-16T00:01:58.245083+00:00,SWKS,106,108,2.75,43.2,-15.7,60.0,-8.6,,0.86,382.6,6
20260615,2026-06-16T00:01:58.245083+00:00,BHP,107,109,2.74,30.7,-11.2,40.0,-1.1,,0.94,246.4,5
20260615,2026-06-16T00:01:58.245083+00:00,IMVT,108,110,2.48,33.2,-13.4,88.0,-6.0,,0.47,86.2,8
20260615,2026-06-16T00:01:58.245083+00:00,Q,109,111,2.47,41.9,-17.0,59.0,-4.3,,0.95,262.5,5
20260615,2026-06-16T00:01:58.245083+00:00,CMBT,110,112,2.46,31.8,-13.0,41.0,-6.8,,0.69,29.7,7
20260615,2026-06-16T00:01:58.245083+00:00,U,111,113,2.44,41.8,-17.1,61.0,-11.4,,0.64,275.3,4
20260615,2026-06-16T00:01:58.245083+00:00,GLW,112,114,2.34,44.9,-19.1,81.0,-9.7,,0.71,2302.2,6
20260615,2026-06-16T00:01:58.245083+00:00,FRO,113,115,2.32,31.5,-13.5,45.0,0.0,,2.15,118.5,8
20260615,2026-06-16T00:01:58.245083+00:00,CGNX,114,116,2.24,31.7,-14.1,46.0,-3.6,,0.76,130.8,7
20260615,2026-06-16T00:01:58.245083+00:00,HPQ,115,117,2.17,32.8,-15.1,57.0,-15.1,,0.62,611.8,6
20260615,2026-06-16T00:01:58.245083+00:00,TECK,116,118,2.15,32.4,-15.1,52.0,-6.2,,0.86,203.8,5
20260615,2026-06-16T00:01:58.245083+00:00,GGAL,117,119,2.02,37.8,-18.7,53.0,0.0,,0.8,76.3,3
20260615,2026-06-16T00:01:58.245083+00:00,INGM,118,120,1.96,35.0,-17.9,42.0,-4.9,,1.5,36.6,4
20260615,2026-06-16T00:01:58.245083+00:00,ETSY,119,121,1.79,31.4,-17.5,50.0,0.0,,1.43,197.1,6
20260615,2026-06-16T00:01:58.245083+00:00,MDB,120,122,1.74,30.1,-17.3,74.0,-12.3,,0.43,1017.4,4
20260615,2026-06-16T00:01:58.245083+00:00,RBRK,121,123,1.72,34.1,-19.8,67.0,-18.0,,0.84,337.9,7
20260616,2026-06-17T00:01:45.004623+00:00,HUM,1,1,24.89,117.9,-4.7,45.0,-2.8,,1.34,425.6,2
20260616,2026-06-17T00:01:45.004623+00:00,CORT,2,2,21.35,151.4,-7.1,63.0,0.0,,0.76,71.5,0
20260616,2026-06-17T00:01:45.004623+00:00,VSH,3,3,16.84,245.4,-14.6,75.0,-5.6,,0.52,492.6,2
20260616,2026-06-17T00:01:45.004623+00:00,GTX,4,4,13.0,100.2,-7.7,64.0,0.0,,0.73,98.7,5
20260616,2026-06-17T00:01:45.004623+00:00,JEF,5,5,12.93,64.5,-5.0,29.0,0.0,,0.98,91.5,2
20260616,2026-06-17T00:01:45.004623+00:00,BB,6,6,12.1,177.9,-14.7,72.0,-11.3,,0.5,408.8,2
20260616,2026-06-17T00:01:45.004623+00:00,NUE,7,7,11.5,61.3,-5.3,29.0,-2.7,,1.0,366.9,7
20260616,2026-06-17T00:01:45.004623+00:00,STM,8,8,11.08,125.0,-11.3,70.0,-6.5,,0.93,988.5,6
20260616,2026-06-17T00:01:45.004623+00:00,STT,9,9,10.99,42.4,-3.9,23.0,0.0,,1.04,313.2,5
20260616,2026-06-17T00:01:45.004623+00:00,FLEX,10,10,9.49,131.6,-13.9,99.0,-9.3,,1.05,811.6,6
20260616,2026-06-17T00:01:45.004623+00:00,ALKS,11,11,9.38,62.1,-6.6,51.0,-1.8,,0.71,82.6,2
20260616,2026-06-17T00:01:45.004623+00:00,STX,12,12,9.35,154.0,-16.5,67.0,0.0,,1.72,3026.0,5
20260616,2026-06-17T00:01:45.004623+00:00,ARMK,13,13,9.35,36.8,-3.9,30.0,-0.3,,0.82,137.4,4
20260616,2026-06-17T00:01:45.004623+00:00,AMD,14,14,9.29,154.3,-16.6,81.0,-7.3,,0.88,15766.2,5
20260616,2026-06-17T00:01:45.004623+00:00,FTNT,15,15,9.1,76.3,-8.4,57.0,-1.8,,0.81,894.2,4
20260616,2026-06-17T00:01:45.004623+00:00,VOYA,16,16,8.65,35.6,-4.1,24.0,-0.4,,0.91,101.5,4
20260616,2026-06-17T00:01:45.004623+00:00,SMTC,17,17,8.58,120.2,-14.0,80.0,-7.3,,0.6,604.7,3
20260616,2026-06-17T00:01:45.004623+00:00,STLD,18,18,8.25,63.0,-7.6,34.0,-3.0,,1.12,294.4,7
20260616,2026-06-17T00:01:45.004623+00:00,RCRUY,19,19,8.08,68.3,-8.5,54.0,-5.6,,0.49,9.1,4
20260616,2026-06-17T00:01:45.004623+00:00,HST,20,20,8.0,32.0,-4.0,24.0,0.0,,1.31,207.0,3
20260616,2026-06-17T00:01:45.004623+00:00,RAL,21,21,7.69,61.3,-8.0,53.0,-0.0,,0.69,93.9,6
20260616,2026-06-17T00:01:45.004623+00:00,UMC,22,22,7.6,132.5,-17.4,70.0,-6.3,,0.9,368.5,7
20260616,2026-06-17T00:01:45.004623+00:00,UBS,23,23,7.59,38.4,-5.1,29.0,0.0,,1.17,111.4,3
20260616,2026-06-17T00:01:45.004623+00:00,MS,24,24,7.46,39.7,-5.3,27.0,0.0,,0.86,1246.7,4
20260616,2026-06-17T00:01:45.004623+00:00,SYRE,25,25,7.3,93.7,-12.8,77.0,-0.2,,1.31,77.8,6
20260616,2026-06-17T00:01:45.004623+00:00,SNDR,26,26,6.94,55.8,-8.0,42.0,-4.2,,1.04,36.1,3
20260616,2026-06-17T00:01:45.004623+00:00,BEN,27,27,6.9,42.2,-6.1,32.0,0.0,,0.99,126.5,5
20260616,2026-06-17T00:01:45.004623+00:00,LQDA,28,28,6.89,85.7,-12.4,75.0,-5.3,,1.25,121.1,6
20260616,2026-06-17T00:01:45.004623+00:00,BTSG,29,29,6.68,48.9,-7.3,42.0,0.0,,0.7,204.3,2
20260616,2026-06-17T00:01:45.004623+00:00,HPE,30,30,6.65,126.2,-19.0,72.0,-13.8,,0.61,1917.3,4
20260616,2026-06-17T00:01:45.004623+00:00,AVT,31,31,6.5,52.8,-8.1,42.0,-2.1,,0.76,122.1,5
20260616,2026-06-17T00:01:45.004623+00:00,VNO,32,32,6.46,43.1,-6.7,34.0,-3.0,,0.94,62.8,1
20260616,2026-06-17T00:01:45.004623+00:00,CSCO,33,33,6.37,54.9,-8.6,42.0,-8.0,,0.65,3019.1,5
20260616,2026-06-17T00:01:45.004623+00:00,LEGN,34,34,6.12,83.3,-13.6,113.0,-8.0,,0.73,91.3,5
20260616,2026-06-17T00:01:45.004623+00:00,DOCN,35,35,6.04,111.2,-18.4,111.0,-3.9,,0.66,486.7,5
20260616,2026-06-17T00:01:45.004623+00:00,ELV,36,36,6.01,35.4,-5.9,29.0,-5.9,,0.72,659.2,5
20260616,2026-06-17T00:01:45.004623+00:00,TTMI,37,37,5.99,109.4,-18.2,85.0,-3.4,,0.75,479.0,4
20260616,2026-06-17T00:01:45.004623+00:00,CNC,38,38,5.79,69.8,-12.1,50.0,-7.3,,1.28,302.4,6
20260616,2026-06-17T00:01:45.004623+00:00,OSCR,39,39,5.54,110.6,-20.0,72.0,-2.0,,0.55,183.2,5
20260616,2026-06-17T00:01:45.004623+00:00,ON,40,40,5.39,95.6,-17.7,71.0,-11.7,,0.89,1395.3,5
20260616,2026-06-17T00:01:45.004623+00:00,NTAP,41,41,5.35,60.8,-11.4,61.0,-10.9,,0.58,677.6,4
20260616,2026-06-17T00:01:45.004623+00:00,GFS,42,42,5.24,88.2,-16.8,71.0,-11.2,,0.32,512.2,6
20260616,2026-06-17T00:01:45.004623+00:00,GGB,43,43,5.23,41.9,-8.0,38.0,-5.6,,0.97,87.5,10
20260616,2026-06-17T00:01:45.004623+00:00,FROG,44,44,5.16,78.9,-15.3,79.0,-11.1,,1.08,193.5,5
20260616,2026-06-17T00:01:45.004623+00:00,KLAC,45,45,5.14,60.3,-11.7,63.0,-7.4,,1.21,2495.7,4
20260616,2026-06-17T00:01:45.004623+00:00,KNX,46,46,5.11,46.6,-9.1,42.0,-6.2,,1.2,335.8,4
20260616,2026-06-17T00:01:45.004623+00:00,PRM,47,47,5.08,66.6,-13.1,57.0,0.0,,1.08,44.0,3
20260616,2026-06-17T00:01:45.004623+00:00,UNH,48,48,4.96,44.2,-8.9,34.0,-0.8,,0.69,2653.6,5
20260616,2026-06-17T00:01:45.004623+00:00,PANW,49,49,4.91,65.7,-13.4,53.0,-6.8,,0.53,2534.1,5
20260616,2026-06-17T00:01:45.004623+00:00,AMKR,50,50,4.73,84.9,-17.9,78.0,0.0,,2.67,451.6,7
20260616,2026-06-17T00:01:45.004623+00:00,TXN,51,51,4.63,61.1,-13.2,55.0,-5.9,,0.93,2531.0,6
20260616,2026-06-17T00:01:45.004623+00:00,AFRM,52,52,4.63,68.1,-14.7,60.0,0.0,,1.27,338.5,4
20260616,2026-06-17T00:01:45.004623+00:00,AMAT,53,53,4.62,62.8,-13.6,59.0,-3.0,,1.27,4270.1,3
20260616,2026-06-17T00:01:45.004623+00:00,TGTX,54,54,4.53,68.2,-15.1,54.0,0.0,,1.0,86.5,5
20260616,2026-06-17T00:01:45.004623+00:00,CVS,55,55,4.46,39.1,-8.8,33.0,-1.2,,0.63,753.9,4
20260616,2026-06-17T00:01:45.004623+00:00,NTRS,56,56,4.43,30.2,-6.8,27.0,0.0,,0.69,188.7,6
20260616,2026-06-17T00:01:45.004623+00:00,WULF,57,57,4.43,83.1,-18.7,81.0,-0.6,,0.87,677.2,6
20260616,2026-06-17T00:01:45.004623+00:00,M,58,58,4.39,41.8,-9.5,40.0,-0.9,,0.93,169.7,4
20260616,2026-06-17T00:01:45.004623+00:00,RVMD,59,59,4.36,59.6,-13.7,97.0,-4.3,,0.88,440.6,6
20260616,2026-06-17T00:01:45.004623+00:00,IBKR,60,60,4.35,36.1,-8.3,39.0,0.0,,0.7,485.0,6
20260616,2026-06-17T00:01:45.004623+00:00,MTSI,61,61,4.35,68.3,-15.7,62.0,-10.1,,0.94,618.5,7
20260616,2026-06-17T00:01:45.004623+00:00,ASX,62,62,4.33,70.1,-16.2,61.0,-9.3,,1.03,414.0,7
20260616,2026-06-17T00:01:45.004623+00:00,CROX,63,63,4.33,63.3,-14.6,42.0,-0.5,,0.72,154.0,3
20260616,2026-06-17T00:01:45.004623+00:00,GS,64,64,4.31,36.0,-8.4,32.0,-0.2,,0.84,2420.2,5
20260616,2026-06-17T00:01:45.004623+00:00,BWA,65,65,4.27,39.8,-9.3,43.0,-5.8,,0.67,256.7,2
20260616,2026-06-17T00:01:45.004623+00:00,MKSI,66,66,4.19,57.1,-13.6,56.0,-2.4,,1.02,341.8,10
20260616,2026-06-17T00:01:45.004623+00:00,LTH,67,67,4.19,35.4,-8.4,49.0,0.0,,1.06,80.7,6
20260616,2026-06-17T00:01:45.004623+00:00,NXPI,68,68,4.1,58.0,-14.2,68.0,-9.0,,1.13,1243.1,4
20260616,2026-06-17T00:01:45.004623+00:00,CAT,69,69,4.08,36.6,-9.0,44.0,0.0,,1.01,2511.3,5
20260616,2026-06-17T00:01:45.004623+00:00,LRCX,70,71,3.95,64.4,-16.3,66.0,-5.0,,1.18,3435.9,3
20260616,2026-06-17T00:01:45.004623+00:00,AAL,71,72,3.95,45.5,-11.5,52.0,0.0,,1.35,1476.9,3
20260616,2026-06-17T00:01:45.004623+00:00,ST,72,73,3.95,48.2,-12.2,50.0,-6.2,,0.7,120.7,5
20260616,2026-06-17T00:01:45.004623+00:00,CLF,73,74,3.92,62.2,-15.9,63.0,-10.0,,0.92,254.3,5
20260616,2026-06-17T00:01:45.004623+00:00,ROKU,74,75,3.9,44.2,-11.3,57.0,-4.0,,3.78,629.9,6
20260616,2026-06-17T00:01:45.004623+00:00,CORZ,75,76,3.9,71.7,-18.4,63.0,-3.3,,0.67,342.4,4
20260616,2026-06-17T00:01:45.004623+00:00,BRKR,76,77,3.88,64.2,-16.6,61.0,-11.0,,0.59,163.7,5
20260616,2026-06-17T00:01:45.004623+00:00,DDOG,77,78,3.86,76.1,-19.7,85.0,-16.7,,0.68,1457.7,3
20260616,2026-06-17T00:01:45.004623+00:00,DAL,78,79,3.86,30.6,-7.9,43.0,-1.1,,1.39,601.3,3
20260616,2026-06-17T00:01:45.004623+00:00,VIK,79,80,3.64,31.9,-8.8,50.0,-0.8,,0.98,288.6,5
20260616,2026-06-17T00:01:45.004623+00:00,AAON,80,81,3.64,66.5,-18.2,85.0,-11.8,,0.74,138.0,9
20260616,2026-06-17T00:01:45.004623+00:00,MARA,81,82,3.62,61.7,-17.0,76.0,-2.9,,0.98,542.1,6
20260616,2026-06-17T00:01:45.004623+00:00,JBL,82,83,3.58,45.2,-12.6,52.0,-2.6,,1.43,425.1,5
20260616,2026-06-17T00:01:45.004623+00:00,ALGM,83,84,3.54,69.1,-19.5,77.0,-3.1,,1.6,110.7,5
20260616,2026-06-17T00:01:45.004623+00:00,CDNS,84,85,3.51,33.9,-9.7,48.0,-6.9,,0.68,932.8,7
20260616,2026-06-17T00:01:45.004623+00:00,NVT,85,86,3.5,39.3,-11.2,49.0,-5.1,,0.87,305.2,7
20260616,2026-06-17T00:01:45.004623+00:00,MCHP,86,87,3.43,48.5,-14.2,52.0,-6.6,,1.01,1087.6,6
20260616,2026-06-17T00:01:45.004623+00:00,LSCC,87,88,3.43,52.4,-15.3,66.0,-7.2,,0.6,293.8,5
20260616,2026-06-17T00:01:45.004623+00:00,C,88,89,3.42,32.2,-9.4,29.0,0.0,,1.19,1488.6,4
20260616,2026-06-17T00:01:45.004623+00:00,VIAV,89,91,3.38,54.4,-16.1,84.0,-9.5,,0.88,340.6,6
20260616,2026-06-17T00:01:45.004623+00:00,ESI,90,92,3.33,41.2,-12.4,52.0,-1.2,,0.91,108.1,7
20260616,2026-06-17T00:01:45.004623+00:00,ICLR,91,93,3.26,47.8,-14.6,61.0,-6.1,,0.49,160.3,4
20260616,2026-06-17T00:01:45.004623+00:00,ASML,92,94,3.21,33.4,-10.4,55.0,-5.0,,0.95,3263.6,2
20260616,2026-06-17T00:01:45.004623+00:00,ILMN,93,95,3.2,33.6,-10.5,41.0,-3.9,,0.67,300.5,1
20260616,2026-06-17T00:01:45.004623+00:00,CRWD,94,96,3.19,55.9,-17.5,56.0,-13.1,,0.56,2543.8,4
20260616,2026-06-17T00:01:45.004623+00:00,BHP,95,97,3.17,35.4,-11.2,40.0,-0.7,,0.72,245.8,5
20260616,2026-06-17T00:01:45.004623+00:00,IMVT,96,98,3.17,42.4,-13.4,87.0,-5.5,,0.45,86.5,8
20260616,2026-06-17T00:01:45.004623+00:00,ADI,97,99,3.16,35.2,-11.1,42.0,-5.0,,0.82,2172.7,6
20260616,2026-06-17T00:01:45.004623+00:00,ARWR,98,100,3.11,35.0,-11.2,54.0,-3.9,,0.62,108.4,7
20260616,2026-06-17T00:01:45.004623+00:00,MT,99,101,2.96,33.3,-11.2,57.0,-4.6,,0.43,160.1,5
20260616,2026-06-17T00:01:45.004623+00:00,ONTO,100,102,2.91,56.6,-19.4,71.0,-5.9,,0.82,386.9,6
20260616,2026-06-17T00:01:45.004623+00:00,MOH,101,103,2.87,34.7,-12.1,48.0,-1.4,,0.74,179.6,6
20260616,2026-06-17T00:01:45.004623+00:00,MGM,102,104,2.86,31.9,-11.2,48.0,-5.3,,0.56,276.8,5
20260616,2026-06-17T00:01:45.004623+00:00,GH,103,105,2.83,45.9,-16.2,62.0,-4.4,,1.07,320.3,6
20260616,2026-06-17T00:01:45.004623+00:00,TWLO,104,106,2.81,52.3,-18.6,78.0,-18.6,,0.87,582.9,7
20260616,2026-06-17T00:01:45.004623+00:00,ATI,105,107,2.79,31.2,-11.2,48.0,-1.6,,0.86,321.1,5
20260616,2026-06-17T00:01:45.004623+00:00,MOD,106,108,2.59,42.2,-16.3,74.0,-7.1,,0.72,405.6,8
20260616,2026-06-17T00:01:45.004623+00:00,TECK,107,109,2.47,37.2,-15.1,52.0,-4.9,,1.01,206.1,5
20260616,2026-06-17T00:01:45.004623+00:00,U,108,110,2.47,42.4,-17.1,61.0,-12.8,,0.64,271.9,4
20260616,2026-06-17T00:01:45.004623+00:00,KLAR,109,111,2.39,32.8,-13.7,68.0,-2.8,,0.88,95.1,5
20260616,2026-06-17T00:01:45.004623+00:00,CGNX,110,112,2.22,31.3,-14.1,46.0,-4.3,,1.0,132.6,8
20260616,2026-06-17T00:01:45.004623+00:00,SWKS,111,113,2.19,34.5,-15.7,61.0,-14.4,,0.98,376.6,7
20260616,2026-06-17T00:01:45.004623+00:00,HPQ,112,114,2.16,34.9,-16.2,57.0,-16.2,,0.52,617.3,5
20260616,2026-06-17T00:01:45.004623+00:00,SN,113,115,2.03,32.7,-16.2,50.0,0.0,,0.76,265.5,5
20260616,2026-06-17T00:01:45.004623+00:00,ETSY,114,116,2.03,35.5,-17.5,50.0,0.0,,1.33,202.5,5
20260616,2026-06-17T00:01:45.004623+00:00,Q,115,117,1.98,33.6,-17.0,60.0,-9.5,,0.79,256.6,5
20260616,2026-06-17T00:01:45.004623+00:00,GLW,116,118,1.93,36.8,-19.1,82.0,-14.7,,1.08,2270.9,7
20260616,2026-06-17T00:01:45.004623+00:00,INGM,117,119,1.92,34.3,-17.9,42.0,-8.1,,2.98,40.6,4
20260616,2026-06-17T00:01:45.004623+00:00,GGAL,118,120,1.74,32.5,-18.7,54.0,-2.7,,0.64,77.3,3
20260616,2026-06-17T00:01:45.004623+00:00,RBRK,119,121,1.65,32.8,-19.8,68.0,-18.7,,0.55,337.4,7
20260617,2026-06-18T01:54:12.025621+00:00,HUM,1,1,24.7,118.6,-4.8,45.0,-4.8,,1.13,424.6,2
20260617,2026-06-18T01:54:12.025621+00:00,CORT,2,2,19.72,139.9,-7.1,64.0,-2.3,,0.85,70.6,1
20260617,2026-06-18T01:54:12.025621+00:00,VSH,3,3,16.49,240.3,-14.6,75.0,-5.7,,0.87,505.3,1
20260617,2026-06-18T01:54:12.025621+00:00,JEF,4,4,12.66,63.2,-5.0,29.0,-0.2,,1.37,93.2,3
20260617,2026-06-18T01:54:12.025621+00:00,GTX,5,5,12.26,94.5,-7.7,65.0,-2.5,,0.78,97.9,6
20260617,2026-06-18T01:54:12.025621+00:00,BB,6,6,11.4,167.6,-14.7,73.0,-14.6,,0.5,412.4,3
20260617,2026-06-18T01:54:12.025621+00:00,STM,7,7,11.25,126.9,-11.3,69.0,-8.0,,0.83,997.3,5
20260617,2026-06-18T01:54:12.025621+00:00,STT,8,8,11.0,42.4,-3.9,23.0,-0.1,,1.25,319.8,5
20260617,2026-06-18T01:54:12.025621+00:00,NUE,9,9,10.6,56.5,-5.3,30.0,-5.2,,1.33,376.7,7
20260617,2026-06-18T01:54:12.025621+00:00,ARMK,10,10,9.39,36.9,-3.9,30.0,-1.9,,1.0,137.2,5
20260617,2026-06-18T01:54:12.025621+00:00,AMD,11,11,9.01,149.7,-16.6,81.0,-6.4,,0.84,15657.9,5
20260617,2026-06-18T01:54:12.025621+00:00,STX,12,12,8.85,145.7,-16.5,67.0,0.0,,1.35,3137.3,5
20260617,2026-06-18T01:54:12.025621+00:00,VOYA,13,13,8.82,36.3,-4.1,24.0,-1.0,,1.18,103.0,5
20260617,2026-06-18T01:54:12.025621+00:00,FTNT,14,14,8.76,73.4,-8.4,57.0,-3.7,,1.2,904.6,5
20260617,2026-06-18T01:54:12.025621+00:00,ALKS,15,15,8.57,56.7,-6.6,51.0,-0.9,,0.71,81.7,2
20260617,2026-06-18T01:54:12.025621+00:00,FLEX,16,16,8.48,117.6,-13.9,99.0,-11.6,,1.32,825.1,7
20260617,2026-06-18T01:54:12.025621+00:00,SYRE,17,17,8.32,106.8,-12.8,77.0,0.0,,1.48,79.9,5
20260617,2026-06-18T01:54:12.025621+00:00,RCRUY,18,18,8.23,69.6,-8.5,54.0,-5.3,,0.85,8.9,3
20260617,2026-06-18T01:54:12.025621+00:00,STLD,19,19,8.08,61.7,-7.6,35.0,-4.5,,1.01,295.9,6
20260617,2026-06-18T01:54:12.025621+00:00,MS,20,20,8.02,42.6,-5.3,27.0,0.0,,1.45,1284.2,4
20260617,2026-06-18T01:54:12.025621+00:00,UMC,21,21,7.74,135.0,-17.4,70.0,-5.7,,0.75,366.1,7
20260617,2026-06-18T01:54:12.025621+00:00,HST,22,22,7.58,30.3,-4.0,24.0,-1.1,,1.42,213.0,4
20260617,2026-06-18T01:54:12.025621+00:00,RAL,23,23,7.29,58.1,-8.0,53.0,-2.2,,1.19,93.3,7
20260617,2026-06-18T01:54:12.025621+00:00,UBS,24,24,7.21,36.5,-5.1,30.0,-1.4,,1.15,112.7,3
20260617,2026-06-18T01:54:12.025621+00:00,BEN,25,25,6.78,41.5,-6.1,32.0,0.0,,1.59,129.0,5
20260617,2026-06-18T01:54:12.025621+00:00,LQDA,26,26,6.73,83.8,-12.4,75.0,-4.4,,0.9,122.2,6
20260617,2026-06-18T01:54:12.025621+00:00,CNC,27,27,6.65,70.5,-10.6,50.0,-8.4,,1.17,306.6,6
20260617,2026-06-18T01:54:12.025621+00:00,SMTC,28,28,6.54,91.7,-14.0,81.0,-13.8,,0.74,604.2,4
20260617,2026-06-18T01:54:12.025621+00:00,LEGN,29,29,6.43,87.6,-13.6,113.0,-7.6,,0.38,91.5,5
20260617,2026-06-18T01:54:12.025621+00:00,BTSG,30,30,6.35,46.5,-7.3,42.0,0.0,,0.66,205.3,2
20260617,2026-06-18T01:54:12.025621+00:00,HPE,31,31,6.32,119.9,-19.0,72.0,-13.9,,0.78,1975.9,5
20260617,2026-06-18T01:54:12.025621+00:00,AVT,32,32,6.21,50.3,-8.1,42.0,-3.4,,1.34,126.9,5
20260617,2026-06-18T01:54:12.025621+00:00,TTMI,33,33,5.96,108.8,-18.2,85.0,-1.9,,0.65,478.6,4
20260617,2026-06-18T01:54:12.025621+00:00,OSCR,34,34,5.93,112.6,-19.0,72.0,-3.0,,0.68,182.2,6
20260617,2026-06-18T01:54:12.025621+00:00,DOCN,35,35,5.89,108.3,-18.4,111.0,-1.9,,0.88,480.4,5
20260617,2026-06-18T01:54:12.025621+00:00,SNDR,36,36,5.83,50.1,-8.6,44.0,-8.6,,1.12,36.6,4
20260617,2026-06-18T01:54:12.025621+00:00,FROG,37,37,5.7,87.2,-15.3,79.0,-7.9,,0.95,193.4,5
20260617,2026-06-18T01:54:12.025621+00:00,UNH,38,38,5.67,43.3,-7.6,34.0,-2.8,,0.86,2673.2,6
20260617,2026-06-18T01:54:12.025621+00:00,VNO,39,39,5.64,37.7,-6.7,35.0,-6.4,,0.95,63.2,1
20260617,2026-06-18T01:54:12.025621+00:00,PRM,40,40,5.18,68.0,-13.1,56.0,-2.3,,1.18,44.9,4
20260617,2026-06-18T01:54:12.025621+00:00,CSCO,41,41,5.16,50.3,-9.7,42.0,-9.7,,0.74,2940.1,6
20260617,2026-06-18T01:54:12.025621+00:00,GFS,42,42,5.11,86.0,-16.8,71.0,-10.4,,0.38,512.2,5
20260617,2026-06-18T01:54:12.025621+00:00,ON,43,43,5.1,90.5,-17.7,72.0,-15.7,,0.97,1397.1,5
20260617,2026-06-18T01:54:12.025621+00:00,KLAC,44,44,4.96,58.1,-11.7,63.0,-6.9,,1.12,2556.2,4
20260617,2026-06-18T01:54:12.025621+00:00,PANW,45,45,4.95,66.2,-13.4,53.0,-6.1,,0.62,2482.2,5
20260617,2026-06-18T01:54:12.025621+00:00,IBKR,46,46,4.89,40.6,-8.3,39.0,0.0,,0.93,480.3,5
20260617,2026-06-18T01:54:12.025621+00:00,AMAT,47,47,4.87,66.2,-13.6,60.0,0.0,,1.27,4426.5,2
20260617,2026-06-18T01:54:12.025621+00:00,ELV,48,49,4.7,34.9,-7.4,29.0,-7.4,,0.78,652.2,6
20260617,2026-06-18T01:54:12.025621+00:00,TXN,49,50,4.63,61.1,-13.2,55.0,-7.1,,0.85,2527.9,6
20260617,2026-06-18T01:54:12.025621+00:00,TGTX,50,51,4.62,69.6,-15.1,54.0,0.0,,1.8,93.4,5
20260617,2026-06-18T01:54:12.025621+00:00,GGB,51,52,4.51,37.1,-8.2,38.0,-8.2,,0.67,84.9,9
20260617,2026-06-18T01:54:12.025621+00:00,CVS,52,53,4.47,39.2,-8.8,33.0,-2.7,,0.76,723.3,5
20260617,2026-06-18T01:54:12.025621+00:00,AMKR,53,54,4.45,79.8,-17.9,78.0,-0.1,,1.39,474.5,7
20260617,2026-06-18T01:54:12.025621+00:00,ASX,54,55,4.38,71.0,-16.2,62.0,-7.8,,0.81,414.3,6
20260617,2026-06-18T01:54:12.025621+00:00,CAT,55,56,4.36,39.1,-9.0,44.0,0.0,,0.98,2503.1,5
20260617,2026-06-18T01:54:12.025621+00:00,GS,56,57,4.35,36.4,-8.4,32.0,0.0,,0.92,2458.3,5
20260617,2026-06-18T01:54:12.025621+00:00,RVMD,57,58,4.3,58.9,-13.7,97.0,-3.6,,0.78,443.4,6
20260617,2026-06-18T01:54:12.025621+00:00,CROX,58,59,4.18,61.1,-14.6,42.0,-2.5,,0.68,153.4,2
20260617,2026-06-18T01:54:12.025621+00:00,MKSI,59,60,4.17,56.9,-13.6,56.0,-1.1,,1.14,342.1,9
20260617,2026-06-18T01:54:12.025621+00:00,WULF,60,61,4.11,77.0,-18.7,81.0,-1.1,,1.06,692.4,7
20260617,2026-06-18T01:54:12.025621+00:00,MTSI,61,62,4.05,63.5,-15.7,62.0,-10.4,,0.74,609.6,7
20260617,2026-06-18T01:54:12.025621+00:00,AFRM,62,63,4.02,59.2,-14.7,61.0,-5.3,,1.26,346.4,5
20260617,2026-06-18T01:54:12.025621+00:00,LTH,63,64,3.98,33.6,-8.4,50.0,-0.8,,0.85,81.0,6
20260617,2026-06-18T01:54:12.025621+00:00,NXPI,64,65,3.94,55.8,-14.2,68.0,-10.4,,0.72,1243.8,4
20260617,2026-06-18T01:54:12.025621+00:00,DDOG,65,66,3.94,74.4,-18.9,85.0,-18.3,,0.58,1420.7,3
20260617,2026-06-18T01:54:12.025621+00:00,CORZ,66,67,3.92,72.2,-18.4,63.0,-2.3,,1.04,346.8,4
20260617,2026-06-18T01:54:12.025621+00:00,ALGM,67,68,3.83,74.6,-19.5,77.0,-1.9,,1.79,117.5,4
20260617,2026-06-18T01:54:12.025621+00:00,MFG,68,69,3.81,30.7,-8.0,36.0,0.0,,2.61,37.4,5
20260617,2026-06-18T01:54:12.025621+00:00,ROKU,69,70,3.81,43.2,-11.3,57.0,-4.4,,2.46,694.4,6
20260617,2026-06-18T01:54:12.025621+00:00,BRKR,70,71,3.8,63.0,-16.6,61.0,-12.7,,0.6,163.8,6
20260617,2026-06-18T01:54:12.025621+00:00,ST,71,72,3.77,46.0,-12.2,50.0,-7.6,,0.62,119.3,4
20260617,2026-06-18T01:54:12.025621+00:00,ARWR,72,73,3.76,42.3,-11.2,55.0,0.0,,2.14,113.2,7
20260617,2026-06-18T01:54:12.025621+00:00,BWA,73,74,3.74,34.9,-9.3,43.0,-8.4,,0.87,259.3,3
20260617,2026-06-18T01:54:12.025621+00:00,AAL,74,75,3.72,42.8,-11.5,52.0,-1.8,,1.26,1536.5,2
20260617,2026-06-18T01:54:12.025621+00:00,VIK,75,76,3.71,32.5,-8.8,50.0,-0.1,,0.96,287.3,4
20260617,2026-06-18T01:54:12.025621+00:00,LRCX,76,77,3.68,60.0,-16.3,66.0,-3.7,,1.05,3526.3,2
20260617,2026-06-18T01:54:12.025621+00:00,CDNS,77,78,3.68,35.6,-9.7,48.0,-6.4,,0.99,949.8,7
20260617,2026-06-18T01:54:12.025621+00:00,AAON,78,79,3.66,66.7,-18.2,85.0,-10.0,,0.75,136.1,8
20260617,2026-06-18T01:54:12.025621+00:00,ASML,79,80,3.56,37.0,-10.4,55.0,-1.7,,1.22,3378.6,2
20260617,2026-06-18T01:54:12.025621+00:00,NVT,80,81,3.53,39.7,-11.2,49.0,-3.1,,1.05,300.3,7
20260617,2026-06-18T01:54:12.025621+00:00,NTAP,81,82,3.51,50.9,-14.5,62.0,-14.5,,0.54,683.1,4
20260617,2026-06-18T01:54:12.025621+00:00,M,82,83,3.5,33.4,-9.5,41.0,-5.1,,0.98,172.5,5
20260617,2026-06-18T01:54:12.025621+00:00,MCHP,83,84,3.49,49.4,-14.2,52.0,-8.1,,0.87,1101.5,6
20260617,2026-06-18T01:54:12.025621+00:00,IMVT,84,85,3.49,46.8,-13.4,87.0,-2.4,,0.69,87.7,7
20260617,2026-06-18T01:54:12.025621+00:00,CLF,85,86,3.47,55.0,-15.9,63.0,-14.0,,1.17,260.6,5
20260617,2026-06-18T01:54:12.025621+00:00,ESI,86,87,3.44,42.6,-12.4,52.0,0.0,,1.21,108.8,6
20260617,2026-06-18T01:54:12.025621+00:00,CRWD,87,88,3.39,59.5,-17.5,56.0,-12.7,,0.57,2477.8,4
20260617,2026-06-18T01:54:12.025621+00:00,C,88,89,3.35,31.5,-9.4,29.0,0.0,,1.16,1516.5,4
20260617,2026-06-18T01:54:12.025621+00:00,JBL,89,90,3.28,41.4,-12.6,51.0,-2.8,,2.53,457.7,4
20260617,2026-06-18T01:54:12.025621+00:00,KNX,90,91,3.24,37.1,-11.4,44.0,-11.4,,2.06,357.5,5
20260617,2026-06-18T01:54:12.025621+00:00,ICLR,91,92,3.15,46.1,-14.6,61.0,-6.2,,0.85,161.9,4
20260617,2026-06-18T01:54:12.025621+00:00,MOH,92,93,3.11,37.5,-12.1,47.0,-3.7,,0.91,180.2,7
20260617,2026-06-18T01:54:12.025621+00:00,LSCC,93,94,3.1,47.3,-15.3,67.0,-9.5,,0.74,285.4,5
20260617,2026-06-18T01:54:12.025621+00:00,BHP,94,95,3.05,34.1,-11.2,40.0,-3.0,,1.17,247.4,6
20260617,2026-06-18T01:54:12.025621+00:00,ADI,95,96,3.04,33.9,-11.1,42.0,-5.3,,0.68,2119.5,5
20260617,2026-06-18T01:54:12.025621+00:00,ATI,96,97,2.99,33.4,-11.2,48.0,-1.3,,0.84,322.8,5
20260617,2026-06-18T01:54:12.025621+00:00,MARA,97,98,2.99,51.0,-17.0,76.0,-6.3,,0.88,544.1,5
20260617,2026-06-18T01:54:12.025621+00:00,GH,98,100,2.77,44.9,-16.2,62.0,-3.1,,0.83,326.4,6
20260617,2026-06-18T01:54:12.025621+00:00,AXTA,99,101,2.74,30.3,-11.0,40.0,0.0,,1.04,103.3,1
20260617,2026-06-18T01:54:12.025621+00:00,MT,100,102,2.71,30.4,-11.2,58.0,-9.2,,1.25,161.0,5
20260617,2026-06-18T01:54:12.025621+00:00,ONTO,101,103,2.69,52.3,-19.4,71.0,-5.1,,0.61,338.6,5
20260617,2026-06-18T01:54:12.025621+00:00,VIAV,102,104,2.63,42.3,-16.1,83.0,-11.9,,0.86,342.7,6
20260617,2026-06-18T01:54:12.025621+00:00,TECK,103,105,2.59,39.0,-15.1,52.0,-6.7,,1.16,206.7,6
20260617,2026-06-18T01:54:12.025621+00:00,MOD,104,106,2.53,41.3,-16.3,74.0,-7.5,,0.89,403.5,8
20260617,2026-06-18T01:54:12.025621+00:00,KLAR,105,107,2.42,33.2,-13.7,68.0,-2.4,,1.13,95.9,4
20260617,2026-06-18T01:54:12.025621+00:00,Q,106,108,2.36,40.1,-17.0,60.0,-6.9,,1.34,262.6,5
20260617,2026-06-18T01:54:12.025621+00:00,U,107,109,2.16,38.2,-17.7,62.0,-17.7,,0.74,269.1,5
20260617,2026-06-18T01:54:12.025621+00:00,SN,108,110,1.92,31.0,-16.2,50.0,-2.0,,0.54,261.2,5
20260617,2026-06-18T01:54:12.025621+00:00,ETSY,109,111,1.88,33.0,-17.5,50.0,-0.7,,1.16,205.9,4
20260617,2026-06-18T01:54:12.025621+00:00,RBRK,110,112,1.81,36.0,-19.8,67.0,-18.6,,0.59,334.5,7
20260617,2026-06-18T01:54:12.025621+00:00,GLW,111,113,1.67,32.0,-19.1,82.0,-15.7,,0.9,2267.1,6
20260622,2026-06-23T00:01:56.885202+00:00,KXIAY,1,1,24.45,387.5,-15.8,119.0,0.0,,1.6,102.2,5
20260622,2026-06-23T00:01:56.885202+00:00,HUM,2,2,21.93,113.1,-5.2,45.0,-5.1,,1.27,481.1,3
20260622,2026-06-23T00:01:56.885202+00:00,CORT,3,3,19.32,137.0,-7.1,64.0,-4.8,,0.87,75.7,2
20260622,2026-06-23T00:01:56.885202+00:00,VSH,4,4,18.44,268.7,-14.6,75.0,-1.0,,0.9,544.6,1
20260622,2026-06-23T00:01:56.885202+00:00,STM,5,5,13.58,153.1,-11.3,69.0,0.0,,0.75,1047.2,5
20260622,2026-06-23T00:01:56.885202+00:00,ALAB,6,6,13.38,254.9,-19.1,101.0,0.0,,0.83,2397.8,5
20260622,2026-06-23T00:01:56.885202+00:00,SNDK,7,7,12.09,223.7,-18.5,98.0,0.0,,0.91,19259.4,2
20260622,2026-06-23T00:01:56.885202+00:00,JEF,8,8,12.03,60.0,-5.0,29.0,0.0,,1.29,99.5,3
20260622,2026-06-23T00:01:56.885202+00:00,GTX,9,9,12.0,92.5,-7.7,63.0,-0.3,,0.74,92.7,6
20260622,2026-06-23T00:01:56.885202+00:00,STX,10,10,11.76,171.3,-14.6,65.0,0.0,,1.83,3737.4,5
20260622,2026-06-23T00:01:56.885202+00:00,UMC,11,11,11.62,202.5,-17.4,77.0,0.0,,1.42,410.8,7
20260622,2026-06-23T00:01:56.885202+00:00,CNC,12,12,11.18,94.1,-8.4,48.0,-3.8,,0.9,339.5,6
20260622,2026-06-23T00:01:56.885202+00:00,STT,13,13,10.87,41.9,-3.9,24.0,0.0,,1.41,384.8,6
20260622,2026-06-23T00:01:56.885202+00:00,SYRE,14,14,10.49,134.6,-12.8,80.0,0.0,,2.53,98.0,5
20260622,2026-06-23T00:01:56.885202+00:00,AMD,15,15,10.36,172.2,-16.6,81.0,0.0,,0.81,16130.2,5
20260622,2026-06-23T00:01:56.885202+00:00,FLEX,16,16,10.07,139.6,-13.9,98.0,-3.8,,0.8,1407.4,7
20260622,2026-06-23T00:01:56.885202+00:00,ALKS,17,17,9.99,66.1,-6.6,51.0,0.0,,1.43,100.1,2
20260622,2026-06-23T00:01:56.885202+00:00,TVTX,18,18,9.81,98.6,-10.1,90.0,-0.1,,0.78,111.1,5
20260622,2026-06-23T00:01:56.885202+00:00,SMTC,19,19,9.16,128.3,-14.0,82.0,0.0,,0.7,738.3,4
20260622,2026-06-23T00:01:56.885202+00:00,LQDA,20,20,9.06,112.6,-12.4,75.0,0.0,,1.19,168.2,6
20260622,2026-06-23T00:01:56.885202+00:00,FTNT,21,21,9.02,75.7,-8.4,57.0,-2.9,,0.8,1012.3,5
20260622,2026-06-23T00:01:56.885202+00:00,VOYA,22,23,8.82,36.3,-4.1,24.0,0.0,,1.16,108.0,6
20260622,2026-06-23T00:01:56.885202+00:00,BB,23,24,8.69,164.8,-19.0,74.0,-15.0,,0.74,420.2,4
20260622,2026-06-23T00:01:56.885202+00:00,NAVN,24,25,8.56,143.6,-16.8,109.0,-5.3,,0.88,108.4,4
20260622,2026-06-23T00:01:56.885202+00:00,RCRUY,25,26,8.55,72.3,-8.5,52.0,-0.5,,1.77,9.4,3
20260622,2026-06-23T00:01:56.885202+00:00,UNH,26,27,8.54,51.7,-6.1,33.0,-1.1,,0.83,2791.7,6
20260622,2026-06-23T00:01:56.885202+00:00,WDC,27,28,8.5,148.6,-17.5,73.0,-1.8,,1.64,5099.6,4
20260622,2026-06-23T00:01:56.885202+00:00,ARMK,28,29,8.45,33.2,-3.9,30.0,-1.8,,0.62,132.0,5
20260622,2026-06-23T00:01:56.885202+00:00,HST,29,30,8.18,32.7,-4.0,23.0,0.0,,0.77,224.1,4
20260622,2026-06-23T00:01:56.885202+00:00,BTSG,30,31,8.15,59.6,-7.3,40.0,0.0,,0.68,222.4,2
20260622,2026-06-23T00:01:56.885202+00:00,UBS,31,32,7.85,39.7,-5.1,29.0,0.0,,1.09,109.7,3
20260622,2026-06-23T00:01:56.885202+00:00,RAL,32,33,7.56,60.3,-8.0,52.0,-1.5,,0.79,96.4,7
20260622,2026-06-23T00:01:56.885202+00:00,NBIS,33,34,7.43,148.5,-20.0,101.0,-1.1,,0.8,4402.3,2
20260622,2026-06-23T00:01:56.885202+00:00,MS,34,35,7.32,38.9,-5.3,27.0,0.0,,1.08,1365.9,5
20260622,2026-06-23T00:01:56.885202+00:00,ACMR,35,36,7.29,130.1,-17.8,91.0,-6.1,,1.09,173.0,3
20260622,2026-06-23T00:01:56.885202+00:00,BEN,36,37,7.2,44.0,-6.1,32.0,0.0,,1.32,142.0,6
20260622,2026-06-23T00:01:56.885202+00:00,UCTT,37,38,7.06,101.5,-14.4,84.0,0.0,,0.83,122.6,5
20260622,2026-06-23T00:01:56.885202+00:00,OSCR,38,39,7.05,133.7,-19.0,70.0,-2.1,,0.71,181.2,6
20260622,2026-06-23T00:01:56.885202+00:00,VNO,39,40,6.9,44.4,-6.4,34.0,-3.6,,0.86,66.7,1
20260622,2026-06-23T00:01:56.885202+00:00,AVT,40,41,6.82,55.4,-8.1,41.0,-0.5,,1.18,139.7,5
20260622,2026-06-23T00:01:56.885202+00:00,ON,41,42,6.74,119.7,-17.7,75.0,-1.8,,0.99,1505.6,5
20260622,2026-06-23T00:01:56.885202+00:00,KLAC,42,43,6.68,78.3,-11.7,65.0,0.0,,0.92,2895.6,4
20260622,2026-06-23T00:01:56.885202+00:00,TTMI,43,44,6.49,118.4,-18.2,83.0,0.0,,0.91,494.9,4
20260622,2026-06-23T00:01:56.885202+00:00,NUE,44,45,6.27,53.0,-8.5,31.0,-8.0,,1.33,446.4,8
20260622,2026-06-23T00:01:56.885202+00:00,HPE,45,46,6.26,118.9,-19.0,72.0,-13.6,,0.54,2119.6,6
20260622,2026-06-23T00:01:56.885202+00:00,ASX,46,47,6.25,101.2,-16.2,64.0,0.0,,1.13,446.5,6
20260622,2026-06-23T00:01:56.885202+00:00,GFS,47,48,6.18,104.0,-16.8,72.0,-0.3,,0.62,486.0,5
20260622,2026-06-23T00:01:56.885202+00:00,PRM,48,49,5.91,77.6,-13.1,57.0,-0.9,,0.64,49.7,4
20260622,2026-06-23T00:01:56.885202+00:00,TXN,49,50,5.84,77.0,-13.2,56.0,0.0,,0.99,2829.4,6
20260622,2026-06-23T00:01:56.885202+00:00,MKSI,50,51,5.8,79.1,-13.6,57.0,0.0,,1.43,378.9,8
20260622,2026-06-23T00:01:56.885202+00:00,AMKR,51,52,5.75,103.1,-17.9,77.0,0.0,,1.13,505.3,6
20260622,2026-06-23T00:01:56.885202+00:00,FROG,52,53,5.71,87.4,-15.3,79.0,-9.5,,0.65,196.5,5
20260622,2026-06-23T00:01:56.885202+00:00,AMAT,53,54,5.67,77.2,-13.6,60.0,0.0,,1.15,5019.7,2
20260622,2026-06-23T00:01:56.885202+00:00,CSCO,54,55,5.65,55.0,-9.7,42.0,-6.5,,0.79,3091.0,6
20260622,2026-06-23T00:01:56.885202+00:00,PANW,55,56,5.61,74.6,-13.3,53.0,-4.7,,0.64,2554.3,5
20260622,2026-06-23T00:01:56.885202+00:00,SNDR,56,57,5.3,45.5,-8.6,43.0,-8.2,,1.21,38.5,4
20260622,2026-06-23T00:01:56.885202+00:00,RVMD,57,58,5.23,71.6,-13.7,96.0,0.0,,1.05,475.5,6
20260622,2026-06-23T00:01:56.885202+00:00,TGTX,58,59,5.22,78.7,-15.1,54.0,0.0,,1.64,118.1,5
20260622,2026-06-23T00:01:56.885202+00:00,IBKR,59,60,5.16,42.9,-8.3,38.0,0.0,,0.75,490.4,5
20260622,2026-06-23T00:01:56.885202+00:00,CAT,60,61,5.13,46.0,-9.0,44.0,0.0,,1.36,2827.1,5
20260622,2026-06-23T00:01:56.885202+00:00,DOCN,61,62,5.07,93.3,-18.4,111.0,-8.3,,0.99,478.0,5
20260622,2026-06-23T00:01:56.885202+00:00,CVS,62,63,4.94,43.3,-8.8,34.0,-0.6,,1.18,811.5,6
20260622,2026-06-23T00:01:56.885202+00:00,LTH,63,64,4.87,41.1,-8.4,51.0,0.0,,1.09,87.9,6
20260622,2026-06-23T00:01:56.885202+00:00,ALGM,64,65,4.82,94.0,-19.5,78.0,0.0,,1.4,132.6,4
20260622,2026-06-23T00:01:56.885202+00:00,NXPI,65,66,4.8,68.0,-14.2,69.0,-2.8,,0.97,1315.9,4
20260622,2026-06-23T00:01:56.885202+00:00,NVT,66,67,4.68,52.6,-11.2,48.0,0.0,,1.45,336.7,7
20260622,2026-06-23T00:01:56.885202+00:00,LRCX,67,68,4.64,75.7,-16.3,67.0,0.0,,1.3,4003.9,2
20260622,2026-06-23T00:01:56.885202+00:00,MTSI,68,69,4.64,72.8,-15.7,62.0,-3.3,,0.84,638.9,7
20260622,2026-06-23T00:01:56.885202+00:00,IRM,69,70,4.59,30.2,-6.6,35.0,0.0,,1.27,175.2,3
20260622,2026-06-23T00:01:56.885202+00:00,ELV,70,71,4.58,37.1,-8.1,30.0,-6.6,,0.68,689.3,7
20260622,2026-06-23T00:01:56.885202+00:00,VIK,71,72,4.47,39.2,-8.8,48.0,0.0,,1.67,276.1,4
20260622,2026-06-23T00:01:56.885202+00:00,LSCC,72,73,4.46,68.2,-15.3,67.0,0.0,,1.12,283.1,5
20260622,2026-06-23T00:01:56.885202+00:00,STLD,73,74,4.4,51.1,-11.6,38.0,-11.2,,1.16,351.4,7
20260622,2026-06-23T00:01:56.885202+00:00,BCS,74,75,4.39,32.0,-7.3,36.0,0.0,,0.89,128.1,3
20260622,2026-06-23T00:01:56.885202+00:00,TSM,75,76,4.28,38.5,-9.0,46.0,0.0,,1.06,5680.0,5
20260622,2026-06-23T00:01:56.885202+00:00,MCHP,76,77,4.27,60.4,-14.2,53.0,0.0,,0.92,1150.0,5
20260622,2026-06-23T00:01:56.885202+00:00,AAL,77,78,4.24,48.8,-11.5,51.0,0.0,,1.63,1651.0,2
20260622,2026-06-23T00:01:56.885202+00:00,IMVT,78,79,4.2,56.3,-13.4,87.0,0.0,,1.56,57.2,7
20260622,2026-06-23T00:01:56.885202+00:00,CORZ,79,80,4.09,75.4,-18.4,62.0,-0.3,,0.8,362.0,4
20260622,2026-06-23T00:01:56.885202+00:00,ST,80,81,4.09,49.9,-12.2,49.0,-3.5,,0.69,120.4,4
20260622,2026-06-23T00:01:56.885202+00:00,VSXY,81,82,4.08,77.5,-19.0,110.0,-1.7,,0.38,217.1,5
20260622,2026-06-23T00:01:56.885202+00:00,DAL,82,83,4.06,32.3,-7.9,43.0,0.0,,0.94,643.3,4
20260622,2026-06-23T00:01:56.885202+00:00,GS,83,84,4.03,33.7,-8.4,32.0,0.0,,0.77,2537.4,6
20260622,2026-06-23T00:01:56.885202+00:00,WULF,84,85,3.99,74.9,-18.7,80.0,-2.3,,0.76,722.3,7
20260622,2026-06-23T00:01:56.885202+00:00,VIRT,85,86,3.99,45.5,-11.4,36.0,-1.5,,1.62,74.3,5
20260622,2026-06-23T00:01:56.885202+00:00,HNGE,86,87,3.99,63.5,-15.9,54.0,-0.8,,1.21,122.7,4
20260622,2026-06-23T00:01:56.885202+00:00,ARWR,87,88,3.98,44.7,-11.2,55.0,0.0,,0.94,123.1,6
20260622,2026-06-23T00:01:56.885202+00:00,M,88,89,3.97,37.8,-9.5,41.0,-2.1,,0.84,177.9,4
20260622,2026-06-23T00:01:56.885202+00:00,ASML,89,90,3.96,41.2,-10.4,55.0,-0.0,,0.91,3540.2,2
20260622,2026-06-23T00:01:56.885202+00:00,NTAP,90,91,3.93,57.1,-14.5,62.0,-12.6,,0.78,752.5,4
20260622,2026-06-23T00:01:56.885202+00:00,ESI,91,92,3.92,48.5,-12.4,51.0,0.0,,1.71,124.5,6
20260622,2026-06-23T00:01:56.885202+00:00,MARA,92,93,3.91,66.7,-17.0,74.0,0.0,,1.75,559.8,5
20260622,2026-06-23T00:01:56.885202+00:00,ADI,93,94,3.87,43.1,-11.1,43.0,0.0,,0.82,2165.7,5
20260622,2026-06-23T00:01:56.885202+00:00,MFG,94,95,3.85,31.0,-8.0,35.0,-1.5,,1.59,38.4,6
20260622,2026-06-23T00:01:56.885202+00:00,AFRM,95,96,3.83,56.4,-14.7,61.0,-3.3,,0.68,341.9,4
20260622,2026-06-23T00:01:56.885202+00:00,AAON,96,97,3.82,69.7,-18.2,85.0,-8.1,,0.53,136.0,8
20260622,2026-06-23T00:01:56.885202+00:00,MOH,97,98,3.81,46.0,-12.1,47.0,-2.8,,0.93,183.8,6
20260622,2026-06-23T00:01:56.885202+00:00,CROX,98,99,3.79,55.4,-14.6,41.0,-3.1,,0.89,154.1,1
20260622,2026-06-23T00:01:56.885202+00:00,BRKR,99,100,3.75,62.2,-16.6,61.0,-9.8,,0.84,168.7,6
20260622,2026-06-23T00:01:56.885202+00:00,BWA,100,101,3.65,34.0,-9.3,43.0,-6.1,,1.16,270.9,3
20260622,2026-06-23T00:01:56.885202+00:00,CRWD,101,102,3.61,63.4,-17.5,55.0,-13.6,,0.95,2549.8,4
20260622,2026-06-23T00:01:56.885202+00:00,VIAV,102,103,3.58,57.5,-16.1,84.0,-4.3,,1.1,431.0,7
20260622,2026-06-23T00:01:56.885202+00:00,ATI,103,104,3.52,39.4,-11.2,47.0,0.0,,0.85,344.8,5
20260622,2026-06-23T00:01:56.885202+00:00,COHR,104,105,3.45,66.8,-19.3,90.0,-0.3,,1.54,2407.4,6
20260622,2026-06-23T00:01:56.885202+00:00,KNX,105,106,3.45,39.5,-11.4,44.0,-8.6,,0.86,362.7,4
20260622,2026-06-23T00:01:56.885202+00:00,MAC,106,107,3.43,31.0,-9.0,31.0,-4.9,,1.02,86.9,6
20260622,2026-06-23T00:01:56.885202+00:00,CDNS,107,108,3.42,33.0,-9.7,48.0,-6.6,,1.12,1078.7,7
20260622,2026-06-23T00:01:56.885202+00:00,ONTO,108,109,3.39,65.8,-19.4,70.0,0.0,,1.03,355.8,5
20260622,2026-06-23T00:01:56.885202+00:00,ROKU,109,110,3.37,38.2,-11.3,56.0,-5.9,,1.32,904.0,5
20260622,2026-06-23T00:01:56.885202+00:00,C,110,111,3.31,31.1,-9.4,29.0,0.0,,1.22,1722.9,5
20260622,2026-06-23T00:01:56.885202+00:00,JBL,111,112,3.3,41.7,-12.6,50.0,-2.2,,1.12,498.8,4
20260622,2026-06-23T00:01:56.885202+00:00,WSC,112,113,3.26,60.8,-18.6,61.0,0.0,,0.93,50.5,6
20260622,2026-06-23T00:01:56.885202+00:00,GH,113,114,3.18,51.6,-16.2,62.0,-3.3,,0.57,303.3,6
20260622,2026-06-23T00:01:56.885202+00:00,GLW,114,115,3.16,60.5,-19.1,84.0,0.0,,1.46,2421.1,6
20260622,2026-06-23T00:01:56.885202+00:00,Q,115,116,3.12,52.9,-17.0,60.0,0.0,,2.13,323.6,5
20260622,2026-06-23T00:01:56.885202+00:00,ILMN,116,118,2.89,30.4,-10.5,41.0,-5.6,,0.91,321.5,2
20260622,2026-06-23T00:01:56.885202+00:00,ICLR,117,119,2.75,40.2,-14.6,61.0,-7.9,,0.79,167.6,4
20260622,2026-06-23T00:01:56.885202+00:00,KLAR,118,120,2.75,37.8,-13.7,68.0,-4.6,,0.72,95.1,3
20260622,2026-06-23T00:01:56.885202+00:00,U,119,121,2.57,45.5,-17.7,61.0,-15.6,,0.49,271.1,5
20260622,2026-06-23T00:01:56.885202+00:00,CLF,120,122,2.48,48.1,-19.4,63.0,-19.4,,0.84,274.8,6
20260622,2026-06-23T00:01:56.885202+00:00,MOD,121,123,2.44,39.8,-16.3,73.0,-3.7,,0.91,423.4,8
20260622,2026-06-23T00:01:56.885202+00:00,SWKS,122,124,2.44,41.0,-16.8,63.0,-8.7,,1.55,403.4,5
20260622,2026-06-23T00:01:56.885202+00:00,CGNX,123,125,2.36,33.2,-14.1,45.0,-1.1,,0.76,138.1,7
20260622,2026-06-23T00:01:56.885202+00:00,AMRX,124,126,2.33,35.2,-15.1,38.0,-1.4,,0.91,29.0,4
20260622,2026-06-23T00:01:56.885202+00:00,ETSY,125,127,2.18,38.2,-17.5,50.0,-1.9,,0.69,211.8,4
20260622,2026-06-23T00:01:56.885202+00:00,TECK,126,128,2.12,32.0,-15.1,50.0,-9.8,,1.07,207.7,7
20260622,2026-06-23T00:01:56.885202+00:00,SN,127,129,1.96,31.8,-16.2,49.0,-1.6,,0.68,269.0,4
20260622,2026-06-23T00:01:56.885202+00:00,RBRK,128,130,1.91,37.8,-19.8,67.0,-17.1,,1.11,358.1,6
20260622,2026-06-23T00:01:56.885202+00:00,PWR,129,131,1.78,30.5,-17.1,50.0,-5.7,,1.1,814.1,9
20260623,2026-06-24T00:01:15.688504+00:00,HUM,1,1,19.72,109.6,-5.6,45.0,-5.6,,1.13,498.8,3
20260623,2026-06-24T00:01:15.688504+00:00,CORT,2,2,19.19,136.1,-7.1,64.0,-4.6,,0.94,77.9,2
20260623,2026-06-24T00:01:15.688504+00:00,KXIAY,3,3,17.8,328.9,-18.5,125.0,-18.5,,2.0,112.3,6
20260623,2026-06-24T00:01:15.688504+00:00,VSH,4,4,15.34,223.4,-14.6,77.0,-9.2,,0.81,545.5,1
20260623,2026-06-24T00:01:15.688504+00:00,ALAB,5,5,12.81,226.1,-17.6,103.0,-9.7,,0.97,2426.2,6
20260623,2026-06-24T00:01:15.688504+00:00,GTX,6,6,11.46,88.4,-7.7,64.0,-2.5,,0.71,91.2,6
20260623,2026-06-24T00:01:15.688504+00:00,STM,7,7,11.23,126.7,-11.3,73.0,-9.4,,1.0,1072.7,6
20260623,2026-06-24T00:01:15.688504+00:00,UMC,8,8,10.87,189.5,-17.4,78.0,-4.7,,1.35,435.2,7
20260623,2026-06-24T00:01:15.688504+00:00,CNC,9,9,10.87,91.4,-8.4,49.0,-4.6,,0.91,346.6,7
20260623,2026-06-24T00:01:15.688504+00:00,TVTX,10,10,10.83,108.8,-10.1,90.0,0.0,,0.7,113.8,5
20260623,2026-06-24T00:01:15.688504+00:00,ALKS,11,11,10.47,69.3,-6.6,51.0,0.0,,1.05,104.3,2
20260623,2026-06-24T00:01:15.688504+00:00,FTNT,12,12,10.32,86.5,-8.4,56.0,-1.1,,0.83,1017.2,5
20260623,2026-06-24T00:01:15.688504+00:00,SYRE,13,13,10.12,129.9,-12.8,81.0,-3.3,,2.18,108.7,4
20260623,2026-06-24T00:01:15.688504+00:00,JEF,14,14,10.1,50.4,-5.0,30.0,-3.6,,3.23,110.5,4
20260623,2026-06-24T00:01:15.688504+00:00,STT,15,15,9.98,38.5,-3.9,24.0,0.0,,0.91,391.5,6
20260623,2026-06-24T00:01:15.688504+00:00,STX,16,16,9.94,144.8,-14.6,66.0,-5.1,,1.32,3905.1,4
20260623,2026-06-24T00:01:15.688504+00:00,SNDK,17,17,9.7,179.5,-18.5,103.0,-13.6,,1.2,19808.8,3
20260623,2026-06-24T00:01:15.688504+00:00,AMD,18,18,9.22,153.1,-16.6,82.0,-5.8,,0.95,16102.6,5
20260623,2026-06-24T00:01:15.688504+00:00,BB,19,19,9.13,173.1,-19.0,74.0,-14.7,,0.55,408.3,4
20260623,2026-06-24T00:01:15.688504+00:00,NAVN,20,20,8.94,150.1,-16.8,108.0,-7.0,,0.84,108.4,4
20260623,2026-06-24T00:01:15.688504+00:00,RCRUY,21,21,8.88,75.1,-8.5,52.0,0.0,,1.34,9.6,3
20260623,2026-06-24T00:01:15.688504+00:00,LQDA,22,22,8.87,110.3,-12.4,76.0,-1.9,,0.68,171.6,5
20260623,2026-06-24T00:01:15.688504+00:00,VOYA,23,23,8.85,36.4,-4.1,24.0,-0.3,,1.03,112.0,5
20260623,2026-06-24T00:01:15.688504+00:00,FLEX,24,24,8.64,119.8,-13.9,98.0,-6.2,,0.84,1443.9,7
20260623,2026-06-24T00:01:15.688504+00:00,ARMK,25,25,8.64,33.9,-3.9,30.0,-1.4,,1.13,134.3,5
20260623,2026-06-24T00:01:15.688504+00:00,UNH,26,26,8.45,51.2,-6.1,33.0,-0.4,,0.94,2820.2,5
20260623,2026-06-24T00:01:15.688504+00:00,MU,27,27,8.31,166.0,-20.0,101.0,-13.2,,1.1,55876.5,6
20260623,2026-06-24T00:01:15.688504+00:00,HST,28,28,8.07,32.2,-4.0,23.0,-1.2,,0.66,223.5,3
20260623,2026-06-24T00:01:15.688504+00:00,RAL,29,29,7.86,62.7,-8.0,52.0,0.0,,1.2,98.6,6
20260623,2026-06-24T00:01:15.688504+00:00,OSCR,30,30,7.84,148.8,-19.0,70.0,0.0,,1.08,186.8,6
20260623,2026-06-24T00:01:15.688504+00:00,SMTC,31,31,7.81,109.5,-14.0,83.0,-6.6,,0.76,716.5,5
20260623,2026-06-24T00:01:15.688504+00:00,UBS,32,32,7.79,39.5,-5.1,29.0,-1.7,,0.54,109.0,2
20260623,2026-06-24T00:01:15.688504+00:00,BTSG,33,33,7.42,54.3,-7.3,39.0,-0.5,,0.66,226.2,1
20260623,2026-06-24T00:01:15.688504+00:00,BEN,34,34,7.33,44.8,-6.1,32.0,-0.4,,1.47,149.1,6
20260623,2026-06-24T00:01:15.688504+00:00,WDC,35,36,7.03,122.9,-17.5,76.0,-10.1,,1.51,5416.2,3
20260623,2026-06-24T00:01:15.688504+00:00,NBIS,36,37,6.99,139.5,-20.0,102.0,-4.0,,1.04,4546.7,3
20260623,2026-06-24T00:01:15.688504+00:00,MS,37,38,6.96,37.0,-5.3,27.0,-0.5,,0.95,1396.7,4
20260623,2026-06-24T00:01:15.688504+00:00,VNO,38,39,6.85,44.1,-6.4,34.0,-3.4,,0.63,67.1,1
20260623,2026-06-24T00:01:15.688504+00:00,ACMR,39,40,6.49,115.9,-17.8,92.0,-9.8,,0.92,175.0,3
20260623,2026-06-24T00:01:15.688504+00:00,PANW,40,41,6.4,85.0,-13.3,52.0,-3.2,,0.59,2546.9,5
20260623,2026-06-24T00:01:15.688504+00:00,AVT,41,42,5.78,46.9,-8.1,42.0,-3.6,,0.65,139.4,5
20260623,2026-06-24T00:01:15.688504+00:00,RVMD,42,43,5.66,77.5,-13.7,96.0,0.0,,1.02,487.3,5
20260623,2026-06-24T00:01:15.688504+00:00,HPE,43,44,5.55,105.3,-19.0,71.0,-12.6,,0.47,2112.6,6
20260623,2026-06-24T00:01:15.688504+00:00,LTH,44,45,5.52,46.6,-8.4,51.0,0.0,,1.0,83.1,6
20260623,2026-06-24T00:01:15.688504+00:00,FROG,45,46,5.49,84.0,-15.3,79.0,-10.9,,0.76,195.4,6
20260623,2026-06-24T00:01:15.688504+00:00,TTMI,46,47,5.44,99.2,-18.2,83.0,-3.7,,0.78,487.4,3
20260623,2026-06-24T00:01:15.688504+00:00,HNGE,47,48,5.36,72.0,-13.4,53.0,0.0,,0.67,123.7,4
20260623,2026-06-24T00:01:15.688504+00:00,ASX,48,49,5.24,84.7,-16.2,67.0,-8.8,,1.43,466.0,6
20260623,2026-06-24T00:01:15.688504+00:00,IBKR,49,50,5.22,43.4,-8.3,38.0,-2.2,,1.12,486.0,5
20260623,2026-06-24T00:01:15.688504+00:00,TGTX,50,51,5.21,78.5,-15.1,54.0,-0.8,,1.23,123.9,4
20260623,2026-06-24T00:01:15.688504+00:00,CSCO,51,52,5.2,50.6,-9.7,42.0,-6.8,,0.89,3094.3,7
20260623,2026-06-24T00:01:15.688504+00:00,IRM,52,53,5.01,33.0,-6.6,35.0,0.0,,1.42,182.4,2
20260623,2026-06-24T00:01:15.688504+00:00,ON,53,54,4.95,87.8,-17.7,78.0,-12.6,,1.25,1546.9,6
20260623,2026-06-24T00:01:15.688504+00:00,UCTT,54,55,4.94,71.0,-14.4,86.0,-9.3,,1.04,128.1,5
20260623,2026-06-24T00:01:15.688504+00:00,GFS,55,56,4.81,81.0,-16.8,74.0,-7.3,,0.59,449.9,4
20260623,2026-06-24T00:01:15.688504+00:00,KLAC,56,57,4.8,56.3,-11.7,68.0,-9.2,,1.44,3056.0,4
20260623,2026-06-24T00:01:15.688504+00:00,NUE,57,58,4.76,47.7,-10.0,31.0,-10.0,,1.43,463.6,8
20260623,2026-06-24T00:01:15.688504+00:00,PRM,58,59,4.72,62.0,-13.1,57.0,-5.2,,0.78,49.7,5
20260623,2026-06-24T00:01:15.688504+00:00,SNDR,59,60,4.69,40.3,-8.6,43.0,-8.5,,1.04,39.4,4
20260623,2026-06-24T00:01:15.688504+00:00,CVS,60,61,4.64,40.7,-8.8,34.0,-0.4,,0.76,821.6,6
20260623,2026-06-24T00:01:15.688504+00:00,DOCN,61,62,4.63,85.1,-18.4,112.0,-13.3,,1.33,489.5,6
20260623,2026-06-24T00:01:15.688504+00:00,MARA,62,63,4.59,78.2,-17.0,72.0,-1.0,,1.06,563.1,5
20260623,2026-06-24T00:01:15.688504+00:00,ELV,63,64,4.53,36.6,-8.1,30.0,-6.5,,0.73,692.7,6
20260623,2026-06-24T00:01:15.688504+00:00,VIK,64,65,4.47,39.2,-8.8,48.0,0.0,,1.25,282.5,4
20260623,2026-06-24T00:01:15.688504+00:00,AAL,65,66,4.41,50.7,-11.5,51.0,0.0,,1.48,1716.6,2
20260623,2026-06-24T00:01:15.688504+00:00,MKSI,66,67,4.4,59.9,-13.6,60.0,-7.5,,1.5,397.5,8
20260623,2026-06-24T00:01:15.688504+00:00,TXN,67,68,4.33,57.2,-13.2,59.0,-8.4,,1.17,2883.7,6
20260623,2026-06-24T00:01:15.688504+00:00,IMVT,68,69,4.32,57.8,-13.4,87.0,-1.3,,0.54,56.1,6
20260623,2026-06-24T00:01:15.688504+00:00,VSXY,69,70,4.26,80.9,-19.0,109.0,-3.9,,0.45,217.3,5
20260623,2026-06-24T00:01:15.688504+00:00,BCS,70,71,4.21,30.7,-7.3,36.0,-1.0,,0.88,129.8,3
20260623,2026-06-24T00:01:15.688504+00:00,CAT,71,72,4.19,37.6,-9.0,45.0,-3.7,,1.39,2950.4,5
20260623,2026-06-24T00:01:15.688504+00:00,AMAT,72,73,4.18,56.9,-13.6,63.0,-8.5,,1.26,5266.6,3
20260623,2026-06-24T00:01:15.688504+00:00,CRWD,73,74,4.18,73.3,-17.5,54.0,-12.9,,0.65,2538.4,4
20260623,2026-06-24T00:01:15.688504+00:00,PRMB,74,75,4.17,31.7,-7.6,44.0,-2.0,,0.8,84.3,4
20260623,2026-06-24T00:01:15.688504+00:00,WULF,75,76,4.13,77.4,-18.7,80.0,-0.7,,0.88,733.7,6
20260623,2026-06-24T00:01:15.688504+00:00,VIRT,76,77,4.13,47.0,-11.4,36.0,0.0,,1.08,77.2,5
20260623,2026-06-24T00:01:15.688504+00:00,AFRM,77,78,4.1,60.4,-14.7,61.0,-3.8,,0.57,334.0,4
20260623,2026-06-24T00:01:15.688504+00:00,AMKR,78,79,4.06,72.7,-17.9,77.0,-7.3,,1.01,514.5,6
20260623,2026-06-24T00:01:15.688504+00:00,CORZ,79,80,3.97,73.1,-18.4,62.0,0.0,,0.64,359.6,4
20260623,2026-06-24T00:01:15.688504+00:00,DAL,80,81,3.83,30.5,-7.9,43.0,0.0,,0.87,648.7,3
20260623,2026-06-24T00:01:15.688504+00:00,NXPI,81,82,3.78,53.5,-14.2,71.0,-9.8,,1.45,1361.6,4
20260623,2026-06-24T00:01:15.688504+00:00,GS,82,83,3.77,31.5,-8.4,32.0,-1.1,,0.85,2555.1,7
20260623,2026-06-24T00:01:15.688504+00:00,DUOL,83,84,3.75,35.3,-9.4,54.0,0.0,,1.43,171.5,2
20260623,2026-06-24T00:01:15.688504+00:00,ARWR,84,85,3.73,42.0,-11.2,56.0,-2.6,,0.87,123.4,6
20260623,2026-06-24T00:01:15.688504+00:00,ROKU,85,86,3.64,41.3,-11.3,56.0,-6.0,,1.01,939.4,5
20260623,2026-06-24T00:01:15.688504+00:00,MTSI,86,87,3.62,56.9,-15.7,64.0,-9.2,,1.26,660.0,7
20260623,2026-06-24T00:01:15.688504+00:00,ALGM,87,88,3.61,70.4,-19.5,81.0,-9.8,,1.33,137.5,3
20260623,2026-06-24T00:01:15.688504+00:00,NTAP,88,89,3.59,52.1,-14.5,61.0,-12.8,,0.7,731.9,4
20260623,2026-06-24T00:01:15.688504+00:00,MAC,89,90,3.59,32.4,-9.0,31.0,-3.5,,0.7,87.6,6
20260623,2026-06-24T00:01:15.688504+00:00,CROX,90,91,3.52,51.4,-14.6,41.0,-5.2,,1.21,157.0,1
20260623,2026-06-24T00:01:15.688504+00:00,GH,91,92,3.48,56.5,-16.2,62.0,-1.8,,0.82,299.2,5
20260623,2026-06-24T00:01:15.688504+00:00,CDNS,92,93,3.45,33.3,-9.7,48.0,-9.0,,0.78,1078.1,6
20260623,2026-06-24T00:01:15.688504+00:00,LRCX,93,94,3.41,55.6,-16.3,70.0,-9.3,,1.39,4182.3,2
20260623,2026-06-24T00:01:15.688504+00:00,M,94,95,3.28,31.3,-9.5,41.0,-4.9,,0.82,181.3,4
20260623,2026-06-24T00:01:15.688504+00:00,BRKR,95,96,3.26,54.0,-16.6,61.0,-12.0,,0.72,171.1,5
20260623,2026-06-24T00:01:15.688504+00:00,MOH,96,97,3.2,38.7,-12.1,46.0,-3.2,,0.88,187.2,5
20260623,2026-06-24T00:01:15.688504+00:00,STLD,97,98,3.19,44.0,-13.8,38.0,-13.8,,1.25,357.6,7
20260623,2026-06-24T00:01:15.688504+00:00,LSCC,98,99,3.06,46.9,-15.3,68.0,-6.9,,0.73,280.9,4
20260623,2026-06-24T00:01:15.688504+00:00,NVT,99,100,3.05,34.2,-11.2,51.0,-8.7,,1.32,346.5,6
20260623,2026-06-24T00:01:15.688504+00:00,KNX,100,101,3.05,34.9,-11.4,44.0,-10.2,,0.77,366.5,4
20260623,2026-06-24T00:01:15.688504+00:00,MCHP,101,102,3.02,42.8,-14.2,56.0,-9.2,,1.41,1188.5,5
20260623,2026-06-24T00:01:15.688504+00:00,ATI,102,103,2.99,33.4,-11.2,47.0,-2.2,,0.89,347.6,5
20260623,2026-06-24T00:01:15.688504+00:00,AAON,103,104,2.97,54.2,-18.2,85.0,-12.6,,0.73,134.3,8
20260623,2026-06-24T00:01:15.688504+00:00,U,104,105,2.95,52.2,-17.7,61.0,-14.2,,0.97,273.8,4
20260623,2026-06-24T00:01:15.688504+00:00,ILMN,105,106,2.94,30.9,-10.5,41.0,-3.5,,1.04,332.0,2
20260623,2026-06-24T00:01:15.688504+00:00,ETSY,106,107,2.93,51.4,-17.5,48.0,0.0,,0.76,212.7,4
20260623,2026-06-24T00:01:15.688504+00:00,ESI,107,109,2.91,36.1,-12.4,53.0,-6.6,,2.1,134.8,6
20260623,2026-06-24T00:01:15.688504+00:00,ST,108,110,2.85,34.8,-12.2,50.0,-8.9,,0.61,120.0,4
20260623,2026-06-24T00:01:15.688504+00:00,WSC,109,111,2.83,52.9,-18.6,62.0,-4.1,,1.08,51.3,6
20260623,2026-06-24T00:01:15.688504+00:00,ICLR,110,112,2.79,40.9,-14.6,61.0,-6.6,,0.58,170.4,4
20260623,2026-06-24T00:01:15.688504+00:00,RBRK,111,113,2.74,54.4,-19.8,66.0,-12.7,,1.02,368.5,6
20260623,2026-06-24T00:01:15.688504+00:00,JBL,112,114,2.73,34.5,-12.6,49.0,-3.3,,1.74,527.9,4
20260623,2026-06-24T00:01:15.688504+00:00,NVO,113,115,2.58,33.3,-12.9,36.0,0.0,,1.37,582.2,4
20260623,2026-06-24T00:01:15.688504+00:00,AMRX,114,116,2.52,38.0,-15.1,38.0,0.0,,0.92,29.9,4
20260623,2026-06-24T00:01:15.688504+00:00,VIAV,115,117,2.43,39.0,-16.1,84.0,-9.7,,0.54,431.4,6
20260623,2026-06-24T00:01:15.688504+00:00,BGC,116,118,2.41,33.4,-13.9,30.0,0.0,,1.44,39.4,4
20260623,2026-06-24T00:01:15.688504+00:00,ONTO,117,119,2.26,43.9,-19.4,73.0,-9.2,,0.98,364.1,4
20260623,2026-06-24T00:01:15.688504+00:00,KLAR,118,120,2.26,31.0,-13.7,68.0,-5.8,,0.44,91.7,3
20260623,2026-06-24T00:01:15.688504+00:00,CYTK,119,121,2.24,33.3,-14.9,52.0,0.0,,1.05,150.9,5
20260623,2026-06-24T00:01:15.688504+00:00,Q,120,122,2.14,36.3,-17.0,63.0,-8.2,,1.18,330.8,5
20260623,2026-06-24T00:01:15.688504+00:00,COHR,121,123,2.07,40.0,-19.3,92.0,-10.7,,0.96,2445.8,5
20260623,2026-06-24T00:01:15.688504+00:00,SWKS,122,124,2.01,33.8,-16.8,63.0,-12.0,,1.6,412.9,6
20260623,2026-06-24T00:01:15.688504+00:00,GLW,123,125,1.93,36.9,-19.1,84.0,-7.5,,1.39,2502.2,5
20260624,2026-06-25T00:01:23.522342+00:00,HUM,1,1,19.55,108.6,-5.6,45.0,-4.9,,1.17,518.3,3
20260624,2026-06-25T00:01:23.522342+00:00,CORT,2,2,14.32,101.5,-7.1,51.0,-2.6,,0.73,78.9,2
20260624,2026-06-25T00:01:23.522342+00:00,VSH,3,3,14.03,204.4,-14.6,79.0,-14.3,,0.68,538.4,1
20260624,2026-06-25T00:01:23.522342+00:00,ALAB,4,4,13.94,232.4,-16.7,103.0,-9.0,,0.61,2378.1,5
20260624,2026-06-25T00:01:23.522342+00:00,SNDK,5,5,11.55,182.4,-15.8,103.0,-15.8,,0.96,19779.5,3
20260624,2026-06-25T00:01:23.522342+00:00,UMC,6,6,11.52,200.9,-17.4,78.0,0.0,,1.22,441.1,6
20260624,2026-06-25T00:01:23.522342+00:00,CNC,7,7,10.98,92.4,-8.4,49.0,-4.9,,0.95,351.0,8
20260624,2026-06-25T00:01:23.522342+00:00,TVTX,8,8,10.88,109.3,-10.1,90.0,0.0,,1.07,116.8,5
20260624,2026-06-25T00:01:23.522342+00:00,ALKS,9,9,10.85,71.8,-6.6,51.0,0.0,,1.55,111.6,1
20260624,2026-06-25T00:01:23.522342+00:00,STX,10,10,10.59,140.4,-13.3,66.0,-9.2,,1.05,3971.3,3
20260624,2026-06-25T00:01:23.522342+00:00,GTX,11,11,10.41,80.3,-7.7,64.0,-3.7,,1.15,92.3,6
20260624,2026-06-25T00:01:23.522342+00:00,STM,12,12,10.21,115.2,-11.3,72.0,-10.0,,0.5,1044.0,5
20260624,2026-06-25T00:01:23.522342+00:00,FTNT,13,13,10.04,84.2,-8.4,56.0,-2.9,,0.67,1019.3,5
20260624,2026-06-25T00:01:23.522342+00:00,STT,14,14,8.8,33.9,-3.9,25.0,-2.8,,1.62,407.2,7
20260624,2026-06-25T00:01:23.522342+00:00,MU,15,15,8.74,174.5,-20.0,100.0,-13.4,,1.23,56061.0,6
20260624,2026-06-25T00:01:23.522342+00:00,RAL,16,16,8.64,68.9,-8.0,53.0,0.0,,1.6,103.4,6
20260624,2026-06-25T00:01:23.522342+00:00,LQDA,17,17,8.55,106.3,-12.4,75.0,0.0,,0.81,175.6,5
20260624,2026-06-25T00:01:23.522342+00:00,BB,18,18,8.55,162.0,-19.0,74.0,-16.6,,0.89,400.2,5
20260624,2026-06-25T00:01:23.522342+00:00,RCRUY,19,19,8.43,71.2,-8.5,53.0,-3.0,,0.38,9.5,3
20260624,2026-06-25T00:01:23.522342+00:00,UNH,20,20,8.39,50.8,-6.1,33.0,-1.3,,0.96,2837.6,6
20260624,2026-06-25T00:01:23.522342+00:00,FLEX,21,21,8.31,115.3,-13.9,98.0,-6.9,,0.71,1456.3,6
20260624,2026-06-25T00:01:23.522342+00:00,NAVN,22,22,8.22,138.0,-16.8,107.0,-4.8,,0.81,109.5,4
20260624,2026-06-25T00:01:23.522342+00:00,AMD,23,23,8.18,136.0,-16.6,81.0,-5.8,,0.84,15823.2,5
20260624,2026-06-25T00:01:23.522342+00:00,VOYA,24,24,8.0,32.9,-4.1,25.0,-2.4,,1.25,116.5,6
20260624,2026-06-25T00:01:23.522342+00:00,ARMK,25,25,7.72,30.3,-3.9,29.0,-1.1,,1.0,133.1,5
20260624,2026-06-25T00:01:23.522342+00:00,OSCR,26,26,7.32,138.8,-19.0,71.0,-2.6,,0.77,188.5,6
20260624,2026-06-25T00:01:23.522342+00:00,VNO,27,27,7.17,46.2,-6.4,34.0,-2.5,,0.97,68.4,1
20260624,2026-06-25T00:01:23.522342+00:00,SMTC,28,29,6.99,98.0,-14.0,83.0,-9.3,,0.62,665.0,4
20260624,2026-06-25T00:01:23.522342+00:00,BTSG,29,30,6.95,50.8,-7.3,39.0,0.0,,0.78,229.8,1
20260624,2026-06-25T00:01:23.522342+00:00,ACMR,30,31,6.87,122.6,-17.8,92.0,-7.5,,0.9,168.2,3
20260624,2026-06-25T00:01:23.522342+00:00,WDC,31,32,6.72,117.5,-17.5,77.0,-13.7,,1.38,5611.3,2
20260624,2026-06-25T00:01:23.522342+00:00,UBS,32,33,6.51,33.0,-5.1,29.0,-3.4,,0.87,109.4,3
20260624,2026-06-25T00:01:23.522342+00:00,PANW,33,34,6.48,86.2,-13.3,51.0,-5.1,,0.54,2524.8,5
20260624,2026-06-25T00:01:23.522342+00:00,HNGE,34,35,6.35,75.6,-11.9,53.0,0.0,,0.98,127.0,4
20260624,2026-06-25T00:01:23.522342+00:00,SYRE,35,36,6.33,88.8,-14.0,84.0,-14.0,,3.07,124.4,5
20260624,2026-06-25T00:01:23.522342+00:00,MS,36,37,6.29,33.4,-5.3,28.0,-3.2,,1.07,1417.2,5
20260624,2026-06-25T00:01:23.522342+00:00,NBIS,37,38,6.29,125.6,-20.0,103.0,-9.4,,0.83,4627.8,3
20260624,2026-06-25T00:01:23.522342+00:00,BEN,38,39,6.19,37.9,-6.1,33.0,-4.3,,0.8,149.1,6
20260624,2026-06-25T00:01:23.522342+00:00,JEF,39,40,6.1,47.3,-7.8,31.0,-7.8,,2.14,119.6,4
20260624,2026-06-25T00:01:23.522342+00:00,RVMD,40,41,5.85,80.1,-13.7,96.0,0.0,,1.17,499.5,5
20260624,2026-06-25T00:01:23.522342+00:00,LTH,41,42,5.59,47.1,-8.4,51.0,0.0,,1.93,86.2,5
20260624,2026-06-25T00:01:23.522342+00:00,AAL,42,43,5.42,62.4,-11.5,53.0,0.0,,1.79,1815.7,2
20260624,2026-06-25T00:01:23.522342+00:00,ASX,43,44,5.23,84.6,-16.2,67.0,-5.2,,1.0,464.8,5
20260624,2026-06-25T00:01:23.522342+00:00,AVT,44,45,5.21,42.3,-8.1,42.0,-5.0,,1.3,141.2,5
20260624,2026-06-25T00:01:23.522342+00:00,TTMI,45,46,5.16,94.2,-18.2,83.0,-5.3,,0.68,472.4,3
20260624,2026-06-25T00:01:23.522342+00:00,AFRM,46,47,4.92,72.4,-14.7,63.0,0.0,,1.22,337.4,4
20260624,2026-06-25T00:01:23.522342+00:00,KLAC,47,48,4.89,56.0,-11.5,68.0,-10.7,,0.85,3079.1,4
20260624,2026-06-25T00:01:23.522342+00:00,PRM,48,49,4.88,64.0,-13.1,57.0,-5.4,,1.07,50.5,5
20260624,2026-06-25T00:01:23.522342+00:00,CSCO,49,50,4.83,47.1,-9.7,42.0,-7.9,,0.85,3067.2,7
20260624,2026-06-25T00:01:23.522342+00:00,CVS,50,51,4.83,42.4,-8.8,34.0,-0.1,,0.99,839.2,6
20260624,2026-06-25T00:01:23.522342+00:00,FPS,51,52,4.83,85.2,-17.6,75.0,-6.9,,0.55,413.6,5
20260624,2026-06-25T00:01:23.522342+00:00,AMAT,52,53,4.77,59.7,-12.5,63.0,-8.0,,1.08,5399.5,3
20260624,2026-06-25T00:01:23.522342+00:00,UCTT,53,54,4.74,66.7,-14.1,86.0,-12.0,,1.1,132.3,5
20260624,2026-06-25T00:01:23.522342+00:00,HPE,54,55,4.72,89.7,-19.0,70.0,-12.9,,0.49,2132.0,6
20260624,2026-06-25T00:01:23.522342+00:00,ON,55,56,4.7,83.4,-17.7,79.0,-13.6,,0.66,1473.1,5
20260624,2026-06-25T00:01:23.522342+00:00,GFS,56,57,4.7,79.1,-16.8,74.0,-7.0,,0.59,411.8,3
20260624,2026-06-25T00:01:23.522342+00:00,IRM,57,58,4.67,30.8,-6.6,35.0,-1.9,,1.62,191.1,3
20260624,2026-06-25T00:01:23.522342+00:00,NUE,58,59,4.6,46.1,-10.0,31.0,-9.7,,0.96,466.1,7
20260624,2026-06-25T00:01:23.522342+00:00,TGTX,59,60,4.54,68.4,-15.1,53.0,-1.5,,1.03,128.6,4
20260624,2026-06-25T00:01:23.522342+00:00,PRMB,60,61,4.39,33.4,-7.6,44.0,-1.2,,0.76,81.5,4
20260624,2026-06-25T00:01:23.522342+00:00,VIK,61,62,4.37,38.3,-8.8,48.0,0.0,,0.93,281.8,4
20260624,2026-06-25T00:01:23.522342+00:00,CAT,62,63,4.3,38.6,-9.0,45.0,-2.7,,1.11,3023.1,5
20260624,2026-06-25T00:01:23.522342+00:00,VSXY,63,64,4.26,81.0,-19.0,109.0,-1.6,,0.54,217.0,4
20260624,2026-06-25T00:01:23.522342+00:00,CRWD,64,65,4.24,74.4,-17.5,54.0,-14.0,,0.48,2527.6,4
20260624,2026-06-25T00:01:23.522342+00:00,DAL,65,66,4.24,33.7,-7.9,43.0,0.0,,1.21,654.5,3
20260624,2026-06-25T00:01:23.522342+00:00,IBKR,66,67,4.24,35.2,-8.3,38.0,-4.2,,0.64,484.6,4
20260624,2026-06-25T00:01:23.522342+00:00,LRCX,67,68,4.22,60.7,-14.4,69.0,-8.5,,1.01,4250.1,2
20260624,2026-06-25T00:01:23.522342+00:00,MKSI,68,69,4.16,56.7,-13.6,60.0,-9.3,,1.59,417.5,8
20260624,2026-06-25T00:01:23.522342+00:00,TXN,69,70,4.15,54.8,-13.2,59.0,-8.8,,0.93,2878.8,6
20260624,2026-06-25T00:01:23.522342+00:00,FROG,70,71,4.1,62.7,-15.3,77.0,-13.2,,0.89,194.3,7
20260624,2026-06-25T00:01:23.522342+00:00,IMVT,71,72,4.06,54.4,-13.4,87.0,0.0,,0.92,55.8,5
20260624,2026-06-25T00:01:23.522342+00:00,MARA,72,73,4.05,69.1,-17.0,73.0,-5.7,,1.32,569.6,6
20260624,2026-06-25T00:01:23.522342+00:00,MAC,73,74,3.99,36.0,-9.0,32.0,0.0,,1.23,91.2,6
20260624,2026-06-25T00:01:23.522342+00:00,M,74,75,3.99,38.0,-9.5,43.0,0.0,,0.87,184.2,4
20260624,2026-06-25T00:01:23.522342+00:00,ICLR,75,76,3.98,58.2,-14.6,65.0,0.0,,1.99,183.7,4
20260624,2026-06-25T00:01:23.522342+00:00,DOCN,76,77,3.85,70.8,-18.4,112.0,-18.0,,1.05,496.3,6
20260624,2026-06-25T00:01:23.522342+00:00,BRKR,77,78,3.83,63.4,-16.6,62.0,-6.7,,0.62,171.8,5
20260624,2026-06-25T00:01:23.522342+00:00,AMKR,78,79,3.79,65.9,-17.4,78.0,-11.5,,0.67,501.1,5
20260624,2026-06-25T00:01:23.522342+00:00,ROKU,79,80,3.79,43.0,-11.3,56.0,-5.4,,0.86,969.8,5
20260624,2026-06-25T00:01:23.522342+00:00,VIRT,80,81,3.79,43.2,-11.4,36.0,-1.7,,0.95,79.5,5
20260624,2026-06-25T00:01:23.522342+00:00,SNDR,81,82,3.74,35.6,-9.5,43.0,-9.5,,1.3,40.4,5
20260624,2026-06-25T00:01:23.522342+00:00,ILMN,82,83,3.69,38.7,-10.5,43.0,0.0,,1.29,343.5,2
20260624,2026-06-25T00:01:23.522342+00:00,MOH,83,84,3.65,44.0,-12.1,46.0,-0.8,,1.09,186.7,5
20260624,2026-06-25T00:01:23.522342+00:00,GH,84,85,3.58,58.2,-16.2,62.0,0.0,,1.66,313.7,5
20260624,2026-06-25T00:01:23.522342+00:00,ALGM,85,86,3.58,69.8,-19.5,81.0,-10.0,,0.99,137.1,3
20260624,2026-06-25T00:01:23.522342+00:00,DUOL,86,87,3.54,33.3,-9.4,54.0,-0.0,,1.83,182.8,2
20260624,2026-06-25T00:01:23.522342+00:00,CROX,87,88,3.53,51.6,-14.6,41.0,-5.0,,1.14,154.9,1
20260624,2026-06-25T00:01:23.522342+00:00,ETSY,88,89,3.52,61.8,-17.5,48.0,0.0,,1.42,220.1,4
20260624,2026-06-25T00:01:23.522342+00:00,NXPI,89,90,3.45,48.8,-14.2,71.0,-11.6,,0.87,1341.6,4
20260624,2026-06-25T00:01:23.522342+00:00,CORZ,90,91,3.42,63.0,-18.4,63.0,-4.7,,0.98,352.4,4
20260624,2026-06-25T00:01:23.522342+00:00,MTSI,91,92,3.33,52.3,-15.7,64.0,-8.9,,0.79,640.8,6
20260624,2026-06-25T00:01:23.522342+00:00,NTAP,92,93,3.32,48.2,-14.5,62.0,-14.1,,0.62,711.6,4
20260624,2026-06-25T00:01:23.522342+00:00,ELV,93,94,3.3,30.2,-9.2,30.0,-9.2,,1.25,705.0,7
20260624,2026-06-25T00:01:23.522342+00:00,WULF,94,95,3.2,60.0,-18.7,81.0,-6.9,,1.14,718.4,6
20260624,2026-06-25T00:01:23.522342+00:00,UAL,95,96,3.12,40.4,-12.9,59.0,0.0,,1.71,697.9,3
20260624,2026-06-25T00:01:23.522342+00:00,CDNS,96,97,3.06,32.3,-10.6,48.0,-10.6,,0.7,1076.6,5
20260624,2026-06-25T00:01:23.522342+00:00,KLAR,97,98,3.05,41.9,-13.7,67.0,-2.4,,1.22,91.3,3
20260624,2026-06-25T00:01:23.522342+00:00,MCHP,98,99,3.01,42.6,-14.2,56.0,-10.0,,0.86,1174.2,4
20260624,2026-06-25T00:01:23.522342+00:00,U,99,100,2.96,52.5,-17.7,61.0,-15.6,,0.56,258.2,4
20260624,2026-06-25T00:01:23.522342+00:00,WSC,100,101,2.96,55.1,-18.6,62.0,-0.6,,0.82,51.8,6
20260624,2026-06-25T00:01:23.522342+00:00,RBRK,101,102,2.92,57.9,-19.8,66.0,-12.4,,0.52,367.5,6
20260624,2026-06-25T00:01:23.522342+00:00,ATI,102,103,2.91,32.6,-11.2,47.0,-3.2,,1.01,350.0,5
20260624,2026-06-25T00:01:23.522342+00:00,NVT,103,104,2.86,32.1,-11.2,51.0,-9.1,,0.87,347.5,5
20260624,2026-06-25T00:01:23.522342+00:00,KNX,104,105,2.85,32.6,-11.4,44.0,-9.6,,0.77,369.0,4
20260624,2026-06-25T00:01:23.522342+00:00,LSCC,105,106,2.81,42.9,-15.3,68.0,-7.3,,0.64,272.2,4
20260624,2026-06-25T00:01:23.522342+00:00,ARWR,106,107,2.79,31.3,-11.2,54.0,-2.7,,1.28,125.2,6
20260624,2026-06-25T00:01:23.522342+00:00,NVO,107,108,2.74,35.3,-12.9,36.0,-0.0,,1.14,597.3,4
20260624,2026-06-25T00:01:23.522342+00:00,AAON,108,109,2.74,49.9,-18.2,85.0,-11.2,,1.14,133.6,8
20260624,2026-06-25T00:01:23.522342+00:00,STLD,109,110,2.71,39.6,-14.6,38.0,-14.6,,0.72,356.0,7
20260624,2026-06-25T00:01:23.522342+00:00,AMRX,110,111,2.71,40.9,-15.1,39.0,0.0,,1.01,30.3,4
20260624,2026-06-25T00:01:23.522342+00:00,ST,111,112,2.69,32.8,-12.2,50.0,-10.0,,0.66,113.3,5
20260624,2026-06-25T00:01:23.522342+00:00,ESI,112,113,2.51,31.1,-12.4,53.0,-6.1,,1.32,135.9,6
20260624,2026-06-25T00:01:23.522342+00:00,JBL,113,114,2.48,31.3,-12.6,49.0,-3.6,,1.5,543.9,3
20260624,2026-06-25T00:01:23.522342+00:00,BGC,114,115,2.46,34.3,-13.9,30.0,0.0,,1.46,41.5,4
20260624,2026-06-25T00:01:23.522342+00:00,ONTO,115,116,2.36,45.8,-19.4,73.0,-7.4,,1.07,370.6,3
20260624,2026-06-25T00:01:23.522342+00:00,COHR,116,117,2.3,44.3,-19.3,92.0,-8.1,,0.74,2459.1,5
20260624,2026-06-25T00:01:23.522342+00:00,GLW,117,118,2.14,40.9,-19.1,85.0,-1.9,,1.44,2611.3,5
20260624,2026-06-25T00:01:23.522342+00:00,NTRA,118,119,2.08,31.7,-15.2,60.0,0.0,,2.05,339.2,4
20260624,2026-06-25T00:01:23.522342+00:00,VIAV,119,120,2.03,32.6,-16.1,84.0,-10.7,,0.81,425.4,6
20260624,2026-06-25T00:01:23.522342+00:00,CYTK,120,121,2.03,30.1,-14.9,51.0,0.0,,1.19,154.5,5
20260624,2026-06-25T00:01:23.522342+00:00,JHX,121,122,1.98,32.8,-16.6,59.0,0.0,,1.07,199.8,5
20260624,2026-06-25T00:01:23.522342+00:00,COMP,122,123,1.92,34.5,-18.0,88.0,0.0,,1.32,119.6,5
20260624,2026-06-25T00:01:23.522342+00:00,Q,123,124,1.89,32.1,-17.0,63.0,-9.6,,0.85,331.9,4
20260624,2026-06-25T00:01:23.522342+00:00,SN,124,125,1.88,30.4,-16.2,49.0,-0.5,,0.62,267.8,3
20260624,2026-06-25T00:01:23.522342+00:00,WSM,125,126,1.81,30.0,-16.6,38.0,0.0,,1.14,271.1,3
20260624,2026-06-25T00:01:23.522342+00:00,BBY,126,127,1.77,30.2,-17.1,47.0,0.0,,0.59,386.5,4
20260624,2026-06-25T00:01:23.522342+00:00,BROS,127,128,1.71,30.8,-18.0,54.0,-5.0,,0.8,222.6,4
20260625,2026-06-25T16:33:05.461128+00:00,CORT,1,1,22.84,124.6,-5.5,51.0,0.0,,0.73,78.9,2
20260625,2026-06-25T16:33:05.461128+00:00,HUM,2,2,21.11,117.3,-5.6,46.0,-0.4,,1.17,518.3,3
20260625,2026-06-25T16:33:05.461128+00:00,DD,3,3,18.93,205.7,-10.9,379.0,0.0,,1.6,182.7,4
20260625,2026-06-25T16:33:05.461128+00:00,ALAB,4,4,18.8,260.8,-13.9,102.0,-6.8,,0.61,2378.1,5
20260625,2026-06-25T16:33:05.461128+00:00,VSH,5,5,17.56,255.9,-14.6,80.0,-4.4,,0.68,538.4,1
20260625,2026-06-25T16:33:05.461128+00:00,SNDK,6,6,17.37,274.5,-15.8,105.0,-0.7,,0.96,19779.5,3
20260625,2026-06-25T16:33:05.461128+00:00,STX,7,7,12.96,171.7,-13.3,63.0,-5.9,,1.05,3971.3,3
20260625,2026-06-25T16:33:05.461128+00:00,TD,8,8,12.21,30.6,-2.5,17.0,0.0,,1.46,296.3,5
20260625,2026-06-25T16:33:05.461128+00:00,MU,9,9,12.08,241.2,-20.0,103.0,0.0,,1.23,56061.0,6
20260625,2026-06-25T16:33:05.461128+00:00,UMC,10,10,11.85,206.5,-17.4,78.0,-1.3,,1.22,441.1,6
20260625,2026-06-25T16:33:05.461128+00:00,BB,11,11,11.58,219.5,-19.0,83.0,0.0,,0.89,400.2,5
20260625,2026-06-25T16:33:05.461128+00:00,STM,12,12,11.43,128.9,-11.3,72.0,-5.7,,0.5,1044.0,5
20260625,2026-06-25T16:33:05.461128+00:00,GTX,13,13,11.43,88.1,-7.7,64.0,-0.5,,1.15,92.3,6
20260625,2026-06-25T16:33:05.461128+00:00,CNC,14,14,11.3,95.1,-8.4,49.0,-1.1,,0.95,351.0,8
20260625,2026-06-25T16:33:05.461128+00:00,ALKS,15,15,11.15,73.8,-6.6,52.0,0.0,,1.55,111.6,1
20260625,2026-06-25T16:33:05.461128+00:00,FLEX,16,16,11.08,153.6,-13.9,97.0,0.0,,0.71,1456.3,6
20260625,2026-06-25T16:33:05.461128+00:00,TVTX,17,17,11.03,110.9,-10.1,90.0,0.0,,1.07,116.8,5
20260625,2026-06-25T16:33:05.461128+00:00,RAL,18,18,10.26,81.8,-8.0,52.0,0.0,,1.6,103.4,6
20260625,2026-06-25T16:33:05.461128+00:00,FTNT,19,19,10.06,84.4,-8.4,56.0,-0.2,,0.67,1019.3,5
20260625,2026-06-25T16:33:05.461128+00:00,AMD,20,20,9.52,158.1,-16.6,79.0,-4.7,,0.84,15823.2,5
20260625,2026-06-25T16:33:05.461128+00:00,AMAT,21,21,9.49,92.1,-9.7,63.0,0.0,,1.08,5399.5,3
20260625,2026-06-25T16:33:05.461128+00:00,ARMK,22,22,9.37,34.8,-3.7,29.0,0.0,,1.0,133.1,5
20260625,2026-06-25T16:33:05.461128+00:00,STT,23,23,9.36,36.1,-3.9,24.0,-2.2,,1.62,407.2,7
20260625,2026-06-25T16:33:05.461128+00:00,UNH,24,24,9.29,56.3,-6.1,33.0,0.0,,0.96,2837.6,6
20260625,2026-06-25T16:33:05.461128+00:00,ACMR,25,25,8.92,159.1,-17.8,89.0,-2.9,,0.9,168.2,3
20260625,2026-06-25T16:33:05.461128+00:00,RCRUY,26,26,8.78,74.2,-8.5,52.0,-2.8,,0.38,9.5,3
20260625,2026-06-25T16:33:05.461128+00:00,BTSG,27,27,8.74,60.6,-6.9,38.0,0.0,,0.78,229.8,1
20260625,2026-06-25T16:33:05.461128+00:00,LQDA,28,28,8.72,108.5,-12.4,75.0,0.0,,0.81,175.6,5
20260625,2026-06-25T16:33:05.461128+00:00,WDC,29,29,8.68,151.8,-17.5,75.0,-7.8,,1.38,5611.3,2
20260625,2026-06-25T16:33:05.461128+00:00,MNST,30,30,8.51,32.9,-3.9,34.0,0.0,,0.74,536.7,3
20260625,2026-06-25T16:33:05.461128+00:00,SMTC,31,31,8.5,119.1,-14.0,82.0,-7.0,,0.62,665.0,4
20260625,2026-06-25T16:33:05.461128+00:00,MKSI,32,32,8.1,81.0,-10.0,58.0,-3.2,,1.59,417.5,8
20260625,2026-06-25T16:33:05.461128+00:00,TTMI,33,33,8.02,119.4,-14.9,79.0,-4.9,,0.68,472.4,3
20260625,2026-06-25T16:33:05.461128+00:00,UCTT,34,34,7.67,101.7,-13.3,86.0,-2.5,,1.1,132.3,5
20260625,2026-06-25T16:33:05.461128+00:00,UBS,35,35,7.66,38.8,-5.1,29.0,-1.4,,0.87,109.4,3
20260625,2026-06-25T16:33:05.461128+00:00,OSCR,36,36,7.64,144.9,-19.0,70.0,-3.1,,0.77,188.5,6
20260625,2026-06-25T16:33:05.461128+00:00,VOYA,37,37,7.54,31.0,-4.1,25.0,-2.9,,1.25,116.5,6
20260625,2026-06-25T16:33:05.461128+00:00,LRCX,38,38,7.36,86.6,-11.8,67.0,-3.6,,1.01,4250.1,2
20260625,2026-06-25T16:33:05.461128+00:00,MS,39,39,7.13,37.9,-5.3,28.0,-1.4,,1.07,1417.2,5
20260625,2026-06-25T16:33:05.461128+00:00,NBIS,40,40,7.12,142.2,-20.0,101.0,-10.5,,0.83,4627.8,3
20260625,2026-06-25T16:33:05.461128+00:00,VNO,41,41,7.12,45.9,-6.4,34.0,-3.9,,0.97,68.4,1
20260625,2026-06-25T16:33:05.461128+00:00,BEN,42,42,6.88,42.1,-6.1,33.0,-2.6,,0.8,149.1,6
20260625,2026-06-25T16:33:05.461128+00:00,KLAC,43,43,6.82,78.2,-11.5,68.0,-4.1,,0.85,3079.1,4
20260625,2026-06-25T16:33:05.461128+00:00,RVMD,44,44,6.69,91.5,-13.7,97.0,0.0,,1.17,499.5,5
20260625,2026-06-25T16:33:05.461128+00:00,HNGE,45,45,6.66,79.0,-11.9,53.0,0.0,,0.98,127.0,4
20260625,2026-06-25T16:33:05.461128+00:00,PANW,46,46,6.47,86.1,-13.3,51.0,-3.2,,0.54,2524.8,5
20260625,2026-06-25T16:33:05.461128+00:00,CORZ,47,47,6.29,74.9,-11.9,61.0,-5.3,,0.98,352.4,4
20260625,2026-06-25T16:33:05.461128+00:00,AVT,48,48,6.18,50.1,-8.1,42.0,-1.5,,1.3,141.2,5
20260625,2026-06-25T16:33:05.461128+00:00,SYRE,49,50,6.04,84.8,-14.0,83.0,-12.5,,3.07,124.4,5
20260625,2026-06-25T16:33:05.461128+00:00,ASX,50,51,6.02,97.4,-16.2,66.0,-3.0,,1.0,464.8,5
20260625,2026-06-25T16:33:05.461128+00:00,RIOT,51,52,6.01,93.3,-15.5,79.0,-5.6,,0.95,414.4,4
20260625,2026-06-25T16:33:05.461128+00:00,LTH,52,53,6.01,50.6,-8.4,51.0,0.0,,1.93,86.2,5
20260625,2026-06-25T16:33:05.461128+00:00,GFS,53,54,5.66,95.3,-16.8,73.0,-3.3,,0.59,411.8,3
20260625,2026-06-25T16:33:05.461128+00:00,AAL,54,55,5.61,64.5,-11.5,53.0,0.0,,1.79,1815.7,2
20260625,2026-06-25T16:33:05.461128+00:00,CAT,55,56,5.53,49.5,-9.0,46.0,0.0,,1.11,3023.1,5
20260625,2026-06-25T16:33:05.461128+00:00,CVS,56,57,5.49,48.2,-8.8,34.0,0.0,,0.99,839.2,6
20260625,2026-06-25T16:33:05.461128+00:00,AMKR,57,58,5.47,91.6,-16.7,75.0,-7.7,,0.67,501.1,5
20260625,2026-06-25T16:33:05.461128+00:00,ON,58,59,5.46,96.8,-17.7,78.0,-10.5,,0.66,1473.1,5
20260625,2026-06-25T16:33:05.461128+00:00,PRM,59,60,5.41,71.0,-13.1,57.0,-2.9,,1.07,50.5,5
20260625,2026-06-25T16:33:05.461128+00:00,FPS,60,61,5.38,94.8,-17.6,74.0,-9.3,,0.55,413.6,5
20260625,2026-06-25T16:33:05.461128+00:00,AFRM,61,62,5.18,76.3,-14.7,62.0,-0.5,,1.22,337.4,4
20260625,2026-06-25T16:33:05.461128+00:00,VIK,62,63,5.16,45.3,-8.8,47.0,0.0,,0.93,281.8,4
20260625,2026-06-25T16:33:05.461128+00:00,DAL,63,64,5.13,40.8,-7.9,44.0,0.0,,1.21,654.5,3
20260625,2026-06-25T16:33:05.461128+00:00,PRMB,64,65,5.12,38.9,-7.6,43.0,-0.1,,0.76,81.5,4
20260625,2026-06-25T16:33:05.461128+00:00,NUE,65,66,5.02,50.3,-10.0,32.0,-6.6,,0.96,466.1,7
20260625,2026-06-25T16:33:05.461128+00:00,IBKR,66,67,4.98,41.4,-8.3,37.0,-3.4,,0.64,484.6,4
20260625,2026-06-25T16:33:05.461128+00:00,GSAT,67,68,4.78,31.2,-6.5,44.0,-6.3,,0.73,117.9,5
20260625,2026-06-25T16:33:05.461128+00:00,TXN,68,69,4.71,62.2,-13.2,59.0,-6.1,,0.93,2878.8,6
20260625,2026-06-25T16:33:05.461128+00:00,CSCO,69,70,4.69,45.7,-9.7,43.0,-8.4,,0.85,3067.2,7
20260625,2026-06-25T16:33:05.461128+00:00,HPE,70,71,4.67,88.7,-19.0,70.0,-15.7,,0.49,2132.0,6
20260625,2026-06-25T16:33:05.461128+00:00,ALGM,71,72,4.63,90.3,-19.5,81.0,-3.5,,0.99,137.1,3
20260625,2026-06-25T16:33:05.461128+00:00,IRM,72,73,4.62,30.5,-6.6,35.0,-2.4,,1.62,191.1,3
20260625,2026-06-25T16:33:05.461128+00:00,TGTX,73,74,4.61,69.5,-15.1,53.0,-0.4,,1.03,128.6,4
20260625,2026-06-25T16:33:05.461128+00:00,MOH,74,75,4.58,55.3,-12.1,47.0,0.0,,1.09,186.7,5
20260625,2026-06-25T16:33:05.461128+00:00,BCS,75,76,4.56,33.2,-7.3,36.0,0.0,,0.91,130.9,4
20260625,2026-06-25T16:33:05.461128+00:00,VSXY,76,77,4.56,86.5,-19.0,109.0,0.0,,0.54,217.0,4
20260625,2026-06-25T16:33:05.461128+00:00,ROKU,77,78,4.54,51.5,-11.3,54.0,-6.1,,0.86,969.8,5
20260625,2026-06-25T16:33:05.461128+00:00,ASML,78,79,4.45,38.5,-8.6,57.0,-4.8,,0.99,3662.8,2
20260625,2026-06-25T16:33:05.461128+00:00,MTSI,79,80,4.44,69.7,-15.7,62.0,-5.3,,0.79,640.8,6
20260625,2026-06-25T16:33:05.461128+00:00,FROG,80,81,4.43,67.8,-15.3,77.0,-10.9,,0.89,194.3,7
20260625,2026-06-25T16:33:05.461128+00:00,SNDR,81,82,4.36,41.6,-9.5,44.0,-6.0,,1.3,40.4,5
20260625,2026-06-25T16:33:05.461128+00:00,ILMN,82,83,4.33,45.5,-10.5,43.0,0.0,,1.29,343.5,2
20260625,2026-06-25T16:33:05.461128+00:00,BRKR,83,84,4.32,71.5,-16.6,62.0,-3.3,,0.62,171.8,5
20260625,2026-06-25T16:33:05.461128+00:00,TSM,84,85,4.27,36.3,-8.5,46.0,-5.2,,0.72,5992.6,5
20260625,2026-06-25T16:33:05.461128+00:00,M,85,86,4.21,40.1,-9.5,43.0,0.0,,0.87,184.2,4
20260625,2026-06-25T16:33:05.461128+00:00,CARR,86,87,4.19,39.8,-9.5,45.0,0.0,,0.87,464.5,7
20260625,2026-06-25T16:33:05.461128+00:00,JBL,87,88,4.16,44.0,-10.6,47.0,-1.4,,1.5,543.9,3
20260625,2026-06-25T16:33:05.461128+00:00,NVT,88,89,4.14,46.0,-11.1,49.0,-6.3,,0.87,347.5,5
20260625,2026-06-25T16:33:05.461128+00:00,CRWD,89,90,4.06,71.2,-17.5,54.0,-14.0,,0.48,2527.6,4
20260625,2026-06-25T16:33:05.461128+00:00,ICLR,90,91,4.03,59.0,-14.6,65.0,0.0,,1.99,183.7,4
20260625,2026-06-25T16:33:05.461128+00:00,WULF,91,92,3.99,71.3,-17.9,79.0,-9.3,,1.14,718.4,6
20260625,2026-06-25T16:33:05.461128+00:00,GS,92,93,3.91,32.7,-8.4,32.0,-1.8,,0.8,2556.1,7
20260625,2026-06-25T16:33:05.461128+00:00,COHR,93,94,3.88,65.6,-16.9,89.0,-5.6,,0.74,2459.1,5
20260625,2026-06-25T16:33:05.461128+00:00,NXPI,94,95,3.82,54.1,-14.2,71.0,-8.8,,0.87,1341.6,4
20260625,2026-06-25T16:33:05.461128+00:00,VIRT,95,96,3.81,43.5,-11.4,36.0,-2.2,,0.95,79.5,5
20260625,2026-06-25T16:33:05.461128+00:00,IMVT,96,97,3.8,50.8,-13.4,87.0,0.0,,0.92,55.8,5
20260625,2026-06-25T16:33:05.461128+00:00,MAC,97,98,3.77,34.0,-9.0,32.0,0.0,,1.23,91.2,6
20260625,2026-06-25T16:33:05.461128+00:00,LSCC,98,99,3.76,54.1,-14.4,67.0,-5.8,,0.64,272.2,4
20260625,2026-06-25T16:33:05.461128+00:00,NAVN,99,100,3.75,63.0,-16.8,65.0,-6.6,,0.81,109.5,4
20260625,2026-06-25T16:33:05.461128+00:00,GH,100,101,3.71,60.2,-16.2,62.0,0.0,,1.66,313.7,5
20260625,2026-06-25T16:33:05.461128+00:00,ONTO,101,102,3.66,71.2,-19.4,73.0,0.0,,1.07,370.6,3
20260625,2026-06-25T16:33:05.461128+00:00,ELV,102,103,3.56,32.6,-9.2,30.0,-8.1,,1.25,705.0,7
20260625,2026-06-25T16:33:05.461128+00:00,KLAR,103,104,3.56,48.9,-13.7,68.0,0.0,,1.22,91.3,3
20260625,2026-06-25T16:33:05.461128+00:00,ATI,104,105,3.53,39.6,-11.2,46.0,-1.6,,1.01,350.0,5
20260625,2026-06-25T16:33:05.461128+00:00,GLW,105,106,3.52,67.3,-19.1,85.0,0.0,,1.44,2611.3,5
20260625,2026-06-25T16:33:05.461128+00:00,UAL,106,107,3.52,45.5,-12.9,59.0,0.0,,1.71,697.9,3
20260625,2026-06-25T16:33:05.461128+00:00,MARA,107,108,3.52,59.9,-17.0,73.0,-7.6,,1.32,569.6,6
20260625,2026-06-25T16:33:05.461128+00:00,KNX,108,109,3.51,40.2,-11.4,45.0,-5.9,,0.77,369.0,4
20260625,2026-06-25T16:33:05.461128+00:00,DOCN,109,110,3.5,69.6,-19.9,112.0,-19.9,,1.05,496.3,6
20260625,2026-06-25T16:33:05.461128+00:00,MCHP,110,111,3.47,49.1,-14.2,57.0,-7.3,,0.86,1174.2,4
20260625,2026-06-25T16:33:05.461128+00:00,SWK,111,112,3.43,30.4,-8.9,45.0,0.0,,1.56,129.0,5
20260625,2026-06-25T16:33:05.461128+00:00,NTAP,112,113,3.4,49.3,-14.5,62.0,-14.3,,0.62,711.6,4
20260625,2026-06-25T16:33:05.461128+00:00,AAON,113,114,3.39,61.8,-18.2,84.0,-9.0,,1.14,133.6,8
20260625,2026-06-25T16:33:05.461128+00:00,ETSY,114,115,3.35,58.7,-17.5,48.0,-1.3,,1.42,220.1,4
20260625,2026-06-25T16:33:05.461128+00:00,CROX,115,116,3.32,48.6,-14.6,42.0,-7.0,,1.14,154.9,1
20260625,2026-06-25T16:33:05.461128+00:00,ST,116,117,3.31,40.3,-12.2,50.0,-7.1,,0.66,113.3,5
20260625,2026-06-25T16:33:05.461128+00:00,ESI,117,118,3.3,40.8,-12.4,53.0,-2.7,,1.32,135.9,6
20260625,2026-06-25T16:33:05.461128+00:00,C,118,119,3.26,30.6,-9.4,29.0,0.0,,1.06,1822.6,5
20260625,2026-06-25T16:33:05.461128+00:00,WSC,119,120,3.14,58.6,-18.6,62.0,0.0,,0.82,51.8,6
20260625,2026-06-25T16:33:05.461128+00:00,ADI,120,121,3.12,34.8,-11.1,46.0,-5.4,,0.88,2156.0,5
20260625,2026-06-25T16:33:05.461128+00:00,LEVI,121,122,3.11,32.7,-10.5,37.0,-0.5,,1.5,53.5,6
20260625,2026-06-25T16:33:05.461128+00:00,AMRX,122,123,2.99,45.2,-15.1,39.0,0.0,,1.01,30.3,4
20260625,2026-06-25T16:33:05.461128+00:00,STLD,123,124,2.97,43.4,-14.6,39.0,-11.8,,0.72,356.0,7
20260625,2026-06-25T16:33:05.461128+00:00,U,124,125,2.97,53.8,-18.1,61.0,-18.1,,0.56,258.2,4
20260625,2026-06-25T16:33:05.461128+00:00,AVTR,125,126,2.92,31.8,-10.9,43.0,0.0,,0.81,91.8,3
20260625,2026-06-25T16:33:05.461128+00:00,VIAV,126,127,2.87,46.1,-16.1,82.0,-9.1,,0.81,425.4,6
20260625,2026-06-25T16:33:05.461128+00:00,Q,127,128,2.84,48.1,-17.0,62.0,-4.9,,0.85,331.9,4
20260625,2026-06-25T16:33:05.461128+00:00,ARWR,128,129,2.81,31.6,-11.2,54.0,-2.5,,1.28,125.2,6
20260625,2026-06-25T16:33:05.461128+00:00,NVO,129,130,2.77,35.6,-12.9,36.0,0.0,,1.14,597.3,4
20260625,2026-06-25T16:33:05.461128+00:00,CDNS,130,131,2.57,30.7,-11.9,48.0,-11.9,,0.7,1076.6,5
20260625,2026-06-25T16:33:05.461128+00:00,LUV,131,132,2.54,32.6,-12.8,46.0,0.0,,1.69,308.6,3
20260625,2026-06-25T16:33:05.461128+00:00,JHX,132,133,2.47,41.0,-16.6,59.0,0.0,,1.07,199.8,5
20260625,2026-06-25T16:33:05.461128+00:00,COMP,133,134,2.47,44.4,-18.0,88.0,0.0,,1.32,119.6,5
20260625,2026-06-25T16:33:05.461128+00:00,CGNX,134,135,2.44,34.4,-14.1,46.0,-3.1,,0.65,135.0,7
20260625,2026-06-25T16:33:05.461128+00:00,RBRK,135,136,2.39,47.5,-19.8,67.0,-17.5,,0.52,367.5,6
20260625,2026-06-25T16:33:05.461128+00:00,GE,136,137,2.36,30.9,-13.1,41.0,0.0,,1.29,1703.9,2
20260625,2026-06-25T16:33:05.461128+00:00,RVTY,137,138,2.35,30.0,-12.7,46.0,0.0,,1.11,148.8,2
20260625,2026-06-25T16:33:05.461128+00:00,MAS,138,139,2.28,33.0,-14.5,42.0,0.0,,0.94,169.1,5
20260625,2026-06-25T16:33:05.461128+00:00,BROS,139,140,2.26,40.8,-18.0,52.0,-4.4,,0.8,222.6,4
20260625,2026-06-25T16:33:05.461128+00:00,NTRA,140,141,2.25,34.3,-15.2,60.0,0.0,,2.05,339.2,4
20260625,2026-06-25T16:33:05.461128+00:00,BGC,141,142,2.24,31.2,-13.9,30.0,-2.1,,1.46,41.5,4
20260625,2026-06-25T16:33:05.461128+00:00,SN,142,143,2.18,35.2,-16.2,49.0,0.0,,0.62,267.8,3
20260625,2026-06-25T16:33:05.461128+00:00,JEF,143,144,2.05,32.4,-15.8,36.0,-15.8,,2.14,119.6,4
20260625,2026-06-25T16:33:05.461128+00:00,WSM,144,145,2.04,34.0,-16.6,38.0,0.0,,1.14,271.1,3
20260625,2026-06-25T16:33:05.461128+00:00,MOD,145,146,1.98,32.4,-16.3,71.0,-6.9,,0.85,390.9,7
20260626,2026-06-27T00:01:25.455630+00:00,CORT,1,1,24.24,132.2,-5.5,50.0,0.0,,1.6,80.1,2
20260626,2026-06-27T00:01:25.455630+00:00,HUM,2,2,22.86,127.0,-5.6,45.0,0.0,,1.14,552.7,3
20260626,2026-06-27T00:01:25.455630+00:00,DD,3,3,19.03,206.8,-10.9,402.0,-5.1,,2.33,197.3,5
20260626,2026-06-27T00:01:25.455630+00:00,ALAB,4,4,17.9,248.3,-13.9,102.0,-10.9,,1.02,2424.1,7
20260626,2026-06-27T00:01:25.455630+00:00,VSH,5,5,15.9,231.6,-14.6,80.0,-13.2,,0.77,542.8,2
20260626,2026-06-27T00:01:25.455630+00:00,SNDK,6,6,15.16,239.5,-15.8,110.0,-10.5,,1.53,21650.0,4
20260626,2026-06-27T00:01:25.455630+00:00,BB,7,7,13.76,260.8,-19.0,84.0,0.0,,1.32,433.9,5
20260626,2026-06-27T00:01:25.455630+00:00,ALKS,8,8,13.21,87.4,-6.6,52.0,0.0,,2.93,131.0,0
20260626,2026-06-27T00:01:25.455630+00:00,TD,9,9,12.73,32.0,-2.5,17.0,-0.7,,0.89,281.7,5
20260626,2026-06-27T00:01:25.455630+00:00,GTX,10,10,12.73,98.2,-7.7,64.0,0.0,,2.77,103.9,5
20260626,2026-06-27T00:01:25.455630+00:00,CNC,11,11,12.53,105.4,-8.4,47.0,-0.7,,1.01,369.3,8
20260626,2026-06-27T00:01:25.455630+00:00,HNGE,12,12,12.22,117.8,-9.6,50.0,0.0,,4.29,166.8,3
20260626,2026-06-27T00:01:25.455630+00:00,TVTX,13,13,11.54,116.0,-10.1,90.0,-0.3,,2.12,127.3,6
20260626,2026-06-27T00:01:25.455630+00:00,FTNT,14,14,11.16,93.5,-8.4,55.0,0.0,,1.3,1056.5,5
20260626,2026-06-27T00:01:25.455630+00:00,ARMK,15,15,11.04,41.0,-3.7,28.0,0.0,,1.68,136.5,4
20260626,2026-06-27T00:01:25.455630+00:00,UNH,16,16,10.92,66.1,-6.1,32.0,0.0,,1.47,3020.0,5
20260626,2026-06-27T00:01:25.455630+00:00,MU,17,17,10.87,217.1,-20.0,104.0,-6.7,,1.53,60286.0,7
20260626,2026-06-27T00:01:25.455630+00:00,UMC,18,18,10.81,188.4,-17.4,80.0,-8.7,,0.99,446.0,6
20260626,2026-06-27T00:01:25.455630+00:00,STM,19,19,10.62,119.7,-11.3,73.0,-10.5,,0.71,1039.9,5
20260626,2026-06-27T00:01:25.455630+00:00,RAL,20,21,10.15,80.9,-8.0,52.0,-1.9,,1.83,112.3,6
20260626,2026-06-27T00:01:25.455630+00:00,LQDA,21,22,9.9,123.2,-12.4,74.0,0.0,,1.46,189.7,5
20260626,2026-06-27T00:01:25.455630+00:00,STT,22,23,9.89,38.1,-3.9,24.0,-3.2,,1.6,431.9,7
20260626,2026-06-27T00:01:25.455630+00:00,AMD,23,24,9.52,158.2,-16.6,80.0,-5.4,,1.7,16419.5,5
20260626,2026-06-27T00:01:25.455630+00:00,VOYA,24,25,9.35,38.5,-4.1,23.0,-1.3,,1.09,122.3,5
20260626,2026-06-27T00:01:25.455630+00:00,FLEX,25,26,9.12,126.4,-13.9,99.0,-9.4,,1.02,1521.8,7
20260626,2026-06-27T00:01:25.455630+00:00,BTSG,26,27,9.07,63.0,-6.9,38.0,-1.0,,2.76,263.8,2
20260626,2026-06-27T00:01:25.455630+00:00,VNO,27,28,9.05,58.3,-6.4,33.0,0.0,,1.29,68.2,1
20260626,2026-06-27T00:01:25.455630+00:00,ACMR,28,29,9.01,160.8,-17.8,89.0,-4.9,,1.9,174.9,4
20260626,2026-06-27T00:01:25.455630+00:00,AMAT,29,30,8.88,86.1,-9.7,67.0,-6.2,,2.65,6591.1,3
20260626,2026-06-27T00:01:25.455630+00:00,RCRUY,30,31,8.82,74.6,-8.5,52.0,-3.2,,0.52,9.4,4
20260626,2026-06-27T00:01:25.455630+00:00,MNST,31,32,8.82,34.2,-3.9,34.0,0.0,,2.26,583.1,3
20260626,2026-06-27T00:01:25.455630+00:00,OSCR,32,33,8.82,167.4,-19.0,69.0,-0.5,,2.13,208.4,6
20260626,2026-06-27T00:01:25.455630+00:00,HST,33,34,8.62,34.4,-4.0,22.0,-0.3,,0.98,234.4,4
20260626,2026-06-27T00:01:25.455630+00:00,RIOT,34,35,8.35,123.2,-14.8,77.0,-0.4,,1.84,428.8,4
20260626,2026-06-27T00:01:25.455630+00:00,PANW,35,36,8.04,106.9,-13.3,50.0,0.0,,0.92,2605.6,4
20260626,2026-06-27T00:01:25.455630+00:00,BEN,36,37,7.86,48.1,-6.1,32.0,-2.1,,0.94,150.9,5
20260626,2026-06-27T00:01:25.455630+00:00,STX,37,38,7.74,136.9,-17.7,69.0,-17.7,,2.22,4384.6,4
20260626,2026-06-27T00:01:25.455630+00:00,UCTT,38,39,7.68,101.8,-13.3,87.0,-3.5,,2.3,149.7,6
20260626,2026-06-27T00:01:25.455630+00:00,UBS,39,40,7.56,38.3,-5.1,29.0,-4.0,,0.74,107.5,3
20260626,2026-06-27T00:01:25.455630+00:00,SMTC,40,41,7.52,107.5,-14.3,83.0,-14.3,,4.56,732.3,5
20260626,2026-06-27T00:01:25.455630+00:00,MKSI,41,42,7.43,74.3,-10.0,60.0,-7.6,,1.61,474.0,7
20260626,2026-06-27T00:01:25.455630+00:00,RVMD,42,43,7.08,96.8,-13.7,96.0,0.0,,2.89,593.0,5
20260626,2026-06-27T00:01:25.455630+00:00,CORZ,43,44,6.96,80.5,-11.6,60.0,-6.7,,1.67,350.7,4
20260626,2026-06-27T00:01:25.455630+00:00,NBIS,44,45,6.93,138.3,-20.0,102.0,-16.2,,0.71,4531.7,3
20260626,2026-06-27T00:01:25.455630+00:00,LTH,45,46,6.89,58.1,-8.4,51.0,0.0,,3.7,105.4,5
20260626,2026-06-27T00:01:25.455630+00:00,LRCX,46,47,6.75,79.4,-11.8,69.0,-7.4,,1.58,4688.1,3
20260626,2026-06-27T00:01:25.455630+00:00,TTMI,47,48,6.75,100.6,-14.9,82.0,-13.5,,7.46,574.8,4
20260626,2026-06-27T00:01:25.455630+00:00,FROG,48,49,6.68,102.1,-15.3,78.0,-0.8,,10.78,307.1,7
20260626,2026-06-27T00:01:25.455630+00:00,AAL,49,50,6.39,73.5,-11.5,52.0,0.0,,1.29,2032.7,1
20260626,2026-06-27T00:01:25.455630+00:00,KLAC,50,51,6.33,72.5,-11.5,68.0,-7.6,,1.57,3321.5,4
20260626,2026-06-27T00:01:25.455630+00:00,BXP,51,52,6.16,32.8,-5.3,25.0,0.0,,1.17,103.7,4
20260626,2026-06-27T00:01:25.455630+00:00,SYRE,52,53,6.11,85.8,-14.0,83.0,-12.4,,2.82,149.7,5
20260626,2026-06-27T00:01:25.455630+00:00,MOH,53,54,5.91,71.4,-12.1,48.0,0.0,,2.62,217.4,4
20260626,2026-06-27T00:01:25.455630+00:00,AFRM,54,55,5.9,86.9,-14.7,62.0,0.0,,1.89,347.9,4
20260626,2026-06-27T00:01:25.455630+00:00,VIK,55,56,5.77,50.6,-8.8,46.0,0.0,,1.33,272.6,4
20260626,2026-06-27T00:01:25.455630+00:00,CVS,56,57,5.72,50.2,-8.8,33.0,-0.3,,1.09,879.2,6
20260626,2026-06-27T00:01:25.455630+00:00,VSXY,57,58,5.71,108.4,-19.0,109.0,0.0,,2.0,234.5,4
20260626,2026-06-27T00:01:25.455630+00:00,AVT,58,59,5.56,45.1,-8.1,43.0,-7.1,,1.09,144.3,6
20260626,2026-06-27T00:01:25.455630+00:00,DAL,59,60,5.43,43.2,-7.9,43.0,0.0,,1.44,681.2,3
20260626,2026-06-27T00:01:25.455630+00:00,IRM,60,61,5.41,35.7,-6.6,34.0,-0.5,,1.37,205.8,3
20260626,2026-06-27T00:01:25.455630+00:00,ASX,61,62,5.38,87.0,-16.2,67.0,-7.8,,1.12,485.1,5
20260626,2026-06-27T00:01:25.455630+00:00,MS,62,63,5.22,34.6,-6.6,29.0,-6.6,,1.52,1449.7,5
20260626,2026-06-27T00:01:25.455630+00:00,NAVN,63,64,5.18,86.9,-16.8,64.0,-0.2,,3.04,125.9,3
20260626,2026-06-27T00:01:25.455630+00:00,CRWD,64,65,5.11,89.7,-17.5,52.0,-10.4,,0.92,2561.2,4
20260626,2026-06-27T00:01:25.455630+00:00,GFS,65,66,5.11,86.1,-16.8,74.0,-11.2,,0.88,311.0,4
20260626,2026-06-27T00:01:25.455630+00:00,TGTX,66,67,5.03,75.8,-15.1,54.0,0.0,,2.48,149.6,4
20260626,2026-06-27T00:01:25.455630+00:00,PRMB,67,68,4.91,37.4,-7.6,43.0,-0.1,,1.16,79.6,4
20260626,2026-06-27T00:01:25.455630+00:00,CAT,68,69,4.88,43.7,-9.0,48.0,-5.6,,4.15,3728.6,5
20260626,2026-06-27T00:01:25.455630+00:00,ROKU,69,70,4.88,55.4,-11.3,54.0,-5.7,,1.32,1059.0,5
20260626,2026-06-27T00:01:25.455630+00:00,BRKR,70,71,4.88,80.8,-16.6,61.0,-2.8,,0.77,168.2,4
20260626,2026-06-27T00:01:25.455630+00:00,IBKR,71,72,4.82,40.0,-8.3,37.0,-7.2,,1.12,460.0,4
20260626,2026-06-27T00:01:25.455630+00:00,NBIX,72,73,4.8,31.3,-6.5,34.0,0.0,,1.59,205.6,3
20260626,2026-06-27T00:01:25.455630+00:00,M,73,74,4.8,45.8,-9.5,42.0,0.0,,0.8,184.6,4
20260626,2026-06-27T00:01:25.455630+00:00,MARA,74,75,4.77,81.3,-17.0,72.0,-2.1,,1.38,592.3,6
20260626,2026-06-27T00:01:25.455630+00:00,ILMN,75,76,4.76,50.0,-10.5,41.0,-0.6,,1.02,356.4,2
20260626,2026-06-27T00:01:25.455630+00:00,KLAR,76,77,4.76,65.4,-13.7,68.0,0.0,,0.95,92.6,3
20260626,2026-06-27T00:01:25.455630+00:00,ALGM,77,78,4.73,92.2,-19.5,81.0,-6.0,,4.52,173.1,4
20260626,2026-06-27T00:01:25.455630+00:00,NUE,78,79,4.71,47.3,-10.0,33.0,-10.0,,1.21,475.4,8
20260626,2026-06-27T00:01:25.455630+00:00,PFGC,79,80,4.71,33.0,-7.0,29.0,0.0,,2.15,157.7,2
20260626,2026-06-27T00:01:25.455630+00:00,EXEL,80,81,4.71,31.9,-6.8,39.0,0.0,,2.6,147.9,5
20260626,2026-06-27T00:01:25.455630+00:00,GH,81,82,4.7,76.4,-16.2,62.0,0.0,,7.92,430.3,5
20260626,2026-06-27T00:01:25.455630+00:00,PRM,82,83,4.66,61.2,-13.1,59.0,-8.9,,6.32,67.8,5
20260626,2026-06-27T00:01:25.455630+00:00,MAC,83,84,4.64,41.9,-9.0,31.0,0.0,,3.11,107.3,6
20260626,2026-06-27T00:01:25.455630+00:00,IMVT,84,85,4.63,62.0,-13.4,86.0,0.0,,2.19,61.9,4
20260626,2026-06-27T00:01:25.455630+00:00,AMKR,85,86,4.62,77.3,-16.7,77.0,-15.9,,0.97,520.6,4
20260626,2026-06-27T00:01:25.455630+00:00,ICLR,86,87,4.54,66.4,-14.6,65.0,0.0,,1.1,180.3,3
20260626,2026-06-27T00:01:25.455630+00:00,FPS,87,88,4.53,79.9,-17.6,75.0,-14.6,,2.04,438.8,6
20260626,2026-06-27T00:01:25.455630+00:00,SNDR,88,89,4.51,43.0,-9.5,43.0,-6.1,,0.78,40.9,5
20260626,2026-06-27T00:01:25.455630+00:00,ASML,89,90,4.4,38.1,-8.6,57.0,-7.0,,1.35,3932.7,3
20260626,2026-06-27T00:01:25.455630+00:00,BCS,90,91,4.4,32.0,-7.3,36.0,-2.1,,0.84,132.0,4
20260626,2026-06-27T00:01:25.455630+00:00,ELV,91,92,4.21,38.5,-9.2,30.0,-6.5,,1.63,744.1,7
20260626,2026-06-27T00:01:25.455630+00:00,UAL,92,93,4.16,53.9,-12.9,58.0,0.0,,1.03,691.1,2
20260626,2026-06-27T00:01:25.455630+00:00,CROX,93,94,4.15,60.6,-14.6,44.0,-0.0,,1.56,154.4,1
20260626,2026-06-27T00:01:25.455630+00:00,WULF,94,95,4.11,73.5,-17.9,79.0,-10.9,,2.53,746.9,7
20260626,2026-06-27T00:01:25.455630+00:00,MTSI,95,96,4.06,63.8,-15.7,63.0,-9.9,,2.45,706.9,7
20260626,2026-06-27T00:01:25.455630+00:00,DOC,96,97,4.03,32.0,-7.9,43.0,0.0,,1.03,196.0,4
20260626,2026-06-27T00:01:25.455630+00:00,SWK,97,98,3.96,35.1,-8.9,45.0,-0.4,,1.24,141.0,4
20260626,2026-06-27T00:01:25.455630+00:00,TSM,98,99,3.84,32.6,-8.5,47.0,-7.6,,1.3,6203.8,6
20260626,2026-06-27T00:01:25.455630+00:00,VIRT,99,100,3.81,43.5,-11.4,36.0,-4.3,,1.35,81.6,5
20260626,2026-06-27T00:01:25.455630+00:00,CARR,100,101,3.8,36.1,-9.5,46.0,-3.2,,1.21,457.1,7
20260626,2026-06-27T00:01:25.455630+00:00,LSCC,101,102,3.72,53.5,-14.4,66.0,-10.6,,2.44,290.7,5
20260626,2026-06-27T00:01:25.455630+00:00,ETSY,102,103,3.71,65.0,-17.5,48.0,0.0,,1.21,223.8,3
20260626,2026-06-27T00:01:25.455630+00:00,WSC,103,104,3.71,69.1,-18.6,59.0,-0.7,,2.15,56.4,7
20260626,2026-06-27T00:01:25.455630+00:00,ATI,104,105,3.62,40.6,-11.2,46.0,-3.3,,3.03,399.8,6
20260626,2026-06-27T00:01:25.455630+00:00,TXN,105,106,3.6,50.7,-14.1,62.0,-14.1,,3.13,3241.3,7
20260626,2026-06-27T00:01:25.455630+00:00,AVTR,106,107,3.55,38.7,-10.9,42.0,0.0,,1.09,91.8,3
20260626,2026-06-27T00:01:25.455630+00:00,JBL,107,108,3.53,37.4,-10.6,48.0,-7.0,,2.47,613.5,4
20260626,2026-06-27T00:01:25.455630+00:00,LLY,108,109,3.47,37.8,-10.9,38.0,0.0,,2.35,3880.2,4
20260626,2026-06-27T00:01:25.455630+00:00,C,109,110,3.47,32.6,-9.4,28.0,-2.7,,1.33,1936.6,5
20260626,2026-06-27T00:01:25.455630+00:00,CSCO,110,111,3.45,43.1,-12.5,43.0,-12.5,,2.02,3268.1,8
20260626,2026-06-27T00:01:25.455630+00:00,NVT,111,112,3.4,39.5,-11.6,51.0,-11.6,,1.88,365.2,5
20260626,2026-06-27T00:01:25.455630+00:00,COMP,112,113,3.4,61.0,-18.0,86.0,0.0,,2.52,143.6,5
20260626,2026-06-27T00:01:25.455630+00:00,CDNS,113,114,3.36,38.8,-11.6,47.0,-9.4,,1.42,1110.1,6
20260626,2026-06-27T00:01:25.455630+00:00,LEVI,114,115,3.35,35.2,-10.5,37.0,0.0,,1.44,55.4,6
20260626,2026-06-27T00:01:25.455630+00:00,KNX,115,116,3.34,38.3,-11.4,44.0,-7.1,,0.87,365.9,5
20260626,2026-06-27T00:01:25.455630+00:00,COHR,116,117,3.33,56.3,-16.9,90.0,-10.9,,1.12,2540.9,6
20260626,2026-06-27T00:01:25.455630+00:00,ARWR,117,118,3.25,36.5,-11.2,52.0,-3.8,,11.24,200.4,7
20260626,2026-06-27T00:01:25.455630+00:00,GLW,118,119,3.23,61.8,-19.1,86.0,-3.1,,3.11,3210.9,6
20260626,2026-06-27T00:01:25.455630+00:00,BAX,119,120,3.23,38.1,-11.8,39.0,0.0,,1.49,143.0,5
20260626,2026-06-27T00:01:25.455630+00:00,OUT,120,121,3.21,30.8,-9.6,28.0,-1.0,,4.8,70.3,4
20260626,2026-06-27T00:01:25.455630+00:00,MGM,121,122,3.17,35.4,-11.2,46.0,-3.0,,0.96,259.5,4
20260626,2026-06-27T00:01:25.455630+00:00,SGHC,122,123,3.17,32.5,-10.2,40.0,-0.4,,2.14,51.4,5
20260626,2026-06-27T00:01:25.455630+00:00,NTAP,123,124,3.15,49.7,-15.8,61.0,-15.8,,0.8,667.1,5
20260626,2026-06-27T00:01:25.455630+00:00,XYZ,124,125,3.14,39.0,-12.4,44.0,0.0,,1.93,458.8,4
20260626,2026-06-27T00:01:25.455630+00:00,LUV,125,126,3.08,39.6,-12.8,45.0,-0.3,,1.6,321.7,4
20260626,2026-06-27T00:01:25.455630+00:00,AAON,126,127,3.05,55.7,-18.2,85.0,-14.4,,1.54,134.1,8
20260626,2026-06-27T00:01:25.455630+00:00,ONTO,127,128,3.02,58.6,-19.4,73.0,-6.9,,1.86,413.7,3
20260626,2026-06-27T00:01:25.455630+00:00,STLD,128,129,3.01,44.0,-14.6,39.0,-13.2,,1.23,357.6,7
20260626,2026-06-27T00:01:25.455630+00:00,AMRX,129,130,3.01,45.4,-15.1,38.0,-0.5,,3.99,37.3,4
20260626,2026-06-27T00:01:25.455630+00:00,ESI,130,131,3.0,37.1,-12.4,53.0,-7.0,,2.36,154.8,7
20260626,2026-06-27T00:01:25.455630+00:00,BROS,131,132,2.99,53.9,-18.0,54.0,0.0,,1.48,235.4,5
20260626,2026-06-27T00:01:25.455630+00:00,NVO,132,133,2.97,38.3,-12.9,36.0,0.0,,1.48,616.9,4
20260626,2026-06-27T00:01:25.455630+00:00,MCHP,133,134,2.96,42.5,-14.4,58.0,-14.4,,2.56,1259.6,5
20260626,2026-06-27T00:01:25.455630+00:00,RBRK,134,135,2.93,58.2,-19.8,66.0,-15.0,,0.78,366.3,6
20260626,2026-06-27T00:01:25.455630+00:00,JHX,135,136,2.88,47.8,-16.6,58.0,0.0,,1.34,203.6,4
20260626,2026-06-27T00:01:25.455630+00:00,NTRA,136,137,2.85,43.4,-15.2,58.0,0.0,,2.17,383.1,4
20260626,2026-06-27T00:01:25.455630+00:00,CGNX,137,138,2.84,40.0,-14.1,46.0,-2.6,,2.09,142.1,6
20260626,2026-06-27T00:01:25.455630+00:00,ST,138,139,2.8,35.0,-12.5,51.0,-12.5,,1.6,111.5,6
20260626,2026-06-27T00:01:25.455630+00:00,NXPI,139,140,2.74,45.0,-16.4,72.0,-16.4,,1.65,1377.3,5
20260626,2026-06-27T00:01:25.455630+00:00,RVTY,140,141,2.73,34.8,-12.7,46.0,-0.4,,2.39,156.8,2
20260626,2026-06-27T00:01:25.455630+00:00,GTES,141,142,2.71,30.2,-11.1,48.0,-0.8,,1.99,58.6,5
20260626,2026-06-27T00:01:25.455630+00:00,SN,142,143,2.6,42.1,-16.2,48.0,0.0,,0.86,269.7,2
20260626,2026-06-27T00:01:25.455630+00:00,U,143,144,2.55,45.1,-17.7,56.0,-12.2,,0.93,241.4,3
20260626,2026-06-27T00:01:25.455630+00:00,Q,144,145,2.45,41.6,-17.0,63.0,-9.9,,0.92,333.8,5
20260626,2026-06-27T00:01:25.455630+00:00,MAS,145,146,2.42,35.0,-14.5,41.0,0.0,,1.28,173.7,4
20260626,2026-06-27T00:01:25.455630+00:00,CART,146,147,2.4,32.9,-13.7,47.0,0.0,,1.56,187.0,6
20260626,2026-06-27T00:01:25.455630+00:00,VIAV,147,148,2.33,37.5,-16.1,83.0,-13.9,,4.11,481.2,6
20260626,2026-06-27T00:01:25.455630+00:00,GE,148,149,2.32,30.5,-13.1,41.0,-0.6,,1.6,1842.4,2
20260626,2026-06-27T00:01:25.455630+00:00,WSM,149,150,2.22,37.0,-16.6,37.0,-0.4,,1.36,285.1,4
20260626,2026-06-27T00:01:25.455630+00:00,KGS,150,151,2.2,31.3,-14.2,36.0,0.0,,4.13,138.7,4
20260626,2026-06-27T00:01:25.455630+00:00,RDDT,151,152,2.12,37.0,-17.5,73.0,-9.2,,1.33,825.7,4
20260626,2026-06-27T00:01:25.455630+00:00,CYTK,152,153,2.12,31.5,-14.9,51.0,0.0,,3.4,179.7,5
20260626,2026-06-27T00:01:25.455630+00:00,GEN,153,154,1.99,34.0,-17.1,47.0,-11.9,,1.27,195.5,6
20260626,2026-06-27T00:01:25.455630+00:00,MRNA,154,155,1.94,35.7,-18.4,68.0,0.0,,1.84,468.3,3
20260626,2026-06-27T00:01:25.455630+00:00,NTNX,155,156,1.91,32.2,-16.8,55.0,-11.0,,1.76,212.0,3
20260629,2026-06-30T00:01:32.158733+00:00,ALAB,1,2,25.57,354.7,-13.9,102.0,0.0,,0.98,2466.0,7
20260629,2026-06-30T00:01:32.158733+00:00,HUM,2,3,24.26,134.8,-5.6,44.0,0.0,,0.79,552.6,3
20260629,2026-06-30T00:01:32.158733+00:00,CORT,3,4,23.94,130.6,-5.5,50.0,0.0,,0.85,81.2,2
20260629,2026-06-30T00:01:32.158733+00:00,VSH,4,5,16.5,240.4,-14.6,79.0,-13.3,,0.77,540.4,2
20260629,2026-06-30T00:01:32.158733+00:00,SNDK,5,6,16.34,258.1,-15.8,109.0,-12.2,,0.99,22061.8,4
20260629,2026-06-30T00:01:32.158733+00:00,BB,6,7,15.63,296.2,-19.0,85.0,0.0,,1.06,443.4,5
20260629,2026-06-30T00:01:32.158733+00:00,RY,7,8,14.13,30.6,-2.2,15.0,0.0,,0.67,368.7,5
20260629,2026-06-30T00:01:32.158733+00:00,GTX,8,9,13.08,100.8,-7.7,63.0,-0.1,,0.94,104.0,5
20260629,2026-06-30T00:01:32.158733+00:00,TD,9,10,12.94,32.5,-2.5,16.0,-0.1,,0.85,279.5,5
20260629,2026-06-30T00:01:32.158733+00:00,MU,10,11,12.82,255.9,-20.0,101.0,-5.6,,1.04,60824.3,7
20260629,2026-06-30T00:01:32.158733+00:00,HNGE,11,12,12.61,121.6,-9.6,50.0,0.0,,1.76,176.8,3
20260629,2026-06-30T00:01:32.158733+00:00,STM,12,13,12.33,139.1,-11.3,73.0,-6.3,,0.72,1046.4,5
20260629,2026-06-30T00:01:32.158733+00:00,CNC,13,14,12.24,103.0,-8.4,47.0,-2.5,,1.01,364.9,8
20260629,2026-06-30T00:01:32.158733+00:00,UMC,14,15,12.15,211.7,-17.4,80.0,-4.2,,0.6,445.7,6
20260629,2026-06-30T00:01:32.158733+00:00,SIMO,15,16,12.03,215.4,-17.9,113.0,-1.5,,1.43,310.2,7
20260629,2026-06-30T00:01:32.158733+00:00,ACMR,16,17,11.96,213.4,-17.8,91.0,0.0,,1.35,180.1,4
20260629,2026-06-30T00:01:32.158733+00:00,AMAT,17,18,11.87,115.2,-9.7,69.0,0.0,,1.21,6890.7,3
20260629,2026-06-30T00:01:32.158733+00:00,FLEX,18,19,11.79,163.4,-13.9,99.0,-1.5,,0.59,1483.5,7
20260629,2026-06-30T00:01:32.158733+00:00,FTNT,19,20,11.52,96.6,-8.4,55.0,0.0,,0.93,1042.8,5
20260629,2026-06-30T00:01:32.158733+00:00,ALKS,20,21,11.22,74.2,-6.6,53.0,-4.6,,1.04,129.7,0
20260629,2026-06-30T00:01:32.158733+00:00,TVTX,21,22,11.02,110.8,-10.1,90.0,-1.2,,0.56,126.2,6
20260629,2026-06-30T00:01:32.158733+00:00,ARMK,22,23,10.76,40.0,-3.7,28.0,0.0,,1.1,136.1,4
20260629,2026-06-30T00:01:32.158733+00:00,AMD,23,24,10.55,175.2,-16.6,79.0,-2.2,,0.83,16344.0,5
20260629,2026-06-30T00:01:32.158733+00:00,RAL,24,25,10.5,83.7,-8.0,51.0,-1.5,,0.87,109.3,6
20260629,2026-06-30T00:01:32.158733+00:00,DFTX,25,26,10.36,166.0,-16.0,116.0,0.0,,1.0,168.4,2
20260629,2026-06-30T00:01:32.158733+00:00,UNH,26,27,10.12,61.3,-6.1,33.0,-1.9,,0.69,2934.5,5
20260629,2026-06-30T00:01:32.158733+00:00,UCTT,27,28,10.1,133.9,-13.3,87.0,0.0,,1.0,149.5,6
20260629,2026-06-30T00:01:32.158733+00:00,STT,28,29,10.06,38.8,-3.9,24.0,-2.0,,0.73,418.8,6
20260629,2026-06-30T00:01:32.158733+00:00,MKSI,29,30,9.78,97.8,-10.0,60.0,-1.1,,1.62,498.3,7
20260629,2026-06-30T00:01:32.158733+00:00,MNST,30,31,9.53,36.9,-3.9,34.0,0.0,,0.8,566.1,3
20260629,2026-06-30T00:01:32.158733+00:00,BTSG,31,32,9.52,66.1,-6.9,37.0,-1.0,,0.95,268.3,2
20260629,2026-06-30T00:01:32.158733+00:00,STX,32,33,9.47,167.4,-17.7,69.0,-11.4,,1.19,4440.2,4
20260629,2026-06-30T00:01:32.158733+00:00,NBIS,33,34,9.17,183.1,-20.0,100.0,-8.9,,0.8,4444.0,3
20260629,2026-06-30T00:01:32.158733+00:00,LQDA,34,35,9.13,113.5,-12.4,75.0,-3.9,,0.93,195.2,5
20260629,2026-06-30T00:01:32.158733+00:00,RIOT,35,36,9.12,134.6,-14.8,75.0,-3.3,,1.21,430.1,4
20260629,2026-06-30T00:01:32.158733+00:00,OSCR,36,37,9.04,171.4,-19.0,69.0,-1.6,,0.74,210.9,5
20260629,2026-06-30T00:01:32.158733+00:00,LRCX,37,38,8.98,105.7,-11.8,69.0,0.0,,1.08,4803.9,3
20260629,2026-06-30T00:01:32.158733+00:00,VOYA,38,39,8.89,36.6,-4.1,23.0,-1.6,,0.54,120.7,5
20260629,2026-06-30T00:01:32.158733+00:00,KLAC,39,40,8.87,101.6,-11.5,71.0,0.0,,1.03,3415.1,4
20260629,2026-06-30T00:01:32.158733+00:00,VNO,40,41,8.84,56.9,-6.4,33.0,0.0,,0.81,67.9,1
20260629,2026-06-30T00:01:32.158733+00:00,PANW,41,42,8.65,115.1,-13.3,52.0,0.0,,1.13,2565.9,4
20260629,2026-06-30T00:01:32.158733+00:00,SMTC,42,43,8.47,121.1,-14.3,83.0,-10.6,,0.77,726.3,5
20260629,2026-06-30T00:01:32.158733+00:00,HST,43,44,8.22,32.8,-4.0,22.0,-0.8,,0.92,235.5,4
20260629,2026-06-30T00:01:32.158733+00:00,RVMD,44,45,7.88,107.8,-13.7,97.0,0.0,,1.46,591.7,5
20260629,2026-06-30T00:01:32.158733+00:00,BEN,45,46,7.66,46.9,-6.1,32.0,-2.2,,1.01,152.2,5
20260629,2026-06-30T00:01:32.158733+00:00,UBS,46,47,7.59,38.4,-5.1,29.0,-3.2,,0.67,107.4,3
20260629,2026-06-30T00:01:32.158733+00:00,CORZ,47,48,7.48,86.5,-11.6,59.0,-11.0,,0.9,345.0,4
20260629,2026-06-30T00:01:32.158733+00:00,FROG,48,49,7.24,110.7,-15.3,78.0,0.0,,1.32,315.6,7
20260629,2026-06-30T00:01:32.158733+00:00,TROW,49,50,7.22,30.0,-4.2,20.0,0.0,,1.72,249.8,5
20260629,2026-06-30T00:01:32.158733+00:00,TTMI,50,51,7.13,111.6,-15.7,80.0,-15.7,,1.19,567.5,4
20260629,2026-06-30T00:01:32.158733+00:00,SYRE,51,52,7.02,98.5,-14.0,83.0,-10.1,,1.14,154.7,5
20260629,2026-06-30T00:01:32.158733+00:00,ALGM,52,53,7.01,136.7,-19.5,84.0,0.0,,2.18,187.6,4
20260629,2026-06-30T00:01:32.158733+00:00,LTH,53,54,6.92,58.4,-8.4,51.0,0.0,,1.4,111.2,4
20260629,2026-06-30T00:01:32.158733+00:00,AAL,54,55,6.61,76.0,-11.5,52.0,0.0,,0.93,2090.3,1
20260629,2026-06-30T00:01:32.158733+00:00,ASX,55,56,6.28,101.7,-16.2,67.0,-3.4,,0.87,492.2,5
20260629,2026-06-30T00:01:32.158733+00:00,MOH,56,57,6.18,74.6,-12.1,48.0,-0.1,,1.04,221.1,4
20260629,2026-06-30T00:01:32.158733+00:00,AVT,57,58,6.18,50.2,-8.1,43.0,-5.7,,0.81,141.7,6
20260629,2026-06-30T00:01:32.158733+00:00,CAT,58,59,6.15,55.1,-9.0,47.0,-2.3,,0.8,3663.8,5
20260629,2026-06-30T00:01:32.158733+00:00,AFRM,59,60,6.12,90.1,-14.7,62.0,0.0,,0.93,342.7,4
20260629,2026-06-30T00:01:32.158733+00:00,VIK,60,61,6.08,53.3,-8.8,46.0,0.0,,0.83,261.5,4
20260629,2026-06-30T00:01:32.158733+00:00,DAL,61,62,6.02,47.8,-7.9,42.0,0.0,,0.79,677.2,3
20260629,2026-06-30T00:01:32.158733+00:00,AMKR,62,63,5.96,99.8,-16.7,76.0,-12.0,,0.96,528.4,3
20260629,2026-06-30T00:01:32.158733+00:00,BXP,63,64,5.85,31.2,-5.3,25.0,-0.5,,0.9,102.6,4
20260629,2026-06-30T00:01:32.158733+00:00,ASML,64,65,5.84,50.5,-8.6,57.0,-2.4,,0.8,4012.2,3
20260629,2026-06-30T00:01:32.158733+00:00,NAVN,65,66,5.82,97.7,-16.8,64.0,0.0,,0.7,125.8,3
20260629,2026-06-30T00:01:32.158733+00:00,GFS,66,67,5.71,96.0,-16.8,74.0,-9.8,,0.76,299.4,4
20260629,2026-06-30T00:01:32.158733+00:00,CVS,67,68,5.58,49.0,-8.8,33.0,-1.0,,0.53,859.9,6
20260629,2026-06-30T00:01:32.158733+00:00,FPS,68,69,5.48,96.6,-17.6,72.0,-14.9,,0.71,366.1,6
20260629,2026-06-30T00:01:32.158733+00:00,CRWD,69,70,5.44,95.5,-17.5,53.0,-5.0,,1.35,2568.8,4
20260629,2026-06-30T00:01:32.158733+00:00,IRDM,70,71,5.38,104.3,-19.4,87.0,0.0,,4.55,160.9,5
20260629,2026-06-30T00:01:32.158733+00:00,VSXY,71,72,5.25,99.7,-19.0,110.0,-2.3,,0.69,232.9,4
20260629,2026-06-30T00:01:32.158733+00:00,TSM,72,73,5.2,44.1,-8.5,47.0,-2.7,,1.04,6308.0,6
20260629,2026-06-30T00:01:32.158733+00:00,GLW,73,74,5.18,99.2,-19.1,89.0,0.0,,1.49,3368.1,6
20260629,2026-06-30T00:01:32.158733+00:00,IRM,74,75,5.17,34.1,-6.6,35.0,-2.3,,0.75,198.6,3
20260629,2026-06-30T00:01:32.158733+00:00,SANM,75,76,5.16,93.8,-18.2,63.0,-15.0,,0.38,396.0,6
20260629,2026-06-30T00:01:32.158733+00:00,TGTX,76,77,5.1,76.8,-15.1,54.0,-0.2,,0.7,153.2,4
20260629,2026-06-30T00:01:32.158733+00:00,MS,77,78,5.08,34.4,-6.8,29.0,-6.8,,0.81,1421.3,5
20260629,2026-06-30T00:01:32.158733+00:00,LSCC,78,79,5.01,72.0,-14.4,66.0,-5.5,,1.08,290.4,5
20260629,2026-06-30T00:01:32.158733+00:00,MTSI,79,80,4.96,77.9,-15.7,61.0,-9.1,,0.97,704.4,7
20260629,2026-06-30T00:01:32.158733+00:00,NBIX,80,81,4.91,32.1,-6.5,34.0,0.0,,1.06,202.0,3
20260629,2026-06-30T00:01:32.158733+00:00,WULF,81,82,4.85,86.7,-17.9,77.0,-11.7,,0.91,745.7,7
20260629,2026-06-30T00:01:32.158733+00:00,GH,82,83,4.83,78.4,-16.2,62.0,0.0,,0.86,428.5,5
20260629,2026-06-30T00:01:32.158733+00:00,JBL,83,84,4.82,51.0,-10.6,47.0,-3.1,,0.92,606.2,4
20260629,2026-06-30T00:01:32.158733+00:00,ROKU,84,85,4.82,54.7,-11.3,54.0,-5.0,,0.44,1067.9,5
20260629,2026-06-30T00:01:32.158733+00:00,PFGC,85,86,4.8,33.7,-7.0,29.0,0.0,,1.32,159.9,2
20260629,2026-06-30T00:01:32.158733+00:00,GSAT,86,87,4.79,31.2,-6.5,41.0,-3.9,,0.61,139.7,6
20260629,2026-06-30T00:01:32.158733+00:00,ILMN,87,88,4.75,49.9,-10.5,41.0,0.0,,0.7,349.1,2
20260629,2026-06-30T00:01:32.158733+00:00,IMVT,88,89,4.75,63.5,-13.4,86.0,-0.9,,0.75,61.4,4
20260629,2026-06-30T00:01:32.158733+00:00,LINE,89,90,4.7,44.1,-9.4,39.0,0.0,,1.15,41.5,3
20260629,2026-06-30T00:01:32.158733+00:00,MARA,90,91,4.69,79.9,-17.0,72.0,-5.5,,1.2,593.3,6
20260629,2026-06-30T00:01:32.158733+00:00,SNDR,91,92,4.63,44.2,-9.5,43.0,-4.7,,1.01,40.8,5
20260629,2026-06-30T00:01:32.158733+00:00,COHR,92,93,4.62,78.1,-16.9,88.0,-8.4,,1.2,2494.6,6
20260629,2026-06-30T00:01:32.158733+00:00,PRMB,93,94,4.57,34.8,-7.6,44.0,-0.9,,1.24,77.5,5
20260629,2026-06-30T00:01:32.158733+00:00,SWK,94,95,4.55,40.4,-8.9,45.0,0.0,,1.22,145.2,4
20260629,2026-06-30T00:01:32.158733+00:00,UAL,95,96,4.53,58.7,-12.9,58.0,-0.7,,0.71,678.1,2
20260629,2026-06-30T00:01:32.158733+00:00,KLAR,96,97,4.53,62.2,-13.7,68.0,-0.2,,0.82,88.7,3
20260629,2026-06-30T00:01:32.158733+00:00,BCS,97,98,4.52,32.9,-7.3,36.0,-1.6,,0.72,131.0,4
20260629,2026-06-30T00:01:32.158733+00:00,BRKR,98,99,4.48,74.2,-16.6,62.0,-4.7,,0.7,156.5,4
20260629,2026-06-30T00:01:32.158733+00:00,MAC,99,100,4.45,40.1,-9.0,31.0,-0.3,,1.33,112.7,6
20260629,2026-06-30T00:01:32.158733+00:00,ICLR,100,101,4.42,64.6,-14.6,65.0,0.0,,1.13,181.3,3
20260629,2026-06-30T00:01:32.158733+00:00,ONTO,101,102,4.41,85.7,-19.4,73.0,0.0,,1.2,428.0,3
20260629,2026-06-30T00:01:32.158733+00:00,APGE,102,103,4.37,68.5,-15.7,105.0,-0.2,,0.65,692.4,6
20260629,2026-06-30T00:01:32.158733+00:00,IBKR,103,104,4.34,38.6,-8.9,37.0,-8.9,,0.94,449.4,4
20260629,2026-06-30T00:01:32.158733+00:00,DOC,104,105,4.32,34.3,-7.9,43.0,0.0,,0.64,144.2,4
20260629,2026-06-30T00:01:32.158733+00:00,CSCO,105,106,4.29,53.6,-12.5,43.0,-9.5,,0.83,3146.7,8
20260629,2026-06-30T00:01:32.158733+00:00,M,106,107,4.22,40.2,-9.5,44.0,-5.8,,0.93,187.2,5
20260629,2026-06-30T00:01:32.158733+00:00,COMP,107,108,4.2,75.4,-18.0,86.0,0.0,,1.18,149.2,5
20260629,2026-06-30T00:01:32.158733+00:00,ATI,108,109,4.1,45.9,-11.2,45.0,-3.1,,0.71,387.4,6
20260629,2026-06-30T00:01:32.158733+00:00,PRM,109,110,4.03,53.8,-13.4,60.0,-13.4,,1.1,69.1,5
20260629,2026-06-30T00:01:32.158733+00:00,ELV,110,111,4.02,36.8,-9.2,30.0,-8.2,,0.65,719.5,7
20260629,2026-06-30T00:01:32.158733+00:00,WSC,111,112,3.97,74.0,-18.6,59.0,-1.1,,1.01,57.2,7
20260629,2026-06-30T00:01:32.158733+00:00,NVT,112,113,3.88,45.1,-11.6,50.0,-11.4,,0.94,366.3,5
20260629,2026-06-30T00:01:32.158733+00:00,CROX,113,114,3.88,56.7,-14.6,44.0,-1.9,,0.8,153.9,1
20260629,2026-06-30T00:01:32.158733+00:00,ETSY,114,115,3.86,67.7,-17.5,48.0,0.0,,1.09,219.3,2
20260629,2026-06-30T00:01:32.158733+00:00,TXN,115,116,3.82,53.9,-14.1,62.0,-14.1,,1.21,3170.1,7
20260629,2026-06-30T00:01:32.158733+00:00,REYN,116,117,3.81,30.5,-8.0,25.0,0.0,,1.58,29.1,3
20260629,2026-06-30T00:01:32.158733+00:00,CARR,117,118,3.74,35.6,-9.5,46.0,-3.4,,0.68,440.4,6
20260629,2026-06-30T00:01:32.158733+00:00,KNX,118,119,3.61,41.3,-11.4,44.0,-5.2,,0.71,356.1,5
20260629,2026-06-30T00:01:32.158733+00:00,LLY,119,120,3.58,39.0,-10.9,38.0,0.0,,1.07,3852.6,4
20260629,2026-06-30T00:01:32.158733+00:00,C,120,121,3.56,33.5,-9.4,28.0,-2.2,,0.68,1895.4,5
20260629,2026-06-30T00:01:32.158733+00:00,MGM,121,122,3.54,39.5,-11.2,46.0,-2.0,,0.8,255.1,4
20260629,2026-06-30T00:01:32.158733+00:00,ARWR,122,123,3.53,39.6,-11.2,52.0,-1.8,,0.64,201.4,7
20260629,2026-06-30T00:01:32.158733+00:00,OC,123,124,3.52,49.6,-14.1,54.0,0.0,,4.89,172.4,2
20260629,2026-06-30T00:01:32.158733+00:00,ESI,124,125,3.5,43.3,-12.4,53.0,-5.7,,1.05,156.4,6
20260629,2026-06-30T00:01:32.158733+00:00,CGNX,125,126,3.47,49.0,-14.1,45.0,0.0,,1.65,145.7,6
20260629,2026-06-30T00:01:32.158733+00:00,NTAP,126,127,3.42,54.0,-15.8,61.0,-14.4,,0.43,542.3,5
20260629,2026-06-30T00:01:32.158733+00:00,RBRK,127,128,3.42,67.9,-19.8,67.0,-10.1,,0.66,357.5,6
20260629,2026-06-30T00:01:32.158733+00:00,MCHP,128,129,3.41,49.0,-14.4,57.0,-13.3,,0.94,1262.0,5
20260629,2026-06-30T00:01:32.158733+00:00,LEVI,129,130,3.39,35.6,-10.5,37.0,-0.2,,1.35,55.9,6
20260629,2026-06-30T00:01:32.158733+00:00,BAX,130,131,3.35,39.4,-11.8,39.0,-0.1,,0.8,141.3,5
20260629,2026-06-30T00:01:32.158733+00:00,LUV,131,132,3.34,42.8,-12.8,44.0,-0.9,,0.92,325.7,4
20260629,2026-06-30T00:01:32.158733+00:00,AAON,132,133,3.33,60.8,-18.2,84.0,-15.1,,0.7,131.1,7
20260629,2026-06-30T00:01:32.158733+00:00,SGHC,133,134,3.26,33.4,-10.2,40.0,-0.3,,0.63,49.2,5
20260629,2026-06-30T00:01:32.158733+00:00,ST,134,135,3.26,40.8,-12.5,50.0,-12.4,,0.85,108.1,5
20260629,2026-06-30T00:01:32.158733+00:00,CDNS,135,136,3.25,37.6,-11.6,48.0,-10.5,,0.94,1100.3,6
20260629,2026-06-30T00:01:32.158733+00:00,VIRT,136,137,3.19,36.4,-11.4,37.0,-8.3,,0.83,80.9,4
20260629,2026-06-30T00:01:32.158733+00:00,OUT,137,138,3.13,30.1,-9.6,28.0,-1.5,,0.91,70.1,4
20260629,2026-06-30T00:01:32.158733+00:00,SN,138,139,3.09,49.9,-16.2,47.0,0.0,,0.65,231.3,2
20260629,2026-06-30T00:01:32.158733+00:00,VIAV,139,140,3.05,49.0,-16.1,81.0,-14.3,,0.5,469.9,6
20260629,2026-06-30T00:01:32.158733+00:00,JHX,140,141,3.03,50.3,-16.6,58.0,-0.8,,0.79,203.9,4
20260629,2026-06-30T00:01:32.158733+00:00,GTES,141,142,3.03,33.8,-11.1,47.0,-3.0,,1.27,57.3,4
20260629,2026-06-30T00:01:32.158733+00:00,NTRA,142,143,3.01,45.7,-15.2,59.0,0.0,,1.08,377.4,4
20260629,2026-06-30T00:01:32.158733+00:00,NXPI,143,144,2.98,49.1,-16.4,72.0,-16.0,,0.81,1367.9,5
20260629,2026-06-30T00:01:32.158733+00:00,XYZ,144,145,2.96,36.8,-12.4,44.0,0.0,,1.12,458.4,3
20260629,2026-06-30T00:01:32.158733+00:00,AMRX,145,146,2.96,44.7,-15.1,38.0,-0.2,,1.06,38.0,4
20260629,2026-06-30T00:01:32.158733+00:00,AVTR,146,147,2.95,32.1,-10.9,43.0,-2.4,,0.9,89.8,3
20260629,2026-06-30T00:01:32.158733+00:00,NVO,147,148,2.87,37.0,-12.9,36.0,0.0,,0.67,614.4,3
20260629,2026-06-30T00:01:32.158733+00:00,Q,148,149,2.82,47.8,-17.0,62.0,-9.9,,1.82,344.8,5
20260629,2026-06-30T00:01:32.158733+00:00,GE,149,150,2.8,36.8,-13.1,40.0,0.0,,1.13,1804.6,2
20260629,2026-06-30T00:01:32.158733+00:00,NUE,150,151,2.77,39.2,-14.2,34.0,-14.2,,1.24,460.0,9
20260629,2026-06-30T00:01:32.158733+00:00,BROS,151,152,2.74,49.4,-18.0,53.0,-0.2,,0.98,237.4,5
20260629,2026-06-30T00:01:32.158733+00:00,MAS,152,153,2.62,38.0,-14.5,41.0,0.0,,1.39,177.0,4
20260629,2026-06-30T00:01:32.158733+00:00,CYTK,153,154,2.6,38.6,-14.9,52.0,0.0,,1.54,188.5,5
20260629,2026-06-30T00:01:32.158733+00:00,TEX,154,155,2.47,34.5,-14.0,51.0,-1.4,,1.24,101.6,4
20260629,2026-06-30T00:01:32.158733+00:00,ROIV,155,156,2.45,31.5,-12.8,45.0,0.0,,1.03,191.8,5
20260629,2026-06-30T00:01:32.158733+00:00,RVTY,156,157,2.45,31.3,-12.7,46.0,-2.0,,1.33,155.8,2
20260629,2026-06-30T00:01:32.158733+00:00,MRNA,157,158,2.42,44.5,-18.4,68.0,0.0,,0.97,481.5,2
20260629,2026-06-30T00:01:32.158733+00:00,TREX,158,159,2.42,40.4,-16.7,49.0,-0.6,,1.42,93.3,6
20260629,2026-06-30T00:01:32.158733+00:00,RDDT,159,160,2.32,40.5,-17.5,73.0,-5.2,,0.65,770.8,4
20260629,2026-06-30T00:01:32.158733+00:00,MIRM,160,161,2.27,39.9,-17.6,49.0,-0.6,,0.91,112.0,1
20260629,2026-06-30T00:01:32.158733+00:00,WSM,161,162,2.19,36.4,-16.6,37.0,0.0,,0.72,278.8,4
20260629,2026-06-30T00:01:32.158733+00:00,GEN,162,163,2.19,37.4,-17.1,47.0,-9.8,,0.68,184.6,6
20260629,2026-06-30T00:01:32.158733+00:00,STLD,163,164,2.14,36.8,-17.2,41.0,-17.2,,0.91,344.6,7
20260629,2026-06-30T00:01:32.158733+00:00,KGS,164,165,2.14,30.4,-14.2,36.0,-2.4,,1.04,140.2,4
20260629,2026-06-30T00:01:32.158733+00:00,U,165,166,2.13,37.8,-17.7,55.0,-12.0,,0.59,233.7,3
20260629,2026-06-30T00:01:32.158733+00:00,NTNX,166,167,2.06,34.6,-16.8,55.0,-8.6,,1.21,206.0,3
20260629,2026-06-30T00:01:32.158733+00:00,PWR,167,168,1.98,33.9,-17.1,51.0,-9.0,,0.94,1037.0,9
20260629,2026-06-30T00:01:32.158733+00:00,RYCEY,168,169,1.8,30.6,-17.0,52.0,0.0,,1.02,50.0,4
20260629,2026-06-30T00:01:32.158733+00:00,SWKS,169,170,1.6,30.1,-18.8,63.0,-18.8,,0.77,411.1,6
20260630,2026-07-01T00:01:19.818199+00:00,ALAB,1,1,24.56,340.7,-13.9,102.0,0.0,,0.93,2523.5,7
20260630,2026-07-01T00:01:19.818199+00:00,HUM,2,2,23.33,129.6,-5.6,44.0,0.0,,1.01,551.4,3
20260630,2026-07-01T00:01:19.818199+00:00,CORT,3,3,21.21,115.7,-5.5,49.0,-1.1,,0.72,80.6,2
20260630,2026-07-01T00:01:19.818199+00:00,SNDK,4,4,16.32,257.9,-15.8,109.0,-2.6,,1.0,22511.4,4
20260630,2026-07-01T00:01:19.818199+00:00,BB,5,5,15.32,290.4,-19.0,85.0,0.0,,0.79,444.0,5
20260630,2026-07-01T00:01:19.818199+00:00,GTX,6,6,12.96,99.9,-7.7,63.0,0.0,,0.95,104.0,5
20260630,2026-07-01T00:01:19.818199+00:00,ACMR,7,7,12.47,222.5,-17.8,92.0,0.0,,1.07,185.2,4
20260630,2026-07-01T00:01:19.818199+00:00,TD,8,8,12.42,31.2,-2.5,16.0,0.0,,0.5,261.0,5
20260630,2026-07-01T00:01:19.818199+00:00,MU,9,9,12.1,241.7,-20.0,101.0,-4.9,,0.72,60846.9,7
20260630,2026-07-01T00:01:19.818199+00:00,HNGE,10,10,11.95,115.2,-9.6,50.0,0.0,,0.71,174.1,3
20260630,2026-07-01T00:01:19.818199+00:00,UMC,11,11,11.65,203.0,-17.4,79.0,-2.9,,0.74,452.1,6
20260630,2026-07-01T00:01:19.818199+00:00,VSH,12,12,11.63,199.3,-17.1,79.0,-17.1,,2.18,564.9,3
20260630,2026-07-01T00:01:19.818199+00:00,AMAT,13,13,11.52,111.8,-9.7,68.0,0.0,,1.37,7334.3,3
20260630,2026-07-01T00:01:19.818199+00:00,CNC,14,14,11.42,96.1,-8.4,47.0,-3.1,,0.8,361.8,8
20260630,2026-07-01T00:01:19.818199+00:00,AMD,15,15,11.17,185.6,-16.6,80.0,0.0,,1.08,16496.2,5
20260630,2026-07-01T00:01:19.818199+00:00,SIMO,16,16,11.03,197.5,-17.9,113.0,-1.1,,0.56,301.2,7
20260630,2026-07-01T00:01:19.818199+00:00,ARMK,17,17,10.95,40.7,-3.7,28.0,0.0,,1.41,138.3,4
20260630,2026-07-01T00:01:19.818199+00:00,FLEX,18,18,10.65,147.6,-13.9,98.0,0.0,,0.52,1491.5,7
20260630,2026-07-01T00:01:19.818199+00:00,FTNT,19,19,10.49,88.0,-8.4,55.0,-1.2,,0.94,1038.6,5
20260630,2026-07-01T00:01:19.818199+00:00,STM,20,20,10.37,117.0,-11.3,70.0,-6.2,,0.7,1048.6,5
20260630,2026-07-01T00:01:19.818199+00:00,UCTT,21,21,9.76,129.3,-13.3,86.0,0.0,,1.52,161.1,6
20260630,2026-07-01T00:01:19.818199+00:00,RAL,22,22,9.68,77.2,-8.0,51.0,0.0,,0.88,110.1,6
20260630,2026-07-01T00:01:19.818199+00:00,MKSI,23,23,9.37,93.7,-10.0,59.0,0.0,,1.66,531.5,7
20260630,2026-07-01T00:01:19.818199+00:00,DFTX,24,24,9.29,148.9,-16.0,115.0,0.0,,0.91,176.5,2
20260630,2026-07-01T00:01:19.818199+00:00,KLAC,25,25,9.18,105.2,-11.5,72.0,0.0,,1.38,3644.0,4
20260630,2026-07-01T00:01:19.818199+00:00,BTSG,26,26,9.18,63.7,-6.9,37.0,0.0,,0.75,272.1,2
20260630,2026-07-01T00:01:19.818199+00:00,TVTX,27,27,9.08,91.2,-10.1,89.0,-3.8,,1.01,130.0,7
20260630,2026-07-01T00:01:19.818199+00:00,STT,28,28,9.05,34.9,-3.9,24.0,-2.4,,0.68,422.8,6
20260630,2026-07-01T00:01:19.818199+00:00,UNH,29,29,8.99,54.5,-6.1,32.0,-2.9,,0.79,2929.5,6
20260630,2026-07-01T00:01:19.818199+00:00,LQDA,30,30,8.94,111.3,-12.4,75.0,0.0,,0.6,198.1,5
20260630,2026-07-01T00:01:19.818199+00:00,LRCX,31,31,8.75,103.0,-11.8,68.0,0.0,,1.28,5042.2,3
20260630,2026-07-01T00:01:19.818199+00:00,PANW,32,32,8.48,112.7,-13.3,52.0,0.0,,1.08,2524.1,4
20260630,2026-07-01T00:01:19.818199+00:00,MNST,33,33,8.43,32.7,-3.9,34.0,-1.6,,1.01,570.0,4
20260630,2026-07-01T00:01:19.818199+00:00,NBIS,34,34,8.32,166.2,-20.0,98.0,-3.7,,0.74,4301.1,3
20260630,2026-07-01T00:01:19.818199+00:00,STX,35,35,8.28,146.5,-17.7,68.0,-11.7,,0.92,4487.7,4
20260630,2026-07-01T00:01:19.818199+00:00,RIOT,36,36,8.23,121.5,-14.8,75.0,-4.6,,1.06,426.2,4
20260630,2026-07-01T00:01:19.818199+00:00,VOYA,37,37,8.08,33.3,-4.1,23.0,-2.0,,0.71,120.9,6
20260630,2026-07-01T00:01:19.818199+00:00,VNO,38,38,7.95,51.2,-6.4,33.0,-0.5,,0.82,68.1,1
20260630,2026-07-01T00:01:19.818199+00:00,OSCR,39,39,7.84,148.6,-19.0,69.0,-4.7,,0.87,211.9,6
20260630,2026-07-01T00:01:19.818199+00:00,SMTC,40,40,7.73,110.5,-14.3,82.0,-7.4,,0.58,718.1,5
20260630,2026-07-01T00:01:19.818199+00:00,ALKS,41,41,7.28,48.2,-6.6,41.0,-4.9,,1.08,132.3,1
20260630,2026-07-01T00:01:19.818199+00:00,BEN,42,42,6.91,42.3,-6.1,31.0,-1.0,,0.93,153.8,5
20260630,2026-07-01T00:01:19.818199+00:00,RVMD,43,43,6.77,92.6,-13.7,97.0,-2.8,,1.12,574.1,4
20260630,2026-07-01T00:01:19.818199+00:00,ASX,44,44,6.68,108.1,-16.2,68.0,0.0,,0.9,505.8,5
20260630,2026-07-01T00:01:19.818199+00:00,ALGM,45,45,6.19,120.8,-19.5,81.0,0.0,,1.3,197.8,4
20260630,2026-07-01T00:01:19.818199+00:00,FROG,46,46,6.12,93.7,-15.3,76.0,0.0,,0.79,310.7,7
20260630,2026-07-01T00:01:19.818199+00:00,LTH,47,47,6.12,51.6,-8.4,50.0,-1.1,,1.13,113.9,3
20260630,2026-07-01T00:01:19.818199+00:00,UBS,48,48,5.95,30.1,-5.1,26.0,-3.1,,0.54,105.7,3
20260630,2026-07-01T00:01:19.818199+00:00,AAL,49,49,5.93,68.2,-11.5,51.0,0.0,,1.18,2183.4,1
20260630,2026-07-01T00:01:19.818199+00:00,MOH,50,50,5.93,71.6,-12.1,48.0,-0.5,,1.02,225.4,4
20260630,2026-07-01T00:01:19.818199+00:00,ASML,51,51,5.89,50.9,-8.6,57.0,0.0,,1.22,4195.5,3
20260630,2026-07-01T00:01:19.818199+00:00,TTMI,52,52,5.88,92.0,-15.7,78.0,-15.6,,1.09,571.8,4
20260630,2026-07-01T00:01:19.818199+00:00,CORZ,53,53,5.8,71.1,-12.2,57.0,-12.2,,1.02,336.4,5
20260630,2026-07-01T00:01:19.818199+00:00,CAT,54,54,5.64,50.6,-9.0,46.0,0.0,,0.86,3723.0,5
20260630,2026-07-01T00:01:19.818199+00:00,AVT,55,55,5.51,44.7,-8.1,42.0,-4.4,,0.65,140.1,6
20260630,2026-07-01T00:01:19.818199+00:00,AMKR,56,56,5.48,91.7,-16.7,74.0,-7.8,,0.69,528.7,2
20260630,2026-07-01T00:01:19.818199+00:00,CRWD,57,57,5.44,95.5,-17.5,53.0,-2.4,,1.01,2530.0,4
20260630,2026-07-01T00:01:19.818199+00:00,SYRE,58,58,5.42,76.0,-14.0,80.0,-11.5,,0.81,157.9,5
20260630,2026-07-01T00:01:19.818199+00:00,AFRM,59,59,5.3,78.0,-14.7,61.0,-0.3,,0.67,334.8,3
20260630,2026-07-01T00:01:19.818199+00:00,SANM,60,60,5.24,95.2,-18.2,63.0,-10.5,,0.41,393.5,6
20260630,2026-07-01T00:01:19.818199+00:00,DAL,61,61,5.19,41.3,-7.9,41.0,0.0,,0.95,683.0,3
20260630,2026-07-01T00:01:19.818199+00:00,CVS,62,62,5.16,45.3,-8.8,33.0,-1.2,,0.64,865.6,6
20260630,2026-07-01T00:01:19.818199+00:00,FPS,63,63,5.15,90.8,-17.6,72.0,-13.5,,1.24,352.5,6
20260630,2026-07-01T00:01:19.818199+00:00,GFS,64,64,5.08,85.5,-16.8,73.0,-8.3,,0.89,286.9,4
20260630,2026-07-01T00:01:19.818199+00:00,IRDM,65,65,5.07,98.4,-19.4,87.0,0.0,,1.84,171.7,5
20260630,2026-07-01T00:01:19.818199+00:00,TSM,66,66,4.9,41.6,-8.5,46.0,0.0,,1.04,6275.9,6
20260630,2026-07-01T00:01:19.818199+00:00,VIK,67,67,4.84,42.4,-8.8,44.0,-0.3,,0.67,254.6,4
20260630,2026-07-01T00:01:19.818199+00:00,GLW,68,68,4.61,88.1,-19.1,89.0,-0.1,,1.36,3561.8,6
20260630,2026-07-01T00:01:19.818199+00:00,MTSI,69,69,4.54,71.3,-15.7,60.0,-7.2,,1.33,716.4,7
20260630,2026-07-01T00:01:19.818199+00:00,LSCC,70,70,4.51,64.9,-14.4,64.0,-1.5,,1.16,297.1,5
20260630,2026-07-01T00:01:19.818199+00:00,PFGC,71,71,4.35,30.5,-7.0,29.0,-0.8,,1.16,162.1,2
20260630,2026-07-01T00:01:19.818199+00:00,ONTO,72,72,4.35,84.5,-19.4,72.0,0.0,,1.81,463.7,3
20260630,2026-07-01T00:01:19.818199+00:00,TGTX,73,73,4.34,65.4,-15.1,53.0,-1.6,,0.83,157.2,4
20260630,2026-07-01T00:01:19.818199+00:00,NAVN,74,74,4.33,72.7,-16.8,62.0,-3.5,,0.61,125.1,3
20260630,2026-07-01T00:01:19.818199+00:00,JBL,75,75,4.27,45.2,-10.6,45.0,-0.0,,1.05,613.2,4
20260630,2026-07-01T00:01:19.818199+00:00,VSXY,76,76,4.22,80.1,-19.0,109.0,-5.7,,0.65,229.5,4
20260630,2026-07-01T00:01:19.818199+00:00,CSCO,77,77,4.18,52.2,-12.5,43.0,-9.6,,1.24,3191.8,9
20260630,2026-07-01T00:01:19.818199+00:00,IMVT,78,78,4.12,55.1,-13.4,85.0,-0.8,,0.8,61.5,4
20260630,2026-07-01T00:01:19.818199+00:00,MARA,79,79,4.12,70.2,-17.0,72.0,-6.5,,1.02,585.0,6
20260630,2026-07-01T00:01:19.818199+00:00,SNDR,80,80,4.08,38.9,-9.5,43.0,-5.5,,0.61,40.4,5
20260630,2026-07-01T00:01:19.818199+00:00,DOC,81,81,4.07,32.4,-7.9,43.0,-2.1,,1.26,147.7,5
20260630,2026-07-01T00:01:19.818199+00:00,ILMN,82,82,4.06,42.6,-10.5,42.0,-2.9,,0.84,346.6,3
20260630,2026-07-01T00:01:19.818199+00:00,ROKU,83,83,4.05,46.0,-11.3,52.0,-3.8,,0.47,1081.2,5
20260630,2026-07-01T00:01:19.818199+00:00,BRKR,84,84,4.03,66.8,-16.6,61.0,-3.9,,0.74,150.5,4
20260630,2026-07-01T00:01:19.818199+00:00,PRMB,85,85,4.0,30.4,-7.6,44.0,-2.2,,1.02,78.3,5
20260630,2026-07-01T00:01:19.818199+00:00,WULF,86,86,3.98,71.2,-17.9,77.0,-14.8,,0.92,744.2,7
20260630,2026-07-01T00:01:19.818199+00:00,KLAR,87,87,3.98,54.6,-13.7,67.0,-0.2,,0.82,85.0,3
20260630,2026-07-01T00:01:19.818199+00:00,ICLR,88,88,3.89,57.0,-14.6,64.0,0.0,,0.89,181.6,3
20260630,2026-07-01T00:01:19.818199+00:00,COHR,89,89,3.88,65.6,-16.9,87.0,-7.6,,0.69,2471.8,6
20260630,2026-07-01T00:01:19.818199+00:00,TXN,90,90,3.85,54.3,-14.1,62.0,-10.3,,1.04,3192.1,7
20260630,2026-07-01T00:01:19.818199+00:00,GH,91,91,3.85,62.4,-16.2,61.0,-2.4,,1.08,438.3,6
20260630,2026-07-01T00:01:19.818199+00:00,SWK,92,92,3.82,33.9,-8.9,43.0,0.0,,1.32,151.4,4
20260630,2026-07-01T00:01:19.818199+00:00,COMP,93,93,3.82,68.7,-18.0,86.0,0.0,,1.05,154.7,5
20260630,2026-07-01T00:01:19.818199+00:00,MAC,94,94,3.79,34.2,-9.0,31.0,-2.5,,1.05,116.0,5
20260630,2026-07-01T00:01:19.818199+00:00,NVT,95,95,3.75,43.6,-11.6,49.0,-8.0,,0.97,364.3,5
20260630,2026-07-01T00:01:19.818199+00:00,UAL,96,96,3.68,47.7,-12.9,56.0,-0.1,,0.89,686.0,2
20260630,2026-07-01T00:01:19.818199+00:00,APGE,97,97,3.68,57.7,-15.7,104.0,-0.1,,0.99,725.3,6
20260630,2026-07-01T00:01:19.818199+00:00,WSC,98,98,3.58,66.7,-18.6,58.0,-0.7,,0.68,56.9,7
20260630,2026-07-01T00:01:19.818199+00:00,ELV,99,99,3.56,32.6,-9.2,30.0,-8.5,,1.02,714.2,8
20260630,2026-07-01T00:01:19.818199+00:00,PRM,100,100,3.44,46.0,-13.4,56.0,-5.6,,1.12,71.3,5
20260630,2026-07-01T00:01:19.818199+00:00,LINE,101,101,3.41,32.0,-9.4,39.0,-4.1,,1.71,43.5,4
20260630,2026-07-01T00:01:19.818199+00:00,CGNX,102,102,3.4,48.0,-14.1,45.0,0.0,,1.84,155.9,6
20260630,2026-07-01T00:01:19.818199+00:00,LEVI,103,103,3.34,35.1,-10.5,37.0,0.0,,1.21,57.4,6
20260630,2026-07-01T00:01:19.818199+00:00,OC,104,104,3.33,46.9,-14.1,53.0,0.0,,2.11,188.3,2
20260630,2026-07-01T00:01:19.818199+00:00,NTAP,105,105,3.28,51.9,-15.8,61.0,-14.5,,0.77,509.1,5
20260630,2026-07-01T00:01:19.818199+00:00,M,106,106,3.27,31.2,-9.5,44.0,-9.3,,0.83,189.5,5
20260630,2026-07-01T00:01:19.818199+00:00,ESI,107,107,3.24,40.1,-12.4,52.0,-2.7,,0.91,159.2,6
20260630,2026-07-01T00:01:19.818199+00:00,CARR,108,108,3.23,30.7,-9.5,45.0,-3.5,,0.89,434.6,6
20260630,2026-07-01T00:01:19.818199+00:00,RBRK,109,109,3.22,63.9,-19.8,66.0,-5.6,,0.93,344.9,6
20260630,2026-07-01T00:01:19.818199+00:00,ATI,110,110,3.17,35.5,-11.2,43.0,-3.4,,0.72,385.6,6
20260630,2026-07-01T00:01:19.818199+00:00,VIRT,111,111,3.17,36.1,-11.4,37.0,-6.1,,1.08,80.8,4
20260630,2026-07-01T00:01:19.818199+00:00,KNX,112,112,3.11,35.6,-11.4,44.0,-5.6,,0.75,355.3,6
20260630,2026-07-01T00:01:19.818199+00:00,CROX,113,113,3.1,45.3,-14.6,45.0,-5.6,,0.65,150.8,1
20260630,2026-07-01T00:01:19.818199+00:00,CDNS,114,114,3.03,35.1,-11.6,47.0,-9.9,,1.04,1061.4,6
20260630,2026-07-01T00:01:19.818199+00:00,AAON,115,115,2.93,53.4,-18.2,83.0,-14.4,,0.96,129.3,7
20260630,2026-07-01T00:01:19.818199+00:00,LUV,116,116,2.92,37.5,-12.8,44.0,-1.3,,0.72,326.7,4
20260630,2026-07-01T00:01:19.818199+00:00,MCHP,117,117,2.91,41.9,-14.4,56.0,-11.2,,1.2,1283.8,5
20260630,2026-07-01T00:01:19.818199+00:00,ETSY,118,118,2.89,50.7,-17.5,49.0,-5.4,,1.17,219.8,3
20260630,2026-07-01T00:01:19.818199+00:00,ST,119,119,2.87,35.9,-12.5,49.0,-10.8,,0.95,107.9,5
20260630,2026-07-01T00:01:19.818199+00:00,LLY,120,120,2.81,30.6,-10.9,38.0,-2.5,,1.1,3930.1,5
20260630,2026-07-01T00:01:19.818199+00:00,SN,121,121,2.71,43.8,-16.2,45.0,0.0,,0.91,233.3,2
20260630,2026-07-01T00:01:19.818199+00:00,VIAV,122,122,2.7,43.5,-16.1,81.0,-13.7,,0.68,468.6,6
20260630,2026-07-01T00:01:19.818199+00:00,ARWR,123,123,2.67,30.0,-11.2,50.0,-0.6,,1.05,203.9,7
20260630,2026-07-01T00:01:19.818199+00:00,NXPI,124,124,2.63,43.2,-16.4,72.0,-15.2,,1.0,1387.3,5
20260630,2026-07-01T00:01:19.818199+00:00,AMRX,125,125,2.6,39.3,-15.1,38.0,-0.1,,0.94,39.0,4
20260630,2026-07-01T00:01:19.818199+00:00,Q,126,126,2.45,41.6,-17.0,61.0,-7.0,,1.18,349.0,5
20260630,2026-07-01T00:01:19.818199+00:00,MAS,127,127,2.44,35.4,-14.5,41.0,0.0,,1.1,179.7,4
20260630,2026-07-01T00:01:19.818199+00:00,GE,128,128,2.42,31.7,-13.1,40.0,0.0,,0.94,1820.7,2
20260630,2026-07-01T00:01:19.818199+00:00,NVO,129,129,2.37,30.4,-12.9,35.0,-0.8,,0.62,606.3,3
20260630,2026-07-01T00:01:19.818199+00:00,NTRA,130,130,2.35,35.7,-15.2,57.0,-0.3,,0.86,381.4,4
20260630,2026-07-01T00:01:19.818199+00:00,JHX,131,131,2.31,38.2,-16.6,56.0,-1.7,,0.62,199.8,4
20260630,2026-07-01T00:01:19.818199+00:00,BROS,132,132,2.31,41.7,-18.0,53.0,-0.1,,0.72,238.2,5
20260630,2026-07-01T00:01:19.818199+00:00,TREX,133,133,2.24,37.4,-16.7,49.0,0.0,,0.98,95.8,6
20260630,2026-07-01T00:01:19.818199+00:00,MRNA,134,134,2.06,37.9,-18.4,67.0,0.0,,1.4,508.6,2
20260630,2026-07-01T00:01:19.818199+00:00,NTNX,135,135,2.02,34.1,-16.8,55.0,-8.8,,1.2,202.6,3
20260630,2026-07-01T00:01:19.818199+00:00,NUE,136,136,1.94,31.7,-16.4,35.0,-16.4,,1.12,468.5,9
20260630,2026-07-01T00:01:19.818199+00:00,GEN,137,137,1.92,32.9,-17.1,47.0,-10.3,,1.04,179.4,7
20260630,2026-07-01T00:01:19.818199+00:00,PWR,138,138,1.82,31.2,-17.1,50.0,-8.3,,0.69,1032.6,9
20260630,2026-07-01T00:01:19.818199+00:00,U,139,139,1.71,30.3,-17.7,53.0,-11.2,,0.68,217.9,3
20260701,2026-07-02T00:01:33.573663+00:00,HUM,1,1,23.74,131.9,-5.6,44.0,0.0,,1.11,571.2,2
20260701,2026-07-02T00:01:33.573663+00:00,ALAB,2,2,22.0,305.2,-13.9,105.0,-10.8,,0.89,2550.1,7
20260701,2026-07-02T00:01:33.573663+00:00,CORT,3,3,20.31,110.8,-5.5,49.0,0.0,,1.04,81.7,2
20260701,2026-07-02T00:01:33.573663+00:00,BB,4,4,14.84,281.3,-19.0,85.0,0.0,,0.91,440.8,5
20260701,2026-07-02T00:01:33.573663+00:00,HNGE,5,5,12.55,121.0,-9.6,49.0,0.0,,0.81,177.4,2
20260701,2026-07-02T00:01:33.573663+00:00,SNDK,6,6,12.24,193.4,-15.8,111.0,-13.0,,0.96,23026.1,4
20260701,2026-07-02T00:01:33.573663+00:00,CNC,7,7,12.04,101.3,-8.4,48.0,0.0,,1.02,370.4,7
20260701,2026-07-02T00:01:33.573663+00:00,TD,8,8,12.0,30.1,-2.5,16.0,0.0,,0.29,244.0,5
20260701,2026-07-02T00:01:33.573663+00:00,FTNT,9,9,11.44,95.9,-8.4,56.0,0.0,,0.67,1022.1,5
20260701,2026-07-02T00:01:33.573663+00:00,UMC,10,10,10.71,186.6,-17.4,81.0,-8.2,,1.0,460.5,7
20260701,2026-07-02T00:01:33.573663+00:00,ACMR,11,11,10.62,189.6,-17.8,94.0,-7.7,,1.0,188.9,4
20260701,2026-07-02T00:01:33.573663+00:00,GTX,12,12,10.51,81.0,-7.7,66.0,-7.3,,1.17,104.1,6
20260701,2026-07-02T00:01:33.573663+00:00,SIMO,13,13,9.58,171.5,-17.9,114.0,-5.9,,0.61,282.6,8
20260701,2026-07-02T00:01:33.573663+00:00,BTSG,14,14,9.54,66.2,-6.9,37.0,0.0,,0.82,278.6,2
20260701,2026-07-02T00:01:33.573663+00:00,VOYA,15,15,9.53,39.2,-4.1,23.0,0.0,,0.55,117.4,6
20260701,2026-07-02T00:01:33.573663+00:00,AMD,16,16,9.47,157.3,-16.6,82.0,-6.9,,0.89,16628.8,5
20260701,2026-07-02T00:01:33.573663+00:00,UNH,17,17,9.34,56.6,-6.1,33.0,-0.3,,0.69,2963.0,5
20260701,2026-07-02T00:01:33.573663+00:00,STM,18,18,9.22,105.1,-11.4,72.0,-11.4,,1.03,1016.5,6
20260701,2026-07-02T00:01:33.573663+00:00,ARMK,19,19,9.22,34.3,-3.7,28.0,-1.4,,1.05,135.5,4
20260701,2026-07-02T00:01:33.573663+00:00,OSCR,20,20,9.06,172.0,-19.0,72.0,0.0,,0.91,214.2,5
20260701,2026-07-02T00:01:33.573663+00:00,MU,21,21,9.05,180.6,-20.0,103.0,-14.9,,0.89,60965.9,8
20260701,2026-07-02T00:01:33.573663+00:00,FLEX,22,22,9.02,125.0,-13.9,99.0,-5.3,,0.46,1482.4,7
20260701,2026-07-02T00:01:33.573663+00:00,LQDA,23,23,8.98,111.7,-12.4,75.0,-0.5,,0.46,196.9,4
20260701,2026-07-02T00:01:33.573663+00:00,PANW,24,24,8.96,119.1,-13.3,52.0,0.0,,0.83,2343.2,3
20260701,2026-07-02T00:01:33.573663+00:00,VNO,25,25,8.8,56.7,-6.4,33.0,0.0,,0.93,68.9,1
20260701,2026-07-02T00:01:33.573663+00:00,MNST,26,26,8.72,33.8,-3.9,34.0,-0.3,,0.7,558.3,4
20260701,2026-07-02T00:01:33.573663+00:00,RAL,27,27,8.57,68.4,-8.0,51.0,-2.7,,1.09,113.3,7
20260701,2026-07-02T00:01:33.573663+00:00,AMAT,28,28,8.45,84.2,-10.0,72.0,-10.0,,1.28,7602.1,3
20260701,2026-07-02T00:01:33.573663+00:00,STT,29,29,8.37,32.3,-3.9,23.0,-2.3,,0.45,419.2,6
20260701,2026-07-02T00:01:33.573663+00:00,KDP,30,30,7.95,30.8,-3.9,27.0,-0.4,,1.06,547.4,3
20260701,2026-07-02T00:01:33.573663+00:00,TVTX,31,31,7.89,79.3,-10.1,89.0,-4.6,,0.62,128.9,6
20260701,2026-07-02T00:01:33.573663+00:00,UCTT,32,32,7.85,104.1,-13.3,89.0,-9.1,,1.01,160.6,6
20260701,2026-07-02T00:01:33.573663+00:00,ALKS,33,33,7.8,47.6,-6.1,41.0,-6.1,,0.59,132.1,1
20260701,2026-07-02T00:01:33.573663+00:00,BEN,34,34,7.49,45.8,-6.1,31.0,0.0,,0.95,155.3,5
20260701,2026-07-02T00:01:33.573663+00:00,MKSI,35,35,7.44,74.3,-10.0,61.0,-7.6,,1.09,544.4,7
20260701,2026-07-02T00:01:33.573663+00:00,TROW,36,36,7.4,30.7,-4.2,21.0,0.0,,0.93,258.3,5
20260701,2026-07-02T00:01:33.573663+00:00,DFTX,37,37,6.91,110.7,-16.0,116.0,-7.7,,0.63,180.6,2
20260701,2026-07-02T00:01:33.573663+00:00,RVMD,38,38,6.59,90.1,-13.7,97.0,-2.7,,0.6,565.2,4
20260701,2026-07-02T00:01:33.573663+00:00,STX,39,39,6.58,116.4,-17.7,68.0,-16.3,,0.78,4533.8,4
20260701,2026-07-02T00:01:33.573663+00:00,LRCX,40,40,6.49,76.4,-11.8,72.0,-9.7,,1.37,5263.7,4
20260701,2026-07-02T00:01:33.573663+00:00,BXP,41,41,6.42,34.2,-5.3,25.0,0.0,,0.91,103.8,4
20260701,2026-07-02T00:01:33.573663+00:00,KLAC,42,42,6.4,75.4,-11.8,76.0,-11.8,,1.6,3857.1,5
20260701,2026-07-02T00:01:33.573663+00:00,LTH,43,43,6.33,53.4,-8.4,50.0,-3.1,,1.41,119.4,4
20260701,2026-07-02T00:01:33.573663+00:00,MOH,44,44,5.9,71.2,-12.1,48.0,0.0,,0.85,228.2,3
20260701,2026-07-02T00:01:33.573663+00:00,SYRE,45,45,5.83,81.8,-14.0,80.0,-11.4,,0.91,162.6,5
20260701,2026-07-02T00:01:33.573663+00:00,AFRM,46,46,5.72,84.1,-14.7,61.0,0.0,,0.81,333.8,3
20260701,2026-07-02T00:01:33.573663+00:00,FROG,47,47,5.66,86.5,-15.3,76.0,-0.5,,0.79,307.8,6
20260701,2026-07-02T00:01:33.573663+00:00,ASX,48,48,5.64,91.2,-16.2,69.0,-4.7,,1.35,523.4,6
20260701,2026-07-02T00:01:33.573663+00:00,RIOT,49,49,5.51,90.9,-16.5,80.0,-16.5,,1.38,427.8,5
20260701,2026-07-02T00:01:33.573663+00:00,CRWD,50,50,5.5,96.5,-17.5,56.0,-1.2,,0.74,2472.8,4
20260701,2026-07-02T00:01:33.573663+00:00,AAL,51,51,5.48,63.1,-11.5,51.0,0.0,,1.2,2300.2,1
20260701,2026-07-02T00:01:33.573663+00:00,NAVN,52,52,5.47,91.9,-16.8,62.0,0.0,,0.7,126.5,3
20260701,2026-07-02T00:01:33.573663+00:00,GH,53,53,5.38,87.4,-16.2,66.0,0.0,,2.12,482.0,6
20260701,2026-07-02T00:01:33.573663+00:00,SMTC,54,54,5.28,83.7,-15.9,84.0,-15.9,,0.98,722.4,6
20260701,2026-07-02T00:01:33.573663+00:00,CVS,55,55,5.23,45.9,-8.8,33.0,0.0,,0.86,879.6,5
20260701,2026-07-02T00:01:33.573663+00:00,IRDM,56,56,4.95,96.0,-19.4,87.0,0.0,,0.94,175.5,5
20260701,2026-07-02T00:01:33.573663+00:00,SANM,57,57,4.91,89.3,-18.2,64.0,-12.9,,0.41,393.9,6
20260701,2026-07-02T00:01:33.573663+00:00,AVT,58,58,4.84,39.3,-8.1,42.0,-6.1,,0.66,134.5,6
20260701,2026-07-02T00:01:33.573663+00:00,DAL,59,59,4.79,38.0,-7.9,41.0,-0.6,,0.76,690.6,3
20260701,2026-07-02T00:01:33.573663+00:00,PFGC,60,60,4.79,33.6,-7.0,29.0,-0.1,,1.09,167.4,2
20260701,2026-07-02T00:01:33.573663+00:00,ALGM,61,61,4.6,89.8,-19.5,84.0,-9.2,,1.11,204.0,4
20260701,2026-07-02T00:01:33.573663+00:00,TTMI,62,62,4.51,85.1,-18.9,79.0,-18.9,,0.77,571.1,4
20260701,2026-07-02T00:01:33.573663+00:00,GFS,63,63,4.45,74.8,-16.8,74.0,-14.0,,0.87,274.3,4
20260701,2026-07-02T00:01:33.573663+00:00,ELV,64,64,4.37,40.0,-9.2,33.0,-1.5,,1.17,715.7,7
20260701,2026-07-02T00:01:33.573663+00:00,AMKR,65,65,4.32,72.3,-16.7,76.0,-14.5,,0.71,523.6,3
20260701,2026-07-02T00:01:33.573663+00:00,DOC,66,66,4.31,34.3,-7.9,43.0,-1.1,,0.97,146.8,5
20260701,2026-07-02T00:01:33.573663+00:00,ILMN,67,67,4.3,45.2,-10.5,42.0,0.0,,1.03,349.0,3
20260701,2026-07-02T00:01:33.573663+00:00,ROKU,68,68,4.23,48.1,-11.3,52.0,-2.2,,0.64,1106.6,5
20260701,2026-07-02T00:01:33.573663+00:00,COMP,69,69,4.16,74.8,-18.0,86.0,0.0,,0.98,160.9,4
20260701,2026-07-02T00:01:33.573663+00:00,ASML,70,70,4.14,35.8,-8.6,59.0,-7.4,,1.12,4307.0,3
20260701,2026-07-02T00:01:33.573663+00:00,BRKR,71,71,4.12,68.2,-16.6,61.0,-3.2,,1.07,151.6,4
20260701,2026-07-02T00:01:33.573663+00:00,CSCO,72,72,4.08,51.0,-12.5,43.0,-10.0,,1.21,3209.7,8
20260701,2026-07-02T00:01:33.573663+00:00,CAT,73,73,4.02,36.0,-9.0,48.0,-6.9,,1.02,3788.5,6
20260701,2026-07-02T00:01:33.573663+00:00,PRMB,74,74,4.02,30.6,-7.6,44.0,-1.8,,1.36,80.8,5
20260701,2026-07-02T00:01:33.573663+00:00,SNDR,75,75,3.95,37.7,-9.5,43.0,-5.8,,0.6,40.1,5
20260701,2026-07-02T00:01:33.573663+00:00,TGTX,76,76,3.94,59.4,-15.1,54.0,-4.1,,0.64,159.8,4
20260701,2026-07-02T00:01:33.573663+00:00,KLAR,77,77,3.93,53.9,-13.7,67.0,0.0,,2.3,91.3,3
20260701,2026-07-02T00:01:33.573663+00:00,ICLR,78,78,3.9,57.1,-14.6,64.0,0.0,,0.68,180.1,2
20260701,2026-07-02T00:01:33.573663+00:00,MARA,79,79,3.89,66.3,-17.0,72.0,-10.0,,0.98,584.4,6
20260701,2026-07-02T00:01:33.573663+00:00,IMVT,80,80,3.88,52.0,-13.4,86.0,-1.8,,0.47,60.1,3
20260701,2026-07-02T00:01:33.573663+00:00,VIK,81,81,3.86,33.8,-8.8,44.0,-2.8,,0.98,258.2,5
20260701,2026-07-02T00:01:33.573663+00:00,TXN,82,82,3.74,52.8,-14.1,62.0,-10.2,,0.82,3150.9,7
20260701,2026-07-02T00:01:33.573663+00:00,IBKR,83,83,3.71,37.5,-10.1,38.0,-3.7,,1.52,448.6,4
20260701,2026-07-02T00:01:33.573663+00:00,LSCC,84,84,3.69,53.1,-14.4,65.0,-5.8,,0.78,292.5,5
20260701,2026-07-02T00:01:33.573663+00:00,LINE,85,85,3.69,34.6,-9.4,39.0,-2.2,,0.93,43.7,4
20260701,2026-07-02T00:01:33.573663+00:00,APGE,86,86,3.68,57.6,-15.7,104.0,-0.1,,0.63,744.8,6
20260701,2026-07-02T00:01:33.573663+00:00,JBL,87,87,3.6,38.0,-10.6,46.0,-2.7,,0.72,604.8,4
20260701,2026-07-02T00:01:33.573663+00:00,TSM,88,88,3.58,30.4,-8.5,49.0,-7.0,,1.29,6461.5,7
20260701,2026-07-02T00:01:33.573663+00:00,MAC,89,89,3.55,32.0,-9.0,31.0,-1.6,,0.8,116.3,5
20260701,2026-07-02T00:01:33.573663+00:00,VIRT,90,90,3.48,39.7,-11.4,38.0,-2.6,,0.67,80.2,3
20260701,2026-07-02T00:01:33.573663+00:00,RBRK,91,91,3.47,68.8,-19.8,66.0,-3.6,,1.01,342.9,6
20260701,2026-07-02T00:01:33.573663+00:00,NTAP,92,92,3.42,54.0,-15.8,61.0,-13.6,,1.28,499.0,5
20260701,2026-07-02T00:01:33.573663+00:00,ONTO,93,93,3.4,66.0,-19.4,74.0,-7.2,,1.05,463.2,3
20260701,2026-07-02T00:01:33.573663+00:00,VSXY,94,94,3.38,64.2,-19.0,111.0,-12.2,,0.64,196.8,4
20260701,2026-07-02T00:01:33.573663+00:00,MTSI,95,95,3.37,52.9,-15.7,63.0,-14.4,,1.22,706.5,7
20260701,2026-07-02T00:01:33.573663+00:00,WULF,96,96,3.37,62.8,-18.6,78.0,-18.6,,1.08,745.9,8
20260701,2026-07-02T00:01:33.573663+00:00,CROX,97,97,3.33,48.6,-14.6,45.0,-2.8,,1.09,154.4,1
20260701,2026-07-02T00:01:33.573663+00:00,UAL,98,98,3.25,42.1,-12.9,56.0,-0.7,,0.88,695.3,2
20260701,2026-07-02T00:01:33.573663+00:00,CGNX,99,99,3.17,44.7,-14.1,45.0,-1.5,,1.43,157.7,6
20260701,2026-07-02T00:01:33.573663+00:00,M,100,100,3.12,30.4,-9.7,44.0,-9.7,,0.51,178.8,5
20260701,2026-07-02T00:01:33.573663+00:00,KNX,101,101,3.03,34.7,-11.4,44.0,-6.2,,0.61,353.3,6
20260701,2026-07-02T00:01:33.573663+00:00,CDNS,102,102,3.01,34.8,-11.6,47.0,-9.3,,0.62,1027.4,6
20260701,2026-07-02T00:01:33.573663+00:00,WSC,103,103,2.99,55.7,-18.6,60.0,-5.9,,1.12,57.5,8
20260701,2026-07-02T00:01:33.573663+00:00,CORZ,104,104,2.94,55.0,-18.7,60.0,-18.7,,1.49,328.0,6
20260701,2026-07-02T00:01:33.573663+00:00,COHR,105,105,2.89,48.8,-16.9,88.0,-13.6,,0.69,2356.6,6
20260701,2026-07-02T00:01:33.573663+00:00,GLW,106,106,2.88,55.2,-19.1,94.0,-13.7,,1.29,3627.0,6
20260701,2026-07-02T00:01:33.573663+00:00,OC,107,107,2.87,40.4,-14.1,55.0,-5.3,,1.43,195.2,2
20260701,2026-07-02T00:01:33.573663+00:00,NXPI,108,108,2.63,43.2,-16.4,72.0,-15.8,,1.08,1394.7,6
20260701,2026-07-02T00:01:33.573663+00:00,SN,109,109,2.63,42.6,-16.2,45.0,-0.3,,1.06,239.6,3
20260701,2026-07-02T00:01:33.573663+00:00,NVO,110,110,2.62,33.7,-12.9,35.0,0.0,,0.83,597.0,3
20260701,2026-07-02T00:01:33.573663+00:00,ESI,111,111,2.61,32.4,-12.4,53.0,-6.8,,0.81,160.7,6
20260701,2026-07-02T00:01:33.573663+00:00,ETSY,112,112,2.61,45.7,-17.5,49.0,-8.6,,1.14,222.2,3
20260701,2026-07-02T00:01:33.573663+00:00,RDDT,113,113,2.59,45.2,-17.5,76.0,0.0,,2.03,790.9,3
20260701,2026-07-02T00:01:33.573663+00:00,LUV,114,114,2.54,32.6,-12.8,44.0,-3.1,,0.72,330.2,4
20260701,2026-07-02T00:01:33.573663+00:00,PRM,115,115,2.54,33.9,-13.4,55.0,-8.3,,0.44,71.3,5
20260701,2026-07-02T00:01:33.573663+00:00,MCHP,116,116,2.52,36.3,-14.4,56.0,-13.7,,1.04,1282.1,5
20260701,2026-07-02T00:01:33.573663+00:00,ST,117,117,2.5,32.7,-13.1,49.0,-13.1,,0.84,101.3,5
20260701,2026-07-02T00:01:33.573663+00:00,BROS,118,118,2.49,45.0,-18.0,53.0,0.0,,0.77,241.4,5
20260701,2026-07-02T00:01:33.573663+00:00,MRNA,119,119,2.44,44.9,-18.4,67.0,0.0,,1.07,529.3,2
20260701,2026-07-02T00:01:33.573663+00:00,NVT,120,120,2.43,32.1,-13.2,51.0,-13.2,,0.86,365.6,5
20260701,2026-07-02T00:01:33.573663+00:00,MAS,121,121,2.43,35.2,-14.5,41.0,0.0,,1.1,180.1,4
20260701,2026-07-02T00:01:33.573663+00:00,NTRA,122,122,2.36,36.0,-15.2,57.0,0.0,,1.16,394.6,3
20260701,2026-07-02T00:01:33.573663+00:00,GEN,123,123,2.36,40.3,-17.1,48.0,-5.9,,1.34,181.8,6
20260701,2026-07-02T00:01:33.573663+00:00,AMRX,124,124,2.22,33.5,-15.1,38.0,-2.0,,0.7,39.2,4
20260701,2026-07-02T00:01:33.573663+00:00,U,125,125,2.12,37.5,-17.7,54.0,-6.2,,1.2,216.3,3
20260701,2026-07-02T00:01:33.573663+00:00,VIAV,126,126,2.07,33.3,-16.1,80.0,-14.9,,0.57,462.2,6
20260701,2026-07-02T00:01:33.573663+00:00,NTNX,127,127,2.06,34.6,-16.8,55.0,-8.4,,1.11,200.3,3
20260701,2026-07-02T00:01:33.573663+00:00,JHX,128,128,2.05,34.0,-16.6,56.0,-3.5,,0.7,199.9,5
20260701,2026-07-02T00:01:33.573663+00:00,TREX,129,129,1.98,33.1,-16.7,50.0,-2.7,,0.65,96.1,6
20260702,2026-07-03T00:01:43.520074+00:00,HUM,1,1,22.25,123.6,-5.6,45.0,-3.1,,0.9,580.6,2
20260702,2026-07-03T00:01:43.520074+00:00,CORT,2,2,20.59,112.3,-5.5,49.0,0.0,,0.77,82.3,2
20260702,2026-07-03T00:01:43.520074+00:00,ALAB,3,3,15.57,247.0,-15.9,105.0,-15.9,,1.11,2600.8,8
20260702,2026-07-03T00:01:43.520074+00:00,BB,4,4,12.27,232.7,-19.0,88.0,-10.1,,1.16,424.0,6
20260702,2026-07-03T00:01:43.520074+00:00,HNGE,5,5,11.99,115.6,-9.6,50.0,-1.2,,0.45,179.2,2
20260702,2026-07-03T00:01:43.520074+00:00,CNC,6,6,11.09,93.3,-8.4,48.0,-0.7,,0.67,371.8,7
20260702,2026-07-03T00:01:43.520074+00:00,FTNT,7,7,10.65,89.3,-8.4,56.0,-1.7,,0.65,998.7,4
20260702,2026-07-03T00:01:43.520074+00:00,UMC,8,8,10.5,183.0,-17.4,81.0,-12.4,,1.05,468.4,8
20260702,2026-07-03T00:01:43.520074+00:00,VOYA,9,9,10.03,41.3,-4.1,23.0,0.0,,0.91,118.2,5
20260702,2026-07-03T00:01:43.520074+00:00,VNO,10,10,9.33,60.1,-6.4,32.0,0.0,,0.86,69.2,1
20260702,2026-07-03T00:01:43.520074+00:00,ALKS,11,11,9.29,56.7,-6.1,43.0,-0.9,,0.6,132.4,1
20260702,2026-07-03T00:01:43.520074+00:00,SIMO,12,12,9.19,164.6,-17.9,114.0,-10.7,,0.8,274.5,9
20260702,2026-07-03T00:01:43.520074+00:00,MNST,13,13,9.0,34.9,-3.9,34.0,-0.0,,0.95,564.7,4
20260702,2026-07-03T00:01:43.520074+00:00,UNH,14,14,8.96,54.3,-6.1,33.0,-0.6,,0.54,2919.0,5
20260702,2026-07-03T00:01:43.520074+00:00,OSCR,15,15,8.96,170.0,-19.0,72.0,0.0,,0.94,219.0,5
20260702,2026-07-03T00:01:43.520074+00:00,LQDA,16,16,8.8,109.5,-12.4,75.0,-1.0,,0.5,198.6,5
20260702,2026-07-03T00:01:43.520074+00:00,ARMK,17,17,8.77,32.6,-3.7,28.0,-1.1,,0.79,134.9,4
20260702,2026-07-03T00:01:43.520074+00:00,BTSG,18,18,8.67,60.2,-6.9,37.0,-1.2,,0.51,280.8,2
20260702,2026-07-03T00:01:43.520074+00:00,TVTX,19,19,8.66,87.0,-10.1,88.0,-3.6,,0.7,129.7,6
20260702,2026-07-03T00:01:43.520074+00:00,STT,20,20,8.6,33.2,-3.9,23.0,-1.3,,0.54,420.2,6
20260702,2026-07-03T00:01:43.520074+00:00,PANW,21,21,8.52,113.3,-13.3,52.0,-1.1,,0.96,2270.8,3
20260702,2026-07-03T00:01:43.520074+00:00,KDP,22,22,8.39,32.5,-3.9,27.0,-0.6,,0.94,555.9,3
20260702,2026-07-03T00:01:43.520074+00:00,MU,23,23,8.33,166.4,-20.0,104.0,-19.6,,1.06,61780.1,9
20260702,2026-07-03T00:01:43.520074+00:00,AMD,24,24,8.31,138.1,-16.6,82.0,-10.9,,0.88,16559.6,5
20260702,2026-07-03T00:01:43.520074+00:00,TROW,25,25,7.95,33.1,-4.2,21.0,0.0,,0.61,255.7,5
20260702,2026-07-03T00:01:43.520074+00:00,RAL,26,26,7.89,62.9,-8.0,52.0,-7.2,,0.94,115.1,7
20260702,2026-07-03T00:01:43.520074+00:00,BEN,27,27,7.72,47.2,-6.1,31.0,0.0,,0.85,154.5,5
20260702,2026-07-03T00:01:43.520074+00:00,DFTX,28,28,7.09,113.7,-16.0,116.0,-6.1,,0.48,183.1,2
20260702,2026-07-03T00:01:43.520074+00:00,STM,29,29,6.92,99.4,-14.4,72.0,-14.4,,1.24,1013.0,7
20260702,2026-07-03T00:01:43.520074+00:00,NAVN,30,30,6.7,112.5,-16.8,61.0,0.0,,1.1,131.9,3
20260702,2026-07-03T00:01:43.520074+00:00,RVMD,31,31,6.65,90.9,-13.7,97.0,-1.8,,0.95,579.7,3
20260702,2026-07-03T00:01:43.520074+00:00,BXP,32,32,6.62,35.3,-5.3,25.0,0.0,,0.77,105.0,4
20260702,2026-07-03T00:01:43.520074+00:00,UBS,33,33,6.47,32.8,-5.1,26.0,-0.2,,0.81,104.6,2
20260702,2026-07-03T00:01:43.520074+00:00,FLEX,34,34,6.4,99.5,-15.6,102.0,-15.6,,0.67,1473.6,8
20260702,2026-07-03T00:01:43.520074+00:00,LTH,35,35,6.07,51.2,-8.4,50.0,-1.2,,0.76,120.7,4
20260702,2026-07-03T00:01:43.520074+00:00,GTX,36,36,5.89,72.9,-12.4,67.0,-12.4,,1.37,103.5,6
20260702,2026-07-03T00:01:43.520074+00:00,SYRE,37,37,5.85,82.1,-14.0,80.0,-13.6,,0.52,160.6,4
20260702,2026-07-03T00:01:43.520074+00:00,FROG,38,38,5.71,87.3,-15.3,76.0,0.0,,0.86,313.9,6
20260702,2026-07-03T00:01:43.520074+00:00,AAL,39,39,5.68,65.3,-11.5,51.0,-1.3,,0.9,2368.1,1
20260702,2026-07-03T00:01:43.520074+00:00,AFRM,40,40,5.61,82.6,-14.7,61.0,0.0,,0.82,332.1,3
20260702,2026-07-03T00:01:43.520074+00:00,ASX,41,41,5.43,87.9,-16.2,69.0,-7.2,,1.36,543.8,7
20260702,2026-07-03T00:01:43.520074+00:00,CRWD,42,42,5.38,94.4,-17.5,53.0,-0.8,,0.74,2377.8,3
20260702,2026-07-03T00:01:43.520074+00:00,MOH,43,43,5.38,64.9,-12.1,48.0,-1.2,,0.7,229.7,3
20260702,2026-07-03T00:01:43.520074+00:00,CVS,44,44,4.98,43.7,-8.8,33.0,-0.1,,0.62,873.9,5
20260702,2026-07-03T00:01:43.520074+00:00,NBIX,45,45,4.96,32.4,-6.5,35.0,0.0,,1.02,195.9,2
20260702,2026-07-03T00:01:43.520074+00:00,DAL,46,46,4.95,39.3,-7.9,41.0,-1.0,,0.75,698.0,3
20260702,2026-07-03T00:01:43.520074+00:00,PFGC,47,47,4.93,34.6,-7.0,29.0,0.0,,0.8,167.9,2
20260702,2026-07-03T00:01:43.520074+00:00,GH,48,48,4.87,79.0,-16.2,66.0,-1.6,,1.01,497.5,6
20260702,2026-07-03T00:01:43.520074+00:00,ILMN,49,49,4.58,48.1,-10.5,42.0,0.0,,1.42,349.9,3
20260702,2026-07-03T00:01:43.520074+00:00,PRMB,50,50,4.51,34.3,-7.6,44.0,0.0,,0.9,79.8,5
20260702,2026-07-03T00:01:43.520074+00:00,AMAT,51,51,4.42,73.3,-16.6,74.0,-16.6,,1.18,7832.1,3
20260702,2026-07-03T00:01:43.520074+00:00,COMP,52,52,4.37,78.5,-18.0,85.0,0.0,,0.98,159.5,4
20260702,2026-07-03T00:01:43.520074+00:00,DOC,53,53,4.36,34.7,-7.9,43.0,0.0,,1.02,149.0,4
20260702,2026-07-03T00:01:43.520074+00:00,IMVT,54,54,4.36,58.3,-13.4,85.0,-0.2,,0.62,59.2,3
20260702,2026-07-03T00:01:43.520074+00:00,ELV,55,55,4.32,39.5,-9.2,33.0,-1.1,,0.91,720.7,7
20260702,2026-07-03T00:01:43.520074+00:00,BRKR,56,56,4.09,67.8,-16.6,61.0,-1.6,,1.4,149.0,4
20260702,2026-07-03T00:01:43.520074+00:00,ROKU,57,57,4.04,45.8,-11.3,52.0,-0.9,,0.83,1140.2,5
20260702,2026-07-03T00:01:43.520074+00:00,SWK,58,58,3.98,35.3,-8.9,43.0,-2.4,,0.73,156.8,4
20260702,2026-07-03T00:01:43.520074+00:00,VIK,59,59,3.95,34.6,-8.8,44.0,-4.1,,1.61,269.9,6
20260702,2026-07-03T00:01:43.520074+00:00,TGTX,60,60,3.92,59.0,-15.1,54.0,-4.5,,0.97,160.7,4
20260702,2026-07-03T00:01:43.520074+00:00,LINE,61,61,3.75,35.2,-9.4,39.0,-1.3,,1.09,44.3,4
20260702,2026-07-03T00:01:43.520074+00:00,APGE,62,62,3.67,57.6,-15.7,104.0,0.0,,0.51,760.0,5
20260702,2026-07-03T00:01:43.520074+00:00,CAT,63,63,3.63,34.6,-9.5,48.0,-9.5,,0.91,3844.0,6
20260702,2026-07-03T00:01:43.520074+00:00,TXN,64,64,3.63,51.2,-14.1,62.0,-11.8,,0.93,3190.2,8
20260702,2026-07-03T00:01:43.520074+00:00,SGHC,65,65,3.61,37.0,-10.2,40.0,0.0,,1.47,51.6,5
20260702,2026-07-03T00:01:43.520074+00:00,ICLR,66,66,3.52,51.6,-14.6,64.0,-1.1,,0.81,178.3,3
20260702,2026-07-03T00:01:43.520074+00:00,VSXY,67,67,3.52,66.8,-19.0,110.0,-13.3,,0.96,180.8,5
20260702,2026-07-03T00:01:43.520074+00:00,KLAR,68,68,3.48,47.7,-13.7,68.0,-3.5,,1.15,91.4,3
20260702,2026-07-03T00:01:43.520074+00:00,IBKR,69,69,3.46,35.0,-10.1,39.0,-5.7,,1.33,455.1,3
20260702,2026-07-03T00:01:43.520074+00:00,MAC,70,70,3.46,31.2,-9.0,31.0,-1.4,,0.51,117.1,5
20260702,2026-07-03T00:01:43.520074+00:00,UAL,71,71,3.44,44.6,-12.9,55.0,-2.0,,0.77,705.6,2
20260702,2026-07-03T00:01:43.520074+00:00,SNDR,72,72,3.44,32.8,-9.5,43.0,-7.4,,0.61,39.8,6
20260702,2026-07-03T00:01:43.520074+00:00,CROX,73,73,3.4,49.7,-14.6,45.0,-1.9,,0.74,153.0,1
20260702,2026-07-03T00:01:43.520074+00:00,MRNA,74,74,3.38,62.1,-18.4,69.0,0.0,,1.59,568.5,2
20260702,2026-07-03T00:01:43.520074+00:00,ARWR,75,75,3.35,37.6,-11.2,50.0,0.0,,0.65,206.5,7
20260702,2026-07-03T00:01:43.520074+00:00,IRDM,76,76,3.31,64.1,-19.4,82.0,-3.5,,0.91,178.0,5
20260702,2026-07-03T00:01:43.520074+00:00,LRCX,77,77,3.23,61.0,-18.9,75.0,-18.9,,1.34,5448.6,5
20260702,2026-07-03T00:01:43.520074+00:00,CSCO,78,78,3.2,42.6,-13.3,44.0,-13.3,,0.9,3157.0,8
20260702,2026-07-03T00:01:43.520074+00:00,RBRK,79,79,3.15,62.6,-19.8,65.0,-1.7,,0.65,334.3,5
20260702,2026-07-03T00:01:43.520074+00:00,MKSI,80,80,3.14,55.9,-17.8,66.0,-17.8,,1.52,572.0,7
20260702,2026-07-03T00:01:43.520074+00:00,ASML,81,81,3.13,34.6,-11.1,59.0,-11.1,,1.14,4388.0,4
20260702,2026-07-03T00:01:43.520074+00:00,NTAP,82,82,3.11,49.2,-15.8,61.0,-14.9,,0.62,482.9,5
20260702,2026-07-03T00:01:43.520074+00:00,LSCC,83,83,3.04,43.7,-14.4,67.0,-12.1,,1.22,298.7,6
20260702,2026-07-03T00:01:43.520074+00:00,BAX,84,84,3.04,35.9,-11.8,38.0,0.0,,0.94,145.4,5
20260702,2026-07-03T00:01:43.520074+00:00,OC,85,85,3.03,42.7,-14.1,55.0,-5.0,,0.87,197.9,2
20260702,2026-07-03T00:01:43.520074+00:00,M,86,86,3.01,31.5,-10.4,44.0,-10.4,,0.69,169.5,5
20260702,2026-07-03T00:01:43.520074+00:00,VIRT,87,87,3.01,34.3,-11.4,37.0,-2.6,,0.78,80.5,2
20260702,2026-07-03T00:01:43.520074+00:00,CDNS,88,88,2.93,33.9,-11.6,47.0,-10.4,,0.78,1007.4,6
20260702,2026-07-03T00:01:43.520074+00:00,MICC,89,89,2.91,30.9,-10.6,49.0,0.0,,0.86,24.7,5
20260702,2026-07-03T00:01:43.520074+00:00,AVT,90,90,2.88,33.3,-11.6,44.0,-11.6,,0.76,134.2,7
20260702,2026-07-03T00:01:43.520074+00:00,WSC,91,91,2.88,53.7,-18.6,60.0,-8.3,,1.12,58.3,8
20260702,2026-07-03T00:01:43.520074+00:00,NVO,92,92,2.83,36.4,-12.9,35.0,0.0,,0.91,603.6,3
20260702,2026-07-03T00:01:43.520074+00:00,MAS,93,93,2.81,40.7,-14.5,40.0,0.0,,0.69,179.9,4
20260702,2026-07-03T00:01:43.520074+00:00,AVTR,94,94,2.81,30.6,-10.9,43.0,0.0,,0.92,89.1,3
20260702,2026-07-03T00:01:43.520074+00:00,ETSY,95,95,2.8,49.1,-17.5,50.0,-3.4,,0.97,223.5,3
20260702,2026-07-03T00:01:43.520074+00:00,AXTA,96,96,2.8,30.9,-11.0,38.0,0.0,,0.54,82.5,1
20260702,2026-07-03T00:01:43.520074+00:00,SN,97,97,2.79,45.1,-16.2,45.0,-0.5,,1.31,246.5,4
20260702,2026-07-03T00:01:43.520074+00:00,CGNX,98,98,2.7,38.1,-14.1,46.0,-6.4,,1.38,161.1,5
20260702,2026-07-03T00:01:43.520074+00:00,LUV,99,99,2.67,34.2,-12.8,44.0,-3.5,,0.65,329.9,4
20260702,2026-07-03T00:01:43.520074+00:00,KNX,100,100,2.67,30.6,-11.4,44.0,-7.4,,0.71,355.2,7
20260702,2026-07-03T00:01:43.520074+00:00,GE,101,101,2.61,34.3,-13.1,38.0,0.0,,0.63,1815.0,2
20260702,2026-07-03T00:01:43.520074+00:00,XYZ,102,102,2.56,31.9,-12.4,44.0,0.0,,0.87,456.4,4
20260702,2026-07-03T00:01:43.520074+00:00,MARA,103,103,2.49,42.4,-17.0,72.0,-16.5,,1.21,593.4,7
20260702,2026-07-03T00:01:43.520074+00:00,AMRX,104,104,2.48,37.4,-15.1,38.0,-1.0,,0.64,39.7,4
20260702,2026-07-03T00:01:43.520074+00:00,RDDT,105,105,2.47,43.1,-17.5,76.0,-1.6,,0.98,805.5,3
20260702,2026-07-03T00:01:43.520074+00:00,GEN,106,106,2.45,41.9,-17.1,48.0,-3.9,,0.7,178.5,5
20260702,2026-07-03T00:01:43.520074+00:00,PRM,107,107,2.44,32.6,-13.4,55.0,-10.2,,0.61,71.8,6
20260702,2026-07-03T00:01:43.520074+00:00,BROS,108,108,2.4,43.3,-18.0,53.0,-1.6,,0.84,244.5,6
20260702,2026-07-03T00:01:43.520074+00:00,JHX,109,109,2.35,38.9,-16.6,56.0,-3.1,,0.55,200.9,5
20260702,2026-07-03T00:01:43.520074+00:00,NXPI,110,110,2.34,41.0,-17.5,72.0,-17.5,,1.21,1426.4,7
20260702,2026-07-03T00:01:43.520074+00:00,DUOL,111,111,2.33,30.3,-13.0,58.0,-4.9,,0.63,189.9,2
20260702,2026-07-03T00:01:43.520074+00:00,NTRA,112,112,2.25,34.3,-15.2,57.0,0.0,,0.78,396.9,3
20260702,2026-07-03T00:01:43.520074+00:00,ONTO,113,113,2.2,42.7,-19.4,79.0,-18.7,,1.36,477.9,4
20260702,2026-07-03T00:01:43.520074+00:00,TREX,114,114,2.17,36.3,-16.7,49.0,-3.1,,0.61,95.7,6
20260702,2026-07-03T00:01:43.520074+00:00,ST,115,115,2.05,31.4,-15.3,50.0,-15.3,,1.03,98.6,6
20260702,2026-07-03T00:01:43.520074+00:00,BAYRY,116,116,1.94,35.3,-18.2,51.0,0.0,,1.01,13.9,2
20260702,2026-07-03T00:01:43.520074+00:00,MIRM,117,117,1.9,33.4,-17.6,50.0,0.0,,0.6,120.0,2
20260706,2026-07-07T00:01:52.326035+00:00,CORT,1,1,22.78,124.3,-5.5,48.0,0.0,,1.17,84.3,2
20260706,2026-07-07T00:01:52.326035+00:00,HUM,2,2,20.8,115.6,-5.6,45.0,-4.0,,0.86,574.1,2
20260706,2026-07-07T00:01:52.326035+00:00,ALAB,3,3,16.82,266.8,-15.9,105.0,-10.4,,0.62,2622.3,8
20260706,2026-07-07T00:01:52.326035+00:00,STUB,4,4,15.55,121.9,-7.8,55.0,0.0,,0.73,105.2,1
20260706,2026-07-07T00:01:52.326035+00:00,PTRN,5,5,14.23,128.9,-9.1,59.0,0.0,,1.16,61.8,1
20260706,2026-07-07T00:01:52.326035+00:00,HNGE,6,6,13.05,125.9,-9.6,50.0,0.0,,0.69,180.1,2
20260706,2026-07-07T00:01:52.326035+00:00,BB,7,7,11.64,220.6,-19.0,89.0,-11.2,,0.51,385.7,6
20260706,2026-07-07T00:01:52.326035+00:00,FTNT,8,8,11.6,97.3,-8.4,56.0,0.0,,0.76,1000.2,4
20260706,2026-07-07T00:01:52.326035+00:00,UMC,9,9,11.32,197.2,-17.4,81.0,-7.8,,0.65,467.2,8
20260706,2026-07-07T00:01:52.326035+00:00,CNC,10,10,10.29,86.6,-8.4,49.0,-3.4,,0.81,369.1,8
20260706,2026-07-07T00:01:52.326035+00:00,VOYA,11,11,10.17,41.8,-4.1,23.0,0.0,,0.67,117.8,4
20260706,2026-07-07T00:01:52.326035+00:00,ALKS,12,12,10.13,61.8,-6.1,42.0,0.0,,0.64,132.2,1
20260706,2026-07-07T00:01:52.326035+00:00,SIMO,13,13,9.72,174.0,-17.9,114.0,-5.4,,0.72,271.8,8
20260706,2026-07-07T00:01:52.326035+00:00,STT,14,14,9.29,35.8,-3.9,24.0,0.0,,1.3,435.5,6
20260706,2026-07-07T00:01:52.326035+00:00,VNO,15,15,9.23,59.4,-6.4,32.0,0.0,,0.71,69.8,1
20260706,2026-07-07T00:01:52.326035+00:00,PANW,16,16,9.08,120.8,-13.3,52.0,0.0,,1.14,2290.0,3
20260706,2026-07-07T00:01:52.326035+00:00,AMD,17,17,9.07,150.7,-16.6,83.0,-5.0,,0.96,16645.0,5
20260706,2026-07-07T00:01:52.326035+00:00,BTSG,18,18,8.96,62.2,-6.9,37.0,0.0,,0.75,261.4,2
20260706,2026-07-07T00:01:52.326035+00:00,LQDA,19,19,8.87,110.4,-12.4,75.0,-0.7,,0.61,191.7,5
20260706,2026-07-07T00:01:52.326035+00:00,ARMK,20,20,8.63,32.1,-3.7,28.0,-1.6,,0.95,132.6,5
20260706,2026-07-07T00:01:52.326035+00:00,TROW,21,21,8.41,34.9,-4.2,21.0,0.0,,0.9,260.0,4
20260706,2026-07-07T00:01:52.326035+00:00,RAL,22,22,8.18,65.2,-8.0,52.0,-5.9,,0.92,116.9,6
20260706,2026-07-07T00:01:52.326035+00:00,UNH,23,23,8.16,49.4,-6.1,33.0,-2.3,,0.89,2802.7,6
20260706,2026-07-07T00:01:52.326035+00:00,MNST,24,24,8.08,31.3,-3.9,34.0,-0.3,,0.82,567.2,4
20260706,2026-07-07T00:01:52.326035+00:00,MU,25,25,8.05,160.7,-20.0,104.0,-18.9,,0.63,60873.1,9
20260706,2026-07-07T00:01:52.326035+00:00,TVTX,26,26,8.02,80.6,-10.1,88.0,-2.6,,0.77,131.4,6
20260706,2026-07-07T00:01:52.326035+00:00,BEN,27,27,7.95,48.7,-6.1,31.0,0.0,,0.76,148.3,4
20260706,2026-07-07T00:01:52.326035+00:00,OSCR,28,28,7.72,146.4,-19.0,71.0,-2.3,,0.83,216.4,5
20260706,2026-07-07T00:01:52.326035+00:00,FROG,29,29,7.5,98.9,-13.2,76.0,0.0,,0.66,318.1,6
20260706,2026-07-07T00:01:52.326035+00:00,CUZ,30,30,7.36,38.3,-5.2,24.0,-1.4,,0.89,54.4,9
20260706,2026-07-07T00:01:52.326035+00:00,DFTX,31,31,7.3,117.0,-16.0,116.0,-5.8,,0.42,184.6,2
20260706,2026-07-07T00:01:52.326035+00:00,RVMD,32,32,7.25,99.2,-13.7,96.0,-1.4,,0.7,582.2,3
20260706,2026-07-07T00:01:52.326035+00:00,STM,33,33,7.07,101.7,-14.4,72.0,-10.6,,0.55,986.4,7
20260706,2026-07-07T00:01:52.326035+00:00,UBS,34,34,6.87,34.8,-5.1,26.0,0.0,,0.75,103.2,2
20260706,2026-07-07T00:01:52.326035+00:00,BXP,35,35,6.8,36.2,-5.3,25.0,0.0,,0.85,105.8,4
20260706,2026-07-07T00:01:52.326035+00:00,FLEX,36,36,6.74,104.8,-15.6,102.0,-14.5,,0.47,1463.7,8
20260706,2026-07-07T00:01:52.326035+00:00,GTX,37,37,6.56,81.2,-12.4,67.0,-8.4,,0.96,102.9,6
20260706,2026-07-07T00:01:52.326035+00:00,NAVN,38,38,6.48,108.7,-16.8,61.0,0.0,,0.62,133.6,3
20260706,2026-07-07T00:01:52.326035+00:00,VRNS,39,39,6.3,92.9,-14.7,54.0,0.0,,1.56,90.4,4
20260706,2026-07-07T00:01:52.326035+00:00,SYRE,40,40,5.78,81.2,-14.0,80.0,-11.5,,0.75,162.4,4
20260706,2026-07-07T00:01:52.326035+00:00,CRWD,41,41,5.7,100.1,-17.5,53.0,0.0,,0.75,2211.5,3
20260706,2026-07-07T00:01:52.326035+00:00,ASX,42,42,5.69,92.1,-16.2,69.0,-4.0,,0.74,545.0,7
20260706,2026-07-07T00:01:52.326035+00:00,LTH,43,43,5.67,47.8,-8.4,50.0,-0.4,,0.92,123.8,4
20260706,2026-07-07T00:01:52.326035+00:00,GH,44,44,5.6,88.3,-15.8,65.0,-1.1,,0.63,502.4,6
20260706,2026-07-07T00:01:52.326035+00:00,AAL,45,45,5.46,62.8,-11.5,51.0,-2.2,,0.97,2447.8,2
20260706,2026-07-07T00:01:52.326035+00:00,TKR,46,46,5.31,44.3,-8.3,41.0,-2.0,,0.87,155.1,5
20260706,2026-07-07T00:01:52.326035+00:00,AFRM,47,47,5.23,77.0,-14.7,61.0,0.0,,0.81,331.7,3
20260706,2026-07-07T00:01:52.326035+00:00,COMP,48,48,5.07,91.0,-18.0,85.0,0.0,,1.04,164.0,4
20260706,2026-07-07T00:01:52.326035+00:00,ILMN,49,49,4.96,52.1,-10.5,43.0,0.0,,1.02,348.4,3
20260706,2026-07-07T00:01:52.326035+00:00,MOH,50,50,4.87,58.8,-12.1,48.0,-2.1,,0.75,229.4,4
20260706,2026-07-07T00:01:52.326035+00:00,NBIX,51,51,4.81,31.4,-6.5,35.0,-0.1,,0.77,193.0,2
20260706,2026-07-07T00:01:52.326035+00:00,DAL,52,52,4.74,37.7,-7.9,41.0,-2.1,,0.78,707.8,4
20260706,2026-07-07T00:01:52.326035+00:00,CVS,53,53,4.62,40.5,-8.8,34.0,-2.6,,0.65,844.7,6
20260706,2026-07-07T00:01:52.326035+00:00,PFGC,54,54,4.6,32.3,-7.0,29.0,0.0,,0.87,167.1,2
20260706,2026-07-07T00:01:52.326035+00:00,PRMB,55,55,4.31,32.8,-7.6,44.0,0.0,,0.9,79.8,5
20260706,2026-07-07T00:01:52.326035+00:00,MS,56,56,4.29,34.1,-7.9,29.0,-2.2,,0.73,1346.7,6
20260706,2026-07-07T00:01:52.326035+00:00,TGTX,57,57,4.29,64.6,-15.1,54.0,-0.6,,0.86,163.4,4
20260706,2026-07-07T00:01:52.326035+00:00,SWK,58,58,4.24,37.6,-8.9,43.0,-1.7,,0.56,157.5,3
20260706,2026-07-07T00:01:52.326035+00:00,VIK,59,59,4.21,36.9,-8.8,44.0,-4.2,,0.92,275.0,6
20260706,2026-07-07T00:01:52.326035+00:00,IMVT,60,60,4.11,55.1,-13.4,85.0,-0.6,,0.64,59.1,4
20260706,2026-07-07T00:01:52.326035+00:00,DOC,61,61,4.1,32.6,-7.9,43.0,-0.6,,0.71,147.7,3
20260706,2026-07-07T00:01:52.326035+00:00,BRKR,62,62,4.05,67.1,-16.6,61.0,-2.1,,0.95,139.2,4
20260706,2026-07-07T00:01:52.326035+00:00,IBKR,63,63,3.95,39.9,-10.1,40.0,-0.9,,0.9,446.0,3
20260706,2026-07-07T00:01:52.326035+00:00,ROKU,64,64,3.95,44.9,-11.3,52.0,-1.0,,0.29,1145.5,5
20260706,2026-07-07T00:01:52.326035+00:00,NTAP,65,65,3.93,62.1,-15.8,62.0,-9.7,,1.2,483.7,4
20260706,2026-07-07T00:01:52.326035+00:00,SNOW,66,66,3.9,75.5,-19.3,98.0,-6.4,,0.53,1708.8,4
20260706,2026-07-07T00:01:52.326035+00:00,ELV,67,67,3.87,35.4,-9.2,33.0,-3.4,,0.93,726.0,8
20260706,2026-07-07T00:01:52.326035+00:00,ICLR,68,68,3.82,55.9,-14.6,64.0,-2.3,,0.68,172.0,3
20260706,2026-07-07T00:01:52.326035+00:00,AMAT,69,69,3.79,68.3,-18.0,74.0,-18.0,,0.66,7918.8,3
20260706,2026-07-07T00:01:52.326035+00:00,TXN,70,70,3.76,53.0,-14.1,62.0,-8.7,,0.63,3171.3,8
20260706,2026-07-07T00:01:52.326035+00:00,APGE,71,71,3.76,58.9,-15.7,104.0,0.0,,0.27,763.9,5
20260706,2026-07-07T00:01:52.326035+00:00,LINE,72,72,3.73,35.0,-9.4,39.0,-2.4,,0.87,44.5,4
20260706,2026-07-07T00:01:52.326035+00:00,KLAR,73,73,3.71,50.9,-13.7,68.0,-2.7,,0.75,92.5,3
20260706,2026-07-07T00:01:52.326035+00:00,ARWR,74,74,3.7,41.6,-11.2,50.0,0.0,,0.93,212.8,7
20260706,2026-07-07T00:01:52.326035+00:00,MRNA,75,75,3.68,67.7,-18.4,69.0,0.0,,1.87,621.9,2
20260706,2026-07-07T00:01:52.326035+00:00,SGHC,76,76,3.66,37.5,-10.2,40.0,0.0,,0.64,51.5,5
20260706,2026-07-07T00:01:52.326035+00:00,CAT,77,77,3.65,34.7,-9.5,48.0,-8.9,,0.62,3817.8,5
20260706,2026-07-07T00:01:52.326035+00:00,ASML,78,78,3.64,40.3,-11.1,59.0,-8.3,,0.81,4368.0,4
20260706,2026-07-07T00:01:52.326035+00:00,RBRK,79,79,3.61,71.6,-19.8,65.0,0.0,,0.9,316.5,5
20260706,2026-07-07T00:01:52.326035+00:00,TSM,80,80,3.58,32.5,-9.1,49.0,-5.4,,0.84,6682.5,7
20260706,2026-07-07T00:01:52.326035+00:00,UAL,81,81,3.53,45.7,-12.9,55.0,-2.7,,0.76,712.8,2
20260706,2026-07-07T00:01:52.326035+00:00,SIRI,82,82,3.42,32.8,-9.6,35.0,0.0,,0.77,189.7,5
20260706,2026-07-07T00:01:52.326035+00:00,SNDR,83,83,3.28,31.3,-9.5,43.0,-7.6,,0.94,40.1,7
20260706,2026-07-07T00:01:52.326035+00:00,VSXY,84,84,3.23,61.4,-19.0,110.0,-12.0,,0.67,171.8,5
20260706,2026-07-07T00:01:52.326035+00:00,IRDM,85,85,3.14,60.9,-19.4,83.0,-5.6,,0.55,175.7,5
20260706,2026-07-07T00:01:52.326035+00:00,CSCO,86,86,3.13,41.7,-13.3,44.0,-12.3,,0.86,3136.5,8
20260706,2026-07-07T00:01:52.326035+00:00,MKSI,87,87,3.1,55.3,-17.8,66.0,-17.3,,0.85,584.3,6
20260706,2026-07-07T00:01:52.326035+00:00,LRCX,88,88,3.07,58.8,-19.2,75.0,-19.2,,0.93,5547.2,5
20260706,2026-07-07T00:01:52.326035+00:00,BAX,89,89,3.03,35.7,-11.8,38.0,-0.3,,0.69,145.1,5
20260706,2026-07-07T00:01:52.326035+00:00,M,90,90,3.03,31.6,-10.4,44.0,-8.8,,0.51,158.9,5
20260706,2026-07-07T00:01:52.326035+00:00,CDNS,91,91,2.98,34.5,-11.6,47.0,-9.8,,0.71,980.8,6
20260706,2026-07-07T00:01:52.326035+00:00,AXTA,92,92,2.96,32.7,-11.0,38.0,-0.3,,0.5,78.7,1
20260706,2026-07-07T00:01:52.326035+00:00,LSCC,93,93,2.87,41.2,-14.4,67.0,-11.6,,0.98,304.5,5
20260706,2026-07-07T00:01:52.326035+00:00,CGNX,94,94,2.87,40.5,-14.1,47.0,-4.0,,0.83,162.2,5
20260706,2026-07-07T00:01:52.326035+00:00,VIRT,95,95,2.86,32.6,-11.4,37.0,-0.7,,0.66,80.5,1
20260706,2026-07-07T00:01:52.326035+00:00,CROX,96,96,2.83,41.3,-14.6,43.0,-1.6,,0.7,150.4,1
20260706,2026-07-07T00:01:52.326035+00:00,AVT,97,97,2.78,32.1,-11.6,44.0,-11.3,,0.66,128.4,7
20260706,2026-07-07T00:01:52.326035+00:00,OC,98,98,2.7,38.1,-14.1,55.0,-7.7,,0.84,201.3,2
20260706,2026-07-07T00:01:52.326035+00:00,PRM,99,99,2.7,36.1,-13.4,55.0,-10.3,,0.41,70.6,6
20260706,2026-07-07T00:01:52.326035+00:00,NVO,100,100,2.67,34.3,-12.9,36.0,-2.3,,0.92,598.0,4
20260706,2026-07-07T00:01:52.326035+00:00,LUV,101,101,2.62,33.7,-12.8,44.0,-2.5,,0.94,337.1,3
20260706,2026-07-07T00:01:52.326035+00:00,RDDT,102,102,2.59,45.2,-17.5,77.0,0.0,,1.21,793.6,3
20260706,2026-07-07T00:01:52.326035+00:00,NTRA,103,103,2.53,38.5,-15.2,57.0,0.0,,0.83,402.1,3
20260706,2026-07-07T00:01:52.326035+00:00,MAS,104,104,2.51,36.4,-14.5,41.0,-2.1,,0.77,181.7,5
20260706,2026-07-07T00:01:52.326035+00:00,AMRX,105,105,2.45,37.0,-15.1,38.0,-2.3,,0.69,40.0,5
20260706,2026-07-07T00:01:52.326035+00:00,NXPI,106,106,2.44,42.8,-17.5,72.0,-15.4,,0.6,1414.7,7
20260706,2026-07-07T00:01:52.326035+00:00,XYZ,107,107,2.42,30.1,-12.4,44.0,0.0,,0.61,455.1,4
20260706,2026-07-07T00:01:52.326035+00:00,GE,108,108,2.38,31.2,-13.1,38.0,0.0,,0.79,1822.6,2
20260706,2026-07-07T00:01:52.326035+00:00,TTWO,109,109,2.38,31.4,-13.2,34.0,0.0,,0.62,714.1,5
20260706,2026-07-07T00:01:52.326035+00:00,DUOL,110,110,2.35,30.5,-13.0,58.0,-1.9,,1.07,194.7,2
20260706,2026-07-07T00:01:52.326035+00:00,SN,111,111,2.31,37.3,-16.2,45.0,-2.2,,0.77,245.9,4
20260706,2026-07-07T00:01:52.326035+00:00,GEN,112,112,2.22,38.1,-17.1,48.0,-4.2,,0.64,176.5,5
20260706,2026-07-07T00:01:52.326035+00:00,ETSY,113,113,2.17,38.0,-17.5,50.0,-5.8,,0.8,224.9,3
20260706,2026-07-07T00:01:52.326035+00:00,CYTK,114,114,2.14,31.8,-14.9,52.0,-1.9,,0.88,204.5,4
20260706,2026-07-07T00:01:52.326035+00:00,ST,115,115,2.14,32.8,-15.3,50.0,-13.9,,0.68,95.7,5
20260706,2026-07-07T00:01:52.326035+00:00,JHX,116,116,2.09,34.7,-16.6,56.0,-3.8,,0.51,200.2,5
20260706,2026-07-07T00:01:52.326035+00:00,TREX,117,117,2.04,34.0,-16.7,49.0,-3.5,,0.55,96.1,6
20260706,2026-07-07T00:01:52.326035+00:00,U,118,118,1.97,34.8,-17.7,54.0,-7.8,,0.73,215.4,3
20260706,2026-07-07T00:01:52.326035+00:00,NVT,119,119,1.94,33.8,-17.5,52.0,-14.9,,0.83,373.3,5
20260706,2026-07-07T00:01:52.326035+00:00,NTNX,120,120,1.94,32.6,-16.8,52.0,-6.2,,1.15,196.9,3
20260706,2026-07-07T00:01:52.326035+00:00,ONTO,121,121,1.9,37.4,-19.7,79.0,-19.7,,0.65,481.9,4
20260706,2026-07-07T00:01:52.326035+00:00,NUE,122,122,1.84,32.4,-17.6,34.0,-15.7,,0.77,463.6,9
20260706,2026-07-07T00:01:52.326035+00:00,MCHP,123,123,1.76,31.0,-17.6,57.0,-14.7,,0.57,1283.2,6
20260707,2026-07-08T00:01:39.952305+00:00,CORT,1,1,23.02,125.6,-5.5,48.0,0.0,,1.12,86.8,2
20260707,2026-07-08T00:01:39.952305+00:00,HUM,2,2,18.11,100.6,-5.6,43.0,-3.6,,0.54,560.1,1
20260707,2026-07-08T00:01:39.952305+00:00,HNGE,3,3,17.93,134.9,-7.5,50.0,0.0,,0.81,181.4,2
20260707,2026-07-08T00:01:39.952305+00:00,PTRN,4,4,14.9,135.0,-9.1,59.0,-0.5,,0.65,63.3,1
20260707,2026-07-08T00:01:39.952305+00:00,STUB,5,5,14.01,109.8,-7.8,55.0,-1.2,,0.52,106.8,1
20260707,2026-07-08T00:01:39.952305+00:00,BB,6,6,11.55,219.0,-19.0,89.0,-13.3,,0.89,371.4,7
20260707,2026-07-08T00:01:39.952305+00:00,ALKS,7,7,11.02,67.2,-6.1,41.0,0.0,,0.64,134.1,1
20260707,2026-07-08T00:01:39.952305+00:00,FTNT,8,8,10.68,89.5,-8.4,56.0,-2.3,,0.86,995.0,5
20260707,2026-07-08T00:01:39.952305+00:00,VOYA,9,9,10.45,43.0,-4.1,23.0,0.0,,0.81,117.3,4
20260707,2026-07-08T00:01:39.952305+00:00,STT,10,10,9.81,37.8,-3.9,24.0,0.0,,0.92,442.9,5
20260707,2026-07-08T00:01:39.952305+00:00,CNC,11,11,9.76,82.1,-8.4,49.0,-3.3,,0.72,370.6,8
20260707,2026-07-08T00:01:39.952305+00:00,LQDA,12,12,9.44,117.4,-12.4,75.0,0.0,,0.46,191.3,4
20260707,2026-07-08T00:01:39.952305+00:00,ARMK,13,13,9.16,34.1,-3.7,28.0,-1.3,,0.97,131.2,5
20260707,2026-07-08T00:01:39.952305+00:00,UMC,14,14,8.95,156.0,-17.4,83.0,-14.9,,1.23,464.9,9
20260707,2026-07-08T00:01:39.952305+00:00,TROW,15,15,8.73,36.3,-4.2,21.0,0.0,,0.74,262.8,4
20260707,2026-07-08T00:01:39.952305+00:00,MNST,16,16,8.72,33.8,-3.9,33.0,-0.7,,1.4,583.0,5
20260707,2026-07-08T00:01:39.952305+00:00,BTSG,17,17,8.64,59.9,-6.9,37.0,-0.6,,0.99,252.3,3
20260707,2026-07-08T00:01:39.952305+00:00,SIMO,18,18,8.52,152.5,-17.9,116.0,-12.5,,0.79,263.4,8
20260707,2026-07-08T00:01:39.952305+00:00,TVTX,19,19,8.23,82.7,-10.1,88.0,-2.0,,0.52,128.4,5
20260707,2026-07-08T00:01:39.952305+00:00,AMD,20,20,8.01,133.0,-16.6,85.0,-11.2,,0.91,16304.0,5
20260707,2026-07-08T00:01:39.952305+00:00,VNO,21,21,8.0,51.5,-6.4,33.0,-3.1,,1.28,71.8,2
20260707,2026-07-08T00:01:39.952305+00:00,CUZ,22,22,7.67,39.9,-5.2,24.0,0.0,,0.68,53.9,9
20260707,2026-07-08T00:01:39.952305+00:00,RAL,23,23,7.57,60.5,-8.0,52.0,-8.0,,0.98,118.8,6
20260707,2026-07-08T00:01:39.952305+00:00,BEN,24,24,7.51,45.9,-6.1,31.0,-0.2,,0.99,150.7,4
20260707,2026-07-08T00:01:39.952305+00:00,PANW,25,25,7.4,98.4,-13.3,53.0,-5.7,,1.15,2331.8,4
20260707,2026-07-08T00:01:39.952305+00:00,OSCR,26,26,7.38,139.9,-19.0,72.0,-3.3,,0.77,213.9,4
20260707,2026-07-08T00:01:39.952305+00:00,FROG,27,27,7.28,96.0,-13.2,76.0,-1.9,,0.65,319.6,6
20260707,2026-07-08T00:01:39.952305+00:00,VRNS,28,28,7.27,96.8,-13.3,54.0,0.0,,1.09,93.9,4
20260707,2026-07-08T00:01:39.952305+00:00,DFTX,29,29,7.25,116.1,-16.0,116.0,-5.4,,0.53,185.4,2
20260707,2026-07-08T00:01:39.952305+00:00,RVMD,30,30,7.15,97.8,-13.7,96.0,-1.1,,0.56,584.3,3
20260707,2026-07-08T00:01:39.952305+00:00,NAVN,31,31,7.07,118.7,-16.8,61.0,0.0,,1.27,140.8,3
20260707,2026-07-08T00:01:39.952305+00:00,UNH,32,32,6.59,39.9,-6.1,28.0,0.0,,0.85,2710.4,5
20260707,2026-07-08T00:01:39.952305+00:00,UBS,33,33,6.58,33.4,-5.1,26.0,-1.4,,0.65,99.5,2
20260707,2026-07-08T00:01:39.952305+00:00,BXP,34,34,6.39,34.1,-5.3,26.0,-2.0,,0.84,106.4,3
20260707,2026-07-08T00:01:39.952305+00:00,GTX,35,35,6.32,78.2,-12.4,67.0,-11.0,,1.07,103.9,6
20260707,2026-07-08T00:01:39.952305+00:00,SYRE,36,36,5.99,84.0,-14.0,80.0,-6.1,,0.7,163.1,4
20260707,2026-07-08T00:01:39.952305+00:00,LTH,37,37,5.78,48.8,-8.4,50.0,0.0,,0.72,126.2,4
20260707,2026-07-08T00:01:39.952305+00:00,STM,38,38,5.65,88.8,-15.7,74.0,-15.7,,1.06,963.2,8
20260707,2026-07-08T00:01:39.952305+00:00,NBIX,39,39,5.45,35.6,-6.5,35.0,0.0,,0.88,193.6,2
20260707,2026-07-08T00:01:39.952305+00:00,MOH,40,40,5.35,64.6,-12.1,48.0,0.0,,0.87,234.1,3
20260707,2026-07-08T00:01:39.952305+00:00,PFGC,41,41,5.31,37.2,-7.0,28.0,0.0,,0.97,166.7,2
20260707,2026-07-08T00:01:39.952305+00:00,AFRM,42,42,5.19,76.4,-14.7,61.0,-2.5,,0.9,336.3,4
20260707,2026-07-08T00:01:39.952305+00:00,AAL,43,43,5.14,59.1,-11.5,52.0,-5.2,,0.9,2493.3,2
20260707,2026-07-08T00:01:39.952305+00:00,ASX,44,44,4.97,80.5,-16.2,72.0,-11.2,,1.09,538.8,8
20260707,2026-07-08T00:01:39.952305+00:00,FLEX,45,45,4.92,92.8,-18.8,103.0,-18.8,,0.48,1453.2,9
20260707,2026-07-08T00:01:39.952305+00:00,ILMN,46,46,4.92,51.7,-10.5,43.0,-1.3,,1.27,356.4,4
20260707,2026-07-08T00:01:39.952305+00:00,TGTX,47,47,4.9,73.9,-15.1,54.0,0.0,,0.67,165.9,3
20260707,2026-07-08T00:01:39.952305+00:00,CRWD,48,48,4.78,83.9,-17.5,53.0,-2.4,,0.76,2128.7,3
20260707,2026-07-08T00:01:39.952305+00:00,TKR,49,49,4.75,39.7,-8.3,42.0,-5.0,,0.86,154.4,5
20260707,2026-07-08T00:01:39.952305+00:00,GH,50,50,4.74,74.6,-15.8,66.0,-4.6,,0.71,501.6,6
20260707,2026-07-08T00:01:39.952305+00:00,IMVT,51,51,4.7,62.9,-13.4,85.0,0.0,,1.35,62.1,4
20260707,2026-07-08T00:01:39.952305+00:00,VIK,52,52,4.55,39.9,-8.8,44.0,-4.7,,0.65,275.4,5
20260707,2026-07-08T00:01:39.952305+00:00,PRMB,53,53,4.47,35.8,-8.0,43.0,-1.5,,0.95,78.9,5
20260707,2026-07-08T00:01:39.952305+00:00,DAL,54,54,4.46,35.4,-7.9,42.0,-5.4,,1.02,724.6,5
20260707,2026-07-08T00:01:39.952305+00:00,NTAP,55,55,4.42,69.8,-15.8,62.0,-8.4,,1.2,486.8,4
20260707,2026-07-08T00:01:39.952305+00:00,COMP,56,56,4.33,77.8,-18.0,87.0,-8.5,,1.23,172.6,4
20260707,2026-07-08T00:01:39.952305+00:00,SGHC,57,57,4.33,44.3,-10.2,39.0,0.0,,0.74,51.7,4
20260707,2026-07-08T00:01:39.952305+00:00,MS,58,58,4.09,32.5,-7.9,29.0,-2.2,,0.87,1341.4,6
20260707,2026-07-08T00:01:39.952305+00:00,DOC,59,59,4.03,32.0,-7.9,43.0,0.0,,0.84,149.0,2
20260707,2026-07-08T00:01:39.952305+00:00,CVS,60,60,3.94,34.6,-8.8,32.0,-0.5,,0.59,824.2,5
20260707,2026-07-08T00:01:39.952305+00:00,SNOW,61,61,3.93,76.1,-19.3,98.0,-6.2,,0.79,1696.2,4
20260707,2026-07-08T00:01:39.952305+00:00,ICLR,62,62,3.93,57.4,-14.6,64.0,-3.6,,0.61,167.5,3
20260707,2026-07-08T00:01:39.952305+00:00,LINE,63,63,3.88,36.4,-9.4,39.0,-1.3,,1.37,45.9,4
20260707,2026-07-08T00:01:39.952305+00:00,IBKR,64,64,3.85,38.8,-10.1,40.0,-2.3,,0.98,450.6,4
20260707,2026-07-08T00:01:39.952305+00:00,APGE,65,65,3.85,60.4,-15.7,104.0,0.0,,0.18,765.3,5
20260707,2026-07-08T00:01:39.952305+00:00,ROKU,66,66,3.82,43.3,-11.3,52.0,-1.7,,0.32,1152.1,5
20260707,2026-07-08T00:01:39.952305+00:00,ELV,67,67,3.81,34.9,-9.2,33.0,-0.9,,0.68,715.6,8
20260707,2026-07-08T00:01:39.952305+00:00,SWK,68,68,3.78,33.6,-8.9,44.0,-5.0,,0.68,158.0,4
20260707,2026-07-08T00:01:39.952305+00:00,ARWR,69,69,3.75,42.2,-11.2,50.0,0.0,,0.71,216.6,6
20260707,2026-07-08T00:01:39.952305+00:00,KLAR,70,70,3.6,49.4,-13.7,68.0,-5.0,,0.58,91.3,3
20260707,2026-07-08T00:01:39.952305+00:00,BRKR,71,71,3.56,59.0,-16.6,62.0,-7.0,,0.97,135.9,4
20260707,2026-07-08T00:01:39.952305+00:00,TXN,72,72,3.38,47.6,-14.1,63.0,-11.7,,0.78,3122.7,8
20260707,2026-07-08T00:01:39.952305+00:00,UAL,73,73,3.38,43.7,-12.9,56.0,-5.7,,0.58,714.1,1
20260707,2026-07-08T00:01:39.952305+00:00,RBRK,74,74,3.27,64.9,-19.8,65.0,-0.4,,0.66,294.0,5
20260707,2026-07-08T00:01:39.952305+00:00,MRNA,75,75,3.22,59.2,-18.4,70.0,-2.5,,0.89,642.1,1
20260707,2026-07-08T00:01:39.952305+00:00,SIRI,76,76,3.22,30.8,-9.6,35.0,-0.1,,0.59,187.4,4
20260707,2026-07-08T00:01:39.952305+00:00,SNDR,77,77,3.22,30.7,-9.5,43.0,-7.5,,0.64,38.7,6
20260707,2026-07-08T00:01:39.952305+00:00,VSXY,78,78,3.22,61.1,-19.0,110.0,-11.6,,0.56,164.4,4
20260707,2026-07-08T00:01:39.952305+00:00,BAX,79,79,3.19,37.6,-11.8,38.0,0.0,,0.86,145.4,4
20260707,2026-07-08T00:01:39.952305+00:00,LLY,80,80,3.02,32.9,-10.9,38.0,0.0,,0.86,3882.0,4
20260707,2026-07-08T00:01:39.952305+00:00,MICC,81,81,2.96,31.2,-10.5,48.0,0.0,,1.03,24.8,4
20260707,2026-07-08T00:01:39.952305+00:00,PRM,82,82,2.87,38.4,-13.4,54.0,-11.5,,0.59,71.2,6
20260707,2026-07-08T00:01:39.952305+00:00,VIRT,83,83,2.87,32.7,-11.4,37.0,-0.3,,0.81,81.1,1
20260707,2026-07-08T00:01:39.952305+00:00,CSCO,84,84,2.86,39.1,-13.7,44.0,-13.7,,0.63,3028.6,8
20260707,2026-07-08T00:01:39.952305+00:00,DUOL,85,85,2.85,37.0,-13.0,58.0,-0.2,,0.7,196.3,2
20260707,2026-07-08T00:01:39.952305+00:00,CDNS,86,86,2.83,32.8,-11.6,48.0,-10.9,,0.61,943.8,6
20260707,2026-07-08T00:01:39.952305+00:00,AXTA,87,87,2.82,31.1,-11.0,38.0,-2.4,,0.63,74.9,2
20260707,2026-07-08T00:01:39.952305+00:00,ASML,88,88,2.8,34.0,-12.2,60.0,-12.2,,0.78,4305.6,4
20260707,2026-07-08T00:01:39.952305+00:00,SN,89,89,2.78,44.9,-16.2,44.0,-0.9,,0.81,246.8,4
20260707,2026-07-08T00:01:39.952305+00:00,IRDM,90,90,2.75,53.3,-19.4,83.0,-8.3,,0.88,177.3,6
20260707,2026-07-08T00:01:39.952305+00:00,NVO,91,91,2.68,34.5,-12.9,36.0,-1.6,,0.93,605.0,4
20260707,2026-07-08T00:01:39.952305+00:00,CROX,92,92,2.58,37.7,-14.6,43.0,-2.5,,0.81,150.0,2
20260707,2026-07-08T00:01:39.952305+00:00,CAT,93,93,2.56,30.0,-11.7,49.0,-11.7,,0.97,3871.1,5
20260707,2026-07-08T00:01:39.952305+00:00,AMRX,94,94,2.54,38.4,-15.1,38.0,-1.6,,0.75,40.6,5
20260707,2026-07-08T00:01:39.952305+00:00,OC,95,95,2.5,35.3,-14.1,55.0,-10.5,,0.85,204.9,3
20260707,2026-07-08T00:01:39.952305+00:00,ETSY,96,96,2.5,43.8,-17.5,50.0,-2.6,,0.67,224.0,3
20260707,2026-07-08T00:01:39.952305+00:00,AVT,97,97,2.46,30.3,-12.3,44.0,-12.3,,0.65,124.8,6
20260707,2026-07-08T00:01:39.952305+00:00,LUV,98,98,2.42,31.1,-12.8,44.0,-5.1,,0.75,340.0,3
20260707,2026-07-08T00:01:39.952305+00:00,MAS,99,99,2.41,34.9,-14.5,41.0,-4.1,,0.77,179.7,5
20260707,2026-07-08T00:01:39.952305+00:00,ROIV,100,100,2.4,30.8,-12.8,44.0,0.0,,0.96,209.7,4
20260707,2026-07-08T00:01:39.952305+00:00,RDDT,101,101,2.37,41.3,-17.5,77.0,-0.7,,0.92,783.1,3
20260707,2026-07-08T00:01:39.952305+00:00,GEN,102,102,2.36,40.4,-17.1,47.0,-3.5,,0.6,173.2,5
20260707,2026-07-08T00:01:39.952305+00:00,NXPI,103,103,2.3,40.5,-17.6,72.0,-17.6,,0.94,1351.9,7
20260707,2026-07-08T00:01:39.952305+00:00,NTRA,104,104,2.26,34.4,-15.2,57.0,-0.9,,1.08,417.7,4
20260707,2026-07-08T00:01:39.952305+00:00,LSCC,105,105,2.19,34.9,-15.9,67.0,-15.9,,1.07,298.6,6
20260707,2026-07-08T00:01:39.952305+00:00,NTNX,106,106,2.15,36.1,-16.8,52.0,-3.8,,1.32,200.9,3
20260707,2026-07-08T00:01:39.952305+00:00,CYTK,107,107,2.06,30.7,-14.9,52.0,-1.9,,0.88,208.5,4
20260707,2026-07-08T00:01:39.952305+00:00,JHX,108,108,2.03,33.7,-16.6,56.0,-5.9,,0.8,199.1,6
20260707,2026-07-08T00:01:39.952305+00:00,TREX,109,109,1.97,32.9,-16.7,49.0,-5.9,,0.66,96.4,6
20260707,2026-07-08T00:01:39.952305+00:00,U,110,110,1.96,34.8,-17.7,54.0,-7.8,,0.83,209.0,3
20260707,2026-07-08T00:01:39.952305+00:00,NUE,111,111,1.8,31.6,-17.6,34.0,-14.4,,0.81,462.8,9
20260708,2026-07-09T00:01:27.690219+00:00,CORT,1,1,22.36,122.0,-5.5,48.0,-1.2,,1.0,88.5,2
20260708,2026-07-09T00:01:27.690219+00:00,HUM,2,2,18.04,100.2,-5.6,43.0,-3.2,,0.79,563.7,1
20260708,2026-07-09T00:01:27.690219+00:00,HNGE,3,3,17.43,131.1,-7.5,50.0,-0.9,,0.73,184.0,2
20260708,2026-07-09T00:01:27.690219+00:00,PTRN,4,4,13.15,119.1,-9.1,59.0,-2.9,,0.81,65.7,2
20260708,2026-07-09T00:01:27.690219+00:00,STUB,5,5,12.72,99.7,-7.8,57.0,-7.2,,0.64,106.5,2
20260708,2026-07-09T00:01:27.690219+00:00,BB,6,6,11.34,215.0,-19.0,89.0,-13.2,,0.62,369.5,7
20260708,2026-07-09T00:01:27.690219+00:00,FTNT,7,7,10.75,87.7,-8.2,57.0,-3.5,,0.71,994.2,5
20260708,2026-07-09T00:01:27.690219+00:00,CNC,8,8,9.51,80.0,-8.4,49.0,-1.8,,0.71,361.5,8
20260708,2026-07-09T00:01:27.690219+00:00,VOYA,9,9,9.47,39.0,-4.1,23.0,-0.2,,0.88,114.9,5
20260708,2026-07-09T00:01:27.690219+00:00,UMC,10,10,9.24,161.1,-17.4,83.0,-11.7,,0.88,469.7,9
20260708,2026-07-09T00:01:27.690219+00:00,ALKS,11,11,9.2,56.1,-6.1,41.0,-1.7,,0.63,136.0,1
20260708,2026-07-09T00:01:27.690219+00:00,SIMO,12,12,8.82,157.9,-17.9,116.0,-7.0,,1.06,267.3,7
20260708,2026-07-09T00:01:27.690219+00:00,LQDA,13,13,8.69,108.1,-12.4,75.0,-2.2,,0.66,188.1,4
20260708,2026-07-09T00:01:27.690219+00:00,VRNS,14,14,8.5,97.6,-11.5,54.0,-1.7,,0.8,96.7,4
20260708,2026-07-09T00:01:27.690219+00:00,TVTX,15,15,8.38,84.2,-10.1,88.0,-1.1,,0.66,128.3,5
20260708,2026-07-09T00:01:27.690219+00:00,ARMK,16,16,8.27,30.7,-3.7,27.0,-0.7,,0.87,131.3,5
20260708,2026-07-09T00:01:27.690219+00:00,STT,17,17,8.03,31.0,-3.9,24.0,-1.4,,1.17,459.0,6
20260708,2026-07-09T00:01:27.690219+00:00,BTSG,18,18,7.53,52.2,-6.9,36.0,-0.1,,0.8,250.6,3
20260708,2026-07-09T00:01:27.690219+00:00,FROG,19,19,7.48,98.7,-13.2,76.0,-5.5,,0.62,319.7,6
20260708,2026-07-09T00:01:27.690219+00:00,AMD,20,20,7.42,123.2,-16.6,84.0,-10.9,,0.76,16302.1,4
20260708,2026-07-09T00:01:27.690219+00:00,TROW,21,21,7.23,30.0,-4.2,21.0,-1.8,,0.82,265.5,5
20260708,2026-07-09T00:01:27.690219+00:00,DFTX,22,22,7.21,115.6,-16.0,116.0,-3.7,,0.54,187.2,2
20260708,2026-07-09T00:01:27.690219+00:00,RVMD,23,23,7.03,96.1,-13.7,96.0,-1.5,,0.58,582.8,4
20260708,2026-07-09T00:01:27.690219+00:00,RAL,24,24,6.78,54.2,-8.0,52.0,-7.5,,0.87,120.9,6
20260708,2026-07-09T00:01:27.690219+00:00,CUZ,25,25,6.61,34.4,-5.2,25.0,-2.4,,0.88,52.4,9
20260708,2026-07-09T00:01:27.690219+00:00,UNH,26,26,6.59,39.9,-6.1,28.0,-0.6,,0.59,2651.8,5
20260708,2026-07-09T00:01:27.690219+00:00,PANW,27,27,6.35,84.5,-13.3,54.0,-10.3,,1.23,2389.9,5
20260708,2026-07-09T00:01:27.690219+00:00,VNO,28,28,6.22,40.3,-6.5,34.0,-6.5,,0.95,71.4,2
20260708,2026-07-09T00:01:27.690219+00:00,SYRE,29,29,5.95,83.5,-14.0,80.0,-4.9,,0.67,165.3,4
20260708,2026-07-09T00:01:27.690219+00:00,BEN,30,30,5.88,36.0,-6.1,30.0,-2.7,,0.98,150.6,5
20260708,2026-07-09T00:01:27.690219+00:00,OSCR,31,31,5.82,110.5,-19.0,68.0,-4.3,,0.58,199.9,4
20260708,2026-07-09T00:01:27.690219+00:00,NAVN,32,32,5.79,97.2,-16.8,63.0,-6.3,,1.2,147.8,3
20260708,2026-07-09T00:01:27.690219+00:00,GTX,33,33,5.45,67.4,-12.4,67.0,-12.0,,0.7,103.3,5
20260708,2026-07-09T00:01:27.690219+00:00,LTH,34,34,5.4,45.5,-8.4,50.0,-1.1,,0.5,125.7,3
20260708,2026-07-09T00:01:27.690219+00:00,NBIX,35,35,5.18,33.9,-6.5,35.0,0.0,,0.98,197.3,2
20260708,2026-07-09T00:01:27.690219+00:00,STM,36,36,5.13,80.7,-15.7,73.0,-14.1,,0.71,945.8,7
20260708,2026-07-09T00:01:27.690219+00:00,OKTA,37,37,4.86,93.0,-19.1,86.0,-1.2,,1.09,436.6,3
20260708,2026-07-09T00:01:27.690219+00:00,IMVT,38,38,4.71,63.0,-13.4,85.0,0.0,,0.69,63.0,4
20260708,2026-07-09T00:01:27.690219+00:00,MOH,39,39,4.68,56.5,-12.1,47.0,-0.8,,0.96,236.1,4
20260708,2026-07-09T00:01:27.690219+00:00,CRWD,40,40,4.52,79.2,-17.5,53.0,-4.1,,0.66,2095.0,3
20260708,2026-07-09T00:01:27.690219+00:00,TGTX,41,41,4.47,67.3,-15.1,55.0,-1.4,,0.58,168.1,2
20260708,2026-07-09T00:01:27.690219+00:00,ILMN,42,42,4.45,46.7,-10.5,43.0,-3.4,,1.29,371.3,5
20260708,2026-07-09T00:01:27.690219+00:00,GH,43,43,4.45,68.2,-15.3,67.0,-8.5,,0.97,513.8,7
20260708,2026-07-09T00:01:27.690219+00:00,FLEX,44,44,4.36,82.2,-18.8,102.0,-17.7,,0.45,1432.8,9
20260708,2026-07-09T00:01:27.690219+00:00,AFRM,45,45,4.29,63.2,-14.7,61.0,-5.2,,1.03,343.5,5
20260708,2026-07-09T00:01:27.690219+00:00,NTAP,46,46,4.19,66.3,-15.8,62.0,-8.7,,0.78,484.2,4
20260708,2026-07-09T00:01:27.690219+00:00,ASX,47,47,4.14,67.1,-16.2,70.0,-10.6,,0.73,539.4,8
20260708,2026-07-09T00:01:27.690219+00:00,SGHC,48,48,4.14,42.4,-10.2,38.0,0.0,,1.3,53.7,4
20260708,2026-07-09T00:01:27.690219+00:00,DOC,49,49,4.11,32.6,-7.9,43.0,-0.7,,0.91,148.6,3
20260708,2026-07-09T00:01:27.690219+00:00,AAL,50,50,3.89,44.8,-11.5,51.0,-9.0,,1.16,2565.0,3
20260708,2026-07-09T00:01:27.690219+00:00,CVS,51,51,3.85,33.8,-8.8,32.0,-0.3,,0.58,819.6,5
20260708,2026-07-09T00:01:27.690219+00:00,APGE,52,52,3.85,60.3,-15.7,104.0,-0.2,,0.43,776.8,6
20260708,2026-07-09T00:01:27.690219+00:00,SNOW,53,53,3.84,74.2,-19.3,98.0,-6.7,,0.68,1698.6,4
20260708,2026-07-09T00:01:27.690219+00:00,ICLR,54,54,3.78,55.3,-14.6,64.0,-5.5,,0.62,164.3,3
20260708,2026-07-09T00:01:27.690219+00:00,TKR,55,55,3.6,30.0,-8.3,40.0,-5.6,,0.83,150.9,4
20260708,2026-07-09T00:01:27.690219+00:00,ELV,56,56,3.42,31.3,-9.2,33.0,-1.6,,0.72,705.1,9
20260708,2026-07-09T00:01:27.690219+00:00,ROKU,57,57,3.34,37.9,-11.3,52.0,-3.1,,0.44,1155.5,6
20260708,2026-07-09T00:01:27.690219+00:00,RBRK,58,58,3.2,63.5,-19.8,65.0,-3.4,,0.7,289.4,5
20260708,2026-07-09T00:01:27.690219+00:00,TXN,59,59,3.19,45.0,-14.1,62.0,-9.3,,0.63,3107.8,8
20260708,2026-07-09T00:01:27.690219+00:00,SIRI,60,60,3.16,30.2,-9.6,35.0,-1.6,,0.73,189.8,5
20260708,2026-07-09T00:01:27.690219+00:00,KLAR,61,61,3.09,42.4,-13.7,68.0,-6.9,,1.56,96.7,4
20260708,2026-07-09T00:01:27.690219+00:00,DUOL,62,62,3.09,40.1,-13.0,57.0,-3.5,,0.57,189.6,2
20260708,2026-07-09T00:01:27.690219+00:00,BRKR,63,63,3.0,49.7,-16.6,62.0,-8.7,,0.71,132.9,4
20260708,2026-07-09T00:01:27.690219+00:00,ARWR,64,64,2.95,33.2,-11.2,50.0,-1.4,,0.61,219.3,5
20260708,2026-07-09T00:01:27.690219+00:00,COMP,65,65,2.9,52.2,-18.0,85.0,-12.9,,1.22,180.0,5
20260708,2026-07-09T00:01:27.690219+00:00,DINO,66,66,2.81,36.1,-12.8,40.0,0.0,,1.48,168.9,9
20260708,2026-07-09T00:01:27.690219+00:00,VIRT,67,67,2.75,31.3,-11.4,37.0,0.0,,0.73,81.7,1
20260708,2026-07-09T00:01:27.690219+00:00,CSCO,68,68,2.67,36.5,-13.7,43.0,-12.1,,0.71,2982.6,8
20260708,2026-07-09T00:01:27.690219+00:00,VSXY,69,69,2.56,48.5,-19.0,110.0,-13.5,,0.72,159.2,4
20260708,2026-07-09T00:01:27.690219+00:00,PRM,70,70,2.52,33.7,-13.4,54.0,-10.6,,0.52,71.2,6
20260708,2026-07-09T00:01:27.690219+00:00,ETSY,71,71,2.45,43.0,-17.5,50.0,-3.1,,0.67,221.9,3
20260708,2026-07-09T00:01:27.690219+00:00,UAL,72,72,2.4,31.1,-12.9,54.0,-7.3,,0.95,728.5,2
20260708,2026-07-09T00:01:27.690219+00:00,IRDM,73,73,2.39,46.3,-19.4,83.0,-9.4,,0.68,179.0,6
20260708,2026-07-09T00:01:27.690219+00:00,MRNA,74,74,2.26,41.7,-18.4,71.0,-9.8,,0.67,656.9,1
20260708,2026-07-09T00:01:27.690219+00:00,NXPI,75,75,2.24,39.4,-17.6,72.0,-14.4,,0.81,1320.8,7
20260708,2026-07-09T00:01:27.690219+00:00,AMRX,76,76,2.21,33.4,-15.1,37.0,-2.1,,0.71,41.1,5
20260708,2026-07-09T00:01:27.690219+00:00,NTNX,77,77,2.19,36.8,-16.8,52.0,-3.5,,1.09,204.1,3
20260708,2026-07-09T00:01:27.690219+00:00,GEN,78,78,2.18,37.4,-17.1,48.0,-7.0,,0.54,169.5,5
20260708,2026-07-09T00:01:27.690219+00:00,RDDT,79,79,1.99,34.7,-17.5,77.0,-2.8,,0.64,784.7,3
20260708,2026-07-09T00:01:27.690219+00:00,NTRA,80,80,1.98,30.1,-15.2,57.0,-3.3,,0.83,425.0,4
20260708,2026-07-09T00:01:27.690219+00:00,SN,81,81,1.91,30.9,-16.2,42.0,-3.8,,0.66,241.4,4
20260708,2026-07-09T00:01:27.690219+00:00,U,82,82,1.83,32.5,-17.7,54.0,-8.4,,0.58,206.2,3
20260710,2026-07-11T00:01:14.750747+00:00,HNGE,1,1,27.78,150.8,-5.4,47.0,-1.2,,0.49,180.2,2
20260710,2026-07-11T00:01:14.750747+00:00,CORT,2,2,21.86,119.2,-5.5,48.0,-2.3,,1.07,89.5,2
20260710,2026-07-11T00:01:14.750747+00:00,HUM,3,3,18.82,104.6,-5.6,42.0,-4.2,,1.2,579.6,2
20260710,2026-07-11T00:01:14.750747+00:00,PTRN,4,4,14.65,132.7,-9.1,60.0,-1.5,,0.53,67.8,2
20260710,2026-07-11T00:01:14.750747+00:00,FTNT,5,5,13.98,105.4,-7.5,56.0,-3.8,,0.54,962.3,4
20260710,2026-07-11T00:01:14.750747+00:00,VRNS,6,6,11.99,120.6,-10.1,51.0,-2.9,,0.52,98.7,5
20260710,2026-07-11T00:01:14.750747+00:00,GH,7,7,11.83,103.6,-8.8,62.0,-6.3,,0.55,534.8,6
20260710,2026-07-11T00:01:14.750747+00:00,BB,8,8,9.8,185.7,-19.0,89.0,-14.4,,0.51,357.6,6
20260710,2026-07-11T00:01:14.750747+00:00,VOYA,9,9,9.79,40.3,-4.1,23.0,0.0,,1.08,118.5,5
20260710,2026-07-11T00:01:14.750747+00:00,CNC,10,10,9.58,80.6,-8.4,49.0,-1.5,,0.39,347.3,7
20260710,2026-07-11T00:01:14.750747+00:00,ARMK,11,11,9.51,35.4,-3.7,27.0,0.0,,0.73,135.1,4
20260710,2026-07-11T00:01:14.750747+00:00,TVTX,12,12,9.49,95.4,-10.1,87.0,-4.1,,0.55,125.9,4
20260710,2026-07-11T00:01:14.750747+00:00,ALKS,13,13,9.13,55.7,-6.1,40.0,-5.9,,0.63,135.5,2
20260710,2026-07-11T00:01:14.750747+00:00,UMC,14,14,8.85,154.3,-17.4,84.0,-11.6,,0.35,450.7,7
20260710,2026-07-11T00:01:14.750747+00:00,SIMO,15,15,8.83,158.1,-17.9,116.0,-3.1,,0.61,269.6,7
20260710,2026-07-11T00:01:14.750747+00:00,FROG,16,16,8.33,109.9,-13.2,75.0,-7.5,,0.5,318.6,6
20260710,2026-07-11T00:01:14.750747+00:00,BTSG,17,17,8.3,57.6,-6.9,36.0,-0.2,,0.51,237.4,3
20260710,2026-07-11T00:01:14.750747+00:00,PANW,18,18,8.22,109.3,-13.3,53.0,-8.8,,0.6,2425.2,4
20260710,2026-07-11T00:01:14.750747+00:00,LQDA,19,19,8.21,102.2,-12.4,74.0,-4.3,,0.46,183.3,4
20260710,2026-07-11T00:01:14.750747+00:00,AMD,20,20,7.69,127.7,-16.6,85.0,-4.0,,0.68,16088.0,4
20260710,2026-07-11T00:01:14.750747+00:00,TROW,21,21,7.49,31.1,-4.2,21.0,-1.3,,0.73,267.9,5
20260710,2026-07-11T00:01:14.750747+00:00,DFTX,22,22,7.4,118.6,-16.0,116.0,-2.8,,0.53,195.3,1
20260710,2026-07-11T00:01:14.750747+00:00,RVMD,23,23,6.86,93.8,-13.7,97.0,-3.0,,0.41,566.5,4
20260710,2026-07-11T00:01:14.750747+00:00,UNH,24,24,6.66,40.3,-6.1,28.0,-1.6,,0.61,2544.3,4
20260710,2026-07-11T00:01:14.750747+00:00,RAL,25,25,6.59,52.6,-8.0,52.0,-5.9,,0.63,118.7,6
20260710,2026-07-11T00:01:14.750747+00:00,CUZ,26,26,6.47,33.6,-5.2,24.0,-1.6,,0.64,49.5,8
20260710,2026-07-11T00:01:14.750747+00:00,NAVN,27,27,6.46,108.5,-16.8,62.0,-4.9,,0.54,146.5,3
20260710,2026-07-11T00:01:14.750747+00:00,SYRE,28,28,6.45,90.6,-14.0,80.0,-2.6,,0.42,165.9,4
20260710,2026-07-11T00:01:14.750747+00:00,VNO,29,29,6.35,41.2,-6.5,33.0,-5.8,,0.6,67.8,1
20260710,2026-07-11T00:01:14.750747+00:00,OKTA,30,30,6.28,120.3,-19.1,82.0,-6.9,,0.99,436.2,4
20260710,2026-07-11T00:01:14.750747+00:00,SNOW,31,31,5.99,115.9,-19.3,93.0,-6.7,,0.6,1659.8,5
20260710,2026-07-11T00:01:14.750747+00:00,LTH,32,32,5.91,49.9,-8.4,50.0,-0.1,,0.48,124.6,2
20260710,2026-07-11T00:01:14.750747+00:00,OSCR,33,33,5.87,111.3,-19.0,68.0,-5.1,,0.65,186.1,4
20260710,2026-07-11T00:01:14.750747+00:00,BEN,34,34,5.85,35.8,-6.1,30.0,-2.7,,0.92,154.4,4
20260710,2026-07-11T00:01:14.750747+00:00,NBIX,35,35,5.73,37.4,-6.5,35.0,-1.9,,0.88,199.3,2
20260710,2026-07-11T00:01:14.750747+00:00,CRWD,36,36,5.56,97.5,-17.5,51.0,-6.1,,0.82,2041.6,3
20260710,2026-07-11T00:01:14.750747+00:00,ILMN,37,37,5.45,57.3,-10.5,42.0,-2.1,,0.5,364.2,5
20260710,2026-07-11T00:01:14.750747+00:00,GTX,38,38,5.36,66.2,-12.4,67.0,-10.8,,0.37,98.0,5
20260710,2026-07-11T00:01:14.750747+00:00,STM,39,39,5.17,81.2,-15.7,73.0,-10.5,,0.57,852.7,7
20260710,2026-07-11T00:01:14.750747+00:00,MOH,40,40,4.96,59.9,-12.1,47.0,0.0,,0.64,228.9,4
20260710,2026-07-11T00:01:14.750747+00:00,AFRM,41,41,4.88,71.9,-14.7,60.0,-2.8,,0.77,346.6,5
20260710,2026-07-11T00:01:14.750747+00:00,NTAP,42,42,4.81,76.0,-15.8,61.0,-6.7,,1.04,509.1,4
20260710,2026-07-11T00:01:14.750747+00:00,RBRK,43,43,4.67,92.6,-19.8,61.0,-4.9,,0.66,284.3,4
20260710,2026-07-11T00:01:14.750747+00:00,IMVT,44,44,4.64,62.1,-13.4,85.0,-3.4,,0.65,62.2,4
20260710,2026-07-11T00:01:14.750747+00:00,TGTX,45,45,4.6,69.3,-15.1,55.0,-3.3,,0.39,158.6,2
20260710,2026-07-11T00:01:14.750747+00:00,ASX,46,46,4.54,73.5,-16.2,72.0,-4.5,,0.51,523.2,8
20260710,2026-07-11T00:01:14.750747+00:00,SGHC,47,47,4.5,46.1,-10.2,38.0,-4.0,,0.49,48.8,3
20260710,2026-07-11T00:01:14.750747+00:00,AAL,48,48,4.32,49.7,-11.5,52.0,-6.6,,0.53,2542.5,2
20260710,2026-07-11T00:01:14.750747+00:00,FLEX,49,49,4.08,77.0,-18.8,102.0,-16.2,,0.28,1412.3,9
20260710,2026-07-11T00:01:14.750747+00:00,STUB,50,50,4.07,77.0,-18.9,61.0,-18.9,,0.95,108.4,4
20260710,2026-07-11T00:01:14.750747+00:00,DOC,51,51,3.96,31.4,-7.9,43.0,-1.3,,0.91,148.1,3
20260710,2026-07-11T00:01:14.750747+00:00,ICLR,52,52,3.9,57.0,-14.6,64.0,-4.2,,0.31,154.8,3
20260710,2026-07-11T00:01:14.750747+00:00,CDNS,53,53,3.86,44.6,-11.6,45.0,-7.7,,0.4,883.2,6
20260710,2026-07-11T00:01:14.750747+00:00,ELV,54,54,3.73,34.2,-9.2,33.0,-1.5,,0.45,655.6,8
20260710,2026-07-11T00:01:14.750747+00:00,CVS,55,55,3.7,32.4,-8.8,32.0,-0.6,,1.14,839.0,5
20260710,2026-07-11T00:01:14.750747+00:00,KLAR,56,56,3.68,50.5,-13.7,68.0,-4.0,,0.64,97.4,3
20260710,2026-07-11T00:01:14.750747+00:00,BRKR,57,57,3.62,59.9,-16.6,63.0,-4.1,,0.51,131.0,4
20260710,2026-07-11T00:01:14.750747+00:00,COMP,58,58,3.57,64.1,-18.0,85.0,-9.8,,0.49,181.4,4
20260710,2026-07-11T00:01:14.750747+00:00,NTNX,59,59,3.52,59.2,-16.8,48.0,-1.9,,1.59,210.1,4
20260710,2026-07-11T00:01:14.750747+00:00,CSCO,60,60,3.51,48.1,-13.7,44.0,-6.3,,1.03,3014.1,7
20260710,2026-07-11T00:01:14.750747+00:00,APGE,61,61,3.5,54.9,-15.7,104.0,0.0,,0.13,789.8,5
20260710,2026-07-11T00:01:14.750747+00:00,ROKU,62,62,3.29,37.3,-11.3,52.0,-2.1,,0.23,1153.1,5
20260710,2026-07-11T00:01:14.750747+00:00,TXN,63,63,3.25,45.8,-14.1,62.0,-6.3,,0.41,3036.4,8
20260710,2026-07-11T00:01:14.750747+00:00,IBKR,64,64,3.19,32.3,-10.1,38.0,-2.8,,0.5,433.0,4
20260710,2026-07-11T00:01:14.750747+00:00,VIRT,65,65,3.16,36.0,-11.4,37.0,-1.5,,0.77,81.8,1
20260710,2026-07-11T00:01:14.750747+00:00,ETSY,66,66,3.07,53.8,-17.5,50.0,0.0,,0.81,225.4,2
20260710,2026-07-11T00:01:14.750747+00:00,DUOL,67,67,2.97,38.6,-13.0,57.0,-5.6,,0.43,175.9,1
20260710,2026-07-11T00:01:14.750747+00:00,VSXY,68,68,2.93,55.6,-19.0,110.0,-11.5,,0.59,151.9,4
20260710,2026-07-11T00:01:14.750747+00:00,AVTR,69,69,2.89,31.5,-10.9,46.0,-1.1,,0.82,79.7,3
20260710,2026-07-11T00:01:14.750747+00:00,DINO,70,70,2.86,36.7,-12.8,39.0,-0.7,,0.69,174.1,9
20260710,2026-07-11T00:01:14.750747+00:00,BAX,71,71,2.71,32.0,-11.8,39.0,-1.0,,0.45,137.6,4
20260710,2026-07-11T00:01:14.750747+00:00,GEN,72,72,2.67,45.6,-17.1,47.0,-6.7,,0.41,163.3,4
20260710,2026-07-11T00:01:14.750747+00:00,NTRA,73,73,2.62,39.8,-15.2,57.0,-4.9,,0.56,441.1,3
20260710,2026-07-11T00:01:14.750747+00:00,PRM,74,74,2.6,34.7,-13.4,54.0,-9.2,,0.62,70.6,5
20260710,2026-07-11T00:01:14.750747+00:00,NVO,75,75,2.48,31.9,-12.9,36.0,-1.9,,0.52,547.4,2
20260710,2026-07-11T00:01:14.750747+00:00,NXPI,76,76,2.47,43.5,-17.6,72.0,-11.8,,0.4,1263.5,7
20260710,2026-07-11T00:01:14.750747+00:00,AVT,77,77,2.47,30.5,-12.3,43.0,-6.2,,0.43,120.4,6
20260710,2026-07-11T00:01:14.750747+00:00,DBX,78,78,2.44,32.3,-13.2,50.0,-0.7,,0.69,105.7,6
20260710,2026-07-11T00:01:14.750747+00:00,U,79,79,2.42,42.9,-17.7,54.0,-4.0,,1.9,197.8,3
20260710,2026-07-11T00:01:14.750747+00:00,IRDM,80,80,2.42,46.8,-19.4,83.0,-10.2,,0.57,175.6,6
20260710,2026-07-11T00:01:14.750747+00:00,DT,81,81,2.38,35.0,-14.7,50.0,-4.0,,0.46,248.3,5
20260710,2026-07-11T00:01:14.750747+00:00,UAL,82,82,2.37,30.7,-12.9,54.0,-7.4,,0.69,718.1,2
20260710,2026-07-11T00:01:14.750747+00:00,AMRX,83,83,2.36,35.6,-15.1,37.0,-1.8,,0.71,39.5,4
20260710,2026-07-11T00:01:14.750747+00:00,RDDT,84,84,2.28,39.8,-17.5,76.0,-2.7,,0.88,769.4,4
20260710,2026-07-11T00:01:14.750747+00:00,CROX,85,85,2.26,33.1,-14.6,41.0,0.0,,1.31,142.7,3
20260710,2026-07-11T00:01:14.750747+00:00,TTAN,86,86,2.07,40.5,-19.6,59.0,-2.5,,0.35,130.7,4
20260710,2026-07-11T00:01:14.750747+00:00,CYTK,87,87,2.06,30.5,-14.9,52.0,-2.7,,0.68,212.1,5
20260710,2026-07-11T00:01:14.750747+00:00,SN,88,88,2.02,32.7,-16.2,42.0,0.0,,2.3,238.3,3
20260710,2026-07-11T00:01:14.750747+00:00,BBY,89,89,2.02,34.5,-17.1,47.0,0.0,,0.93,294.7,5
20260710,2026-07-11T00:01:14.750747+00:00,MRNA,90,90,1.85,34.0,-18.4,75.0,-16.5,,0.92,683.3,2
20260710,2026-07-11T00:01:14.750747+00:00,PBF,91,91,1.69,31.6,-18.7,63.0,-0.2,,0.59,125.2,5
20260713,2026-07-14T00:02:38.800949+00:00,HNGE,1,1,25.41,137.9,-5.4,46.0,0.0,,1.06,183.4,2
20260713,2026-07-14T00:02:38.800949+00:00,HUM,2,2,18.95,105.3,-5.6,42.0,-0.8,,0.76,582.9,2
20260713,2026-07-14T00:02:38.800949+00:00,FTNT,3,3,13.8,104.0,-7.5,56.0,-1.9,,0.64,941.3,4
20260713,2026-07-14T00:02:38.800949+00:00,PTRN,4,4,13.11,118.8,-9.1,60.0,-3.3,,0.4,68.4,2
20260713,2026-07-14T00:02:38.800949+00:00,CORT,5,5,11.37,98.4,-8.7,51.0,-8.7,,1.28,90.6,3
20260713,2026-07-14T00:02:38.800949+00:00,VRNS,6,6,10.6,106.6,-10.1,48.0,-1.0,,0.54,100.0,5
20260713,2026-07-14T00:02:38.800949+00:00,GH,7,7,10.58,92.7,-8.8,62.0,-7.2,,0.5,539.0,6
20260713,2026-07-14T00:02:38.800949+00:00,CNC,8,8,9.78,82.3,-8.4,49.0,-0.1,,0.52,336.6,7
20260713,2026-07-14T00:02:38.800949+00:00,BB,9,9,9.32,176.7,-19.0,89.0,-16.4,,0.77,357.7,7
20260713,2026-07-14T00:02:38.800949+00:00,VOYA,10,10,9.27,38.2,-4.1,22.0,0.0,,0.66,116.8,5
20260713,2026-07-14T00:02:38.800949+00:00,ARMK,11,11,9.25,34.4,-3.7,27.0,0.0,,0.99,136.7,3
20260713,2026-07-14T00:02:38.800949+00:00,ALKS,12,12,8.8,53.7,-6.1,40.0,-6.1,,0.59,134.6,2
20260713,2026-07-14T00:02:38.800949+00:00,UMC,13,13,8.38,146.1,-17.4,84.0,-14.8,,1.18,455.2,7
20260713,2026-07-14T00:02:38.800949+00:00,TVTX,14,14,8.29,83.4,-10.1,86.0,-4.6,,0.46,122.3,4
20260713,2026-07-14T00:02:38.800949+00:00,FROG,15,15,7.84,103.4,-13.2,75.0,-6.2,,0.47,317.0,6
20260713,2026-07-14T00:02:38.800949+00:00,PANW,16,16,7.76,103.2,-13.3,52.0,-7.6,,0.69,2378.8,4
20260713,2026-07-14T00:02:38.800949+00:00,SIMO,17,17,7.72,138.2,-17.9,118.0,-11.1,,0.61,269.3,7
20260713,2026-07-14T00:02:38.800949+00:00,BTSG,18,18,7.39,51.3,-6.9,36.0,-2.7,,0.65,235.1,3
20260713,2026-07-14T00:02:38.800949+00:00,AMD,19,19,7.01,116.5,-16.6,86.0,-8.0,,0.76,15957.4,5
20260713,2026-07-14T00:02:38.800949+00:00,LQDA,20,20,6.63,83.3,-12.6,77.0,-12.6,,0.88,179.2,5
20260713,2026-07-14T00:02:38.800949+00:00,CUZ,21,21,6.42,33.4,-5.2,24.0,-0.8,,0.67,48.6,8
20260713,2026-07-14T00:02:38.800949+00:00,UNH,22,22,6.25,37.9,-6.1,28.0,-0.6,,0.63,2527.6,4
20260713,2026-07-14T00:02:38.800949+00:00,VNO,23,23,6.03,39.1,-6.5,33.0,-5.9,,0.75,65.5,1
20260713,2026-07-14T00:02:38.800949+00:00,DFTX,24,24,6.0,96.2,-16.0,118.0,-9.9,,0.37,196.4,1
20260713,2026-07-14T00:02:38.800949+00:00,OKTA,25,25,5.91,113.2,-19.1,82.0,-6.3,,0.71,436.4,4
20260713,2026-07-14T00:02:38.800949+00:00,LTH,26,26,5.83,49.2,-8.4,50.0,-1.1,,0.86,126.8,3
20260713,2026-07-14T00:02:38.800949+00:00,NBIX,27,27,5.79,37.8,-6.5,35.0,-3.6,,1.32,206.8,3
20260713,2026-07-14T00:02:38.800949+00:00,NAVN,28,28,5.5,92.3,-16.8,60.0,-4.1,,0.79,135.4,3
20260713,2026-07-14T00:02:38.800949+00:00,OSCR,29,29,5.49,104.1,-19.0,67.0,-1.8,,0.61,182.0,4
20260713,2026-07-14T00:02:38.800949+00:00,SNOW,30,30,5.17,100.1,-19.3,91.0,-4.1,,0.62,1622.3,5
20260713,2026-07-14T00:02:38.800949+00:00,MOH,31,31,5.13,61.9,-12.1,47.0,0.0,,0.93,229.8,4
20260713,2026-07-14T00:02:38.800949+00:00,CRWD,32,32,4.95,86.9,-17.5,50.0,-5.8,,0.57,1980.3,2
20260713,2026-07-14T00:02:38.800949+00:00,RAL,33,33,4.89,43.7,-8.9,52.0,-8.9,,0.61,116.2,5
20260713,2026-07-14T00:02:38.800949+00:00,GTX,34,34,4.84,63.2,-13.1,67.0,-13.1,,0.64,96.6,6
20260713,2026-07-14T00:02:38.800949+00:00,ILMN,35,35,4.73,49.7,-10.5,41.0,-2.2,,0.58,363.3,5
20260713,2026-07-14T00:02:38.800949+00:00,STM,36,36,4.46,70.0,-15.7,74.0,-14.2,,1.1,826.0,8
20260713,2026-07-14T00:02:38.800949+00:00,DOC,37,37,4.26,33.8,-7.9,43.0,-0.9,,0.77,147.0,3
20260713,2026-07-14T00:02:38.800949+00:00,NTAP,38,38,4.24,67.1,-15.8,62.0,-9.2,,0.84,511.2,4
20260713,2026-07-14T00:02:38.800949+00:00,CVS,39,39,4.19,36.8,-8.8,32.0,0.0,,0.88,806.7,5
20260713,2026-07-14T00:02:38.800949+00:00,TGTX,40,40,4.17,62.8,-15.1,56.0,-6.9,,0.66,157.9,3
20260713,2026-07-14T00:02:38.800949+00:00,IMVT,41,41,4.04,54.1,-13.4,85.0,-5.8,,0.49,61.7,4
20260713,2026-07-14T00:02:38.800949+00:00,SGHC,42,42,3.96,40.6,-10.2,37.0,-2.2,,0.68,46.5,3
20260713,2026-07-14T00:02:38.800949+00:00,AAL,43,43,3.93,45.2,-11.5,52.0,-10.1,,1.01,2553.4,3
20260713,2026-07-14T00:02:38.800949+00:00,AFRM,44,44,3.92,57.6,-14.7,59.0,-4.5,,0.67,343.5,5
20260713,2026-07-14T00:02:38.800949+00:00,ELV,45,45,3.83,35.1,-9.2,33.0,0.0,,0.76,639.6,8
20260713,2026-07-14T00:02:38.800949+00:00,RBRK,46,46,3.65,72.5,-19.8,58.0,-5.5,,0.78,283.5,4
20260713,2026-07-14T00:02:38.800949+00:00,MPC,47,47,3.55,32.3,-9.1,37.0,0.0,,0.88,633.6,6
20260713,2026-07-14T00:02:38.800949+00:00,APGE,48,48,3.46,54.3,-15.7,104.0,0.0,,0.17,793.0,5
20260713,2026-07-14T00:02:38.800949+00:00,ICLR,49,49,3.45,50.5,-14.6,64.0,-5.1,,0.42,152.2,4
20260713,2026-07-14T00:02:38.800949+00:00,SYRE,50,50,3.43,48.1,-14.0,67.0,-6.6,,0.56,165.7,5
20260713,2026-07-14T00:02:38.800949+00:00,COMP,51,51,3.41,61.3,-18.0,85.0,-11.5,,0.66,182.6,5
20260713,2026-07-14T00:02:38.800949+00:00,ASX,52,52,3.36,54.3,-16.2,72.0,-9.2,,0.83,516.0,8
20260713,2026-07-14T00:02:38.800949+00:00,ROKU,53,53,3.33,37.8,-11.3,52.0,-0.9,,0.35,1159.2,5
20260713,2026-07-14T00:02:38.800949+00:00,CSCO,54,54,3.31,45.4,-13.7,44.0,-7.9,,0.68,2969.5,7
20260713,2026-07-14T00:02:38.800949+00:00,SNDR,55,55,3.23,30.8,-9.5,43.0,-5.1,,0.65,33.8,6
20260713,2026-07-14T00:02:38.800949+00:00,DUOL,56,56,3.2,41.5,-13.0,58.0,0.0,,0.61,173.0,1
20260713,2026-07-14T00:02:38.800949+00:00,DINO,57,57,3.16,40.5,-12.8,40.0,0.0,,1.1,176.9,8
20260713,2026-07-14T00:02:38.800949+00:00,BRKR,58,58,3.09,51.1,-16.6,63.0,-5.9,,0.78,130.0,4
20260713,2026-07-14T00:02:38.800949+00:00,VSXY,59,59,3.06,58.1,-19.0,110.0,-10.8,,0.87,151.2,4
20260713,2026-07-14T00:02:38.800949+00:00,NTNX,60,60,2.86,48.0,-16.8,46.0,-1.2,,0.47,209.1,4
20260713,2026-07-14T00:02:38.800949+00:00,KLAR,61,61,2.77,38.0,-13.7,67.0,-5.7,,0.46,94.1,3
20260713,2026-07-14T00:02:38.800949+00:00,TXN,62,62,2.73,38.5,-14.1,63.0,-10.1,,0.75,3002.7,8
20260713,2026-07-14T00:02:38.800949+00:00,CDNS,63,63,2.69,31.1,-11.6,43.0,-9.2,,0.58,867.7,7
20260713,2026-07-14T00:02:38.800949+00:00,ETSY,64,64,2.6,45.5,-17.5,49.0,-0.6,,0.84,225.2,3
20260713,2026-07-14T00:02:38.800949+00:00,RVMD,65,65,2.56,35.0,-13.7,51.0,-4.5,,0.53,565.7,5
20260713,2026-07-14T00:02:38.800949+00:00,HRB,66,66,2.4,32.5,-13.5,60.0,0.0,,1.19,80.7,5
20260713,2026-07-14T00:02:38.800949+00:00,NTRA,67,67,2.31,35.2,-15.2,56.0,-3.8,,0.88,453.9,3
20260713,2026-07-14T00:02:38.800949+00:00,GEN,68,68,2.28,39.1,-17.1,46.0,-5.8,,0.46,159.2,4
20260713,2026-07-14T00:02:38.800949+00:00,DBX,69,69,2.28,30.3,-13.2,49.0,0.0,,1.1,106.6,6
20260713,2026-07-14T00:02:38.800949+00:00,PBF,70,70,2.26,42.3,-18.7,65.0,0.0,,1.05,129.5,5
20260713,2026-07-14T00:02:38.800949+00:00,AMRX,71,71,2.25,33.9,-15.1,37.0,-0.8,,1.28,39.6,4
20260713,2026-07-14T00:02:38.800949+00:00,DT,72,72,2.19,32.1,-14.7,50.0,-2.0,,0.62,247.7,5
20260713,2026-07-14T00:02:38.800949+00:00,BBY,73,73,2.11,36.0,-17.1,47.0,-1.4,,1.38,304.0,6
20260713,2026-07-14T00:02:38.800949+00:00,CROX,74,74,2.06,30.2,-14.6,41.0,-1.7,,0.68,142.3,3
20260713,2026-07-14T00:02:38.800949+00:00,TTAN,75,75,2.05,40.1,-19.6,59.0,0.0,,0.41,128.1,4
20260713,2026-07-14T00:02:38.800949+00:00,RDDT,76,76,1.98,34.5,-17.5,75.0,0.0,,1.02,785.5,4
20260713,2026-07-14T00:02:38.800949+00:00,IRDM,77,77,1.98,38.3,-19.4,83.0,-12.8,,0.48,171.2,6
20260713,2026-07-14T00:02:38.800949+00:00,NXPI,78,78,1.95,34.3,-17.6,73.0,-16.0,,1.06,1250.2,8
20260713,2026-07-14T00:02:38.800949+00:00,U,79,79,1.95,34.6,-17.7,53.0,-4.6,,0.97,198.1,3
20260713,2026-07-14T00:02:38.800949+00:00,MRNA,80,80,1.75,32.2,-18.4,75.0,-18.1,,0.83,696.5,2
20260714,2026-07-15T00:02:28.826280+00:00,HNGE,1,1,24.01,130.3,-5.4,46.0,-0.8,,0.58,185.4,2
20260714,2026-07-15T00:02:28.826280+00:00,HUM,2,2,19.4,107.8,-5.6,42.0,-0.6,,0.63,584.1,2
20260714,2026-07-15T00:02:28.826280+00:00,FTNT,3,3,14.86,112.0,-7.5,56.0,0.0,,0.75,943.2,3
20260714,2026-07-15T00:02:28.826280+00:00,CORT,4,4,12.38,107.1,-8.7,51.0,-3.8,,1.11,92.9,3
20260714,2026-07-15T00:02:28.826280+00:00,PTRN,5,5,12.16,110.2,-9.1,60.0,-4.5,,0.63,69.9,3
20260714,2026-07-15T00:02:28.826280+00:00,VRNS,6,6,12.08,121.5,-10.1,49.0,0.0,,1.41,106.9,4
20260714,2026-07-15T00:02:28.826280+00:00,CNC,7,7,10.04,84.4,-8.4,48.0,0.0,,0.64,332.6,7
20260714,2026-07-15T00:02:28.826280+00:00,GH,8,8,9.74,85.3,-8.8,61.0,-6.2,,0.37,539.8,5
20260714,2026-07-15T00:02:28.826280+00:00,BB,9,9,9.36,177.3,-19.0,89.0,-14.1,,0.66,359.7,7
20260714,2026-07-15T00:02:28.826280+00:00,VOYA,10,10,8.98,37.0,-4.1,22.0,-0.7,,0.65,110.1,5
20260714,2026-07-15T00:02:28.826280+00:00,PANW,11,11,8.9,118.4,-13.3,53.0,-1.3,,0.8,2390.2,4
20260714,2026-07-15T00:02:28.826280+00:00,UMC,12,12,8.78,153.0,-17.4,84.0,-13.4,,0.71,453.5,6
20260714,2026-07-15T00:02:28.826280+00:00,ARMK,13,13,8.48,31.5,-3.7,27.0,-0.3,,1.35,142.3,4
20260714,2026-07-15T00:02:28.826280+00:00,FROG,14,14,8.0,105.5,-13.2,75.0,-7.1,,0.62,319.6,6
20260714,2026-07-15T00:02:28.826280+00:00,ALKS,15,15,7.99,52.3,-6.6,40.0,-6.6,,0.67,135.8,3
20260714,2026-07-15T00:02:28.826280+00:00,MNST,16,16,7.89,30.6,-3.9,33.0,0.0,,0.78,562.6,4
20260714,2026-07-15T00:02:28.826280+00:00,STT,17,17,7.82,30.2,-3.9,24.0,0.0,,1.02,462.6,5
20260714,2026-07-15T00:02:28.826280+00:00,LQDA,18,18,7.76,97.6,-12.6,78.0,-6.1,,0.48,177.5,5
20260714,2026-07-15T00:02:28.826280+00:00,SIMO,19,19,7.68,137.4,-17.9,118.0,-8.5,,0.66,267.8,6
20260714,2026-07-15T00:02:28.826280+00:00,BTSG,20,20,7.4,51.3,-6.9,36.0,-2.7,,0.53,228.7,3
20260714,2026-07-15T00:02:28.826280+00:00,OKTA,21,21,7.38,141.3,-19.1,83.0,0.0,,1.38,461.0,3
20260714,2026-07-15T00:02:28.826280+00:00,AMD,22,22,6.92,114.9,-16.6,85.0,-5.6,,0.71,15731.4,4
20260714,2026-07-15T00:02:28.826280+00:00,DFTX,23,23,6.84,109.7,-16.0,118.0,-5.1,,0.29,197.5,0
20260714,2026-07-15T00:02:28.826280+00:00,CUZ,24,24,6.74,35.1,-5.2,24.0,0.0,,0.8,49.1,7
20260714,2026-07-15T00:02:28.826280+00:00,CRWD,25,25,6.36,111.5,-17.5,55.0,0.0,,1.11,2029.3,2
20260714,2026-07-15T00:02:28.826280+00:00,VNO,26,26,6.15,39.9,-6.5,33.0,-3.9,,1.07,65.2,1
20260714,2026-07-15T00:02:28.826280+00:00,UNH,27,27,5.96,36.1,-6.1,28.0,-1.5,,0.84,2489.1,5
20260714,2026-07-15T00:02:28.826280+00:00,LTH,28,28,5.76,48.6,-8.4,50.0,-0.9,,0.52,126.5,3
20260714,2026-07-15T00:02:28.826280+00:00,OSCR,29,29,5.44,103.2,-19.0,67.0,-3.4,,0.57,179.2,4
20260714,2026-07-15T00:02:28.826280+00:00,SNOW,30,30,5.36,103.7,-19.3,91.0,-1.5,,0.82,1606.9,5
20260714,2026-07-15T00:02:28.826280+00:00,MOH,31,31,5.28,63.8,-12.1,47.0,-0.5,,1.27,234.0,5
20260714,2026-07-15T00:02:28.826280+00:00,NAVN,32,32,5.14,86.3,-16.8,60.0,-5.3,,0.64,131.0,2
20260714,2026-07-15T00:02:28.826280+00:00,RAL,33,33,5.06,45.2,-8.9,52.0,-8.3,,0.8,116.8,4
20260714,2026-07-15T00:02:28.826280+00:00,GTX,34,34,4.96,64.8,-13.1,67.0,-12.6,,0.56,95.6,6
20260714,2026-07-15T00:02:28.826280+00:00,NTAP,35,35,4.87,77.0,-15.8,63.0,-3.3,,0.95,523.4,3
20260714,2026-07-15T00:02:28.826280+00:00,NBIX,36,36,4.83,31.5,-6.5,34.0,-4.7,,0.85,207.4,3
20260714,2026-07-15T00:02:28.826280+00:00,STM,37,37,4.56,71.7,-15.7,74.0,-12.1,,1.09,825.1,7
20260714,2026-07-15T00:02:28.826280+00:00,ILMN,38,38,4.45,46.7,-10.5,41.0,-1.6,,0.97,370.3,5
20260714,2026-07-15T00:02:28.826280+00:00,CVS,39,39,4.33,38.0,-8.8,32.0,0.0,,1.44,810.2,5
20260714,2026-07-15T00:02:28.826280+00:00,RBRK,40,40,4.2,83.3,-19.8,58.0,-0.8,,1.0,285.7,3
20260714,2026-07-15T00:02:28.826280+00:00,ELV,41,41,4.01,36.8,-9.2,33.0,0.0,,1.37,655.0,8
20260714,2026-07-15T00:02:28.826280+00:00,MPC,42,42,3.96,36.0,-9.1,37.0,0.0,,0.93,645.5,5
20260714,2026-07-15T00:02:28.826280+00:00,TGTX,43,43,3.9,58.8,-15.1,56.0,-7.1,,0.7,157.2,4
20260714,2026-07-15T00:02:28.826280+00:00,SYRE,44,44,3.89,54.6,-14.0,68.0,-1.4,,1.51,175.5,4
20260714,2026-07-15T00:02:28.826280+00:00,DOC,45,45,3.84,30.5,-7.9,43.0,-1.2,,0.65,146.4,3
20260714,2026-07-15T00:02:28.826280+00:00,TKR,46,46,3.73,31.1,-8.3,40.0,-3.9,,0.6,137.0,4
20260714,2026-07-15T00:02:28.826280+00:00,DINO,47,47,3.62,46.4,-12.8,40.0,0.0,,0.94,177.5,7
20260714,2026-07-15T00:02:28.826280+00:00,VSXY,48,48,3.62,68.7,-19.0,109.0,-7.4,,0.87,153.2,4
20260714,2026-07-15T00:02:28.826280+00:00,COMP,49,49,3.6,64.7,-18.0,85.0,-10.1,,0.48,183.3,5
20260714,2026-07-15T00:02:28.826280+00:00,TVTX,50,50,3.53,35.4,-10.1,44.0,-3.3,,0.41,118.6,3
20260714,2026-07-15T00:02:28.826280+00:00,SGHC,51,51,3.5,35.9,-10.2,37.0,-4.5,,0.86,46.4,4
20260714,2026-07-15T00:02:28.826280+00:00,AFRM,52,52,3.48,51.3,-14.7,58.0,-1.6,,0.76,347.6,5
20260714,2026-07-15T00:02:28.826280+00:00,AVTR,53,53,3.46,37.7,-10.9,48.0,0.0,,1.64,84.2,3
20260714,2026-07-15T00:02:28.826280+00:00,IMVT,54,54,3.44,46.0,-13.4,85.0,-5.6,,0.46,61.3,4
20260714,2026-07-15T00:02:28.826280+00:00,ICLR,55,55,3.32,48.6,-14.6,64.0,-4.0,,0.7,152.6,4
20260714,2026-07-15T00:02:28.826280+00:00,SNDR,56,56,3.3,31.4,-9.5,43.0,-4.5,,0.86,33.4,6
20260714,2026-07-15T00:02:28.826280+00:00,APGE,57,57,3.28,51.4,-15.7,104.0,0.0,,0.22,796.4,5
20260714,2026-07-15T00:02:28.826280+00:00,ASX,58,58,3.2,51.7,-16.2,72.0,-9.6,,0.58,513.0,7
20260714,2026-07-15T00:02:28.826280+00:00,DUOL,59,59,3.11,40.3,-13.0,58.0,-3.0,,0.56,171.2,1
20260714,2026-07-15T00:02:28.826280+00:00,CSCO,60,60,3.09,42.3,-13.7,44.0,-9.6,,0.87,2987.9,7
20260714,2026-07-15T00:02:28.826280+00:00,PBF,61,61,3.06,57.3,-18.7,65.0,0.0,,1.35,137.7,4
20260714,2026-07-15T00:02:28.826280+00:00,BRKR,62,62,3.02,50.1,-16.6,63.0,-4.5,,0.66,127.9,4
20260714,2026-07-15T00:02:28.826280+00:00,NTNX,63,63,3.01,50.6,-16.8,46.0,-0.7,,0.5,209.4,4
20260714,2026-07-15T00:02:28.826280+00:00,MICC,64,64,3.01,31.4,-10.4,48.0,-1.8,,1.0,25.3,5
20260714,2026-07-15T00:02:28.826280+00:00,ROKU,65,65,2.91,33.1,-11.3,52.0,-1.3,,0.23,1065.1,4
20260714,2026-07-15T00:02:28.826280+00:00,TXN,66,66,2.86,40.3,-14.1,63.0,-8.0,,0.59,3011.1,7
20260714,2026-07-15T00:02:28.826280+00:00,ETSY,67,67,2.76,48.3,-17.5,50.0,0.0,,0.96,229.8,2
20260714,2026-07-15T00:02:28.826280+00:00,KLAR,68,68,2.74,37.7,-13.7,67.0,-4.0,,0.41,93.3,2
20260714,2026-07-15T00:02:28.826280+00:00,HRB,69,69,2.63,35.6,-13.5,60.0,0.0,,0.65,79.0,5
20260714,2026-07-15T00:02:28.826280+00:00,KMX,70,70,2.61,33.8,-12.9,50.0,0.0,,0.46,203.4,4
20260714,2026-07-15T00:02:28.826280+00:00,DBX,71,71,2.42,32.0,-13.2,49.0,0.0,,1.04,108.8,6
20260714,2026-07-15T00:02:28.826280+00:00,GEN,72,72,2.41,41.3,-17.1,46.0,-4.3,,0.67,159.0,3
20260714,2026-07-15T00:02:28.826280+00:00,DT,73,73,2.41,35.4,-14.7,50.0,-1.1,,0.77,249.6,4
20260714,2026-07-15T00:02:28.826280+00:00,BBY,74,74,2.18,37.1,-17.1,47.0,0.0,,0.99,309.1,6
20260714,2026-07-15T00:02:28.826280+00:00,NXPI,75,75,2.03,35.7,-17.6,73.0,-14.4,,0.7,1260.7,7
20260714,2026-07-15T00:02:28.826280+00:00,U,76,76,2.03,36.0,-17.7,53.0,-1.3,,0.81,197.6,2
20260714,2026-07-15T00:02:28.826280+00:00,TTAN,77,77,2.02,39.7,-19.6,59.0,-0.3,,0.79,130.6,5
20260714,2026-07-15T00:02:28.826280+00:00,IRDM,78,78,1.84,35.7,-19.4,83.0,-12.3,,0.32,165.3,6
20260714,2026-07-15T00:02:28.826280+00:00,RDDT,79,79,1.81,31.5,-17.5,75.0,0.0,,0.56,763.5,4
20260715,2026-07-16T00:01:17.442344+00:00,HNGE,1,1,19.68,106.8,-5.4,46.0,-4.7,,0.79,186.9,3
20260715,2026-07-16T00:01:17.442344+00:00,HUM,2,2,19.09,106.1,-5.6,42.0,-0.4,,1.02,582.1,2
20260715,2026-07-16T00:01:17.442344+00:00,FTNT,3,3,14.14,106.6,-7.5,56.0,-1.4,,0.82,946.1,4
20260715,2026-07-16T00:01:17.442344+00:00,PTRN,4,4,12.7,115.0,-9.1,60.0,-0.7,,0.87,70.2,3
20260715,2026-07-16T00:01:17.442344+00:00,CORT,5,5,12.02,104.0,-8.7,51.0,-4.8,,0.95,93.1,3
20260715,2026-07-16T00:01:17.442344+00:00,GH,6,6,10.5,92.0,-8.8,61.0,-4.6,,0.43,541.8,5
20260715,2026-07-16T00:01:17.442344+00:00,VRNS,7,7,10.4,104.5,-10.1,48.0,-1.8,,0.76,109.5,4
20260715,2026-07-16T00:01:17.442344+00:00,CNC,8,8,9.17,77.2,-8.4,49.0,-3.1,,0.86,326.8,8
20260715,2026-07-16T00:01:17.442344+00:00,UMC,9,9,8.88,154.9,-17.4,84.0,-9.5,,0.86,455.0,6
20260715,2026-07-16T00:01:17.442344+00:00,PANW,10,10,8.7,115.7,-13.3,53.0,-1.0,,0.89,2403.7,4
20260715,2026-07-16T00:01:17.442344+00:00,ALKS,11,11,8.61,56.5,-6.6,40.0,-5.9,,0.58,135.8,3
20260715,2026-07-16T00:01:17.442344+00:00,FROG,12,12,8.56,112.9,-13.2,74.0,-7.0,,0.41,317.2,6
20260715,2026-07-16T00:01:17.442344+00:00,VOYA,13,13,8.48,34.9,-4.1,22.0,-0.5,,0.5,107.9,5
20260715,2026-07-16T00:01:17.442344+00:00,BB,14,14,8.38,158.9,-19.0,90.0,-16.9,,0.73,360.5,8
20260715,2026-07-16T00:01:17.442344+00:00,ARMK,15,15,8.21,30.5,-3.7,28.0,-1.9,,1.45,148.1,5
20260715,2026-07-16T00:01:17.442344+00:00,STT,16,16,8.13,31.4,-3.9,24.0,0.0,,1.49,480.1,5
20260715,2026-07-16T00:01:17.442344+00:00,MNST,17,17,7.8,30.2,-3.9,33.0,-0.4,,1.05,570.7,5
20260715,2026-07-16T00:01:17.442344+00:00,LQDA,18,18,7.46,93.8,-12.6,78.0,-4.5,,0.36,173.3,5
20260715,2026-07-16T00:01:17.442344+00:00,BTSG,19,19,6.97,48.4,-6.9,37.0,-4.6,,1.75,240.5,4
20260715,2026-07-16T00:01:17.442344+00:00,DFTX,20,20,6.62,106.1,-16.0,118.0,-5.8,,0.3,199.1,1
20260715,2026-07-16T00:01:17.442344+00:00,CUZ,21,21,6.51,33.9,-5.2,24.0,0.0,,1.0,49.7,7
20260715,2026-07-16T00:01:17.442344+00:00,OKTA,22,22,6.48,124.0,-19.1,84.0,-2.4,,0.73,463.6,3
20260715,2026-07-16T00:01:17.442344+00:00,AMD,23,23,6.32,105.0,-16.6,86.0,-8.9,,0.95,15551.4,5
20260715,2026-07-16T00:01:17.442344+00:00,SIMO,24,24,6.23,111.5,-17.9,118.0,-12.9,,0.63,265.2,6
20260715,2026-07-16T00:01:17.442344+00:00,UBS,25,25,6.13,31.0,-5.1,26.0,0.0,,1.3,94.2,3
20260715,2026-07-16T00:01:17.442344+00:00,VNO,26,26,6.09,39.5,-6.5,33.0,-2.1,,0.97,65.0,1
20260715,2026-07-16T00:01:17.442344+00:00,LTH,27,27,6.08,51.3,-8.4,50.0,0.0,,0.75,127.6,3
20260715,2026-07-16T00:01:17.442344+00:00,CRWD,28,28,5.77,101.2,-17.5,55.0,-1.9,,1.08,2065.2,2
20260715,2026-07-16T00:01:17.442344+00:00,UNH,29,29,5.62,34.0,-6.1,28.0,-3.0,,1.13,2491.4,6
20260715,2026-07-16T00:01:17.442344+00:00,RAL,30,30,5.32,47.6,-8.9,52.0,-8.3,,0.73,113.3,4
20260715,2026-07-16T00:01:17.442344+00:00,GTX,31,31,5.19,67.7,-13.1,67.0,-12.1,,0.59,94.7,6
20260715,2026-07-16T00:01:17.442344+00:00,OSCR,32,32,5.08,96.3,-19.0,67.0,-4.9,,0.65,176.1,5
20260715,2026-07-16T00:01:17.442344+00:00,MOH,33,33,4.88,59.0,-12.1,48.0,-3.9,,1.25,240.6,5
20260715,2026-07-16T00:01:17.442344+00:00,CVS,34,34,4.84,42.5,-8.8,31.0,-0.3,,0.87,809.6,5
20260715,2026-07-16T00:01:17.442344+00:00,NBIX,35,35,4.73,30.9,-6.5,34.0,-4.7,,0.71,205.1,3
20260715,2026-07-16T00:01:17.442344+00:00,SNOW,36,36,4.56,88.2,-19.3,90.0,-3.0,,0.59,1587.2,5
20260715,2026-07-16T00:01:17.442344+00:00,NAVN,37,37,4.48,75.3,-16.8,60.0,-7.2,,0.95,132.0,3
20260715,2026-07-16T00:01:17.442344+00:00,STM,38,38,4.25,66.7,-15.7,74.0,-15.1,,0.98,821.7,7
20260715,2026-07-16T00:01:17.442344+00:00,TKR,39,39,4.18,34.9,-8.3,39.0,-4.0,,0.49,131.8,4
20260715,2026-07-16T00:01:17.442344+00:00,TGTX,40,40,4.18,63.0,-15.1,56.0,-4.5,,0.56,155.2,4
20260715,2026-07-16T00:01:17.442344+00:00,COMP,41,41,4.11,73.8,-18.0,87.0,-2.6,,1.13,187.3,4
20260715,2026-07-16T00:01:17.442344+00:00,KMX,42,42,4.03,45.5,-11.3,51.0,0.0,,1.2,204.2,4
20260715,2026-07-16T00:01:17.442344+00:00,ILMN,43,43,3.95,41.5,-10.5,42.0,-3.7,,0.86,368.9,5
20260715,2026-07-16T00:01:17.442344+00:00,NTAP,44,44,3.93,62.1,-15.8,65.0,-10.2,,1.1,528.3,4
20260715,2026-07-16T00:01:17.442344+00:00,TVTX,45,45,3.84,38.6,-10.1,43.0,-3.9,,0.38,115.2,3
20260715,2026-07-16T00:01:17.442344+00:00,MPC,46,46,3.81,34.7,-9.1,37.0,-1.4,,0.94,636.9,6
20260715,2026-07-16T00:01:17.442344+00:00,VSXY,47,47,3.7,70.3,-19.0,110.0,-4.7,,0.81,152.2,4
20260715,2026-07-16T00:01:17.442344+00:00,SWK,48,48,3.65,32.3,-8.9,40.0,-6.5,,0.55,149.6,5
20260715,2026-07-16T00:01:17.442344+00:00,SNDR,49,49,3.53,33.6,-9.5,43.0,-5.7,,1.42,34.0,7
20260715,2026-07-16T00:01:17.442344+00:00,DINO,50,50,3.51,45.0,-12.8,40.0,0.0,,1.6,185.4,7
20260715,2026-07-16T00:01:17.442344+00:00,SYRE,51,51,3.42,47.9,-14.0,66.0,0.0,,0.79,178.4,4
20260715,2026-07-16T00:01:17.442344+00:00,IMVT,52,52,3.39,45.4,-13.4,85.0,-2.9,,0.47,60.8,3
20260715,2026-07-16T00:01:17.442344+00:00,ICLR,53,53,3.26,47.7,-14.6,64.0,-1.7,,0.49,152.1,4
20260715,2026-07-16T00:01:17.442344+00:00,APGE,54,54,3.21,50.3,-15.7,104.0,0.0,,0.1,797.4,4
20260715,2026-07-16T00:01:17.442344+00:00,ASX,55,55,3.15,51.0,-16.2,72.0,-8.8,,0.76,510.4,7
20260715,2026-07-16T00:01:17.442344+00:00,MICC,56,56,3.15,32.9,-10.4,48.0,-0.8,,1.47,26.2,4
20260715,2026-07-16T00:01:17.442344+00:00,SGHC,57,57,3.12,31.9,-10.2,37.0,-4.9,,0.51,45.1,4
20260715,2026-07-16T00:01:17.442344+00:00,AVTR,58,58,3.1,33.8,-10.9,48.0,-0.8,,1.23,85.9,3
20260715,2026-07-16T00:01:17.442344+00:00,BRKR,59,59,2.94,48.7,-16.6,63.0,-6.4,,0.88,123.7,5
20260715,2026-07-16T00:01:17.442344+00:00,RBRK,60,60,2.85,56.5,-19.8,60.0,-9.4,,1.17,289.6,4
20260715,2026-07-16T00:01:17.442344+00:00,TXN,61,61,2.83,40.0,-14.1,63.0,-9.4,,0.64,2990.5,8
20260715,2026-07-16T00:01:17.442344+00:00,ROKU,62,62,2.74,31.1,-11.3,52.0,-0.2,,0.42,897.1,4
20260715,2026-07-16T00:01:17.442344+00:00,ETSY,63,63,2.74,48.0,-17.5,50.0,0.0,,1.32,232.0,2
20260715,2026-07-16T00:01:17.442344+00:00,CSCO,64,64,2.64,36.2,-13.7,46.0,-13.7,,0.93,2982.5,8
20260715,2026-07-16T00:01:17.442344+00:00,HRB,65,65,2.56,34.6,-13.5,60.0,0.0,,0.68,78.1,5
20260715,2026-07-16T00:01:17.442344+00:00,NTNX,66,66,2.54,42.7,-16.8,45.0,-2.3,,0.45,209.0,4
20260715,2026-07-16T00:01:17.442344+00:00,DUOL,67,67,2.53,32.8,-13.0,56.0,-0.8,,0.67,167.6,1
20260715,2026-07-16T00:01:17.442344+00:00,AFRM,68,68,2.52,37.1,-14.7,57.0,-4.7,,1.01,342.3,6
20260715,2026-07-16T00:01:17.442344+00:00,PBF,69,69,2.45,46.0,-18.7,65.0,-3.5,,1.13,142.9,4
20260715,2026-07-16T00:01:17.442344+00:00,KLAR,70,70,2.31,31.8,-13.7,67.0,-4.2,,0.74,91.3,3
20260715,2026-07-16T00:01:17.442344+00:00,NTRA,71,71,2.23,33.9,-15.2,54.0,-2.3,,0.49,459.3,2
20260715,2026-07-16T00:01:17.442344+00:00,BBY,72,72,2.14,36.5,-17.1,47.0,0.0,,1.29,316.9,6
20260715,2026-07-16T00:01:17.442344+00:00,AMRX,73,73,2.11,31.8,-15.1,38.0,-0.7,,0.86,38.8,3
20260715,2026-07-16T00:01:17.442344+00:00,GEN,74,74,2.06,35.2,-17.1,46.0,-4.7,,0.64,158.7,3
20260715,2026-07-16T00:01:17.442344+00:00,CROX,75,75,2.06,30.1,-14.6,41.0,0.0,,1.05,142.2,3
20260715,2026-07-16T00:01:17.442344+00:00,JHX,76,76,1.92,31.9,-16.6,54.0,-1.2,,0.65,186.4,6
20260715,2026-07-16T00:01:17.442344+00:00,NXPI,77,77,1.91,33.7,-17.6,73.0,-15.8,,0.87,1257.7,8
20260716,2026-07-17T00:01:30.869960+00:00,HNGE,1,1,18.49,100.3,-5.4,46.0,-4.5,,0.58,184.8,3
20260716,2026-07-17T00:01:30.869960+00:00,HUM,2,2,16.59,93.0,-5.6,44.0,-5.6,,1.5,595.1,3
20260716,2026-07-17T00:01:30.869960+00:00,PTRN,3,3,12.66,114.7,-9.1,60.0,-1.6,,0.84,71.3,3
20260716,2026-07-17T00:01:30.869960+00:00,FTNT,4,4,12.62,95.1,-7.5,56.0,-3.6,,0.67,941.3,3
20260716,2026-07-17T00:01:30.869960+00:00,CORT,5,5,12.03,104.1,-8.7,51.0,-4.6,,0.82,93.8,3
20260716,2026-07-17T00:01:30.869960+00:00,VRNS,6,6,9.61,96.7,-10.1,48.0,-2.5,,0.47,110.5,3
20260716,2026-07-17T00:01:30.869960+00:00,VOYA,7,7,9.46,38.9,-4.1,22.0,0.0,,1.53,111.8,5
20260716,2026-07-17T00:01:30.869960+00:00,GH,8,8,8.76,80.9,-9.2,62.0,-9.2,,0.79,546.6,6
20260716,2026-07-17T00:01:30.869960+00:00,PANW,9,9,8.42,112.0,-13.3,54.0,-1.0,,0.79,2437.6,3
20260716,2026-07-17T00:01:30.869960+00:00,MNST,10,10,8.42,32.6,-3.9,33.0,0.0,,1.53,594.1,5
20260716,2026-07-17T00:01:30.869960+00:00,ALKS,11,11,8.21,53.8,-6.6,40.0,-5.9,,0.69,137.4,3
20260716,2026-07-17T00:01:30.869960+00:00,STT,12,12,8.17,31.5,-3.9,24.0,-0.5,,2.02,514.7,6
20260716,2026-07-17T00:01:30.869960+00:00,CNC,13,13,7.59,63.8,-8.4,50.0,-7.0,,1.04,324.6,9
20260716,2026-07-17T00:01:30.869960+00:00,FROG,14,14,7.46,98.4,-13.2,75.0,-11.8,,0.51,315.1,6
20260716,2026-07-17T00:01:30.869960+00:00,CUZ,15,15,7.24,37.6,-5.2,24.0,0.0,,0.76,48.5,7
20260716,2026-07-17T00:01:30.869960+00:00,BTSG,16,16,7.04,48.8,-6.9,37.0,-4.8,,9.35,344.5,4
20260716,2026-07-17T00:01:30.869960+00:00,VNO,17,17,6.72,43.6,-6.5,33.0,0.0,,0.76,64.3,1
20260716,2026-07-17T00:01:30.869960+00:00,LQDA,18,18,6.51,81.8,-12.6,78.0,-7.6,,0.54,170.1,6
20260716,2026-07-17T00:01:30.869960+00:00,LTH,19,19,6.48,54.7,-8.4,50.0,0.0,,0.83,128.8,3
20260716,2026-07-17T00:01:30.869960+00:00,DFTX,20,20,6.01,96.3,-16.0,118.0,-9.0,,0.72,205.3,2
20260716,2026-07-17T00:01:30.869960+00:00,UMC,21,21,5.97,113.6,-19.0,87.0,-19.0,,1.14,460.8,6
20260716,2026-07-17T00:01:30.869960+00:00,UNH,22,22,5.71,34.6,-6.1,28.0,-1.9,,2.22,2674.4,6
20260716,2026-07-17T00:01:30.869960+00:00,OKTA,23,23,5.49,105.2,-19.1,83.0,-4.4,,0.85,467.5,4
20260716,2026-07-17T00:01:30.869960+00:00,CRWD,24,24,5.41,94.9,-17.5,55.0,-3.3,,0.72,2074.1,1
20260716,2026-07-17T00:01:30.869960+00:00,RAL,25,25,5.24,47.7,-9.1,52.0,-9.1,,0.78,114.0,5
20260716,2026-07-17T00:01:30.869960+00:00,SIMO,26,26,5.19,99.3,-19.1,119.0,-19.1,,1.16,264.6,6
20260716,2026-07-17T00:01:30.869960+00:00,NBIX,27,27,5.14,33.6,-6.5,34.0,-5.0,,0.74,205.5,4
20260716,2026-07-17T00:01:30.869960+00:00,GTX,28,28,4.91,64.1,-13.1,67.0,-12.9,,0.57,93.3,6
20260716,2026-07-17T00:01:30.869960+00:00,AMD,29,29,4.82,80.0,-16.6,86.0,-13.8,,0.93,15509.4,4
20260716,2026-07-17T00:01:30.869960+00:00,CVS,30,30,4.55,39.9,-8.8,30.0,0.0,,1.52,847.9,5
20260716,2026-07-17T00:01:30.869960+00:00,SNOW,31,31,4.55,88.1,-19.3,90.0,-3.6,,0.53,1564.9,4
20260716,2026-07-17T00:01:30.869960+00:00,NAVN,32,32,4.55,76.5,-16.8,60.0,-5.3,,0.69,131.4,2
20260716,2026-07-17T00:01:30.869960+00:00,OSCR,33,33,4.46,84.6,-19.0,69.0,-10.3,,1.08,179.0,6
20260716,2026-07-17T00:01:30.869960+00:00,MOH,34,34,4.23,51.0,-12.1,49.0,-7.4,,0.96,245.2,5
20260716,2026-07-17T00:01:30.869960+00:00,ILMN,35,35,4.13,43.3,-10.5,42.0,-2.1,,0.56,369.4,5
20260716,2026-07-17T00:01:30.869960+00:00,DOC,36,36,4.04,32.1,-7.9,43.0,0.0,,0.98,142.9,3
20260716,2026-07-17T00:01:30.869960+00:00,TGTX,37,37,3.99,60.1,-15.1,56.0,-7.0,,0.77,156.2,5
20260716,2026-07-17T00:01:30.869960+00:00,TVTX,38,38,3.96,39.8,-10.1,43.0,-6.4,,0.71,113.5,4
20260716,2026-07-17T00:01:30.869960+00:00,TKR,39,39,3.94,32.9,-8.3,39.0,-5.3,,0.98,131.5,5
20260716,2026-07-17T00:01:30.869960+00:00,KMX,40,40,3.94,44.4,-11.3,51.0,-0.8,,0.71,192.7,4
20260716,2026-07-17T00:01:30.869960+00:00,MPC,41,41,3.93,35.7,-9.1,37.0,0.0,,0.77,631.9,5
20260716,2026-07-17T00:01:30.869960+00:00,SWK,42,42,3.92,34.8,-8.9,41.0,-3.0,,0.76,149.6,5
20260716,2026-07-17T00:01:30.869960+00:00,COMP,43,43,3.72,66.8,-18.0,87.0,-6.2,,0.73,187.5,4
20260716,2026-07-17T00:01:30.869960+00:00,SNDR,44,44,3.61,34.5,-9.5,43.0,-0.4,,1.28,34.4,7
20260716,2026-07-17T00:01:30.869960+00:00,DINO,45,45,3.55,45.5,-12.8,40.0,0.0,,1.42,194.6,6
20260716,2026-07-17T00:01:30.869960+00:00,NTAP,46,46,3.45,54.5,-15.8,65.0,-11.5,,0.72,527.2,3
20260716,2026-07-17T00:01:30.869960+00:00,SGHC,47,47,3.38,34.6,-10.2,36.0,-5.2,,0.44,43.9,4
20260716,2026-07-17T00:01:30.869960+00:00,AVTR,48,48,3.33,36.3,-10.9,48.0,-0.3,,1.56,90.8,3
20260716,2026-07-17T00:01:30.869960+00:00,ICLR,49,49,3.22,47.1,-14.6,64.0,-2.9,,0.53,152.3,4
20260716,2026-07-17T00:01:30.869960+00:00,MICC,50,50,3.17,33.0,-10.4,48.0,-0.1,,0.61,25.3,4
20260716,2026-07-17T00:01:30.869960+00:00,IMVT,51,51,3.17,42.4,-13.4,85.0,-5.2,,0.61,60.7,4
20260716,2026-07-17T00:01:30.869960+00:00,BRKR,52,52,3.16,52.3,-16.6,63.0,-5.4,,0.74,123.4,5
20260716,2026-07-17T00:01:30.869960+00:00,VSXY,53,53,3.14,59.6,-19.0,110.0,-6.9,,0.83,153.5,5
20260716,2026-07-17T00:01:30.869960+00:00,APGE,54,54,3.07,48.1,-15.7,104.0,-0.2,,0.22,802.1,4
20260716,2026-07-17T00:01:30.869960+00:00,ASX,55,55,2.76,44.6,-16.2,72.0,-11.6,,0.95,512.2,7
20260716,2026-07-17T00:01:30.869960+00:00,RBRK,56,56,2.71,53.7,-19.8,60.0,-10.1,,0.5,288.2,4
20260716,2026-07-17T00:01:30.869960+00:00,SYRE,57,57,2.5,35.0,-14.0,69.0,-7.8,,0.71,179.3,4
20260716,2026-07-17T00:01:30.869960+00:00,AMRX,58,58,2.5,37.8,-15.1,39.0,0.0,,1.02,39.4,3
20260716,2026-07-17T00:01:30.869960+00:00,NTRA,59,59,2.47,37.6,-15.2,53.0,-4.9,,0.54,456.9,3
20260716,2026-07-17T00:01:30.869960+00:00,NTNX,60,60,2.45,41.2,-16.8,45.0,-0.0,,0.83,209.6,3
20260716,2026-07-17T00:01:30.869960+00:00,CROX,61,61,2.45,35.9,-14.6,42.0,0.0,,1.01,144.1,3
20260716,2026-07-17T00:01:30.869960+00:00,HRB,62,62,2.4,32.4,-13.5,59.0,0.0,,0.74,78.4,5
20260716,2026-07-17T00:01:30.869960+00:00,PBF,63,63,2.35,43.9,-18.7,65.0,0.0,,0.77,145.6,3
20260716,2026-07-17T00:01:30.869960+00:00,ETSY,64,64,2.28,40.0,-17.5,50.0,-2.6,,0.99,229.9,2
20260716,2026-07-17T00:01:30.869960+00:00,KLAR,65,65,2.26,31.0,-13.7,67.0,-6.0,,0.44,88.8,2
20260716,2026-07-17T00:01:30.869960+00:00,TXN,66,66,2.21,31.2,-14.1,63.0,-12.4,,0.72,2976.8,8
20260716,2026-07-17T00:01:30.869960+00:00,AFRM,67,67,2.2,32.4,-14.7,58.0,-6.9,,0.88,334.6,6
20260716,2026-07-17T00:01:30.869960+00:00,GEN,68,68,2.18,37.3,-17.1,46.0,-2.7,,0.55,157.4,3
20260716,2026-07-17T00:01:30.869960+00:00,SN,69,69,2.12,34.2,-16.2,42.0,0.0,,0.56,230.1,2
20260716,2026-07-17T00:01:30.869960+00:00,JHX,70,70,2.07,34.3,-16.6,54.0,0.0,,1.0,181.9,6
20260716,2026-07-17T00:01:30.869960+00:00,CSCO,71,71,1.97,30.3,-15.3,46.0,-15.3,,0.99,3021.7,9
20260716,2026-07-17T00:01:30.869960+00:00,BBY,72,72,1.97,33.6,-17.1,47.0,-0.1,,0.91,318.8,6
20260717,2026-07-18T00:03:03.146656+00:00,HNGE,1,1,18.62,101.0,-5.4,46.0,-3.2,,0.83,188.1,2
20260717,2026-07-18T00:03:03.146656+00:00,HUM,2,2,17.04,95.4,-5.6,44.0,-2.3,,1.32,610.4,3
20260717,2026-07-18T00:03:03.146656+00:00,FTNT,3,3,12.93,97.5,-7.5,56.0,-3.1,,0.92,931.8,3
20260717,2026-07-18T00:03:03.146656+00:00,PTRN,4,4,11.89,107.8,-9.1,60.0,-4.4,,0.64,66.8,3
20260717,2026-07-18T00:03:03.146656+00:00,CORT,5,5,11.1,96.1,-8.7,51.0,-3.7,,1.76,98.9,3
20260717,2026-07-18T00:03:03.146656+00:00,VRNS,6,6,9.58,96.3,-10.1,48.0,-1.3,,0.79,112.5,3
20260717,2026-07-18T00:03:03.146656+00:00,CNC,7,7,8.8,74.1,-8.4,50.0,-3.3,,0.96,323.2,8
20260717,2026-07-18T00:03:03.146656+00:00,PANW,8,8,8.55,113.7,-13.3,53.0,0.0,,1.04,2496.9,3
20260717,2026-07-18T00:03:03.146656+00:00,VOYA,9,9,8.44,34.7,-4.1,22.0,-0.9,,0.79,110.2,5
20260717,2026-07-18T00:03:03.146656+00:00,LQDA,10,10,8.16,102.5,-12.6,78.0,-1.9,,0.53,169.1,6
20260717,2026-07-18T00:03:03.146656+00:00,ALKS,11,11,8.04,52.7,-6.6,40.0,-4.5,,0.64,138.8,3
20260717,2026-07-18T00:03:03.146656+00:00,GH,12,12,7.85,72.5,-9.2,61.0,-8.7,,0.56,548.5,6
20260717,2026-07-18T00:03:03.146656+00:00,FROG,13,13,7.63,100.7,-13.2,75.0,-9.7,,0.57,314.6,6
20260717,2026-07-18T00:03:03.146656+00:00,BTSG,14,14,7.14,49.5,-6.9,37.0,-1.2,,0.76,350.7,4
20260717,2026-07-18T00:03:03.146656+00:00,CUZ,15,15,6.39,33.2,-5.2,24.0,-0.9,,0.67,46.8,7
20260717,2026-07-18T00:03:03.146656+00:00,DFTX,16,16,5.95,95.3,-16.0,118.0,-8.6,,0.3,206.6,2
20260717,2026-07-18T00:03:03.146656+00:00,VNO,17,17,5.82,37.8,-6.5,33.0,-1.0,,0.71,63.6,1
20260717,2026-07-18T00:03:03.146656+00:00,LTH,18,18,5.64,47.6,-8.4,50.0,-1.6,,0.77,130.4,3
20260717,2026-07-18T00:03:03.146656+00:00,OKTA,19,19,5.57,106.7,-19.1,83.0,-3.4,,0.77,470.7,4
20260717,2026-07-18T00:03:03.146656+00:00,UNH,20,20,5.28,32.0,-6.1,28.0,-1.3,,1.67,2786.1,6
20260717,2026-07-18T00:03:03.146656+00:00,RAL,21,21,5.28,48.2,-9.1,52.0,-4.7,,1.24,115.1,5
20260717,2026-07-18T00:03:03.146656+00:00,CRWD,22,22,5.22,91.6,-17.5,55.0,-3.6,,0.82,2094.9,2
20260717,2026-07-18T00:03:03.146656+00:00,MPC,23,23,5.15,46.8,-9.1,35.0,0.0,,0.9,636.2,5
20260717,2026-07-18T00:03:03.146656+00:00,AMD,24,24,4.7,78.1,-16.6,86.0,-14.7,,1.1,15611.4,5
20260717,2026-07-18T00:03:03.146656+00:00,CVS,25,25,4.59,40.3,-8.8,30.0,0.0,,0.8,853.3,5
20260717,2026-07-18T00:03:03.146656+00:00,GTX,26,26,4.59,60.0,-13.1,67.0,-12.3,,0.94,93.5,6
20260717,2026-07-18T00:03:03.146656+00:00,SNOW,27,27,4.48,86.8,-19.3,90.0,-4.0,,0.87,1566.1,5
20260717,2026-07-18T00:03:03.146656+00:00,OSCR,28,28,4.44,84.3,-19.0,69.0,-9.6,,0.56,176.7,6
20260717,2026-07-18T00:03:03.146656+00:00,DINO,29,29,4.37,56.1,-12.8,38.0,0.0,,0.98,199.3,6
20260717,2026-07-18T00:03:03.146656+00:00,NAVN,30,30,4.31,72.4,-16.8,60.0,-4.7,,0.66,127.0,2
20260717,2026-07-18T00:03:03.146656+00:00,MOH,31,31,4.25,51.3,-12.1,49.0,-7.2,,1.04,249.5,5
20260717,2026-07-18T00:03:03.146656+00:00,VLO,32,32,4.07,39.1,-9.6,39.0,0.0,,0.78,904.0,6
20260717,2026-07-18T00:03:03.146656+00:00,DOC,33,33,3.89,30.9,-7.9,43.0,0.0,,1.04,145.7,3
20260717,2026-07-18T00:03:03.146656+00:00,TVTX,34,34,3.89,39.1,-10.1,43.0,-3.9,,0.74,114.1,4
20260717,2026-07-18T00:03:03.146656+00:00,PBF,35,35,3.74,70.0,-18.7,59.0,0.0,,1.07,152.4,3
20260717,2026-07-18T00:03:03.146656+00:00,ILMN,36,36,3.69,38.8,-10.5,42.0,-4.0,,0.61,368.4,6
20260717,2026-07-18T00:03:03.146656+00:00,TGTX,37,37,3.67,55.3,-15.1,56.0,-7.1,,1.19,156.3,5
20260717,2026-07-18T00:03:03.146656+00:00,NTAP,38,38,3.62,57.3,-15.8,65.0,-9.2,,0.87,532.8,2
20260717,2026-07-18T00:03:03.146656+00:00,KMX,39,39,3.57,40.2,-11.3,51.0,-2.7,,0.47,174.8,4
20260717,2026-07-18T00:03:03.146656+00:00,PSX,40,40,3.31,33.2,-10.0,33.0,0.0,,0.77,538.2,7
20260717,2026-07-18T00:03:03.146656+00:00,SNDR,41,41,3.17,30.3,-9.5,43.0,-1.2,,3.41,38.6,7
20260717,2026-07-18T00:03:03.146656+00:00,SGHC,42,42,3.02,30.9,-10.2,36.0,-5.0,,0.52,43.3,4
20260717,2026-07-18T00:03:03.146656+00:00,APGE,43,43,2.89,45.3,-15.7,104.0,-0.2,,0.31,809.2,3
20260717,2026-07-18T00:03:03.146656+00:00,ICLR,44,44,2.87,42.0,-14.6,63.0,-2.9,,0.62,150.1,4
20260717,2026-07-18T00:03:03.146656+00:00,IMVT,45,45,2.79,37.4,-13.4,84.0,-2.0,,0.56,59.4,4
20260717,2026-07-18T00:03:03.146656+00:00,SYRE,46,46,2.66,37.3,-14.0,69.0,-1.8,,0.56,178.1,4
20260717,2026-07-18T00:03:03.146656+00:00,COMP,47,47,2.64,47.4,-18.0,85.0,-7.6,,0.7,184.4,4
20260717,2026-07-18T00:03:03.146656+00:00,BRKR,48,48,2.61,43.2,-16.6,62.0,-7.0,,1.12,125.3,6
20260717,2026-07-18T00:03:03.146656+00:00,VSXY,49,49,2.57,48.8,-19.0,109.0,-8.0,,0.49,149.6,5
20260717,2026-07-18T00:03:03.146656+00:00,RBRK,50,50,2.56,50.9,-19.8,61.0,-11.0,,0.65,288.1,5
20260717,2026-07-18T00:03:03.146656+00:00,DUOL,51,51,2.56,33.2,-13.0,56.0,0.0,,0.84,165.8,1
20260717,2026-07-18T00:03:03.146656+00:00,HRB,52,52,2.39,32.3,-13.5,59.0,0.0,,0.77,78.1,5
20260717,2026-07-18T00:03:03.146656+00:00,NTNX,53,53,2.23,37.5,-16.8,45.0,-1.4,,0.49,205.3,3
20260717,2026-07-18T00:03:03.146656+00:00,ASX,54,54,2.21,35.7,-16.2,72.0,-14.0,,0.87,515.9,7
20260717,2026-07-18T00:03:03.146656+00:00,ETSY,55,55,2.05,35.9,-17.5,49.0,-1.9,,0.65,225.2,2
20260717,2026-07-18T00:03:03.146656+00:00,NTRA,56,56,1.99,30.2,-15.2,52.0,-4.4,,0.58,450.6,3
20260717,2026-07-18T00:03:03.146656+00:00,CSCO,57,57,1.97,30.3,-15.3,46.0,-13.6,,1.1,3073.0,9
20260717,2026-07-18T00:03:03.146656+00:00,GEN,58,58,1.96,33.6,-17.1,46.0,-3.7,,0.8,157.0,4
20260717,2026-07-18T00:03:03.146656+00:00,BBY,59,59,1.86,31.7,-17.1,47.0,0.0,,0.78,318.4,6
20260720,2026-07-21T00:01:21.664453+00:00,HNGE,1,1,18.36,99.6,-5.4,46.0,-2.6,,0.5,183.4,2
20260720,2026-07-21T00:01:21.664453+00:00,HUM,2,2,16.02,89.8,-5.6,44.0,-2.7,,0.67,567.1,3
20260720,2026-07-21T00:01:21.664453+00:00,FTNT,3,3,12.49,94.1,-7.5,56.0,-3.9,,0.63,828.7,3
20260720,2026-07-21T00:01:21.664453+00:00,PTRN,4,4,11.4,103.3,-9.1,61.0,-4.7,,0.48,63.1,3
20260720,2026-07-21T00:01:21.664453+00:00,CORT,5,5,11.28,97.6,-8.7,51.0,-2.6,,1.43,98.8,3
20260720,2026-07-21T00:01:21.664453+00:00,VRNS,6,6,9.39,94.4,-10.1,48.0,-1.5,,0.47,111.8,3
20260720,2026-07-21T00:01:21.664453+00:00,CNC,7,7,8.54,71.9,-8.4,50.0,-4.2,,0.63,297.3,7
20260720,2026-07-21T00:01:21.664453+00:00,LQDA,8,8,8.33,104.7,-12.6,78.0,-5.4,,0.45,128.8,6
20260720,2026-07-21T00:01:21.664453+00:00,PANW,9,9,7.94,105.6,-13.3,54.0,-2.8,,0.73,2418.5,3
20260720,2026-07-21T00:01:21.664453+00:00,ALKS,10,10,7.79,51.1,-6.6,40.0,-6.3,,0.35,123.8,3
20260720,2026-07-21T00:01:21.664453+00:00,VOYA,11,11,7.62,31.4,-4.1,22.0,-2.0,,0.49,103.9,5
20260720,2026-07-21T00:01:21.664453+00:00,FROG,12,12,7.47,98.5,-13.2,75.0,-7.8,,0.52,309.8,5
20260720,2026-07-21T00:01:21.664453+00:00,BTSG,13,13,6.84,47.5,-6.9,37.0,-1.5,,0.53,336.6,4
20260720,2026-07-21T00:01:21.664453+00:00,LTH,14,14,5.78,48.7,-8.4,50.0,-0.8,,1.03,127.9,3
20260720,2026-07-21T00:01:21.664453+00:00,RAL,15,15,5.48,49.9,-9.1,52.0,-5.2,,0.85,113.0,5
20260720,2026-07-21T00:01:21.664453+00:00,VNO,16,16,5.3,34.3,-6.5,33.0,-2.5,,0.68,61.1,1
20260720,2026-07-21T00:01:21.664453+00:00,DFTX,17,17,5.28,84.6,-16.0,119.0,-11.7,,0.25,206.0,2
20260720,2026-07-21T00:01:21.664453+00:00,MPC,18,18,5.26,47.8,-9.1,35.0,0.0,,0.67,601.0,5
20260720,2026-07-21T00:01:21.664453+00:00,UNH,19,19,5.13,31.1,-6.1,28.0,-2.3,,0.73,2649.2,6
20260720,2026-07-21T00:01:21.664453+00:00,AMD,20,20,5.01,83.1,-16.6,86.0,-13.3,,0.8,15024.6,5
20260720,2026-07-21T00:01:21.664453+00:00,OKTA,21,21,5.01,95.9,-19.1,83.0,-4.0,,0.63,438.2,4
20260720,2026-07-21T00:01:21.664453+00:00,DOC,22,22,4.88,31.7,-6.5,43.0,-1.0,,1.14,143.2,4
20260720,2026-07-21T00:01:21.664453+00:00,NBIX,23,23,4.82,31.5,-6.5,33.0,-4.2,,0.81,192.1,5
20260720,2026-07-21T00:01:21.664453+00:00,NAVN,24,24,4.8,80.7,-16.8,61.0,0.0,,0.56,124.1,2
20260720,2026-07-21T00:01:21.664453+00:00,CVS,25,25,4.76,41.8,-8.8,30.0,0.0,,0.8,783.3,5
20260720,2026-07-21T00:01:21.664453+00:00,CRWD,26,26,4.75,83.3,-17.5,56.0,-5.8,,0.66,1983.9,2
20260720,2026-07-21T00:01:21.664453+00:00,GH,27,27,4.71,62.6,-13.3,63.0,-13.3,,0.71,544.7,7
20260720,2026-07-21T00:01:21.664453+00:00,DINO,28,28,4.47,57.3,-12.8,38.0,0.0,,1.25,199.6,5
20260720,2026-07-21T00:01:21.664453+00:00,MOH,29,29,4.39,53.0,-12.1,49.0,-5.4,,0.75,249.1,4
20260720,2026-07-21T00:01:21.664453+00:00,SNOW,30,30,4.26,82.4,-19.3,90.0,-2.1,,0.61,1528.0,5
20260720,2026-07-21T00:01:21.664453+00:00,GTX,31,31,4.26,57.6,-13.5,67.0,-13.5,,1.18,94.6,7
20260720,2026-07-21T00:01:21.664453+00:00,TXG,32,32,4.24,75.8,-17.9,76.0,-5.6,,0.68,135.1,3
20260720,2026-07-21T00:01:21.664453+00:00,OSCR,33,33,4.22,80.0,-19.0,69.0,-8.0,,0.54,171.8,6
20260720,2026-07-21T00:01:21.664453+00:00,ILMN,34,34,4.15,39.0,-9.4,42.0,-5.0,,0.74,357.1,7
20260720,2026-07-21T00:01:21.664453+00:00,VLO,35,35,4.07,39.1,-9.6,39.0,0.0,,0.74,870.5,5
20260720,2026-07-21T00:01:21.664453+00:00,PBF,36,36,3.75,70.3,-18.7,59.0,0.0,,0.83,154.2,3
20260720,2026-07-21T00:01:21.664453+00:00,TVTX,37,37,3.75,37.7,-10.1,43.0,-6.0,,0.38,98.0,4
20260720,2026-07-21T00:01:21.664453+00:00,PSX,38,38,3.49,35.0,-10.0,33.0,0.0,,0.71,513.6,6
20260720,2026-07-21T00:01:21.664453+00:00,KMX,39,39,3.47,37.5,-10.8,52.0,-5.1,,0.55,160.1,5
20260720,2026-07-21T00:01:21.664453+00:00,MICC,40,40,3.37,31.4,-9.3,48.0,-1.0,,1.77,25.9,6
20260720,2026-07-21T00:01:21.664453+00:00,ICLR,41,41,3.28,41.9,-12.8,63.0,-5.1,,0.77,149.6,5
20260720,2026-07-21T00:01:21.664453+00:00,APGE,42,42,3.28,47.5,-14.5,104.0,-0.1,,0.15,806.5,3
20260720,2026-07-21T00:01:21.664453+00:00,NTAP,43,43,3.25,51.4,-15.8,65.0,-10.7,,0.57,483.2,2
20260720,2026-07-21T00:01:21.664453+00:00,TGTX,44,44,3.05,46.0,-15.1,56.0,-8.6,,0.36,140.0,5
20260720,2026-07-21T00:01:21.664453+00:00,VSXY,45,45,3.05,58.0,-19.0,110.0,-1.2,,1.72,152.4,5
20260720,2026-07-21T00:01:21.664453+00:00,IMVT,46,46,2.98,39.9,-13.4,84.0,-2.8,,0.47,54.0,4
20260720,2026-07-21T00:01:21.664453+00:00,COMP,47,47,2.52,45.3,-18.0,85.0,-9.6,,0.66,179.0,4
20260720,2026-07-21T00:01:21.664453+00:00,HRB,48,48,2.44,33.0,-13.5,59.0,-0.9,,0.81,75.8,5
20260720,2026-07-21T00:01:21.664453+00:00,SYRE,49,49,2.32,32.6,-14.0,70.0,-4.6,,0.39,171.0,4
20260720,2026-07-21T00:01:21.664453+00:00,RBRK,50,50,2.31,45.9,-19.8,61.0,-11.9,,0.43,268.8,5
20260720,2026-07-21T00:01:21.664453+00:00,AMRX,51,51,2.3,32.0,-13.9,36.0,-3.0,,0.52,38.7,3
20260720,2026-07-21T00:01:21.664453+00:00,BRKR,52,52,2.22,36.8,-16.6,63.0,-10.3,,0.87,124.8,6
20260720,2026-07-21T00:01:21.664453+00:00,NTNX,53,53,2.13,35.8,-16.8,45.0,-1.4,,0.63,198.2,3
20260720,2026-07-21T00:01:21.664453+00:00,GEN,54,54,1.83,31.3,-17.1,46.0,-3.9,,0.65,139.7,3
20260720,2026-07-21T00:01:21.664453+00:00,ETSY,55,55,1.76,30.9,-17.5,49.0,-2.0,,0.67,218.9,2
20260721,2026-07-22T00:01:41.552521+00:00,HUM,1,1,15.43,86.5,-5.6,44.0,-1.2,,0.5,551.1,3
20260721,2026-07-22T00:01:41.552521+00:00,HNGE,2,2,14.22,89.3,-6.3,47.0,-6.3,,1.0,184.9,3
20260721,2026-07-22T00:01:41.552521+00:00,CORT,3,3,12.95,112.1,-8.7,51.0,0.0,,0.75,99.3,3
20260721,2026-07-22T00:01:41.552521+00:00,FTNT,4,4,11.34,85.4,-7.5,56.0,-5.2,,1.05,831.8,4
20260721,2026-07-22T00:01:41.552521+00:00,LQDA,5,5,9.8,123.1,-12.6,77.0,-0.7,,0.7,122.5,6
20260721,2026-07-22T00:01:41.552521+00:00,ALKS,6,6,8.8,57.7,-6.6,40.0,-4.3,,0.5,119.5,3
20260721,2026-07-22T00:01:41.552521+00:00,VRNS,7,7,8.73,87.8,-10.1,49.0,-4.2,,0.6,113.8,3
20260721,2026-07-22T00:01:41.552521+00:00,CNC,8,8,8.64,72.7,-8.4,50.0,-1.6,,0.74,293.1,7
20260721,2026-07-22T00:01:41.552521+00:00,BTSG,9,9,8.27,57.4,-6.9,36.0,0.0,,0.56,338.2,4
20260721,2026-07-22T00:01:41.552521+00:00,VOYA,10,10,7.76,31.9,-4.1,22.0,-2.3,,0.68,101.1,6
20260721,2026-07-22T00:01:41.552521+00:00,TXG,11,11,7.58,105.5,-13.9,76.0,0.0,,0.72,133.9,3
20260721,2026-07-22T00:01:41.552521+00:00,LTH,12,12,7.28,52.8,-7.3,49.0,-1.3,,0.67,127.1,2
20260721,2026-07-22T00:01:41.552521+00:00,PANW,13,13,7.19,95.6,-13.3,54.0,-4.6,,0.92,2449.9,4
20260721,2026-07-22T00:01:41.552521+00:00,DOC,14,14,6.8,39.3,-5.8,42.0,0.0,,0.75,142.0,4
20260721,2026-07-22T00:01:41.552521+00:00,FROG,15,15,6.65,87.8,-13.2,76.0,-11.8,,0.7,314.0,6
20260721,2026-07-22T00:01:41.552521+00:00,CUZ,16,16,5.9,30.7,-5.2,23.0,-0.7,,0.94,44.1,7
20260721,2026-07-22T00:01:41.552521+00:00,RAL,17,17,5.85,53.3,-9.1,52.0,-3.6,,0.91,114.1,5
20260721,2026-07-22T00:01:41.552521+00:00,VNO,18,18,5.79,37.5,-6.5,33.0,-1.9,,1.04,61.4,1
20260721,2026-07-22T00:01:41.552521+00:00,NBIX,19,19,5.74,37.5,-6.5,33.0,-0.8,,1.16,195.7,4
20260721,2026-07-22T00:01:41.552521+00:00,DFTX,20,20,5.56,89.1,-16.0,119.0,-7.0,,0.31,172.5,2
20260721,2026-07-22T00:01:41.552521+00:00,AMD,21,21,5.5,91.4,-16.6,87.0,-6.3,,1.03,15098.6,5
20260721,2026-07-22T00:01:41.552521+00:00,ILMN,22,22,5.22,45.9,-8.8,42.0,-0.9,,0.7,355.8,6
20260721,2026-07-22T00:01:41.552521+00:00,GH,23,23,5.16,68.5,-13.3,63.0,-10.8,,0.42,546.8,7
20260721,2026-07-22T00:01:41.552521+00:00,CVS,24,24,5.04,44.2,-8.8,31.0,0.0,,1.31,788.1,5
20260721,2026-07-22T00:01:41.552521+00:00,MPC,25,25,5.02,45.7,-9.1,35.0,0.0,,0.97,611.7,5
20260721,2026-07-22T00:01:41.552521+00:00,OSCR,26,26,4.76,90.3,-19.0,69.0,-4.4,,0.6,169.7,6
20260721,2026-07-22T00:01:41.552521+00:00,KMX,27,27,4.71,47.6,-10.1,51.0,-2.3,,1.21,155.4,5
20260721,2026-07-22T00:01:41.552521+00:00,GTX,28,28,4.68,63.2,-13.5,67.0,-10.7,,0.59,93.6,7
20260721,2026-07-22T00:01:41.552521+00:00,TVTX,29,29,4.57,45.9,-10.1,42.0,-4.2,,0.59,96.1,4
20260721,2026-07-22T00:01:41.552521+00:00,OKTA,30,30,4.31,82.5,-19.1,84.0,-8.3,,1.17,443.7,5
20260721,2026-07-22T00:01:41.552521+00:00,NAVN,31,31,4.31,72.4,-16.8,62.0,-4.0,,0.63,123.5,3
20260721,2026-07-22T00:01:41.552521+00:00,DINO,32,32,4.29,55.0,-12.8,38.0,0.0,,1.2,206.0,5
20260721,2026-07-22T00:01:41.552521+00:00,SNOW,33,33,4.14,80.1,-19.3,90.0,-3.0,,0.53,1502.9,5
20260721,2026-07-22T00:01:41.552521+00:00,MOH,34,34,4.14,50.0,-12.1,49.0,-6.7,,8.77,349.8,5
20260721,2026-07-22T00:01:41.552521+00:00,CRWD,35,35,3.99,70.1,-17.5,56.0,-9.3,,0.94,1962.3,3
20260721,2026-07-22T00:01:41.552521+00:00,LLY,36,36,3.98,30.4,-7.6,38.0,-4.9,,0.69,3530.2,6
20260721,2026-07-22T00:01:41.552521+00:00,ICLR,37,37,3.89,44.7,-11.5,63.0,-4.8,,0.64,148.0,5
20260721,2026-07-22T00:01:41.552521+00:00,VLO,38,38,3.69,35.5,-9.6,39.0,0.0,,0.99,885.8,5
20260721,2026-07-22T00:01:41.552521+00:00,MICC,39,39,3.52,32.8,-9.3,47.0,-5.1,,0.6,23.8,6
20260721,2026-07-22T00:01:41.552521+00:00,BRKR,40,40,3.52,50.9,-14.5,64.0,-3.5,,1.32,126.2,5
20260721,2026-07-22T00:01:41.552521+00:00,PSX,41,41,3.4,34.2,-10.0,33.0,0.0,,0.8,505.4,6
20260721,2026-07-22T00:01:41.552521+00:00,PBF,42,42,3.39,63.4,-18.7,58.0,0.0,,0.95,159.0,3
20260721,2026-07-22T00:01:41.552521+00:00,APGE,43,43,3.31,47.7,-14.4,104.0,-0.1,,0.07,400.7,2
20260721,2026-07-22T00:01:41.552521+00:00,TGTX,44,44,3.23,48.7,-15.1,55.0,-8.7,,0.59,133.2,5
20260721,2026-07-22T00:01:41.552521+00:00,VSXY,45,45,3.19,58.6,-18.4,110.0,-1.6,,0.85,154.4,5
20260721,2026-07-22T00:01:41.552521+00:00,SYRE,46,46,3.14,44.1,-14.0,70.0,0.0,,0.42,160.9,4
20260721,2026-07-22T00:01:41.552521+00:00,NTAP,47,47,3.08,48.7,-15.8,65.0,-8.2,,0.52,467.8,2
20260721,2026-07-22T00:01:41.552521+00:00,IMVT,48,48,2.97,39.8,-13.4,84.0,-3.8,,0.9,51.1,5
20260721,2026-07-22T00:01:41.552521+00:00,AMRX,49,49,2.8,39.0,-13.9,36.0,0.0,,0.98,39.3,3
20260721,2026-07-22T00:01:41.552521+00:00,COMP,50,50,2.55,45.8,-18.0,85.0,-12.1,,0.68,180.3,4
20260721,2026-07-22T00:01:41.552521+00:00,KLAR,51,51,2.24,30.8,-13.7,67.0,-6.9,,3.06,89.7,2
20260721,2026-07-22T00:01:41.552521+00:00,ASX,52,52,2.1,36.5,-17.4,74.0,-10.4,,0.71,486.6,7
20260721,2026-07-22T00:01:41.552521+00:00,RBRK,53,53,2.03,40.3,-19.8,61.0,-14.6,,0.67,258.9,5
20260721,2026-07-22T00:01:41.552521+00:00,NTRA,54,54,1.98,30.1,-15.2,53.0,-5.9,,0.62,426.3,2
20260721,2026-07-22T00:01:41.552521+00:00,NTNX,55,55,1.9,31.9,-16.8,45.0,-3.0,,0.59,194.3,3
20260721,2026-07-22T00:01:41.552521+00:00,GEN,56,56,1.86,31.8,-17.1,46.0,-5.9,,0.67,131.0,3
20260721,2026-07-22T00:01:41.552521+00:00,EAT,57,57,1.79,30.5,-17.0,57.0,-1.1,,1.12,187.6,5
20260722,2026-07-23T00:01:39.404874+00:00,HUM,1,1,14.87,83.3,-5.6,44.0,-2.9,,0.49,536.7,3
20260722,2026-07-23T00:01:39.404874+00:00,CORT,2,2,10.99,95.1,-8.7,52.0,-5.0,,1.24,101.8,4
20260722,2026-07-23T00:01:39.404874+00:00,LQDA,3,3,10.73,134.9,-12.6,78.0,0.0,,2.15,131.0,6
20260722,2026-07-23T00:01:39.404874+00:00,FTNT,4,4,10.35,78.0,-7.5,57.0,-7.1,,0.86,823.4,4
20260722,2026-07-23T00:01:39.404874+00:00,ALKS,5,5,8.52,55.8,-6.6,40.0,-4.8,,0.81,118.4,4
20260722,2026-07-23T00:01:39.404874+00:00,CNC,6,6,8.23,69.3,-8.4,50.0,-4.1,,1.01,292.2,7
20260722,2026-07-23T00:01:39.404874+00:00,VRNS,7,7,8.0,80.4,-10.1,49.0,-5.9,,0.45,99.4,3
20260722,2026-07-23T00:01:39.404874+00:00,TXG,8,8,7.63,106.1,-13.9,76.0,-0.3,,0.85,135.3,4
20260722,2026-07-23T00:01:39.404874+00:00,VOYA,9,9,7.49,30.8,-4.1,22.0,-2.1,,0.74,99.1,6
20260722,2026-07-23T00:01:39.404874+00:00,LTH,10,10,7.06,51.2,-7.3,49.0,-1.8,,0.71,126.8,3
20260722,2026-07-23T00:01:39.404874+00:00,BTSG,11,11,6.9,47.8,-6.9,37.0,-3.9,,0.75,342.9,5
20260722,2026-07-23T00:01:39.404874+00:00,DOC,12,12,6.57,37.9,-5.8,42.0,-1.8,,0.61,141.1,3
20260722,2026-07-23T00:01:39.404874+00:00,PANW,13,13,6.39,85.0,-13.3,54.0,-6.5,,0.86,2477.2,4
20260722,2026-07-23T00:01:39.404874+00:00,HNGE,14,14,6.32,76.7,-12.1,49.0,-12.1,,0.98,188.9,3
20260722,2026-07-23T00:01:39.404874+00:00,DFTX,15,15,6.15,89.2,-14.5,119.0,-9.9,,0.32,165.0,2
20260722,2026-07-23T00:01:39.404874+00:00,RAL,16,16,6.06,55.2,-9.1,52.0,-4.7,,1.2,114.7,6
20260722,2026-07-23T00:01:39.404874+00:00,ILMN,17,17,5.96,46.3,-7.8,42.0,-1.8,,0.8,353.6,7
20260722,2026-07-23T00:01:39.404874+00:00,GH,18,18,5.14,68.3,-13.3,63.0,-11.7,,0.31,542.5,6
20260722,2026-07-23T00:01:39.404874+00:00,AMD,19,19,4.94,82.0,-16.6,86.0,-4.9,,0.87,14998.0,5
20260722,2026-07-23T00:01:39.404874+00:00,VNO,20,20,4.92,31.9,-6.5,34.0,-5.5,,0.94,62.0,1
20260722,2026-07-23T00:01:39.404874+00:00,CVS,21,21,4.86,42.7,-8.8,31.0,-2.3,,1.26,806.8,5
20260722,2026-07-23T00:01:39.404874+00:00,NBIX,22,22,4.84,31.6,-6.5,34.0,-4.4,,1.05,197.3,4
20260722,2026-07-23T00:01:39.404874+00:00,MPC,23,23,4.7,42.8,-9.1,35.0,-1.2,,1.17,633.9,5
20260722,2026-07-23T00:01:39.404874+00:00,KMX,24,24,4.47,45.1,-10.1,51.0,-2.5,,1.16,158.5,5
20260722,2026-07-23T00:01:39.404874+00:00,VSXY,25,25,4.38,66.0,-15.1,109.0,-1.3,,1.22,158.9,5
20260722,2026-07-23T00:01:39.404874+00:00,GTX,26,26,4.23,57.1,-13.5,67.0,-12.0,,0.86,94.1,8
20260722,2026-07-23T00:01:39.404874+00:00,DINO,27,27,4.2,53.9,-12.8,38.0,-0.9,,0.75,207.6,4
20260722,2026-07-23T00:01:39.404874+00:00,OSCR,28,28,4.19,79.4,-19.0,69.0,-8.3,,0.76,164.3,7
20260722,2026-07-23T00:01:39.404874+00:00,MICC,29,29,4.11,38.3,-9.3,47.0,-4.1,,0.69,23.4,6
20260722,2026-07-23T00:01:39.404874+00:00,TVTX,30,30,4.01,40.3,-10.1,42.0,-4.7,,0.55,94.2,4
20260722,2026-07-23T00:01:39.404874+00:00,TKR,31,31,3.96,33.1,-8.3,40.0,-2.5,,0.93,118.3,5
20260722,2026-07-23T00:01:39.404874+00:00,ICLR,32,32,3.91,44.9,-11.5,63.0,-4.4,,0.64,147.8,5
20260722,2026-07-23T00:01:39.404874+00:00,OKTA,33,33,3.85,73.7,-19.1,84.0,-11.6,,1.08,447.8,5
20260722,2026-07-23T00:01:39.404874+00:00,FROG,34,34,3.74,70.2,-18.8,78.0,-18.8,,1.09,322.1,7
20260722,2026-07-23T00:01:39.404874+00:00,BRKR,35,35,3.74,50.7,-13.6,64.0,-4.6,,0.64,124.3,5
20260722,2026-07-23T00:01:39.404874+00:00,SNOW,36,36,3.73,72.1,-19.3,90.0,-4.4,,0.52,1491.8,5
20260722,2026-07-23T00:01:39.404874+00:00,MOH,37,37,3.72,44.9,-12.1,49.0,-8.7,,1.42,365.7,5
20260722,2026-07-23T00:01:39.404874+00:00,CRWD,38,38,3.5,61.5,-17.5,56.0,-10.6,,0.88,1967.1,3
20260722,2026-07-23T00:01:39.404874+00:00,VLO,39,39,3.46,33.3,-9.6,39.0,-1.2,,0.8,885.6,4
20260722,2026-07-23T00:01:39.404874+00:00,APGE,40,40,3.36,47.9,-14.3,104.0,-0.2,,0.47,334.9,2
20260722,2026-07-23T00:01:39.404874+00:00,AVTR,41,41,3.28,32.2,-9.8,48.0,-3.0,,0.78,95.4,2
20260722,2026-07-23T00:01:39.404874+00:00,PSX,42,42,3.24,32.6,-10.0,33.0,-0.4,,0.95,504.4,6
20260722,2026-07-23T00:01:39.404874+00:00,PBF,43,43,3.21,60.1,-18.7,58.0,-2.6,,1.04,163.0,3
20260722,2026-07-23T00:01:39.404874+00:00,NTAP,44,44,3.19,50.5,-15.8,65.0,-7.8,,0.59,456.2,2
20260722,2026-07-23T00:01:39.404874+00:00,BBY,45,45,3.09,38.9,-12.6,46.0,0.0,,0.64,291.4,5
20260722,2026-07-23T00:01:39.404874+00:00,NAVN,46,46,3.04,51.1,-16.8,67.0,-15.1,,0.87,124.0,4
20260722,2026-07-23T00:01:39.404874+00:00,AMRX,47,47,2.76,38.5,-13.9,36.0,-1.9,,0.56,38.9,3
20260722,2026-07-23T00:01:39.404874+00:00,SYRE,48,48,2.55,35.8,-14.0,70.0,-3.4,,0.34,151.1,4
20260722,2026-07-23T00:01:39.404874+00:00,TGTX,49,49,2.49,37.5,-15.1,55.0,-10.8,,0.55,128.2,5
20260722,2026-07-23T00:01:39.404874+00:00,IMVT,50,50,2.42,32.4,-13.4,84.0,-5.0,,0.59,50.9,4
20260722,2026-07-23T00:01:39.404874+00:00,COMP,51,51,2.36,42.4,-18.0,85.0,-13.3,,0.64,180.3,4
20260722,2026-07-23T00:01:39.404874+00:00,ASX,52,52,2.1,36.6,-17.4,74.0,-9.4,,0.41,462.8,7
20260722,2026-07-23T00:01:39.404874+00:00,RBRK,53,53,1.68,33.4,-19.8,61.0,-17.0,,0.57,247.2,5
20260723,2026-07-24T00:01:41.753114+00:00,HUM,1,1,14.99,84.0,-5.6,44.0,-3.6,,0.87,530.0,4
20260723,2026-07-24T00:01:41.753114+00:00,CORT,2,2,13.22,114.4,-8.7,52.0,0.0,,0.87,103.4,4
20260723,2026-07-24T00:01:41.753114+00:00,LQDA,3,3,10.95,137.7,-12.6,78.0,0.0,,0.95,130.2,5
20260723,2026-07-24T00:01:41.753114+00:00,FTNT,4,4,9.07,83.1,-9.2,56.0,-9.2,,0.88,823.7,5
20260723,2026-07-24T00:01:41.753114+00:00,TXG,5,5,8.94,124.4,-13.9,75.0,0.0,,0.9,137.9,4
20260723,2026-07-24T00:01:41.753114+00:00,VRNS,6,6,8.68,87.2,-10.1,48.0,-7.1,,0.54,95.0,4
20260723,2026-07-24T00:01:41.753114+00:00,ALKS,7,7,8.57,56.2,-6.6,40.0,-4.1,,0.67,113.0,4
20260723,2026-07-24T00:01:41.753114+00:00,ILMN,8,8,7.55,56.9,-7.5,42.0,0.0,,0.64,342.4,7
20260723,2026-07-24T00:01:41.753114+00:00,LTH,9,9,7.49,54.3,-7.3,49.0,-2.1,,0.75,122.5,4
20260723,2026-07-24T00:01:41.753114+00:00,BTSG,10,10,6.91,48.0,-6.9,37.0,-3.7,,0.74,346.0,5
20260723,2026-07-24T00:01:41.753114+00:00,PANW,11,11,6.62,88.0,-13.3,54.0,-9.2,,0.8,2504.0,4
20260723,2026-07-24T00:01:41.753114+00:00,ICLR,12,12,6.57,60.2,-9.2,61.0,-2.7,,1.45,139.6,5
20260723,2026-07-24T00:01:41.753114+00:00,CNC,13,13,6.55,55.1,-8.4,50.0,-7.2,,1.07,290.7,8
20260723,2026-07-24T00:01:41.753114+00:00,DOC,14,14,6.33,36.6,-5.8,42.0,-2.3,,0.92,139.2,4
20260723,2026-07-24T00:01:41.753114+00:00,RAL,15,15,6.05,55.1,-9.1,52.0,-4.5,,0.83,110.7,6
20260723,2026-07-24T00:01:41.753114+00:00,DFTX,16,16,5.83,84.6,-14.5,119.0,-11.4,,0.21,140.4,2
20260723,2026-07-24T00:01:41.753114+00:00,VNO,17,17,5.37,34.9,-6.5,34.0,-4.3,,2.12,65.2,1
20260723,2026-07-24T00:01:41.753114+00:00,GH,18,18,5.34,70.9,-13.3,62.0,-12.0,,0.32,524.4,6
20260723,2026-07-24T00:01:41.753114+00:00,BRKR,19,19,5.31,71.7,-13.5,61.0,-0.8,,0.81,124.1,5
20260723,2026-07-24T00:01:41.753114+00:00,HNGE,20,20,5.23,77.4,-14.8,49.0,-14.8,,0.57,187.1,2
20260723,2026-07-24T00:01:41.753114+00:00,NBIX,21,21,5.17,33.8,-6.5,34.0,-3.5,,0.97,195.6,4
20260723,2026-07-24T00:01:41.753114+00:00,KMX,22,22,5.1,51.5,-10.1,51.0,-0.9,,1.27,158.8,5
20260723,2026-07-24T00:01:41.753114+00:00,MUFG,23,23,4.92,31.4,-6.4,25.0,-0.7,,1.11,69.4,5
20260723,2026-07-24T00:01:41.753114+00:00,AVTR,24,24,4.7,46.3,-9.8,46.0,0.0,,1.71,100.4,2
20260723,2026-07-24T00:01:41.753114+00:00,AMD,25,25,4.62,76.8,-16.6,87.0,-7.1,,0.96,15040.8,6
20260723,2026-07-24T00:01:41.753114+00:00,MPC,26,26,4.59,41.8,-9.1,35.0,-2.3,,1.02,649.1,5
20260723,2026-07-24T00:01:41.753114+00:00,FROG,27,27,4.52,84.8,-18.8,77.0,-17.2,,0.49,321.1,6
20260723,2026-07-24T00:01:41.753114+00:00,APGE,28,28,4.36,52.1,-11.9,103.0,-0.0,,0.27,288.2,1
20260723,2026-07-24T00:01:41.753114+00:00,SNOW,29,29,4.19,81.1,-19.3,89.0,-5.4,,0.54,1484.3,6
20260723,2026-07-24T00:01:41.753114+00:00,OKTA,30,30,4.13,79.0,-19.1,84.0,-12.0,,1.1,455.5,5
20260723,2026-07-24T00:01:41.753114+00:00,CVS,31,31,4.05,35.5,-8.8,30.0,-3.4,,0.76,795.0,5
20260723,2026-07-24T00:01:41.753114+00:00,BBY,32,32,4.02,39.1,-9.7,45.0,-3.1,,0.87,292.4,6
20260723,2026-07-24T00:01:41.753114+00:00,OSCR,33,33,4.01,76.0,-19.0,70.0,-10.1,,0.85,162.9,8
20260723,2026-07-24T00:01:41.753114+00:00,GTX,34,34,3.99,53.8,-13.5,68.0,-13.0,,0.51,91.1,8
20260723,2026-07-24T00:01:41.753114+00:00,DINO,35,35,3.95,50.7,-12.8,39.0,-2.8,,1.39,216.8,5
20260723,2026-07-24T00:01:41.753114+00:00,MFG,36,36,3.92,30.2,-7.7,33.0,-0.8,,0.83,39.8,4
20260723,2026-07-24T00:01:41.753114+00:00,VSXY,37,37,3.89,58.7,-15.1,110.0,-6.5,,0.66,157.6,5
20260723,2026-07-24T00:01:41.753114+00:00,TVTX,38,38,3.87,38.9,-10.1,42.0,-4.0,,0.96,91.6,3
20260723,2026-07-24T00:01:41.753114+00:00,MICC,39,39,3.75,34.9,-9.3,47.0,-5.8,,0.64,23.3,5
20260723,2026-07-24T00:01:41.753114+00:00,CRWD,40,40,3.69,64.7,-17.5,55.0,-13.0,,0.64,1968.5,3
20260723,2026-07-24T00:01:41.753114+00:00,TKR,41,41,3.6,30.0,-8.3,39.0,-3.0,,0.9,117.2,5
20260723,2026-07-24T00:01:41.753114+00:00,RVMD,42,42,3.39,40.4,-11.9,47.0,-2.0,,0.79,526.9,4
20260723,2026-07-24T00:01:41.753114+00:00,TGTX,43,43,3.34,50.3,-15.1,55.0,-6.0,,1.27,129.2,5
20260723,2026-07-24T00:01:41.753114+00:00,NTAP,44,44,3.31,52.3,-15.8,64.0,-8.8,,0.62,448.9,3
20260723,2026-07-24T00:01:41.753114+00:00,VLO,45,45,3.24,31.2,-9.6,39.0,-3.0,,0.76,880.0,4
20260723,2026-07-24T00:01:41.753114+00:00,SYRE,46,46,3.16,44.4,-14.0,69.0,-2.6,,0.39,136.8,3
20260723,2026-07-24T00:01:41.753114+00:00,PSX,47,47,3.06,30.7,-10.0,34.0,-2.5,,1.42,515.5,7
20260723,2026-07-24T00:01:41.753114+00:00,AMRX,48,48,3.02,42.1,-13.9,36.0,-0.7,,1.08,39.3,3
20260723,2026-07-24T00:01:41.753114+00:00,TWST,49,49,2.94,57.1,-19.4,69.0,-10.1,,0.71,155.2,6
20260723,2026-07-24T00:01:41.753114+00:00,PBF,50,50,2.79,52.2,-18.7,59.0,-6.2,,1.12,169.3,4
20260723,2026-07-24T00:01:41.753114+00:00,IMVT,51,51,2.7,36.2,-13.4,83.0,-4.2,,0.6,49.5,4
20260723,2026-07-24T00:01:41.753114+00:00,HRB,52,52,2.24,30.2,-13.5,59.0,-5.1,,0.84,74.0,6
20260723,2026-07-24T00:01:41.753114+00:00,NAVN,53,53,2.19,43.5,-19.8,68.0,-19.8,,0.43,121.9,3
20260723,2026-07-24T00:01:41.753114+00:00,COMP,54,54,2.14,38.4,-18.0,85.0,-17.0,,0.83,177.8,5
20260723,2026-07-24T00:01:41.753114+00:00,RBRK,55,55,2.13,42.3,-19.8,59.0,-18.2,,0.61,244.2,6
20260723,2026-07-24T00:01:41.753114+00:00,NTRA,56,56,2.08,31.6,-15.2,52.0,-6.7,,0.39,382.4,2
20260723,2026-07-24T00:01:41.753114+00:00,NTNX,57,57,2.05,34.4,-16.8,44.0,-5.8,,0.67,192.7,3
20260723,2026-07-24T00:01:41.753114+00:00,GEN,58,58,1.99,34.0,-17.1,44.0,-9.7,,0.81,123.9,5
20260723,2026-07-24T00:01:41.753114+00:00,ASX,59,59,1.94,33.7,-17.4,75.0,-11.7,,0.63,451.5,7
20260724,2026-07-25T00:01:30.832006+00:00,HUM,1,1,14.51,81.3,-5.6,45.0,-4.9,,0.55,522.8,4
20260724,2026-07-25T00:01:30.832006+00:00,CORT,2,2,12.37,107.0,-8.7,53.0,-1.3,,0.88,103.6,4
20260724,2026-07-25T00:01:30.832006+00:00,LQDA,3,3,10.43,131.1,-12.6,79.0,-3.2,,0.97,131.0,6
20260724,2026-07-25T00:01:30.832006+00:00,ALKS,4,4,8.97,58.8,-6.6,40.0,-4.2,,0.61,107.8,4
20260724,2026-07-25T00:01:30.832006+00:00,FTNT,5,5,8.8,80.7,-9.2,56.0,-8.7,,0.54,796.1,4
20260724,2026-07-25T00:01:30.832006+00:00,VRNS,6,6,8.6,86.5,-10.1,48.0,-5.1,,0.73,91.1,3
20260724,2026-07-25T00:01:30.832006+00:00,TXG,7,7,7.88,109.6,-13.9,75.0,-3.7,,0.8,138.8,4
20260724,2026-07-25T00:01:30.832006+00:00,LTH,8,8,7.62,55.3,-7.3,49.0,-1.2,,0.52,119.0,4
20260724,2026-07-25T00:01:30.832006+00:00,BTSG,9,9,7.41,51.4,-6.9,38.0,0.0,,0.5,344.3,5
20260724,2026-07-25T00:01:30.832006+00:00,ILMN,10,10,6.87,51.8,-7.5,42.0,-1.4,,0.71,329.1,7
20260724,2026-07-25T00:01:30.832006+00:00,ICLR,11,11,6.79,62.2,-9.2,60.0,-5.3,,0.92,127.8,5
20260724,2026-07-25T00:01:30.832006+00:00,DOC,12,12,6.51,37.6,-5.8,42.0,-1.5,,1.16,140.3,4
20260724,2026-07-25T00:01:30.832006+00:00,DFTX,13,13,6.34,92.0,-14.5,119.0,-10.9,,0.36,124.3,2
20260724,2026-07-25T00:01:30.832006+00:00,CNC,14,14,6.14,51.6,-8.4,50.0,-7.7,,0.64,280.8,8
20260724,2026-07-25T00:01:30.832006+00:00,PANW,15,15,6.12,81.4,-13.3,54.0,-9.7,,0.69,2455.8,4
20260724,2026-07-25T00:01:30.832006+00:00,RAL,16,16,6.11,55.7,-9.1,52.0,-5.7,,0.54,106.0,5
20260724,2026-07-25T00:01:30.832006+00:00,CUZ,17,17,5.86,30.5,-5.2,24.0,0.0,,1.15,43.4,4
20260724,2026-07-25T00:01:30.832006+00:00,NBIX,18,18,5.77,37.7,-6.5,34.0,-2.6,,1.0,199.1,4
20260724,2026-07-25T00:01:30.832006+00:00,APGE,19,19,5.64,56.9,-10.1,103.0,-0.0,,0.26,259.1,1
20260724,2026-07-25T00:01:30.832006+00:00,VNO,20,20,5.48,35.6,-6.5,34.0,-2.6,,1.44,67.6,1
20260724,2026-07-25T00:01:30.832006+00:00,KMX,21,21,5.18,52.3,-10.1,51.0,-1.1,,1.27,160.6,4
20260724,2026-07-25T00:01:30.832006+00:00,MUFG,22,22,5.09,32.4,-6.4,25.0,0.0,,0.87,69.7,5
20260724,2026-07-25T00:01:30.832006+00:00,ABBV,23,23,5.04,31.5,-6.2,29.0,0.0,,0.47,2156.4,5
20260724,2026-07-25T00:01:30.832006+00:00,LLY,24,24,4.95,35.5,-7.2,37.0,-3.2,,0.7,3351.0,4
20260724,2026-07-25T00:01:30.832006+00:00,BRKR,25,25,4.85,65.5,-13.5,62.0,-3.5,,0.6,119.3,4
20260724,2026-07-25T00:01:30.832006+00:00,BBY,26,26,4.84,43.2,-8.9,45.0,-1.9,,0.58,287.7,5
20260724,2026-07-25T00:01:30.832006+00:00,GH,27,27,4.79,65.7,-13.7,63.0,-13.7,,0.56,520.1,7
20260724,2026-07-25T00:01:30.832006+00:00,SNOW,28,28,4.7,91.0,-19.3,89.0,-4.3,,0.6,1469.1,5
20260724,2026-07-25T00:01:30.832006+00:00,AVTR,29,29,4.55,44.8,-9.8,46.0,0.0,,1.3,102.8,1
20260724,2026-07-25T00:01:30.832006+00:00,CVS,30,30,4.45,39.1,-8.8,30.0,-2.0,,0.71,777.5,4
20260724,2026-07-25T00:01:30.832006+00:00,OKTA,31,31,4.3,82.3,-19.1,84.0,-10.4,,0.5,447.0,5
20260724,2026-07-25T00:01:30.832006+00:00,MPC,32,32,4.23,38.5,-9.1,35.0,-3.3,,0.87,657.1,5
20260724,2026-07-25T00:01:30.832006+00:00,TVTX,33,33,4.14,41.6,-10.1,42.0,-2.8,,0.77,87.2,3
20260724,2026-07-25T00:01:30.832006+00:00,FROG,34,34,4.11,77.1,-18.8,77.0,-18.3,,0.4,318.1,6
20260724,2026-07-25T00:01:30.832006+00:00,MFG,35,35,4.04,31.1,-7.7,33.0,-0.3,,0.74,39.9,4
20260724,2026-07-25T00:01:30.832006+00:00,HNGE,36,36,3.89,67.8,-17.4,50.0,-17.4,,0.68,182.0,3
20260724,2026-07-25T00:01:30.832006+00:00,VSXY,37,37,3.87,58.3,-15.1,110.0,-5.6,,1.03,156.7,4
20260724,2026-07-25T00:01:30.832006+00:00,TKR,38,38,3.86,32.2,-8.3,39.0,-2.8,,0.77,116.1,5
20260724,2026-07-25T00:01:30.832006+00:00,MICC,39,39,3.74,34.8,-9.3,47.0,-5.3,,0.33,22.7,5
20260724,2026-07-25T00:01:30.832006+00:00,GTX,40,40,3.73,50.3,-13.5,67.0,-13.0,,0.54,86.6,7
20260724,2026-07-25T00:01:30.832006+00:00,DINO,41,41,3.71,47.6,-12.8,39.0,-3.7,,0.69,216.8,4
20260724,2026-07-25T00:01:30.832006+00:00,CRWD,42,42,3.62,63.6,-17.5,55.0,-13.0,,0.56,1919.4,3
20260724,2026-07-25T00:01:30.832006+00:00,OSCR,43,43,3.57,67.7,-19.0,70.0,-12.4,,0.61,159.5,7
20260724,2026-07-25T00:01:30.832006+00:00,TGTX,44,44,3.52,53.0,-15.1,55.0,-5.1,,0.61,126.2,5
20260724,2026-07-25T00:01:30.832006+00:00,NTAP,45,45,3.46,54.8,-15.8,64.0,-7.1,,0.45,443.2,3
20260724,2026-07-25T00:01:30.832006+00:00,RVMD,46,46,3.35,39.9,-11.9,47.0,-1.8,,0.45,490.0,4
20260724,2026-07-25T00:01:30.832006+00:00,SYRE,47,47,3.32,46.6,-14.0,69.0,-0.6,,0.56,131.6,3
20260724,2026-07-25T00:01:30.832006+00:00,CROX,48,48,3.1,31.7,-10.2,40.0,-3.0,,0.81,125.4,5
20260724,2026-07-25T00:01:30.832006+00:00,AMRX,49,49,3.1,43.1,-13.9,36.0,-1.0,,0.51,38.2,3
20260724,2026-07-25T00:01:30.832006+00:00,AMD,50,50,3.01,50.1,-16.6,83.0,-10.1,,0.96,15030.9,7
20260724,2026-07-25T00:01:30.832006+00:00,IMVT,51,51,2.83,37.9,-13.4,83.0,-4.1,,0.58,45.8,4
20260724,2026-07-25T00:01:30.832006+00:00,PBF,52,52,2.79,52.3,-18.7,59.0,-6.7,,0.93,173.3,4
20260724,2026-07-25T00:01:30.832006+00:00,HRB,53,53,2.69,36.4,-13.5,59.0,-3.0,,0.73,74.7,5
20260724,2026-07-25T00:01:30.832006+00:00,TWST,54,54,2.48,48.1,-19.4,69.0,-12.3,,0.64,146.5,6
20260724,2026-07-25T00:01:30.832006+00:00,NAVN,55,55,2.46,48.7,-19.8,68.0,-16.3,,0.61,121.4,3
20260724,2026-07-25T00:01:30.832006+00:00,IP,56,56,2.28,31.1,-13.6,52.0,0.0,,2.38,201.4,6
20260724,2026-07-25T00:01:30.832006+00:00,COMP,57,57,2.28,41.0,-18.0,85.0,-14.8,,0.75,172.8,4
20260724,2026-07-25T00:01:30.832006+00:00,GEN,58,58,2.13,36.4,-17.1,45.0,-6.9,,0.56,123.0,4
20260724,2026-07-25T00:01:30.832006+00:00,NTNX,59,59,2.12,35.7,-16.8,44.0,-1.5,,0.84,194.5,2
20260724,2026-07-25T00:01:30.832006+00:00,EAT,60,60,2.05,34.8,-17.0,56.0,-4.1,,0.81,196.8,6
20260724,2026-07-25T00:01:30.832006+00:00,RBRK,61,61,2.02,40.1,-19.8,59.0,-17.5,,0.46,236.8,6
20260727,2026-07-28T00:01:56.557819+00:00,CORT,1,1,11.22,97.1,-8.7,54.0,-5.7,,1.25,103.1,4
20260727,2026-07-28T00:01:56.557819+00:00,HUM,2,2,10.26,70.8,-6.9,45.0,-6.9,,1.03,516.1,4
20260727,2026-07-28T00:01:56.557819+00:00,LQDA,3,3,10.03,126.1,-12.6,79.0,-5.2,,0.88,122.2,6
20260727,2026-07-28T00:01:56.557819+00:00,LTH,4,4,9.27,67.2,-7.3,48.0,0.0,,0.87,105.1,4
20260727,2026-07-28T00:01:56.557819+00:00,ALKS,5,5,8.59,56.3,-6.6,40.0,-4.5,,0.69,90.7,5
20260727,2026-07-28T00:01:56.557819+00:00,VRNS,6,6,8.59,86.3,-10.1,48.0,-3.2,,0.99,86.1,3
20260727,2026-07-28T00:01:56.557819+00:00,FTNT,7,7,8.5,77.9,-9.2,56.0,-8.7,,0.95,763.0,4
20260727,2026-07-28T00:01:56.557819+00:00,TXG,8,8,7.63,106.1,-13.9,75.0,-4.5,,0.64,126.6,4
20260727,2026-07-28T00:01:56.557819+00:00,DOC,9,9,7.12,41.1,-5.8,42.0,-0.4,,0.89,135.8,4
20260727,2026-07-28T00:01:56.557819+00:00,DFTX,10,10,7.11,103.3,-14.5,118.0,-12.0,,0.57,100.1,3
20260727,2026-07-28T00:01:56.557819+00:00,BTSG,11,11,6.95,48.2,-6.9,38.0,-1.3,,0.4,315.4,5
20260727,2026-07-28T00:01:56.557819+00:00,ICLR,12,12,6.94,63.5,-9.2,60.0,-3.6,,1.03,122.1,5
20260727,2026-07-28T00:01:56.557819+00:00,RAL,13,13,6.31,57.5,-9.1,52.0,-5.2,,0.99,100.6,5
20260727,2026-07-28T00:01:56.557819+00:00,ILMN,14,14,6.29,47.4,-7.5,42.0,-3.8,,0.99,326.2,8
20260727,2026-07-28T00:01:56.557819+00:00,NBIX,15,15,5.78,37.8,-6.5,34.0,-2.3,,0.91,191.8,3
20260727,2026-07-28T00:01:56.557819+00:00,BBY,16,16,5.74,51.2,-8.9,45.0,0.0,,0.8,285.4,5
20260727,2026-07-28T00:01:56.557819+00:00,CNC,17,17,5.62,47.3,-8.4,50.0,-6.8,,1.62,283.8,8
20260727,2026-07-28T00:01:56.557819+00:00,PANW,18,18,5.53,73.5,-13.3,54.0,-11.5,,0.72,2412.9,5
20260727,2026-07-28T00:01:56.557819+00:00,APGE,19,19,5.48,55.3,-10.1,103.0,-0.0,,0.47,231.4,1
20260727,2026-07-28T00:01:56.557819+00:00,LLY,20,20,5.32,38.2,-7.2,37.0,-3.1,,0.57,2979.7,3
20260727,2026-07-28T00:01:56.557819+00:00,KMX,21,21,5.25,53.0,-10.1,51.0,-0.9,,0.84,158.6,4
20260727,2026-07-28T00:01:56.557819+00:00,MUFG,22,22,5.1,32.5,-6.4,25.0,0.0,,1.1,71.4,5
20260727,2026-07-28T00:01:56.557819+00:00,ABBV,23,23,4.98,31.1,-6.2,29.0,-0.9,,0.63,1563.8,5
20260727,2026-07-28T00:01:56.557819+00:00,VNO,24,24,4.98,32.3,-6.5,34.0,-3.1,,0.94,66.1,1
20260727,2026-07-28T00:01:56.557819+00:00,AVTR,25,25,4.83,47.6,-9.8,47.0,0.0,,1.72,107.1,1
20260727,2026-07-28T00:01:56.557819+00:00,BRKR,26,26,4.78,64.5,-13.5,62.0,-4.1,,0.92,117.8,5
20260727,2026-07-28T00:01:56.557819+00:00,PAYX,27,27,4.73,30.1,-6.4,32.0,0.0,,1.07,337.0,6
20260727,2026-07-28T00:01:56.557819+00:00,SNOW,28,28,4.61,89.2,-19.3,89.0,-2.6,,0.93,1221.7,4
20260727,2026-07-28T00:01:56.557819+00:00,GH,29,29,4.35,64.4,-14.8,63.0,-14.8,,0.39,389.5,7
20260727,2026-07-28T00:01:56.557819+00:00,CVS,30,30,4.27,37.5,-8.8,30.0,-2.6,,1.06,769.3,4
20260727,2026-07-28T00:01:56.557819+00:00,VSXY,31,31,4.25,62.4,-14.7,110.0,-3.6,,0.98,138.5,4
20260727,2026-07-28T00:01:56.557819+00:00,OKTA,32,32,4.21,80.5,-19.1,84.0,-11.1,,0.61,430.9,6
20260727,2026-07-28T00:01:56.557819+00:00,MPC,33,33,4.18,38.0,-9.1,35.0,-2.3,,1.03,605.8,4
20260727,2026-07-28T00:01:56.557819+00:00,MICC,34,34,4.07,37.9,-9.3,47.0,-4.2,,0.79,22.4,4
20260727,2026-07-28T00:01:56.557819+00:00,ADP,35,35,4.04,30.3,-7.5,35.0,-0.6,,0.66,550.5,4
20260727,2026-07-28T00:01:56.557819+00:00,FROG,36,36,4.04,75.9,-18.8,77.0,-17.2,,0.25,207.6,6
20260727,2026-07-28T00:01:56.557819+00:00,TVTX,37,37,3.87,38.9,-10.1,42.0,-4.0,,1.09,77.5,4
20260727,2026-07-28T00:01:56.557819+00:00,HNGE,38,38,3.83,66.8,-17.4,50.0,-16.5,,0.44,150.3,3
20260727,2026-07-28T00:01:56.557819+00:00,TGTX,39,39,3.82,57.6,-15.1,54.0,-5.6,,0.74,111.8,6
20260727,2026-07-28T00:01:56.557819+00:00,DINO,40,40,3.74,47.9,-12.8,39.0,-1.0,,1.75,228.5,3
20260727,2026-07-28T00:01:56.557819+00:00,TKR,41,41,3.62,30.2,-8.3,39.0,-2.9,,0.58,109.9,5
20260727,2026-07-28T00:01:56.557819+00:00,NTAP,42,42,3.61,57.1,-15.8,64.0,-5.9,,0.63,432.6,3
20260727,2026-07-28T00:01:56.557819+00:00,RVMD,43,43,3.6,42.8,-11.9,47.0,-2.4,,0.54,416.5,5
20260727,2026-07-28T00:01:56.557819+00:00,OSCR,44,44,3.42,65.0,-19.0,70.0,-11.9,,0.66,141.4,7
20260727,2026-07-28T00:01:56.557819+00:00,CRWD,45,45,3.33,58.5,-17.5,56.0,-14.5,,0.66,1861.9,4
20260727,2026-07-28T00:01:56.557819+00:00,GTX,46,46,3.19,47.8,-15.0,68.0,-15.0,,0.56,75.0,7
20260727,2026-07-28T00:01:56.557819+00:00,AMRX,47,47,3.15,43.9,-13.9,36.0,-0.1,,0.54,32.2,2
20260727,2026-07-28T00:01:56.557819+00:00,NAVN,48,48,3.12,61.9,-19.8,71.0,-7.0,,0.79,108.2,3
20260727,2026-07-28T00:01:56.557819+00:00,IMVT,49,49,2.99,40.1,-13.4,83.0,-2.4,,0.8,40.5,4
20260727,2026-07-28T00:01:56.557819+00:00,IQV,50,50,2.95,30.1,-10.2,43.0,0.0,,1.77,254.9,3
20260727,2026-07-28T00:01:56.557819+00:00,CROX,51,51,2.95,30.1,-10.2,40.0,-3.1,,1.24,121.3,5
20260727,2026-07-28T00:01:56.557819+00:00,PBF,52,52,2.94,55.0,-18.7,59.0,-5.0,,1.0,168.3,3
20260727,2026-07-28T00:01:56.557819+00:00,HRB,53,53,2.93,39.7,-13.5,60.0,0.0,,0.82,73.6,4
20260727,2026-07-28T00:01:56.557819+00:00,AMD,54,54,2.88,47.9,-16.6,83.0,-14.8,,1.13,14443.4,8
20260727,2026-07-28T00:01:56.557819+00:00,SYRE,55,55,2.79,39.1,-14.0,69.0,-2.6,,0.48,115.4,3
20260727,2026-07-28T00:01:56.557819+00:00,EAT,56,56,2.69,45.7,-17.0,56.0,0.0,,1.07,190.7,6
20260727,2026-07-28T00:01:56.557819+00:00,COMP,57,57,2.55,45.9,-18.0,86.0,-9.2,,1.07,161.7,4
20260727,2026-07-28T00:01:56.557819+00:00,GEN,58,58,2.42,41.3,-17.1,45.0,-3.7,,0.9,116.8,4
20260727,2026-07-28T00:01:56.557819+00:00,SN,59,59,2.37,31.2,-13.1,42.0,-0.9,,0.81,238.1,4
20260727,2026-07-28T00:01:56.557819+00:00,NTNX,60,60,2.35,39.5,-16.8,45.0,0.0,,0.67,182.8,2
20260727,2026-07-28T00:01:56.557819+00:00,IP,61,61,2.33,31.8,-13.6,52.0,0.0,,1.35,206.9,6
20260727,2026-07-28T00:01:56.557819+00:00,KLAR,62,62,2.16,32.5,-15.1,67.0,-9.5,,0.64,82.3,2
20260727,2026-07-28T00:01:56.557819+00:00,TWST,63,63,2.16,41.9,-19.4,70.0,-15.9,,0.88,131.0,7
20260727,2026-07-28T00:01:56.557819+00:00,CYTK,64,64,2.08,30.9,-14.9,51.0,-7.6,,0.86,157.2,7
20260727,2026-07-28T00:01:56.557819+00:00,UAL,65,65,2.05,31.2,-15.3,51.0,-11.4,,0.8,584.6,5
20260727,2026-07-28T00:01:56.557819+00:00,RBRK,66,66,2.04,40.5,-19.8,59.0,-15.7,,0.65,230.1,6
20260727,2026-07-28T00:01:56.557819+00:00,CSCO,67,67,1.98,30.3,-15.3,45.0,-11.5,,0.69,2467.3,7
20260727,2026-07-28T00:01:56.557819+00:00,THC,68,68,1.66,31.2,-18.7,54.0,0.0,,1.55,301.1,4
20260728,2026-07-29T00:01:16.201404+00:00,CORT,1,1,11.79,102.0,-8.7,54.0,-2.6,,0.73,103.1,4
20260728,2026-07-29T00:01:16.201404+00:00,LQDA,2,2,10.39,130.6,-12.6,79.0,-2.5,,0.77,117.7,6
20260728,2026-07-29T00:01:16.201404+00:00,LTH,3,3,10.15,73.6,-7.3,48.0,0.0,,1.29,104.1,4
20260728,2026-07-29T00:01:16.201404+00:00,HUM,4,4,10.08,69.6,-6.9,45.0,-5.1,,1.73,535.9,4
20260728,2026-07-29T00:01:16.201404+00:00,TXG,5,5,8.64,120.2,-13.9,75.0,-2.1,,0.87,127.5,3
20260728,2026-07-29T00:01:16.201404+00:00,ICLR,6,6,8.28,75.9,-9.2,61.0,0.0,,2.49,126.5,4
20260728,2026-07-29T00:01:16.201404+00:00,DOC,7,7,7.68,44.3,-5.8,42.0,0.0,,1.2,137.4,4
20260728,2026-07-29T00:01:16.201404+00:00,BTSG,8,8,7.58,52.6,-6.9,37.0,-0.6,,0.4,308.2,5
20260728,2026-07-29T00:01:16.201404+00:00,VRNS,9,9,7.52,75.6,-10.1,49.0,-7.3,,2.36,91.1,4
20260728,2026-07-29T00:01:16.201404+00:00,FTNT,10,10,7.42,75.0,-10.1,56.0,-10.1,,1.25,755.5,5
20260728,2026-07-29T00:01:16.201404+00:00,ILMN,11,11,6.9,52.0,-7.5,42.0,-2.0,,1.22,332.9,8
20260728,2026-07-29T00:01:16.201404+00:00,DFTX,12,12,6.7,97.3,-14.5,118.0,-13.4,,0.88,93.3,4
20260728,2026-07-29T00:01:16.201404+00:00,NBIX,13,13,6.54,42.7,-6.5,34.0,0.0,,1.21,192.5,3
20260728,2026-07-29T00:01:16.201404+00:00,APGE,14,14,6.35,57.2,-9.0,103.0,-0.1,,0.55,214.6,1
20260728,2026-07-29T00:01:16.201404+00:00,RAL,15,15,6.01,54.8,-9.1,52.0,-8.0,,1.35,101.9,6
20260728,2026-07-29T00:01:16.201404+00:00,BBY,16,16,5.98,53.4,-8.9,45.0,0.0,,0.78,283.7,5
20260728,2026-07-29T00:01:16.201404+00:00,AVTR,17,17,5.89,58.0,-9.8,47.0,0.0,,2.06,115.4,1
20260728,2026-07-29T00:01:16.201404+00:00,PFGC,18,18,5.87,31.4,-5.4,27.0,0.0,,0.86,180.6,4
20260728,2026-07-29T00:01:16.201404+00:00,PANW,19,19,5.73,76.3,-13.3,54.0,-11.1,,0.92,2345.2,5
20260728,2026-07-29T00:01:16.201404+00:00,ERAS,20,20,5.72,83.4,-14.6,84.0,-14.6,,0.75,93.8,6
20260728,2026-07-29T00:01:16.201404+00:00,ALKS,21,21,5.61,47.9,-8.5,41.0,-8.5,,1.68,90.2,6
20260728,2026-07-29T00:01:16.201404+00:00,LLY,22,22,5.56,39.9,-7.2,37.0,-1.2,,0.95,2898.1,3
20260728,2026-07-29T00:01:16.201404+00:00,ABBV,23,23,5.46,34.1,-6.2,29.0,0.0,,1.14,1533.4,5
20260728,2026-07-29T00:01:16.201404+00:00,BRKR,24,24,5.45,73.6,-13.5,62.0,0.0,,1.3,119.8,4
20260728,2026-07-29T00:01:16.201404+00:00,KMX,25,25,5.19,52.4,-10.1,51.0,-0.1,,0.9,156.7,4
20260728,2026-07-29T00:01:16.201404+00:00,IQV,26,26,5.16,52.8,-10.2,51.0,0.0,,4.1,304.3,3
20260728,2026-07-29T00:01:16.201404+00:00,PAYX,27,27,5.09,32.3,-6.4,32.0,0.0,,1.69,351.0,6
20260728,2026-07-29T00:01:16.201404+00:00,VSXY,28,28,5.05,72.6,-14.4,110.0,0.0,,1.57,141.1,4
20260728,2026-07-29T00:01:16.201404+00:00,VNO,29,29,4.97,32.2,-6.5,34.0,-1.7,,1.1,66.8,1
20260728,2026-07-29T00:01:16.201404+00:00,BAX,30,30,4.88,35.9,-7.4,42.0,0.0,,1.28,126.2,5
20260728,2026-07-29T00:01:16.201404+00:00,SNOW,31,31,4.63,89.6,-19.3,89.0,-3.5,,1.12,1185.7,4
20260728,2026-07-29T00:01:16.201404+00:00,GH,32,32,4.58,72.8,-15.9,61.0,-15.9,,0.65,379.8,8
20260728,2026-07-29T00:01:16.201404+00:00,ADP,33,33,4.49,33.6,-7.5,36.0,0.0,,1.63,576.4,4
20260728,2026-07-29T00:01:16.201404+00:00,RVTY,34,34,4.45,31.0,-7.0,43.0,-1.9,,1.34,145.4,6
20260728,2026-07-29T00:01:16.201404+00:00,MICC,35,35,4.32,40.3,-9.3,47.0,-1.8,,0.73,22.0,3
20260728,2026-07-29T00:01:16.201404+00:00,OKTA,36,36,4.11,78.8,-19.1,84.0,-11.9,,0.72,425.1,7
20260728,2026-07-29T00:01:16.201404+00:00,VIK,37,37,4.1,31.4,-7.7,36.0,-0.4,,1.38,209.9,6
20260728,2026-07-29T00:01:16.201404+00:00,CVS,38,38,4.09,35.9,-8.8,30.0,-0.5,,0.92,781.2,4
20260728,2026-07-29T00:01:16.201404+00:00,HNGE,39,39,3.91,68.2,-17.4,50.0,-16.4,,0.82,138.1,3
20260728,2026-07-29T00:01:16.201404+00:00,NTAP,40,40,3.9,61.7,-15.8,64.0,-3.3,,1.06,443.5,3
20260728,2026-07-29T00:01:16.201404+00:00,OSCR,41,41,3.9,74.1,-19.0,72.0,-2.4,,1.59,144.5,7
20260728,2026-07-29T00:01:16.201404+00:00,TGTX,42,42,3.89,58.7,-15.1,55.0,-7.1,,1.15,112.2,7
20260728,2026-07-29T00:01:16.201404+00:00,HALO,43,43,3.84,30.7,-8.0,32.0,0.0,,1.49,140.9,3
20260728,2026-07-29T00:01:16.201404+00:00,TKR,44,44,3.75,31.3,-8.3,39.0,-3.7,,1.28,111.3,6
20260728,2026-07-29T00:01:16.201404+00:00,TVTX,45,45,3.65,36.7,-10.1,42.0,-5.3,,0.82,76.6,4
20260728,2026-07-29T00:01:16.201404+00:00,MPC,46,46,3.53,32.1,-9.1,35.0,-4.3,,0.88,602.7,4
20260728,2026-07-29T00:01:16.201404+00:00,INCY,47,47,3.47,32.9,-9.5,39.0,0.0,,3.64,218.9,3
20260728,2026-07-29T00:01:16.201404+00:00,CRWD,48,48,3.41,59.8,-17.5,56.0,-13.7,,0.88,1755.4,4
20260728,2026-07-29T00:01:16.201404+00:00,AMRX,49,49,3.4,47.3,-13.9,36.0,0.0,,0.95,31.7,2
20260728,2026-07-29T00:01:16.201404+00:00,DINO,50,50,3.38,43.3,-12.8,39.0,-2.6,,1.51,239.2,3
20260728,2026-07-29T00:01:16.201404+00:00,IMVT,51,51,3.3,44.1,-13.4,83.0,-5.3,,0.87,39.6,4
20260728,2026-07-29T00:01:16.201404+00:00,HRB,52,52,3.27,44.2,-13.5,60.0,0.0,,1.17,74.1,4
20260728,2026-07-29T00:01:16.201404+00:00,SYRE,53,53,3.25,45.7,-14.0,69.0,-2.7,,1.25,113.9,3
20260728,2026-07-29T00:01:16.201404+00:00,CROX,54,54,3.19,32.6,-10.2,40.0,-2.1,,1.05,121.7,5
20260728,2026-07-29T00:01:16.201404+00:00,NAVN,55,55,3.18,63.2,-19.8,71.0,-5.0,,0.7,107.2,3
20260728,2026-07-29T00:01:16.201404+00:00,EAT,56,56,3.14,53.5,-17.0,55.0,0.0,,1.03,194.8,6
20260728,2026-07-29T00:01:16.201404+00:00,SN,57,57,3.01,39.5,-13.1,42.0,0.0,,0.79,238.2,4
20260728,2026-07-29T00:01:16.201404+00:00,COMP,58,58,2.81,50.6,-18.0,86.0,-8.5,,0.61,155.6,4
20260728,2026-07-29T00:01:16.201404+00:00,GTX,59,59,2.75,47.8,-17.4,68.0,-17.4,,1.64,75.5,8
20260728,2026-07-29T00:01:16.201404+00:00,DAL,60,60,2.74,33.6,-12.3,40.0,-4.3,,1.02,621.4,7
20260728,2026-07-29T00:01:16.201404+00:00,TWST,61,61,2.67,49.7,-18.6,70.0,-13.9,,1.01,129.1,7
20260728,2026-07-29T00:01:16.201404+00:00,ARE,62,62,2.63,35.4,-13.4,43.0,-1.6,,1.76,78.0,5
20260728,2026-07-29T00:01:16.201404+00:00,PBF,63,63,2.59,48.4,-18.7,59.0,-7.6,,0.95,167.0,3
20260728,2026-07-29T00:01:16.201404+00:00,GEN,64,64,2.57,44.0,-17.1,45.0,-0.6,,0.85,115.3,4
20260728,2026-07-29T00:01:16.201404+00:00,THC,65,65,2.56,48.0,-18.7,55.0,0.0,,1.25,314.7,4
20260728,2026-07-29T00:01:16.201404+00:00,NTNX,66,66,2.55,43.0,-16.8,45.0,0.0,,0.9,178.8,2
20260728,2026-07-29T00:01:16.201404+00:00,DBX,67,67,2.54,33.6,-13.2,51.0,0.0,,1.71,105.2,3
20260728,2026-07-29T00:01:16.201404+00:00,DUOL,68,68,2.5,32.5,-13.0,60.0,0.0,,1.53,127.2,1
20260728,2026-07-29T00:01:16.201404+00:00,UAL,69,69,2.42,36.9,-15.3,51.0,-9.1,,0.93,583.5,5
20260728,2026-07-29T00:01:16.201404+00:00,M,70,70,2.38,30.4,-12.8,46.0,-3.1,,1.07,111.1,6
20260728,2026-07-29T00:01:16.201404+00:00,KLAR,71,71,2.35,35.4,-15.1,67.0,-8.5,,0.83,81.3,2
20260728,2026-07-29T00:01:16.201404+00:00,IP,72,72,2.31,31.5,-13.6,52.0,0.0,,1.34,213.8,6
20260728,2026-07-29T00:01:16.201404+00:00,CSCO,73,73,2.19,33.6,-15.3,45.0,-10.8,,1.3,2497.3,7
20260728,2026-07-29T00:01:16.201404+00:00,ETSY,74,74,2.1,36.8,-17.5,48.0,0.0,,0.98,209.7,3
20260728,2026-07-29T00:01:16.201404+00:00,CYTK,75,75,2.08,30.9,-14.9,51.0,-9.0,,0.88,147.9,7
20260728,2026-07-29T00:01:16.201404+00:00,RYAN,76,76,1.98,33.0,-16.6,56.0,0.0,,1.98,86.1,5
20260728,2026-07-29T00:01:16.201404+00:00,RBRK,77,77,1.56,30.9,-19.8,60.0,-19.5,,1.22,229.9,7
20260729,2026-07-30T00:01:45.781790+00:00,CORT,1,1,11.5,99.5,-8.7,54.0,-3.8,,1.33,106.9,5
20260729,2026-07-30T00:01:45.781790+00:00,LTH,2,2,10.24,74.2,-7.3,48.0,0.0,,1.61,106.1,4
20260729,2026-07-30T00:01:45.781790+00:00,LQDA,3,3,10.15,127.6,-12.6,79.0,-2.5,,0.76,115.6,6
20260729,2026-07-30T00:01:45.781790+00:00,TXG,4,4,9.3,129.3,-13.9,74.0,-3.6,,0.81,127.7,3
20260729,2026-07-30T00:01:45.781790+00:00,AVTR,5,5,8.45,83.2,-9.8,56.0,0.0,,3.8,140.8,1
20260729,2026-07-30T00:01:45.781790+00:00,ILMN,6,6,8.2,61.9,-7.5,40.0,-1.0,,0.96,333.9,8
20260729,2026-07-30T00:01:45.781790+00:00,FTNT,7,7,7.72,77.9,-10.1,56.0,-8.2,,2.47,794.7,5
20260729,2026-07-30T00:01:45.781790+00:00,DOC,8,8,7.4,42.7,-5.8,42.0,-1.5,,0.63,132.2,4
20260729,2026-07-30T00:01:45.781790+00:00,DFTX,9,9,7.28,105.8,-14.5,117.0,-13.0,,0.85,86.9,4
20260729,2026-07-30T00:01:45.781790+00:00,APGE,10,10,7.07,63.6,-9.0,103.0,-0.1,,0.67,185.8,1
20260729,2026-07-30T00:01:45.781790+00:00,BAX,11,11,6.48,46.6,-7.2,40.0,0.0,,1.43,128.8,5
20260729,2026-07-30T00:01:45.781790+00:00,BTSG,12,12,6.35,44.1,-6.9,39.0,-4.9,,0.42,303.5,6
20260729,2026-07-30T00:01:45.781790+00:00,BBY,13,13,6.22,55.6,-8.9,45.0,0.0,,0.71,278.9,4
20260729,2026-07-30T00:01:45.781790+00:00,PFGC,14,14,6.04,32.3,-5.4,27.0,0.0,,0.64,176.5,4
20260729,2026-07-30T00:01:45.781790+00:00,BRKR,15,15,5.94,80.2,-13.5,61.0,-1.9,,1.32,121.9,5
20260729,2026-07-30T00:01:45.781790+00:00,VNO,16,16,5.94,38.5,-6.5,33.0,-0.3,,1.33,68.5,1
20260729,2026-07-30T00:01:45.781790+00:00,LLY,17,17,5.91,42.4,-7.2,36.0,-2.1,,0.89,2805.9,3
20260729,2026-07-30T00:01:45.781790+00:00,RAL,18,18,5.89,53.7,-9.1,52.0,-9.0,,2.69,109.9,7
20260729,2026-07-30T00:01:45.781790+00:00,ICLR,19,19,5.83,53.4,-9.2,56.0,-1.1,,2.1,131.1,4
20260729,2026-07-30T00:01:45.781790+00:00,CUZ,20,20,5.81,30.2,-5.2,23.0,0.0,,1.74,45.5,5
20260729,2026-07-30T00:01:45.781790+00:00,NBIX,21,21,5.78,37.8,-6.5,34.0,-1.1,,0.96,193.1,3
20260729,2026-07-30T00:01:45.781790+00:00,ERAS,22,22,5.68,94.5,-16.7,82.0,-16.7,,0.85,92.5,7
20260729,2026-07-30T00:01:45.781790+00:00,IQV,23,23,5.67,58.0,-10.2,50.0,0.0,,1.56,318.9,3
20260729,2026-07-30T00:01:45.781790+00:00,PANW,24,24,5.49,73.0,-13.3,54.0,-12.4,,0.89,2277.9,5
20260729,2026-07-30T00:01:45.781790+00:00,RVTY,25,25,5.45,37.9,-7.0,42.0,-0.3,,1.49,142.5,6
20260729,2026-07-30T00:01:45.781790+00:00,KMX,26,26,5.37,54.1,-10.1,51.0,0.0,,1.33,161.0,4
20260729,2026-07-30T00:01:45.781790+00:00,VSXY,27,27,5.23,75.2,-14.4,110.0,-0.2,,1.08,141.1,3
20260729,2026-07-30T00:01:45.781790+00:00,SNOW,28,28,5.18,100.3,-19.3,89.0,0.0,,1.95,1249.0,4
20260729,2026-07-30T00:01:45.781790+00:00,PAYX,29,29,5.18,32.9,-6.4,32.0,0.0,,1.51,365.2,6
20260729,2026-07-30T00:01:45.781790+00:00,ABBV,30,30,4.82,30.1,-6.2,29.0,0.0,,0.71,1502.7,5
20260729,2026-07-30T00:01:45.781790+00:00,HUM,31,31,4.71,50.7,-10.7,46.0,-10.7,,2.39,564.1,5
20260729,2026-07-30T00:01:45.781790+00:00,GH,32,32,4.57,72.7,-15.9,61.0,-15.6,,1.13,373.9,8
20260729,2026-07-30T00:01:45.781790+00:00,MICC,33,33,4.26,39.7,-9.3,47.0,-3.2,,0.56,21.7,3
20260729,2026-07-30T00:01:45.781790+00:00,MMED,34,34,4.25,53.1,-12.5,60.0,0.0,,1.5,18.6,2
20260729,2026-07-30T00:01:45.781790+00:00,OKTA,35,35,4.17,79.8,-19.1,84.0,-11.5,,0.86,423.0,7
20260729,2026-07-30T00:01:45.781790+00:00,HALO,36,36,4.01,32.1,-8.0,32.0,-0.2,,0.83,139.4,3
20260729,2026-07-30T00:01:45.781790+00:00,VIK,37,37,4.0,30.7,-7.7,36.0,-2.2,,0.62,206.9,6
20260729,2026-07-30T00:01:45.781790+00:00,TGTX,38,38,3.93,59.3,-15.1,54.0,-9.4,,1.43,112.8,8
20260729,2026-07-30T00:01:45.781790+00:00,HNGE,39,39,3.86,68.4,-17.7,50.0,-17.7,,0.68,134.7,3
20260729,2026-07-30T00:01:45.781790+00:00,TVTX,40,40,3.84,38.6,-10.1,42.0,-5.9,,0.85,72.9,5
20260729,2026-07-30T00:01:45.781790+00:00,HRB,41,41,3.83,51.8,-13.5,61.0,0.0,,1.1,75.6,4
20260729,2026-07-30T00:01:45.781790+00:00,SJM,42,42,3.8,32.0,-8.4,36.0,0.0,,0.92,180.8,4
20260729,2026-07-30T00:01:45.781790+00:00,NTAP,43,43,3.79,59.9,-15.8,64.0,-4.0,,1.37,455.8,4
20260729,2026-07-30T00:01:45.781790+00:00,OSCR,44,44,3.72,70.5,-19.0,73.0,-5.0,,1.16,143.2,7
20260729,2026-07-30T00:01:45.781790+00:00,AMRX,45,45,3.54,49.2,-13.9,36.0,0.0,,1.06,31.6,2
20260729,2026-07-30T00:01:45.781790+00:00,ALKS,46,46,3.48,43.4,-12.5,42.0,-12.5,,2.38,92.3,7
20260729,2026-07-30T00:01:45.781790+00:00,CRWD,47,47,3.34,58.6,-17.5,56.0,-14.9,,0.78,1677.8,4
20260729,2026-07-30T00:01:45.781790+00:00,DLTR,48,48,3.27,34.7,-10.6,53.0,0.0,,0.48,365.6,5
20260729,2026-07-30T00:01:45.781790+00:00,CROX,49,49,3.26,33.3,-10.2,40.0,-3.9,,1.2,124.2,5
20260729,2026-07-30T00:01:45.781790+00:00,IMVT,50,50,3.23,43.3,-13.4,83.0,-6.0,,1.6,40.0,5
20260729,2026-07-30T00:01:45.781790+00:00,SN,51,51,3.1,40.7,-13.1,42.0,-0.4,,0.95,237.9,5
20260729,2026-07-30T00:01:45.781790+00:00,SOLV,52,52,3.07,33.2,-10.8,33.0,0.0,,1.71,84.5,4
20260729,2026-07-30T00:01:45.781790+00:00,DINO,53,53,2.92,37.5,-12.8,38.0,-1.8,,0.92,240.2,3
20260729,2026-07-30T00:01:45.781790+00:00,COMP,54,54,2.91,52.4,-18.0,86.0,-10.6,,1.18,154.3,5
20260729,2026-07-30T00:01:45.781790+00:00,DBX,55,55,2.8,37.1,-13.2,51.0,0.0,,1.07,107.9,3
20260729,2026-07-30T00:01:45.781790+00:00,NAVN,56,56,2.78,55.0,-19.8,70.0,-4.2,,0.9,108.2,3
20260729,2026-07-30T00:01:45.781790+00:00,TWST,57,57,2.73,50.7,-18.6,69.0,-16.9,,1.06,125.1,8
20260729,2026-07-30T00:01:45.781790+00:00,TXRH,58,58,2.67,31.4,-11.8,40.0,0.0,,1.16,163.0,5
20260729,2026-07-30T00:01:45.781790+00:00,GEN,59,59,2.64,45.1,-17.1,45.0,-0.5,,1.12,112.6,4
20260729,2026-07-30T00:01:45.781790+00:00,SYRE,60,60,2.57,36.1,-14.0,68.0,-4.7,,1.0,113.2,3
20260729,2026-07-30T00:01:45.781790+00:00,PBF,61,61,2.56,47.9,-18.7,59.0,-4.1,,1.05,170.9,3
20260729,2026-07-30T00:01:45.781790+00:00,KLAR,62,62,2.54,38.3,-15.1,67.0,-8.9,,0.69,79.8,2
20260729,2026-07-30T00:01:45.781790+00:00,DAL,63,63,2.51,30.8,-12.3,40.0,-7.7,,0.63,605.3,7
20260729,2026-07-30T00:01:45.781790+00:00,NTNX,64,64,2.49,41.8,-16.8,45.0,0.0,,0.82,174.4,2
20260729,2026-07-30T00:01:45.781790+00:00,ARE,65,65,2.43,32.7,-13.4,43.0,-2.0,,1.28,79.2,5
20260729,2026-07-30T00:01:45.781790+00:00,DUOL,66,66,2.4,31.2,-13.0,60.0,-0.4,,1.5,132.2,1
20260729,2026-07-30T00:01:45.781790+00:00,THC,67,67,2.3,43.0,-18.7,55.0,-1.9,,0.86,319.6,4
20260729,2026-07-30T00:01:45.781790+00:00,EAT,68,68,2.3,39.2,-17.0,48.0,0.0,,1.18,200.5,6
20260729,2026-07-30T00:01:45.781790+00:00,UAL,69,69,2.28,34.8,-15.3,52.0,-12.3,,0.82,572.0,5
20260729,2026-07-30T00:01:45.781790+00:00,DXCM,70,70,2.2,30.5,-13.9,43.0,-3.9,,1.37,321.9,5
20260729,2026-07-30T00:01:45.781790+00:00,SE,71,71,2.14,30.2,-14.1,53.0,-2.7,,0.62,523.0,4
20260729,2026-07-30T00:01:45.781790+00:00,CYTK,72,72,2.12,31.6,-14.9,51.0,-10.2,,0.99,144.6,8
20260729,2026-07-30T00:01:45.781790+00:00,TTAN,73,73,2.07,40.6,-19.6,62.0,0.0,,2.34,110.5,4
20260729,2026-07-30T00:01:45.781790+00:00,NTRA,74,74,1.99,30.3,-15.2,52.0,-10.6,,0.8,309.1,5
20260729,2026-07-30T00:01:45.781790+00:00,RYAN,75,75,1.94,32.4,-16.6,56.0,0.0,,1.49,87.7,5
20260729,2026-07-30T00:01:45.781790+00:00,RBRK,76,76,1.71,34.0,-19.8,60.0,-19.0,,0.78,219.8,7
20260729,2026-07-30T00:01:45.781790+00:00,VEEV,77,77,1.67,31.4,-18.8,50.0,0.0,,0.95,319.1,1
20260730,2026-07-31T00:01:12.218446+00:00,CORT,1,1,17.83,154.3,-8.7,75.0,0.0,118.32,3.81,128.9,5
20260730,2026-07-31T00:01:12.218446+00:00,LQDA,2,2,9.65,121.4,-12.6,79.0,-2.5,86.8,1.02,117.0,6
20260730,2026-07-31T00:01:12.218446+00:00,LTH,3,3,8.95,64.9,-7.3,49.0,-3.3,44.2,1.62,106.4,5
20260730,2026-07-31T00:01:12.218446+00:00,TXG,4,4,8.93,124.2,-13.9,73.0,0.0,49.43,0.77,126.9,3
20260730,2026-07-31T00:01:12.218446+00:00,FTNT,5,5,8.21,83.0,-10.1,56.0,-7.5,154.25,2.11,843.8,5
20260730,2026-07-31T00:01:12.218446+00:00,ILMN,6,6,8.2,61.8,-7.5,40.0,0.0,205.09,1.55,342.0,8
20260730,2026-07-31T00:01:12.218446+00:00,BTSG,7,7,7.48,51.9,-6.9,40.0,-0.0,72.88,0.75,303.7,6
20260730,2026-07-31T00:01:12.218446+00:00,BAX,8,8,7.26,52.2,-7.2,42.0,0.0,26.75,3.67,151.6,5
20260730,2026-07-31T00:01:12.218446+00:00,AVTR,9,9,7.22,71.1,-9.8,57.0,-3.6,13.86,1.25,148.2,1
20260730,2026-07-31T00:01:12.218446+00:00,DFTX,10,10,7.12,103.3,-14.5,117.0,-8.2,44.49,0.91,84.1,4
20260730,2026-07-31T00:01:12.218446+00:00,APGE,11,11,6.89,62.0,-9.0,103.0,0.0,134.3,0.6,167.6,1
20260730,2026-07-31T00:01:12.218446+00:00,DOC,12,12,6.66,38.5,-5.8,43.0,-3.3,22.06,0.73,131.2,4
20260730,2026-07-31T00:01:12.218446+00:00,NBIX,13,13,6.26,40.9,-6.5,35.0,0.0,185.5,1.97,205.5,3
20260730,2026-07-31T00:01:12.218446+00:00,PANW,14,14,6.14,81.6,-13.3,54.0,-9.2,325.68,0.99,2260.6,5
20260730,2026-07-31T00:01:12.218446+00:00,SNOW,15,15,6.12,118.4,-19.3,89.0,0.0,298.1,1.36,1277.9,4
20260730,2026-07-31T00:01:12.218446+00:00,BRKR,16,16,5.58,75.4,-13.5,60.0,0.0,64.34,0.93,119.6,5
20260730,2026-07-31T00:01:12.218446+00:00,VNO,17,17,5.29,34.3,-6.5,33.0,-1.5,40.15,0.74,68.2,1
20260730,2026-07-31T00:01:12.218446+00:00,BBY,18,18,5.28,47.1,-8.9,45.0,-2.6,87.82,0.69,279.7,4
20260730,2026-07-31T00:01:12.218446+00:00,RAL,19,19,5.22,47.6,-9.1,52.0,-9.0,67.0,2.56,118.9,7
20260730,2026-07-31T00:01:12.218446+00:00,HUM,20,20,5.16,55.4,-10.7,45.0,-10.4,366.66,1.11,575.8,5
20260730,2026-07-31T00:01:12.218446+00:00,IQV,21,21,4.9,50.1,-10.2,51.0,-3.9,237.79,0.97,310.8,3
20260730,2026-07-31T00:01:12.218446+00:00,KMX,22,22,4.89,49.3,-10.1,51.0,-0.7,58.7,0.59,159.3,3
20260730,2026-07-31T00:01:12.218446+00:00,VSXY,23,23,4.88,70.2,-14.4,110.0,-1.2,88.24,0.84,140.4,3
20260730,2026-07-31T00:01:12.218446+00:00,OKTA,24,24,4.74,90.7,-19.1,83.0,-9.2,140.42,0.9,414.5,7
20260730,2026-07-31T00:01:12.218446+00:00,GH,25,25,4.71,75.0,-15.9,62.0,-10.8,152.35,1.09,336.6,8
20260730,2026-07-31T00:01:12.218446+00:00,ERAS,26,26,4.53,75.4,-16.7,76.0,-12.1,18.68,0.75,92.5,7
20260730,2026-07-31T00:01:12.218446+00:00,RVTY,27,27,4.48,31.2,-7.0,41.0,-0.1,113.54,1.57,148.2,6
20260730,2026-07-31T00:01:12.218446+00:00,ICLR,28,28,4.35,39.9,-9.2,58.0,-8.2,165.53,2.31,138.8,5
20260730,2026-07-31T00:01:12.218446+00:00,ALKS,29,29,3.89,48.4,-12.5,42.0,-9.4,50.03,1.24,93.8,7
20260730,2026-07-31T00:01:12.218446+00:00,TGTX,30,30,3.88,58.5,-15.1,54.0,-9.4,53.53,1.38,115.1,8
20260730,2026-07-31T00:01:12.218446+00:00,HALO,31,31,3.86,30.9,-8.0,32.0,-0.2,83.3,0.86,139.5,3
20260730,2026-07-31T00:01:12.218446+00:00,HNGE,32,32,3.86,68.4,-17.7,50.0,-16.5,75.11,0.6,129.9,3
20260730,2026-07-31T00:01:12.218446+00:00,CRWD,33,33,3.77,66.2,-17.5,56.0,-12.1,185.22,0.91,1647.7,4
20260730,2026-07-31T00:01:12.218446+00:00,MMED,34,34,3.77,47.0,-12.5,60.0,-1.4,18.145,0.73,18.7,2
20260730,2026-07-31T00:01:12.218446+00:00,PBF,35,35,3.72,69.7,-18.7,66.0,0.0,73.1,2.23,189.6,3
20260730,2026-07-31T00:01:12.218446+00:00,OSCR,36,36,3.65,69.2,-19.0,72.0,-3.0,31.23,0.83,138.2,7
20260730,2026-07-31T00:01:12.218446+00:00,NTAP,37,37,3.64,57.5,-15.8,64.0,-3.6,173.98,0.6,439.7,4
20260730,2026-07-31T00:01:12.218446+00:00,TVTX,38,38,3.58,36.0,-10.1,41.0,-3.0,57.28,0.76,71.4,5
20260730,2026-07-31T00:01:12.218446+00:00,IP,39,39,3.56,44.0,-12.4,48.0,-2.1,43.15,1.1,221.9,6
20260730,2026-07-31T00:01:12.218446+00:00,IMVT,40,40,3.39,45.4,-13.4,83.0,-3.9,39.48,0.63,39.7,5
20260730,2026-07-31T00:01:12.218446+00:00,SN,41,41,3.15,41.4,-13.1,42.0,0.0,163.33,0.62,231.8,5
20260730,2026-07-31T00:01:12.218446+00:00,AMRX,42,42,3.14,43.7,-13.9,37.0,-3.1,18.5,1.37,32.4,3
20260730,2026-07-31T00:01:12.218446+00:00,DLTR,43,43,3.05,32.4,-10.6,53.0,-0.3,128.57,0.38,343.4,5
20260730,2026-07-31T00:01:12.218446+00:00,HRB,44,44,3.04,41.1,-13.5,63.0,-6.1,44.29,0.75,76.3,4
20260730,2026-07-31T00:01:12.218446+00:00,TWST,45,45,3.03,56.3,-18.6,70.0,-11.2,91.33,1.22,125.0,8
20260730,2026-07-31T00:01:12.218446+00:00,DINO,46,46,3.0,38.5,-12.8,38.0,0.0,92.44,0.79,245.1,3
20260730,2026-07-31T00:01:12.218446+00:00,W,47,47,2.99,40.4,-13.5,71.0,-6.1,89.78,0.63,259.4,7
20260730,2026-07-31T00:01:12.218446+00:00,COMP,48,48,2.86,51.4,-18.0,86.0,-11.8,11.46,0.45,147.9,5
20260730,2026-07-31T00:01:12.218446+00:00,RVMD,49,49,2.8,33.3,-11.9,44.0,-0.2,192.17,0.86,367.8,6
20260730,2026-07-31T00:01:12.218446+00:00,NTNX,50,50,2.67,44.9,-16.8,45.0,-0.5,59.26,0.73,169.9,2
20260730,2026-07-31T00:01:12.218446+00:00,NAVN,51,51,2.66,52.7,-19.8,70.0,-3.7,26.71,0.6,107.0,3
20260730,2026-07-31T00:01:12.218446+00:00,SYRE,52,52,2.59,36.3,-14.0,68.0,-1.2,101.5,0.6,109.4,2
20260730,2026-07-31T00:01:12.218446+00:00,DAL,53,53,2.52,31.0,-12.3,40.0,-5.2,88.59,0.67,601.8,7
20260730,2026-07-31T00:01:12.218446+00:00,GEN,54,54,2.47,42.2,-17.1,45.0,-1.7,27.29,0.78,104.6,4
20260730,2026-07-31T00:01:12.218446+00:00,UAL,55,55,2.44,37.3,-15.3,52.0,-9.2,123.56,0.65,557.3,5
20260730,2026-07-31T00:01:12.218446+00:00,DBX,56,56,2.43,32.2,-13.2,52.0,-3.7,32.11,1.09,109.0,4
20260730,2026-07-31T00:01:12.218446+00:00,KLAR,57,57,2.42,36.5,-15.1,67.0,-7.0,19.0,0.64,71.2,2
20260730,2026-07-31T00:01:12.218446+00:00,ARE,58,58,2.33,31.3,-13.4,43.0,-4.3,52.49,0.63,78.9,4
20260730,2026-07-31T00:01:12.218446+00:00,THC,59,59,2.28,42.7,-18.7,55.0,-3.8,252.73,0.63,321.3,4
20260730,2026-07-31T00:01:12.218446+00:00,EAT,60,60,2.22,37.8,-17.0,48.0,0.0,209.86,0.52,199.0,6
20260730,2026-07-31T00:01:12.218446+00:00,NTRA,61,61,2.02,30.8,-15.2,52.0,-5.0,269.66,0.99,298.6,5
20260730,2026-07-31T00:01:12.218446+00:00,TTAN,62,62,1.75,34.3,-19.6,63.0,-5.2,79.87,1.13,111.8,4
20260730,2026-07-31T00:01:12.218446+00:00,RBRK,63,63,1.74,34.6,-19.8,60.0,-19.3,71.58,0.73,207.5,7
20260731,2026-08-01T00:01:21.143466+00:00,CORT,1,1,14.17,122.7,-8.7,74.0,-3.2,114.49,1.35,136.0,5
20260731,2026-08-01T00:01:21.143466+00:00,LQDA,2,2,9.59,120.5,-12.6,79.0,-5.5,84.11,0.79,116.2,6
20260731,2026-08-01T00:01:21.143466+00:00,LTH,3,3,9.53,69.1,-7.3,49.0,-1.3,45.1,1.67,112.2,5
20260731,2026-08-01T00:01:21.143466+00:00,FTNT,4,4,8.68,87.7,-10.1,56.0,-2.9,161.95,1.13,860.5,5
20260731,2026-08-01T00:01:21.143466+00:00,TXG,5,5,7.96,110.7,-13.9,74.0,-4.4,47.27,0.9,127.7,4
20260731,2026-08-01T00:01:21.143466+00:00,AVTR,6,6,7.43,73.1,-9.8,57.0,-4.2,13.78,0.86,152.8,1
20260731,2026-08-01T00:01:21.143466+00:00,APGE,7,7,7.34,66.1,-9.0,102.0,-0.2,134.09,1.37,159.1,1
20260731,2026-08-01T00:01:21.143466+00:00,BAX,8,8,7.24,52.1,-7.2,42.0,-2.2,26.16,1.08,155.7,5
20260731,2026-08-01T00:01:21.143466+00:00,DFTX,9,9,6.93,100.6,-14.5,117.0,-10.2,43.52,1.04,83.2,5
20260731,2026-08-01T00:01:21.143466+00:00,ILMN,10,10,6.77,51.1,-7.5,38.0,0.0,205.1,2.3,356.9,8
20260731,2026-08-01T00:01:21.143466+00:00,PANW,11,11,6.26,83.3,-13.3,54.0,-7.5,331.83,0.75,2213.6,5
20260731,2026-08-01T00:01:21.143466+00:00,DOC,12,12,6.05,34.9,-5.8,43.0,-4.3,21.83,0.47,127.4,4
20260731,2026-08-01T00:01:21.143466+00:00,SNOW,13,13,5.58,108.0,-19.3,89.0,-1.6,293.28,1.26,1261.8,4
20260731,2026-08-01T00:01:21.143466+00:00,GH,14,14,5.34,84.9,-15.9,63.0,-5.1,161.99,2.12,345.9,8
20260731,2026-08-01T00:01:21.143466+00:00,BRKR,15,15,5.25,71.0,-13.5,61.0,-2.3,62.84,0.84,113.9,5
20260731,2026-08-01T00:01:21.143466+00:00,BBY,16,16,5.1,45.6,-8.9,46.0,-4.3,86.26,0.93,281.8,4
20260731,2026-08-01T00:01:21.143466+00:00,RYAN,17,17,5.09,43.8,-8.6,51.0,-5.0,44.16,1.79,90.1,5
20260731,2026-08-01T00:01:21.143466+00:00,HUM,18,18,5.04,56.1,-11.1,45.0,-11.1,363.86,0.74,581.8,5
20260731,2026-08-01T00:01:21.143466+00:00,ICLR,19,19,4.86,44.9,-9.3,57.0,-9.3,163.565,1.05,137.7,5
20260731,2026-08-01T00:01:21.143466+00:00,ERAS,20,20,4.86,81.0,-16.7,75.0,-14.6,18.15,0.55,91.1,6
20260731,2026-08-01T00:01:21.143466+00:00,KMX,21,21,4.82,48.6,-10.1,51.0,-3.1,57.26,0.54,157.7,3
20260731,2026-08-01T00:01:21.143466+00:00,VSXY,22,22,4.82,69.4,-14.4,110.0,-0.7,88.68,0.47,134.7,3
20260731,2026-08-01T00:01:21.143466+00:00,IQV,23,23,4.79,49.0,-10.2,51.0,-5.1,235.02,0.65,312.2,3
20260731,2026-08-01T00:01:21.143466+00:00,VNO,24,24,4.69,30.4,-6.5,34.0,-3.4,39.39,0.41,66.9,1
20260731,2026-08-01T00:01:21.143466+00:00,OKTA,25,25,4.56,87.3,-19.1,83.0,-8.2,141.93,0.9,411.6,7
20260731,2026-08-01T00:01:21.143466+00:00,MMED,26,26,4.39,49.1,-11.2,60.0,-1.9,18.05,0.54,18.9,2
20260731,2026-08-01T00:01:21.143466+00:00,CRWD,27,27,3.85,67.6,-17.5,56.0,-9.4,190.86,0.86,1627.1,4
20260731,2026-08-01T00:01:21.143466+00:00,RAL,28,28,3.85,43.2,-11.2,52.0,-11.2,65.37,0.97,120.3,7
20260731,2026-08-01T00:01:21.143466+00:00,NTAP,29,29,3.78,59.7,-15.8,65.0,-1.1,178.5,0.65,443.3,4
20260731,2026-08-01T00:01:21.143466+00:00,ALKS,30,30,3.75,46.8,-12.5,43.0,-11.3,48.99,0.88,93.4,7
20260731,2026-08-01T00:01:21.143466+00:00,PBF,31,31,3.7,69.2,-18.7,66.0,-1.1,72.28,0.99,194.3,3
20260731,2026-08-01T00:01:21.143466+00:00,HNGE,32,32,3.64,64.5,-17.7,50.0,-17.0,74.71,0.48,129.6,3
20260731,2026-08-01T00:01:21.143466+00:00,OSCR,33,33,3.63,68.8,-19.0,72.0,-3.0,31.22,0.76,131.9,6
20260731,2026-08-01T00:01:21.143466+00:00,TGTX,34,34,3.56,53.7,-15.1,55.0,-11.9,52.03,1.18,113.3,8
20260731,2026-08-01T00:01:21.143466+00:00,DLTR,35,35,3.34,34.4,-10.3,52.0,-1.3,127.21,0.54,332.8,5
20260731,2026-08-01T00:01:21.143466+00:00,IMVT,36,36,3.17,42.4,-13.4,83.0,-6.0,38.62,0.64,39.0,5
20260731,2026-08-01T00:01:21.143466+00:00,HRB,37,37,3.14,42.4,-13.5,62.0,-6.7,44.03,0.9,75.8,4
20260731,2026-08-01T00:01:21.143466+00:00,SN,38,38,3.13,41.1,-13.1,42.0,-1.0,161.77,0.68,222.6,6
20260731,2026-08-01T00:01:21.143466+00:00,AMRX,39,39,3.07,42.8,-13.9,37.0,-4.1,18.32,1.06,32.9,3
20260731,2026-08-01T00:01:21.143466+00:00,COMP,40,40,3.01,54.1,-18.0,85.0,-12.3,11.39,0.7,143.3,6
20260731,2026-08-01T00:01:21.143466+00:00,EAT,41,41,3.01,44.3,-14.7,48.0,0.0,213.7,0.76,199.4,6
20260731,2026-08-01T00:01:21.143466+00:00,SYRE,42,42,2.97,41.6,-14.0,67.0,-4.3,98.33,0.51,108.9,2
20260731,2026-08-01T00:01:21.143466+00:00,RVMD,43,43,2.89,34.4,-11.9,44.0,-2.6,187.53,0.74,352.2,6
20260731,2026-08-01T00:01:21.143466+00:00,TWST,44,44,2.77,51.6,-18.6,70.0,-11.0,91.55,1.1,124.2,8
20260731,2026-08-01T00:01:21.143466+00:00,DXCM,45,45,2.6,36.0,-13.9,49.0,0.0,83.45,2.66,365.3,4
20260731,2026-08-01T00:01:21.143466+00:00,DINO,46,46,2.59,33.2,-12.8,38.0,-1.0,91.47,0.99,256.0,3
20260731,2026-08-01T00:01:21.143466+00:00,TXRH,47,47,2.58,30.3,-11.8,40.0,-1.8,205.44,0.58,160.3,5
20260731,2026-08-01T00:01:21.143466+00:00,GEN,48,48,2.48,42.5,-17.1,45.0,-1.1,27.45,1.05,103.4,4
20260731,2026-08-01T00:01:21.143466+00:00,IP,49,49,2.47,30.5,-12.4,49.0,-7.4,40.83,1.29,233.2,7
20260731,2026-08-01T00:01:21.143466+00:00,DBX,50,50,2.31,30.6,-13.2,52.0,-2.3,32.56,1.02,110.5,3
20260731,2026-08-01T00:01:21.143466+00:00,NTNX,51,51,2.29,38.5,-16.8,44.0,-0.9,59.01,0.85,169.4,3
20260731,2026-08-01T00:01:21.143466+00:00,NAVN,52,52,2.22,44.1,-19.8,70.0,-4.0,26.62,0.3,100.6,3
20260731,2026-08-01T00:01:21.143466+00:00,THC,53,53,2.08,39.0,-18.7,55.0,-3.0,254.78,0.58,314.6,4
20260731,2026-08-01T00:01:21.143466+00:00,UAL,54,54,2.04,31.1,-15.3,52.0,-10.9,121.33,0.56,543.5,5
20260731,2026-08-01T00:01:21.143466+00:00,KLAR,55,55,2.0,30.2,-15.1,66.0,-7.3,18.94,0.54,67.4,2
20260731,2026-08-01T00:01:21.143466+00:00,TTAN,56,56,1.76,34.6,-19.6,63.0,-1.4,83.06,0.94,111.9,3
20260731,2026-08-01T00:01:21.143466+00:00,RBRK,57,57,1.58,31.4,-19.8,59.0,-18.5,72.36,0.56,200.0,6
20260803,2026-08-04T00:01:43.958568+00:00,CORT,1,1,13.7,118.6,-8.7,74.0,-4.7,112.8,1.19,140.2,5
20260803,2026-08-04T00:01:43.958568+00:00,BAX,2,2,9.61,69.2,-7.2,44.0,0.0,28.1,1.25,164.8,5
20260803,2026-08-04T00:01:43.958568+00:00,LTH,3,3,9.39,68.1,-7.3,49.0,-3.3,44.17,1.24,114.6,5
20260803,2026-08-04T00:01:43.958568+00:00,LQDA,4,4,9.38,117.9,-12.6,79.0,-5.8,83.85,0.77,114.0,6
20260803,2026-08-04T00:01:43.958568+00:00,TXG,5,5,8.42,117.1,-13.9,73.0,-4.9,47.01,1.18,131.6,5
20260803,2026-08-04T00:01:43.958568+00:00,FTNT,6,6,8.21,82.9,-10.1,56.0,-2.2,163.21,1.06,865.7,5
20260803,2026-08-04T00:01:43.958568+00:00,AVTR,7,7,7.22,71.1,-9.8,57.0,-4.9,13.67,0.7,156.2,1
20260803,2026-08-04T00:01:43.958568+00:00,APGE,8,8,6.72,60.5,-9.0,102.0,-0.1,134.11,0.89,155.7,1
20260803,2026-08-04T00:01:43.958568+00:00,PANW,9,9,6.62,88.1,-13.3,55.0,-3.2,347.13,1.01,2172.4,5
20260803,2026-08-04T00:01:43.958568+00:00,DFTX,10,10,6.35,92.1,-14.5,118.0,-13.7,41.79,1.02,82.6,5
20260803,2026-08-04T00:01:43.958568+00:00,BBVA,11,11,6.17,36.1,-5.9,33.0,0.0,28.36,1.45,34.9,2
20260803,2026-08-04T00:01:43.958568+00:00,DOC,12,12,6.03,34.8,-5.8,43.0,-5.2,21.64,0.66,131.1,5
20260803,2026-08-04T00:01:43.958568+00:00,PFGC,13,13,5.89,31.5,-5.4,26.0,-2.0,114.36,0.59,180.0,5
20260803,2026-08-04T00:01:43.958568+00:00,SNOW,14,14,5.85,113.3,-19.3,89.0,0.0,307.53,1.51,1340.8,5
20260803,2026-08-04T00:01:43.958568+00:00,KMX,15,15,5.79,58.4,-10.1,50.0,-1.2,58.43,0.43,156.9,3
20260803,2026-08-04T00:01:43.958568+00:00,BRKR,16,16,5.69,76.9,-13.5,61.0,-0.0,64.31,1.28,114.4,5
20260803,2026-08-04T00:01:43.958568+00:00,ILMN,17,17,5.59,42.2,-7.5,39.0,-3.4,198.16,1.42,362.3,8
20260803,2026-08-04T00:01:43.958568+00:00,BBY,18,18,5.59,49.9,-8.9,45.0,-5.5,85.25,1.17,288.9,5
20260803,2026-08-04T00:01:43.958568+00:00,VSXY,19,19,5.55,77.2,-13.9,110.0,-0.2,89.11,0.74,135.0,3
20260803,2026-08-04T00:01:43.958568+00:00,RYAN,20,20,5.54,47.7,-8.6,51.0,-6.1,43.63,0.91,88.9,5
20260803,2026-08-04T00:01:43.958568+00:00,MMED,21,21,5.45,60.9,-11.2,60.0,0.0,19.1,0.81,19.0,2
20260803,2026-08-04T00:01:43.958568+00:00,VNO,22,22,5.33,34.6,-6.5,33.0,-2.0,39.93,0.85,67.8,1
20260803,2026-08-04T00:01:43.958568+00:00,HUM,23,23,5.19,57.8,-11.1,45.0,-8.5,374.5,0.92,587.3,5
20260803,2026-08-04T00:01:43.958568+00:00,RVTY,24,24,4.78,33.3,-7.0,41.0,0.0,115.22,1.54,155.7,5
20260803,2026-08-04T00:01:43.958568+00:00,PAYX,25,25,4.75,30.2,-6.4,34.0,-3.7,117.67,0.88,367.0,5
20260803,2026-08-04T00:01:43.958568+00:00,GH,26,26,4.67,74.2,-15.9,63.0,-7.0,158.83,0.9,343.5,8
20260803,2026-08-04T00:01:43.958568+00:00,TWST,27,27,4.59,79.9,-17.4,71.0,-1.8,101.06,2.16,131.9,8
20260803,2026-08-04T00:01:43.958568+00:00,ERAS,28,28,4.56,75.9,-16.7,75.0,-16.1,17.84,0.58,89.3,7
20260803,2026-08-04T00:01:43.958568+00:00,VIK,29,29,4.53,34.7,-7.7,35.0,0.0,106.47,1.19,190.5,6
20260803,2026-08-04T00:01:43.958568+00:00,IQV,30,30,4.4,45.0,-10.2,51.0,-5.7,233.36,0.92,323.0,3
20260803,2026-08-04T00:01:43.958568+00:00,OKTA,31,31,4.35,83.3,-19.1,83.0,-8.4,141.57,0.8,407.6,7
20260803,2026-08-04T00:01:43.958568+00:00,EAT,32,32,4.3,60.7,-14.1,47.0,0.0,225.3,1.54,211.4,5
20260803,2026-08-04T00:01:43.958568+00:00,CRWD,33,33,4.14,72.7,-17.5,57.0,-3.9,202.54,1.22,1634.6,4
20260803,2026-08-04T00:01:43.958568+00:00,NTAP,34,34,4.14,65.4,-15.8,65.0,0.0,182.92,0.74,432.4,3
20260803,2026-08-04T00:01:43.958568+00:00,WSM,35,35,3.77,36.9,-9.8,37.0,0.0,239.8,0.77,195.1,7
20260803,2026-08-04T00:01:43.958568+00:00,RAL,36,36,3.75,43.1,-11.5,52.0,-11.5,65.15,1.01,122.0,6
20260803,2026-08-04T00:01:43.958568+00:00,COMP,37,37,3.7,66.4,-18.0,85.0,-9.5,11.75,0.55,136.7,6
20260803,2026-08-04T00:01:43.958568+00:00,AXTA,38,38,3.68,35.9,-9.8,34.0,0.0,36.28,0.68,53.7,5
20260803,2026-08-04T00:01:43.958568+00:00,SWK,39,39,3.66,32.4,-8.9,39.0,0.0,98.11,0.75,164.3,7
20260803,2026-08-04T00:01:43.958568+00:00,DLTR,40,40,3.65,37.5,-10.3,52.0,0.0,129.35,0.81,319.9,5
20260803,2026-08-04T00:01:43.958568+00:00,TKR,41,41,3.63,32.8,-9.0,40.0,-2.5,141.75,1.25,106.9,5
20260803,2026-08-04T00:01:43.958568+00:00,ALKS,42,42,3.61,45.0,-12.5,42.0,-10.3,49.53,1.02,93.2,7
20260803,2026-08-04T00:01:43.958568+00:00,HRB,43,43,3.47,47.0,-13.5,63.0,-4.2,45.19,0.93,78.8,5
20260803,2026-08-04T00:01:43.958568+00:00,OSCR,44,44,3.45,65.5,-19.0,73.0,-4.5,30.74,0.78,127.1,6
20260803,2026-08-04T00:01:43.958568+00:00,ICLR,45,45,3.42,41.5,-12.1,58.0,-12.1,158.41,1.48,140.7,6
20260803,2026-08-04T00:01:43.958568+00:00,HNGE,46,46,3.32,58.8,-17.7,48.0,-13.7,77.65,1.07,130.0,3
20260803,2026-08-04T00:01:43.958568+00:00,DXCM,47,47,3.28,45.4,-13.9,49.0,0.0,87.31,1.81,387.9,4
20260803,2026-08-04T00:01:43.958568+00:00,GE,48,48,3.16,31.7,-10.0,34.0,-2.6,368.93,0.64,1374.2,4
20260803,2026-08-04T00:01:43.958568+00:00,AMRX,49,49,3.15,43.8,-13.9,38.0,-1.3,18.85,1.34,33.9,2
20260803,2026-08-04T00:01:43.958568+00:00,SN,50,50,3.04,39.9,-13.1,42.0,-1.7,160.57,1.32,229.2,7
20260803,2026-08-04T00:01:43.958568+00:00,TXRH,51,51,3.04,35.7,-11.8,40.0,0.0,210.67,0.98,158.1,5
20260803,2026-08-04T00:01:43.958568+00:00,JHX,52,52,3.0,39.2,-13.1,52.0,0.0,27.67,0.93,183.6,7
20260803,2026-08-04T00:01:43.958568+00:00,CROX,53,53,3.0,32.9,-11.0,44.0,-2.9,134.89,0.99,141.2,6
20260803,2026-08-04T00:01:43.958568+00:00,M,54,54,2.87,36.8,-12.8,47.0,-0.0,25.95,0.87,114.7,8
20260803,2026-08-04T00:01:43.958568+00:00,IMVT,55,55,2.86,38.3,-13.4,83.0,-6.3,38.51,0.69,38.3,7
20260803,2026-08-04T00:01:43.958568+00:00,SOLV,56,56,2.83,30.6,-10.8,34.0,-0.5,88.07,1.02,85.2,4
20260803,2026-08-04T00:01:43.958568+00:00,IP,57,57,2.82,34.8,-12.4,49.0,-6.0,41.45,0.56,232.1,7
20260803,2026-08-04T00:01:43.958568+00:00,DAL,58,58,2.8,34.4,-12.3,41.0,-2.0,91.59,0.66,591.0,7
20260803,2026-08-04T00:01:43.958568+00:00,UAL,59,59,2.79,42.5,-15.3,53.0,-5.7,128.39,0.93,541.6,5
20260803,2026-08-04T00:01:43.958568+00:00,W,60,60,2.79,37.7,-13.5,72.0,-6.6,89.31,2.4,283.7,8
20260803,2026-08-04T00:01:43.958568+00:00,PBF,61,61,2.68,50.2,-18.7,67.0,-7.1,67.91,1.55,205.7,4
20260803,2026-08-04T00:01:43.958568+00:00,SYRE,62,62,2.66,37.3,-14.0,68.0,-7.6,94.93,0.76,106.9,2
20260803,2026-08-04T00:01:43.958568+00:00,GEN,63,63,2.59,44.3,-17.1,45.0,0.0,28.17,0.95,102.9,4
20260803,2026-08-04T00:01:43.958568+00:00,NAVN,64,64,2.51,49.8,-19.8,70.0,-0.9,27.48,0.6,99.0,3
20260803,2026-08-04T00:01:43.958568+00:00,DBX,65,65,2.4,31.8,-13.2,52.0,-0.8,33.05,0.84,111.8,3
20260803,2026-08-04T00:01:43.958568+00:00,NTNX,66,66,2.36,39.6,-16.8,44.0,0.0,61.06,0.65,163.5,3
20260803,2026-08-04T00:01:43.958568+00:00,FBIN,67,67,2.32,37.9,-16.4,53.0,-5.0,52.17,1.07,107.6,7
20260803,2026-08-04T00:01:43.958568+00:00,ARE,68,68,2.28,30.6,-13.4,44.0,-3.4,53.03,1.17,80.1,5
20260803,2026-08-04T00:01:43.958568+00:00,KLAR,69,69,2.19,33.1,-15.1,67.0,-3.1,19.8,1.44,69.0,2
20260803,2026-08-04T00:01:43.958568+00:00,SE,70,70,2.13,30.1,-14.1,54.0,-0.2,111.15,0.88,487.5,5
20260803,2026-08-04T00:01:43.958568+00:00,ALK,71,71,2.03,35.8,-17.6,58.0,-6.8,50.21,0.62,150.0,8
20260803,2026-08-04T00:01:43.958568+00:00,THC,72,72,1.86,34.9,-18.7,55.0,-4.8,249.99,0.65,317.3,4
20260803,2026-08-04T00:01:43.958568+00:00,TTAN,73,73,1.56,30.6,-19.6,63.0,-1.0,83.37,0.68,111.3,3
20260804,2026-08-05T00:01:30.853153+00:00,CORT,1,1,13.16,113.9,-8.7,74.0,-7.2,109.8,0.77,141.0,5
20260804,2026-08-05T00:01:30.853153+00:00,BAX,2,2,9.64,69.3,-7.2,44.0,0.0,28.35,1.41,174.8,5
20260804,2026-08-05T00:01:30.853153+00:00,LQDA,3,3,9.56,120.2,-12.6,80.0,-0.7,88.38,0.77,113.8,6
20260804,2026-08-05T00:01:30.853153+00:00,FTNT,4,4,8.63,87.2,-10.1,56.0,0.0,168.29,1.17,874.8,5
20260804,2026-08-05T00:01:30.853153+00:00,TXG,5,5,8.44,117.4,-13.9,73.0,-3.2,47.86,0.86,133.1,5
20260804,2026-08-05T00:01:30.853153+00:00,PANW,6,6,7.45,99.1,-13.3,55.0,0.0,366.34,1.25,2185.8,5
20260804,2026-08-05T00:01:30.853153+00:00,LTH,7,7,7.21,52.2,-7.3,44.0,-2.1,44.73,1.03,115.7,5
20260804,2026-08-05T00:01:30.853153+00:00,AVTR,8,8,7.1,69.9,-9.8,57.0,-4.9,13.68,0.77,159.4,1
20260804,2026-08-05T00:01:30.853153+00:00,APGE,9,9,6.79,61.1,-9.0,102.0,-0.1,134.19,2.03,164.5,1
20260804,2026-08-05T00:01:30.853153+00:00,SNOW,10,10,6.38,123.5,-19.3,89.0,0.0,316.77,1.03,1361.4,5
20260804,2026-08-05T00:01:30.853153+00:00,W,11,11,6.18,83.7,-13.5,93.0,0.0,116.08,4.21,354.5,8
20260804,2026-08-05T00:01:30.853153+00:00,DFTX,12,12,6.13,88.9,-14.5,118.0,-12.7,42.32,1.0,80.8,5
20260804,2026-08-05T00:01:30.853153+00:00,ILMN,13,13,6.1,46.0,-7.5,39.0,-1.0,203.01,1.58,367.5,8
20260804,2026-08-05T00:01:30.853153+00:00,BBY,14,14,5.91,52.8,-8.9,45.0,-4.2,86.35,1.09,288.3,5
20260804,2026-08-05T00:01:30.853153+00:00,DOC,15,15,5.7,32.9,-5.8,43.0,-5.3,21.62,1.22,134.6,5
20260804,2026-08-05T00:01:30.853153+00:00,MMED,16,16,5.6,62.6,-11.2,60.0,-0.6,18.99,0.92,19.6,3
20260804,2026-08-05T00:01:30.853153+00:00,VSXY,17,17,5.45,75.7,-13.9,110.0,-0.1,89.21,0.97,138.2,3
20260804,2026-08-05T00:01:30.853153+00:00,VNO,18,18,5.43,35.2,-6.5,34.0,0.0,40.91,2.55,72.1,1
20260804,2026-08-05T00:01:30.853153+00:00,RYAN,19,19,5.41,46.6,-8.6,50.0,-4.0,44.6,0.94,93.1,6
20260804,2026-08-05T00:01:30.853153+00:00,KMX,20,20,5.39,54.4,-10.1,50.0,-2.7,57.51,0.88,155.0,4
20260804,2026-08-05T00:01:30.853153+00:00,BBVA,21,21,5.37,31.5,-5.9,33.0,-0.8,28.12,1.36,35.1,2
20260804,2026-08-05T00:01:30.853153+00:00,ERAS,22,22,5.04,84.0,-16.7,75.0,-13.5,18.38,1.02,88.9,7
20260804,2026-08-05T00:01:30.853153+00:00,GH,23,23,4.94,78.5,-15.9,62.0,-6.4,159.79,0.69,335.5,8
20260804,2026-08-05T00:01:30.853153+00:00,PAYX,24,24,4.84,30.8,-6.4,34.0,-2.8,118.66,0.83,367.7,5
20260804,2026-08-05T00:01:30.853153+00:00,OKTA,25,25,4.71,90.1,-19.1,84.0,-4.4,147.82,0.94,406.0,7
20260804,2026-08-05T00:01:30.853153+00:00,HUM,26,26,4.47,51.6,-11.5,46.0,-11.5,362.16,1.02,599.1,6
20260804,2026-08-05T00:01:30.853153+00:00,CRWD,27,27,4.41,77.3,-17.5,57.0,0.0,211.22,0.97,1628.8,4
20260804,2026-08-05T00:01:30.853153+00:00,TWST,28,28,4.33,75.4,-17.4,71.0,-3.3,99.445,0.86,126.2,8
20260804,2026-08-05T00:01:30.853153+00:00,NTAP,29,29,4.26,67.4,-15.8,65.0,0.0,190.46,1.28,433.4,3
20260804,2026-08-05T00:01:30.853153+00:00,VIK,30,30,4.12,31.6,-7.7,34.0,0.0,107.52,0.84,190.0,6
20260804,2026-08-05T00:01:30.853153+00:00,HRB,31,31,4.08,55.2,-13.5,62.0,-2.4,46.07,0.88,78.3,5
20260804,2026-08-05T00:01:30.853153+00:00,AXTA,32,32,3.94,38.5,-9.8,34.0,0.0,37.61,0.81,54.8,5
20260804,2026-08-05T00:01:30.853153+00:00,WSM,33,33,3.93,38.5,-9.8,38.0,0.0,248.88,1.75,207.2,7
20260804,2026-08-05T00:01:30.853153+00:00,DLTR,34,34,3.84,39.5,-10.3,52.0,0.0,130.71,1.08,317.7,4
20260804,2026-08-05T00:01:30.853153+00:00,RAL,35,35,3.83,44.1,-11.5,52.0,-9.1,66.9,1.27,126.4,7
20260804,2026-08-05T00:01:30.853153+00:00,SWK,36,36,3.79,33.6,-8.9,39.0,0.0,102.4,0.96,171.3,7
20260804,2026-08-05T00:01:30.853153+00:00,OSCR,37,37,3.65,69.3,-19.0,72.0,-5.6,30.38,0.52,121.4,6
20260804,2026-08-05T00:01:30.853153+00:00,COMP,38,38,3.63,65.3,-18.0,85.0,-7.6,12.0,0.82,131.9,6
20260804,2026-08-05T00:01:30.853153+00:00,EAT,39,39,3.58,50.6,-14.1,47.0,-3.1,218.25,1.08,215.9,5
20260804,2026-08-05T00:01:30.853153+00:00,CVS,40,40,3.44,30.2,-8.8,30.0,-5.0,104.42,0.74,806.1,6
20260804,2026-08-05T00:01:30.853153+00:00,SYRE,41,41,3.4,47.8,-14.0,70.0,0.0,104.94,0.75,105.3,2
20260804,2026-08-05T00:01:30.853153+00:00,CROX,42,42,3.38,37.2,-11.0,45.0,0.0,141.19,0.97,142.5,6
20260804,2026-08-05T00:01:30.853153+00:00,HNGE,43,43,3.37,59.6,-17.7,48.0,-11.8,79.42,1.15,128.3,3
20260804,2026-08-05T00:01:30.853153+00:00,DXCM,44,44,3.33,46.2,-13.9,49.0,-0.4,86.94,1.15,394.5,4
20260804,2026-08-05T00:01:30.853153+00:00,SN,45,45,3.29,43.3,-13.1,43.0,0.0,168.19,1.98,245.3,7
20260804,2026-08-05T00:01:30.853153+00:00,ETSY,46,46,3.2,37.3,-11.7,42.0,-0.0,86.43,1.25,204.3,4
20260804,2026-08-05T00:01:30.853153+00:00,GE,47,47,3.17,31.8,-10.0,34.0,-0.4,377.28,1.05,1389.7,4
20260804,2026-08-05T00:01:30.853153+00:00,JHX,48,48,3.12,40.7,-13.1,52.0,0.0,28.36,0.92,186.1,7
20260804,2026-08-05T00:01:30.853153+00:00,IMVT,49,49,3.09,41.4,-13.4,83.0,-4.2,39.36,1.01,35.8,7
20260804,2026-08-05T00:01:30.853153+00:00,ALKS,50,50,2.97,37.0,-12.5,41.0,-10.1,49.67,0.73,91.7,7
20260804,2026-08-05T00:01:30.853153+00:00,KLAR,51,51,2.91,43.8,-15.1,67.0,0.0,20.61,1.08,70.2,2
20260804,2026-08-05T00:01:30.853153+00:00,M,52,52,2.89,37.0,-12.8,47.0,0.0,26.21,1.14,116.9,7
20260804,2026-08-05T00:01:30.853153+00:00,IP,53,53,2.82,34.8,-12.4,49.0,-4.0,42.31,0.54,232.1,7
20260804,2026-08-05T00:01:30.853153+00:00,TXRH,54,54,2.75,32.3,-11.8,41.0,-1.2,208.24,1.01,159.5,5
20260804,2026-08-05T00:01:30.853153+00:00,UAL,55,55,2.73,41.6,-15.3,52.0,-2.6,132.62,0.81,544.6,5
20260804,2026-08-05T00:01:30.853153+00:00,AMRX,56,56,2.72,37.8,-13.9,38.0,-3.2,18.48,1.09,34.3,2
20260804,2026-08-05T00:01:30.853153+00:00,DBX,57,57,2.7,35.8,-13.2,53.0,0.0,34.51,1.34,114.9,3
20260804,2026-08-05T00:01:30.853153+00:00,RVMD,58,58,2.64,31.4,-11.9,44.0,0.0,193.46,0.86,343.9,7
20260804,2026-08-05T00:01:30.853153+00:00,DAL,59,59,2.58,31.6,-12.3,41.0,-0.7,92.77,0.75,582.2,7
20260804,2026-08-05T00:01:30.853153+00:00,GEN,60,60,2.58,44.2,-17.1,45.0,0.0,28.27,1.39,105.0,4
20260804,2026-08-05T00:01:30.853153+00:00,NAVN,61,61,2.52,50.1,-19.8,70.0,0.0,27.87,0.84,93.2,3
20260804,2026-08-05T00:01:30.853153+00:00,DUOL,62,62,2.5,32.4,-13.0,59.0,-2.1,137.75,2.01,133.0,1
20260804,2026-08-05T00:01:30.853153+00:00,NTNX,63,63,2.47,41.6,-16.8,44.0,0.0,61.5,1.05,158.9,3
20260804,2026-08-05T00:01:30.853153+00:00,FBIN,64,64,2.39,39.1,-16.4,53.0,-4.0,52.73,1.6,112.2,7
20260804,2026-08-05T00:01:30.853153+00:00,PBF,65,65,2.33,43.6,-18.7,67.0,-9.9,65.89,1.09,211.8,4
20260804,2026-08-05T00:01:30.853153+00:00,SE,66,66,2.26,31.9,-14.1,54.0,0.0,111.44,0.92,495.4,5
20260804,2026-08-05T00:01:30.853153+00:00,NTRA,67,67,2.17,33.1,-15.2,52.0,-3.0,275.19,1.71,296.9,6
20260804,2026-08-05T00:01:30.853153+00:00,RBRK,68,68,2.1,41.8,-19.8,61.0,-8.7,80.99,1.07,190.6,6
20260804,2026-08-05T00:01:30.853153+00:00,ALK,69,69,2.07,36.5,-17.6,58.0,-2.4,52.55,0.67,148.0,7
20260804,2026-08-05T00:01:30.853153+00:00,GLBE,70,70,2.01,31.4,-15.6,52.0,0.0,41.53,0.72,52.3,4
20260804,2026-08-05T00:01:30.853153+00:00,THC,71,71,1.9,35.5,-18.7,55.0,-3.5,253.33,0.62,323.2,5
20260804,2026-08-05T00:01:30.853153+00:00,TTAN,72,72,1.78,34.9,-19.6,63.0,0.0,86.24,0.94,108.0,3
