run_id,run_date,ticker,rank,score_rank,base_score,base_weeks,width_pct,bb_pctile,vol_dryup_ratio,rs_slope_pct_per_wk,to_pivot_pct,pivot_price,signal,close,atr,atr_stop_mult,vcp_contractions,vcp_depths,vcp_ratio,vcp_last_depth_pct,vcp_handle_pivot,vcp_vol_contraction,vcp_is_vcp
20260514,2026-05-14T15:10:43.298630+00:00,APLS,1,3,73.6,6.0,1.8,0.0,1.48,-1.71,-0.22,41.12,📊,,,,,,,,,,
20260514,2026-05-14T15:10:43.298630+00:00,UGP,2,4,72.1,6.0,8.0,0.8,0.74,-1.34,-3.44,6.11,⏳,,,,,,,,,,
20260514,2026-05-14T15:10:43.298630+00:00,TIGO,3,5,62.3,6.0,8.5,3.2,0.93,-1.56,-4.68,84.88,⏳,,,,,,,,,,
20260514,2026-05-14T15:10:43.298630+00:00,TTE,4,6,61.4,8.0,7.0,33.3,0.61,-1.69,-2.86,93.6,📊,,,,,,,,,,
20260514,2026-05-14T15:10:43.298630+00:00,HSBC,5,7,60.8,20.0,17.8,3.2,0.69,0.57,-0.89,92.16,🔥,,,,,,,,,,
20260514,2026-05-14T15:10:43.298630+00:00,GSAT,6,8,60.0,6.0,12.1,0.0,1.2,-0.02,-0.76,82.67,📊,,,,,,,,,,
20260514,2026-05-14T15:10:43.298630+00:00,TD,7,9,58.8,21.0,16.7,21.4,0.64,0.53,-0.79,108.6,🔥,,,,,,,,,,
20260514,2026-05-14T15:10:43.298630+00:00,NEM,8,10,58.4,6.0,11.0,18.3,0.65,-2.0,-4.06,120.9,⏳,,,,,,,,,,
20260514,2026-05-14T15:10:43.298630+00:00,GLNG,9,11,57.6,7.0,9.6,65.1,0.61,-1.57,-1.52,57.36,📊,,,,,,,,,,
20260514,2026-05-14T15:10:43.298630+00:00,DAR,10,12,55.9,7.0,10.6,19.8,0.88,-1.63,-3.06,64.84,⏳,,,,,,,,,,
20260514,2026-05-14T15:10:43.298630+00:00,ROIV,11,13,54.8,13.0,11.5,20.6,0.84,-0.41,-1.14,29.83,🔥,,,,,,,,,,
20260514,2026-05-14T15:10:43.298630+00:00,CENX,12,14,54.0,6.0,13.3,0.0,0.58,-3.18,-9.52,67.94,⏳,,,,,,,,,,
20260514,2026-05-14T15:10:43.298630+00:00,JCI,13,15,53.8,28.0,24.5,4.0,0.7,0.93,-1.25,146.03,🔥,,,,,,,,,,
20260514,2026-05-14T15:10:43.298630+00:00,MS,14,16,51.4,33.0,22.8,1.6,0.63,0.31,1.02,193.35,📊,,,,,,,,,,
20260514,2026-05-14T15:10:43.298630+00:00,MOD,15,17,51.3,6.0,24.9,24.6,0.66,1.94,-1.06,284.8,🔥,,,,,,,,,,
20260514,2026-05-14T15:10:43.298630+00:00,C,16,18,51.1,22.0,20.7,10.3,0.75,0.36,-5.58,132.42,⏳,,,,,,,,,,
20260514,2026-05-14T15:10:43.298630+00:00,WMB,17,19,50.5,13.0,7.8,73.0,0.85,-0.58,0.0,76.35,📊,,,,,,,,,,
20260514,2026-05-14T15:10:43.298630+00:00,SRRK,18,20,49.2,23.0,20.7,6.3,0.87,0.24,-0.8,50.17,🔥,,,,,,,,,,
20260514,2026-05-14T15:10:43.298630+00:00,MGA,19,21,48.6,11.0,18.0,0.0,0.93,-0.29,-0.33,63.67,🔥,,,,,,,,,,
20260514,2026-05-14T15:10:43.298630+00:00,SLB,20,22,48.4,17.0,21.7,23.0,0.68,0.65,-2.64,56.92,🔥,,,,,,,,,,
20260514,2026-05-14T15:10:43.298630+00:00,PL,21,23,48.2,6.0,18.9,22.2,0.66,0.35,-0.49,41.84,🔥,,,,,,,,,,
20260514,2026-05-14T15:10:43.298630+00:00,NOV,22,24,47.5,16.0,12.8,23.0,0.99,0.11,-1.73,20.82,📊,,,,,,,,,,
20260514,2026-05-14T15:10:43.298630+00:00,PAA,23,25,47.4,10.0,9.1,88.1,0.92,-0.95,-1.74,22.65,📊,,,,,,,,,,
20260514,2026-05-14T15:10:43.298630+00:00,SU,24,26,47.3,8.0,12.2,52.4,0.6,-1.69,-5.54,69.65,📊,,,,,,,,,,
20260514,2026-05-14T15:10:43.298630+00:00,STT,25,27,47.3,22.0,22.5,0.0,1.0,0.59,-0.49,154.02,📊,,,,,,,,,,
20260514,2026-05-14T15:10:43.298630+00:00,KEYS,26,28,46.9,6.0,20.6,31.0,0.76,1.31,-1.48,366.68,📊,,,,,,,,,,
20260514,2026-05-14T15:10:43.298630+00:00,ARWR,27,29,46.5,6.0,23.4,38.9,0.7,2.48,0.0,79.68,📊,,,,,,,,,,
20260514,2026-05-14T15:10:43.298630+00:00,GS,28,30,45.5,35.0,24.7,8.7,0.73,0.4,-0.09,970.75,🔥,,,,,,,,,,
20260514,2026-05-14T15:10:43.298630+00:00,CSX,29,31,44.7,23.0,24.8,20.6,0.93,1.04,-2.6,46.18,🔥,,,,,,,,,,
20260514,2026-05-14T15:10:43.298630+00:00,SSL,30,32,44.6,8.0,15.5,25.4,0.56,-1.03,-8.4,14.29,⏳,,,,,,,,,,
20260514,2026-05-14T15:10:43.298630+00:00,BK,31,33,44.4,34.0,24.9,4.8,0.98,0.55,-1.15,137.37,📊,,,,,,,,,,
20260514,2026-05-14T15:10:43.298630+00:00,CM,32,34,43.9,22.0,20.3,14.3,1.05,0.86,-0.71,112.22,📊,,,,,,,,,,
20260514,2026-05-14T15:10:43.298630+00:00,CAT,33,35,43.8,6.0,22.8,78.6,0.85,2.39,-1.69,926.93,📊,,,,,,,,,,
20260514,2026-05-14T15:10:43.298630+00:00,SQM,34,36,43.8,7.0,19.2,1.6,0.82,0.19,-8.52,94.63,⏳,,,,,,,,,,
20260514,2026-05-14T15:10:43.298630+00:00,TRP,35,37,43.6,12.0,10.3,96.0,0.93,-0.42,1.45,66.93,📊,,,,,,,,,,
20260514,2026-05-14T15:10:43.298630+00:00,HST,36,38,43.4,21.0,21.2,30.2,0.73,0.75,-1.84,22.27,📊,,,,,,,,,,
20260514,2026-05-14T15:10:43.298630+00:00,TECK,37,39,43.0,6.0,21.4,77.0,0.7,1.17,-0.97,66.84,📊,,,,,,,,,,
20260514,2026-05-14T15:10:43.298630+00:00,AA,38,40,42.9,18.0,23.5,4.8,0.61,0.37,-9.25,73.31,⏳,,,,,,,,,,
20260514,2026-05-14T15:10:43.298630+00:00,TRGP,39,41,42.8,11.0,12.0,71.4,0.8,-0.18,1.09,260.08,📊,,,,,,,,,,
20260514,2026-05-14T15:10:43.298630+00:00,ROKU,40,42,42.8,6.0,24.6,45.2,0.83,3.16,-2.47,129.53,📊,,,,,,,,,,
20260514,2026-05-14T15:10:43.298630+00:00,DOW,41,43,42.7,9.0,15.0,13.5,0.84,-1.43,-7.48,41.87,⏳,,,,,,,,,,
20260514,2026-05-14T15:10:43.298630+00:00,TS,42,44,42.6,7.0,10.5,31.0,0.91,-0.81,-1.27,63.9,📊,,,,,,,,,,
20260514,2026-05-14T15:10:43.298630+00:00,VAL,43,45,42.6,13.0,15.8,68.3,0.56,-0.22,-3.58,103.98,📊,,,,,,,,,,
20260514,2026-05-14T15:10:43.298630+00:00,KNX,44,46,42.4,21.0,21.0,20.6,1.16,0.66,-1.6,65.77,📊,,,,,,,,,,
20260514,2026-05-14T15:10:43.298630+00:00,VOD,45,47,42.2,15.0,12.3,27.0,0.98,-0.11,-4.6,16.32,⏳,,,,,,,,,,
20260514,2026-05-14T15:10:43.298630+00:00,AMZN,46,48,42.0,6.0,23.7,46.0,0.88,2.24,-2.63,274.99,📊,,,,,,,,,,
20260514,2026-05-14T15:10:43.298630+00:00,CGON,47,49,42.0,9.0,14.9,35.7,0.67,-0.88,-5.31,74.0,📊,,,,,,,,,,
20260514,2026-05-14T15:10:43.298630+00:00,AMX,48,50,41.8,13.0,16.6,38.9,0.7,0.44,0.0,27.56,📊,,,,,,,,,,
20260514,2026-05-14T15:10:43.298630+00:00,FTI,49,51,41.6,6.0,8.9,38.1,0.93,-1.64,-5.36,76.99,📊,,,,,,,,,,
20260514,2026-05-14T15:10:43.298630+00:00,CX,50,52,41.1,6.0,17.1,81.0,0.81,0.74,-1.88,13.55,📊,,,,,,,,,,
20260514,2026-05-14T15:10:43.298630+00:00,IRM,51,53,41.0,6.0,21.8,58.7,1.05,1.93,-3.68,132.06,📊,,,,,,,,,,
20260514,2026-05-14T15:10:43.298630+00:00,IBKR,52,54,40.4,6.0,22.2,61.9,0.86,1.73,-0.15,87.04,📊,,,,,,,,,,
20260514,2026-05-14T15:10:43.298630+00:00,VLO,53,55,40.3,9.0,12.1,50.0,0.81,-1.45,-4.77,254.32,📊,,,,,,,,,,
20260514,2026-05-14T15:10:43.298630+00:00,CVE,54,56,40.1,8.0,19.5,89.7,0.57,0.05,-2.87,30.45,📊,,,,,,,,,,
20260518,2026-05-19T02:18:35.118298+00:00,WMT,1,3,67.3,15.0,11.0,2.4,0.73,-0.27,-0.02,133.36,🔥,,,,,,,,,,
20260518,2026-05-19T02:18:35.118298+00:00,TTE,2,4,65.8,8.0,7.0,23.8,0.58,-1.67,-0.18,93.6,🔥,,,,,,,,,,
20260518,2026-05-19T02:18:35.118298+00:00,GSAT,3,5,64.9,6.0,11.8,0.0,1.14,0.0,-1.16,82.67,📊,,,,,,,,,,
20260518,2026-05-19T02:18:35.118298+00:00,UGP,4,6,64.4,6.0,8.0,6.3,0.9,-1.49,-4.58,6.11,⏳,,,,,,,,,,
20260518,2026-05-19T02:18:35.118298+00:00,TIGO,5,7,63.1,6.0,8.3,7.9,0.88,-1.71,-4.89,84.88,⏳,,,,,,,,,,
20260518,2026-05-19T02:18:35.118298+00:00,HSBC,6,8,62.6,20.0,17.0,0.0,0.71,0.5,-1.66,91.65,🔥,,,,,,,,,,
20260518,2026-05-19T02:18:35.118298+00:00,DAR,7,9,62.5,7.0,10.6,0.8,0.85,-1.56,-4.18,64.84,⏳,,,,,,,,,,
20260518,2026-05-19T02:18:35.118298+00:00,AMX,8,10,58.1,6.0,6.3,36.5,0.71,-1.12,-1.97,27.42,📊,,,,,,,,,,
20260518,2026-05-19T02:18:35.118298+00:00,MS,9,11,57.5,34.0,23.2,3.2,0.66,0.3,-0.95,194.53,🔥,,,,,,,,,,
20260518,2026-05-19T02:18:35.118298+00:00,TD,10,12,57.1,21.0,16.7,26.2,0.57,0.52,-0.2,108.6,📊,,,,,,,,,,
20260518,2026-05-19T02:18:35.118298+00:00,AVGO,11,13,55.7,6.0,24.1,4.0,0.73,1.47,-4.34,439.79,⏳,,,,,,,,,,
20260518,2026-05-19T02:18:35.118298+00:00,VNOM,12,14,55.0,13.0,15.5,25.4,0.44,0.05,-2.22,50.23,📊,,,,,,,,,,
20260518,2026-05-19T02:18:35.118298+00:00,ROIV,13,15,53.6,13.0,11.5,11.9,0.95,-0.55,-4.29,29.83,⏳,,,,,,,,,,
20260518,2026-05-19T02:18:35.118298+00:00,BP,14,16,53.4,9.0,9.9,53.2,0.58,-1.86,-2.98,47.09,📊,,,,,,,,,,
20260518,2026-05-19T02:18:35.118298+00:00,FTI,15,17,52.9,6.0,8.9,19.8,0.96,-1.57,-4.59,76.99,⏳,,,,,,,,,,
20260518,2026-05-19T02:18:35.118298+00:00,LBRT,16,18,52.9,13.0,23.9,8.7,0.85,0.88,-2.53,33.93,🔥,,,,,,,,,,
20260518,2026-05-19T02:18:35.118298+00:00,GS,17,19,51.8,35.0,24.4,10.3,0.72,0.39,-2.51,970.75,🔥,,,,,,,,,,
20260518,2026-05-19T02:18:35.118298+00:00,SLB,18,20,50.4,18.0,22.7,14.3,0.66,0.74,0.0,57.15,🔥,,,,,,,,,,
20260518,2026-05-19T02:18:35.118298+00:00,GLNG,19,21,49.5,8.0,9.6,61.9,0.67,-1.35,-1.01,57.36,📊,,,,,,,,,,
20260518,2026-05-19T02:18:35.118298+00:00,TS,20,22,48.8,8.0,10.6,19.8,0.88,-0.72,-2.85,63.9,🔥,,,,,,,,,,
20260518,2026-05-19T02:18:35.118298+00:00,PBR,21,23,48.2,7.0,11.1,45.2,0.55,-1.85,-6.04,22.03,📊,,,,,,,,,,
20260518,2026-05-19T02:18:35.118298+00:00,ADI,22,24,48.0,6.0,24.3,36.5,0.88,2.65,-3.19,432.39,📊,,,,,,,,,,
20260518,2026-05-19T02:18:35.118298+00:00,SSL,23,25,48.0,9.0,17.1,18.3,0.51,-0.69,-6.58,14.29,⏳,,,,,,,,,,
20260518,2026-05-19T02:18:35.118298+00:00,SU,24,26,47.8,9.0,13.1,50.0,0.59,-1.17,0.0,69.73,📊,,,,,,,,,,
20260518,2026-05-19T02:18:35.118298+00:00,STT,25,27,47.8,22.0,22.5,0.8,0.94,0.58,-0.18,154.02,🔥,,,,,,,,,,
20260518,2026-05-19T02:18:35.118298+00:00,GOOGL,26,28,47.5,6.0,24.1,88.1,0.86,3.41,-1.41,402.62,📊,,,,,,,,,,
20260518,2026-05-19T02:18:35.118298+00:00,CM,27,30,46.5,22.0,20.1,18.3,0.84,0.85,-0.13,112.22,🔥,,,,,,,,,,
20260518,2026-05-19T02:18:35.118298+00:00,WMB,28,31,45.6,12.0,7.7,77.0,0.9,-0.7,1.81,76.31,📊,,,,,,,,,,
20260518,2026-05-19T02:18:35.118298+00:00,NOV,29,32,45.5,15.0,12.8,15.9,1.0,0.02,1.68,20.82,📊,,,,,,,,,,
20260518,2026-05-19T02:18:35.118298+00:00,MUR,30,33,45.3,8.0,13.7,27.8,0.62,-2.32,-5.38,42.74,⏳,,,,,,,,,,
20260518,2026-05-19T02:18:35.118298+00:00,MAC,31,34,45.0,22.0,22.3,14.3,1.64,0.82,-2.1,22.34,📊,,,,,,,,,,
20260518,2026-05-19T02:18:35.118298+00:00,VLO,32,36,44.4,9.0,12.1,31.0,0.77,-1.24,1.65,254.32,📊,,,,,,,,,,
20260518,2026-05-19T02:18:35.118298+00:00,BK,33,37,44.1,34.0,24.9,7.1,0.93,0.55,-0.58,137.37,🔥,,,,,,,,,,
20260518,2026-05-19T02:18:35.118298+00:00,LSCC,34,38,43.7,6.0,24.9,9.5,1.43,1.8,-4.51,128.96,⏳,,,,,,,,,,
20260518,2026-05-19T02:18:35.118298+00:00,UNH,35,39,43.1,6.0,24.1,57.1,0.84,3.49,-2.5,401.16,📊,,,,,,,,,,
20260518,2026-05-19T02:18:35.118298+00:00,PL,36,40,43.0,6.0,21.2,35.7,0.69,1.11,-3.32,43.04,📊,,,,,,,,,,
20260518,2026-05-19T02:18:35.118298+00:00,ROKU,37,41,42.4,6.0,23.9,42.1,0.83,2.76,-4.15,129.53,📊,,,,,,,,,,
20260518,2026-05-19T02:18:35.118298+00:00,C,38,42,41.9,22.0,20.7,9.5,0.74,0.3,-7.56,132.42,⏳,,,,,,,,,,
20260518,2026-05-19T02:18:35.118298+00:00,ARWR,39,43,41.9,6.0,23.2,30.2,0.67,1.98,-7.2,79.69,📊,,,,,,,,,,
20260518,2026-05-19T02:18:35.118298+00:00,EOG,40,44,41.4,11.0,14.7,39.7,0.66,-0.97,-3.86,148.74,📊,,,,,,,,,,
20260518,2026-05-19T02:18:35.118298+00:00,PAA,41,45,41.2,10.0,9.1,81.7,0.92,-0.81,2.3,22.65,📊,,,,,,,,,,
20260518,2026-05-19T02:18:35.118298+00:00,FRO,42,46,41.0,13.0,24.1,27.0,0.59,0.37,-4.48,39.51,⏳,,,,,,,,,,
20260518,2026-05-19T02:18:35.118298+00:00,SIRI,43,47,40.6,11.0,22.7,6.3,1.17,1.29,-6.08,27.78,⏳,,,,,,,,,,
20260518,2026-05-19T02:18:35.118298+00:00,LYB,44,48,40.4,10.0,20.4,4.0,0.68,-1.54,-10.01,82.38,📊,,,,,,,,,,
20260518,2026-05-19T02:18:35.118298+00:00,HST,45,49,40.3,21.0,21.2,31.7,0.82,0.73,-1.8,22.27,📊,,,,,,,,,,
20260518,2026-05-19T02:18:35.118298+00:00,EQNR,46,50,40.0,9.0,16.3,35.7,0.52,-2.33,-5.51,41.97,📊,,,,,,,,,,
20260520,2026-05-21T02:08:16.603545+00:00,WBD,1,2,81.3,9.0,2.9,1.6,0.63,-1.87,-0.76,27.63,🔥,,,,,,,,,,
20260520,2026-05-21T02:08:16.603545+00:00,TTE,2,4,68.5,8.0,7.0,22.2,0.57,-1.65,-1.13,93.6,🔥,,,,,,,,,,
20260520,2026-05-21T02:08:16.603545+00:00,GSAT,3,5,67.6,6.0,11.8,0.8,1.09,-0.12,-0.27,82.67,📊,,,,,,,,,,
20260520,2026-05-21T02:08:16.603545+00:00,AMX,4,6,67.4,6.0,6.3,21.4,0.71,-0.95,-2.7,27.42,🔥,,,,,,,,,,
20260520,2026-05-21T02:08:16.603545+00:00,TIGO,5,7,64.7,6.0,8.3,10.3,0.86,-1.58,-0.91,84.88,🔥,,,,,,,,,,
20260520,2026-05-21T02:08:16.603545+00:00,NUE,6,8,58.6,6.0,21.4,19.8,0.91,2.69,-3.65,234.22,⏳,,,,,,,,,,
20260520,2026-05-21T02:08:16.603545+00:00,LBRT,7,9,57.8,13.0,22.5,0.0,0.82,0.73,-3.57,33.93,⏳,,,,,,,,,,
20260520,2026-05-21T02:08:16.603545+00:00,AVGO,8,10,57.0,6.0,19.3,2.4,0.74,0.6,-5.01,439.79,⏳,,,,,,,,,,
20260520,2026-05-21T02:08:16.603545+00:00,HSBC,9,11,56.4,20.0,17.0,8.7,0.69,0.48,0.37,91.65,📊,,,,,,,,,,
20260520,2026-05-21T02:08:16.603545+00:00,ARWR,10,12,53.9,6.0,20.0,26.2,0.65,1.42,-3.2,79.69,⏳,,,,,,,,,,
20260520,2026-05-21T02:08:16.603545+00:00,BP,11,13,53.4,9.0,9.0,55.6,0.58,-1.97,-4.16,47.09,📊,,,,,,,,,,
20260520,2026-05-21T02:08:16.603545+00:00,UGP,12,14,53.2,7.0,8.0,9.5,1.05,-1.46,-5.24,6.11,⏳,,,,,,,,,,
20260520,2026-05-21T02:08:16.603545+00:00,SLB,13,15,53.0,18.0,22.2,11.1,0.67,0.67,0.0,57.28,🔥,,,,,,,,,,
20260520,2026-05-21T02:08:16.603545+00:00,AMZN,14,16,52.4,6.0,15.0,17.5,0.87,0.58,-3.63,274.99,⏳,,,,,,,,,,
20260520,2026-05-21T02:08:16.603545+00:00,SAN,15,17,51.1,24.0,20.3,10.3,0.44,-0.05,-5.13,13.05,⏳,,,,,,,,,,
20260520,2026-05-21T02:08:16.603545+00:00,CIEN,16,18,50.8,6.0,21.0,34.1,0.57,1.72,-6.22,591.57,📊,,,,,,,,,,
20260520,2026-05-21T02:08:16.603545+00:00,FRO,17,19,50.8,13.0,23.6,11.9,0.53,0.18,-1.44,39.51,🔥,,,,,,,,,,
20260520,2026-05-21T02:08:16.603545+00:00,VLY,18,20,50.5,22.0,16.1,23.0,0.71,0.36,-2.98,13.77,🔥,,,,,,,,,,
20260520,2026-05-21T02:08:16.603545+00:00,STLD,19,21,50.3,6.0,21.4,20.6,0.8,2.18,-5.6,241.85,⏳,,,,,,,,,,
20260520,2026-05-21T02:08:16.603545+00:00,SIRI,20,22,49.6,11.0,22.7,3.2,1.0,1.12,-2.63,27.78,📊,,,,,,,,,,
20260520,2026-05-21T02:08:16.603545+00:00,NTRS,21,23,49.3,22.0,21.5,0.0,0.95,0.5,-3.37,171.74,⏳,,,,,,,,,,
20260520,2026-05-21T02:08:16.603545+00:00,SU,22,24,49.0,9.0,12.3,46.8,0.59,-1.23,-2.72,69.73,📊,,,,,,,,,,
20260520,2026-05-21T02:08:16.603545+00:00,MAR,23,25,48.9,21.0,19.1,13.5,0.85,0.48,-2.37,378.72,🔥,,,,,,,,,,
20260520,2026-05-21T02:08:16.603545+00:00,FTI,24,26,48.8,7.0,9.4,18.3,0.98,-1.51,-6.09,76.94,⏳,,,,,,,,,,
20260520,2026-05-21T02:08:16.603545+00:00,TD,25,27,48.6,22.0,17.5,29.4,0.59,0.52,0.0,109.58,📊,,,,,,,,,,
20260520,2026-05-21T02:08:16.603545+00:00,STT,26,28,48.6,23.0,22.5,2.4,0.88,0.62,0.0,154.07,🔥,,,,,,,,,,
20260520,2026-05-21T02:08:16.603545+00:00,PBA,27,29,48.4,14.0,14.4,92.9,0.62,-0.11,-0.59,49.55,📊,,,,,,,,,,
20260520,2026-05-21T02:08:16.603545+00:00,PL,28,30,48.1,6.0,21.2,37.3,0.67,1.87,-0.88,43.04,📊,,,,,,,,,,
20260520,2026-05-21T02:08:16.603545+00:00,TS,29,31,47.8,8.0,10.5,19.8,0.91,-0.8,-3.15,62.66,⏳,,,,,,,,,,
20260520,2026-05-21T02:08:16.603545+00:00,BNS,30,32,47.7,35.0,19.3,14.3,0.73,0.34,0.64,78.45,📊,,,,,,,,,,
20260520,2026-05-21T02:08:16.603545+00:00,SSL,31,33,47.4,9.0,15.8,16.7,0.52,-0.89,-8.82,14.29,⏳,,,,,,,,,,
20260520,2026-05-21T02:08:16.603545+00:00,GLNG,32,34,46.6,8.0,9.6,55.6,0.73,-1.29,-3.31,57.36,📊,,,,,,,,,,
20260520,2026-05-21T02:08:16.603545+00:00,MGA,33,35,46.2,12.0,18.6,2.4,0.89,-0.4,-4.15,63.6,⏳,,,,,,,,,,
20260520,2026-05-21T02:08:16.603545+00:00,JBL,34,36,45.9,6.0,21.3,2.4,1.12,1.24,-7.28,372.26,⏳,,,,,,,,,,
20260520,2026-05-21T02:08:16.603545+00:00,CSX,35,37,45.8,24.0,24.8,3.2,0.99,1.01,-0.56,46.2,📊,,,,,,,,,,
20260520,2026-05-21T02:08:16.603545+00:00,MS,36,38,45.4,34.0,23.2,7.1,0.68,0.3,1.67,194.53,📊,,,,,,,,,,
20260520,2026-05-21T02:08:16.603545+00:00,ROKU,37,39,44.9,6.0,22.8,34.1,0.81,2.24,-4.15,129.53,📊,,,,,,,,,,
20260520,2026-05-21T02:08:16.603545+00:00,UNH,38,40,44.5,6.0,24.1,56.3,0.7,3.48,-4.45,401.16,📊,,,,,,,,,,
20260520,2026-05-21T02:08:16.603545+00:00,WMB,39,41,44.5,13.0,9.4,77.0,0.95,-0.53,0.21,77.72,📊,,,,,,,,,,
20260520,2026-05-21T02:08:16.603545+00:00,GOOGL,40,42,44.3,6.0,21.2,77.0,0.9,3.13,-3.41,402.62,📊,,,,,,,,,,
20260520,2026-05-21T02:08:16.603545+00:00,PFG,41,43,44.2,37.0,24.7,7.1,0.73,0.47,1.24,101.55,📊,,,,,,,,,,
20260520,2026-05-21T02:08:16.603545+00:00,MUR,42,45,43.5,9.0,13.7,22.2,0.61,-1.85,-8.01,42.37,⏳,,,,,,,,,,
20260520,2026-05-21T02:08:16.603545+00:00,C,43,46,43.2,23.0,20.7,14.3,0.75,0.31,-5.74,132.42,⏳,,,,,,,,,,
20260520,2026-05-21T02:08:16.603545+00:00,SKM,44,47,43.1,6.0,10.1,38.9,1.14,-0.77,-4.21,39.63,📊,,,,,,,,,,
20260520,2026-05-21T02:08:16.603545+00:00,GGB,45,48,42.7,6.0,15.2,46.8,0.84,1.05,-4.14,4.89,📊,,,,,,,,,,
20260520,2026-05-21T02:08:16.603545+00:00,NOV,46,49,42.4,16.0,12.8,22.2,1.01,0.1,1.59,20.82,📊,,,,,,,,,,
20260520,2026-05-21T02:08:16.603545+00:00,BHP,47,50,42.3,6.0,15.4,72.2,0.61,0.46,-7.99,90.81,📊,,,,,,,,,,
20260520,2026-05-21T02:08:16.603545+00:00,CM,48,51,42.2,22.0,20.3,21.4,0.78,0.85,1.91,112.22,📊,,,,,,,,,,
20260520,2026-05-21T02:08:16.603545+00:00,MKSI,49,52,41.6,6.0,17.7,45.2,0.93,1.44,-2.56,319.71,📊,,,,,,,,,,
20260520,2026-05-21T02:08:16.603545+00:00,HAL,50,53,41.0,15.0,21.9,38.9,0.69,1.07,-1.58,42.98,📊,,,,,,,,,,
20260520,2026-05-21T02:08:16.603545+00:00,BK,51,54,40.7,34.0,24.9,13.5,0.91,0.55,-0.16,137.37,🔥,,,,,,,,,,
20260520,2026-05-21T02:08:16.603545+00:00,TSM,52,55,40.5,19.0,24.6,5.6,1.06,0.84,-4.26,419.5,⏳,,,,,,,,,,
20260520,2026-05-21T02:08:16.603545+00:00,CHRD,53,56,40.5,10.0,17.8,30.2,0.71,-0.44,-2.74,149.65,📊,,,,,,,,,,
20260520,2026-05-21T02:08:16.603545+00:00,LSCC,54,57,40.2,6.0,23.5,19.0,1.54,1.68,0.0,138.74,📊,,,,,,,,,,
20260520,2026-05-21T02:08:16.603545+00:00,BEN,55,58,40.0,6.0,23.0,77.0,0.97,3.2,-3.55,32.35,📊,,,,,,,,,,
20260521,2026-05-22T00:42:31.195949+00:00,TTE,1,2,67.9,9.0,7.0,22.2,0.58,-1.42,-1.34,93.6,🔥,,,,,,,,,,
20260521,2026-05-22T00:42:31.195949+00:00,AMX,2,3,67.7,6.0,6.3,20.6,0.66,-0.83,-3.98,27.42,⏳,,,,,,,,,,
20260521,2026-05-22T00:42:31.195949+00:00,NUE,3,4,61.7,6.0,20.5,15.1,0.9,2.34,-3.32,234.22,⏳,,,,,,,,,,
20260521,2026-05-22T00:42:31.195949+00:00,GSAT,4,5,60.3,7.0,12.2,1.6,1.04,-0.14,0.0,82.71,📊,,,,,,,,,,
20260521,2026-05-22T00:42:31.195949+00:00,LBRT,5,6,59.7,13.0,22.5,0.0,0.76,0.68,-3.09,33.93,⏳,,,,,,,,,,
20260521,2026-05-22T00:42:31.195949+00:00,AMZN,6,7,59.3,6.0,13.3,10.3,0.87,0.39,-2.37,274.99,🔥,,,,,,,,,,
20260521,2026-05-22T00:42:31.195949+00:00,AVGO,7,8,58.0,6.0,15.5,4.0,0.74,0.19,-5.73,439.79,⏳,,,,,,,,,,
20260521,2026-05-22T00:42:31.195949+00:00,MAC,8,9,57.3,6.0,5.5,21.4,1.69,-0.87,-0.27,22.43,📊,,,,,,,,,,
20260521,2026-05-22T00:42:31.195949+00:00,VLY,9,10,56.5,22.0,16.1,16.7,0.61,0.33,-2.61,13.77,🔥,,,,,,,,,,
20260521,2026-05-22T00:42:31.195949+00:00,HSBC,10,11,56.2,20.0,17.0,9.5,0.67,0.46,0.43,91.65,📊,,,,,,,,,,
20260521,2026-05-22T00:42:31.195949+00:00,STLD,11,12,55.5,6.0,21.2,14.3,0.77,1.88,-4.14,241.85,⏳,,,,,,,,,,
20260521,2026-05-22T00:42:31.195949+00:00,UGP,12,13,55.5,7.0,8.0,7.9,1.1,-1.51,-5.24,6.11,⏳,,,,,,,,,,
20260521,2026-05-22T00:42:31.195949+00:00,SSL,13,14,54.4,9.0,15.5,8.7,0.52,-0.95,-7.14,14.29,⏳,,,,,,,,,,
20260521,2026-05-22T00:42:31.195949+00:00,FRO,14,15,54.3,13.0,23.6,4.8,0.56,0.13,-2.71,39.51,🔥,,,,,,,,,,
20260521,2026-05-22T00:42:31.195949+00:00,JBL,15,16,53.8,6.0,19.6,4.0,1.12,1.04,-4.26,372.26,⏳,,,,,,,,,,
20260521,2026-05-22T00:42:31.195949+00:00,TIGO,16,17,53.4,6.0,8.3,20.6,0.89,-1.37,2.27,84.88,📊,,,,,,,,,,
20260521,2026-05-22T00:42:31.195949+00:00,CIEN,17,18,52.6,6.0,21.0,34.9,0.56,1.9,-0.73,591.57,📊,,,,,,,,,,
20260521,2026-05-22T00:42:31.195949+00:00,SLB,18,19,52.3,18.0,22.2,12.7,0.64,0.63,-0.05,57.28,🔥,,,,,,,,,,
20260521,2026-05-22T00:42:31.195949+00:00,ARWR,19,20,51.2,6.0,20.0,25.4,0.63,1.29,-5.21,79.69,⏳,,,,,,,,,,
20260521,2026-05-22T00:42:31.195949+00:00,NTRS,20,21,50.0,22.0,21.5,0.8,0.93,0.5,-2.7,171.74,🔥,,,,,,,,,,
20260521,2026-05-22T00:42:31.195949+00:00,MAR,21,22,49.4,21.0,18.3,15.1,0.84,0.47,-2.15,378.72,🔥,,,,,,,,,,
20260521,2026-05-22T00:42:31.195949+00:00,STT,22,23,49.4,23.0,22.5,3.2,0.85,0.61,-0.25,154.07,🔥,,,,,,,,,,
20260521,2026-05-22T00:42:31.195949+00:00,ROKU,23,24,49.2,6.0,20.9,28.6,0.79,1.88,-3.44,129.53,⏳,,,,,,,,,,
20260521,2026-05-22T00:42:31.195949+00:00,SU,24,25,48.6,9.0,12.3,45.2,0.6,-1.24,-2.87,69.73,📊,,,,,,,,,,
20260521,2026-05-22T00:42:31.195949+00:00,MGA,25,26,47.9,12.0,18.0,4.0,0.86,-0.33,-0.13,63.17,🔥,,,,,,,,,,
20260521,2026-05-22T00:42:31.195949+00:00,TS,26,27,47.6,8.0,10.5,20.6,0.92,-0.79,-1.43,62.66,🔥,,,,,,,,,,
20260521,2026-05-22T00:42:31.195949+00:00,CSX,27,28,47.5,24.0,24.8,3.2,0.93,1.0,-0.65,46.2,🔥,,,,,,,,,,
20260521,2026-05-22T00:42:31.195949+00:00,PBA,28,29,46.5,14.0,14.4,89.7,0.65,-0.13,-0.46,49.55,📊,,,,,,,,,,
20260521,2026-05-22T00:42:31.195949+00:00,TSM,29,30,45.2,19.0,24.6,0.0,1.05,0.82,-2.94,419.5,📊,,,,,,,,,,
20260521,2026-05-22T00:42:31.195949+00:00,TGT,30,31,45.2,14.0,14.7,23.0,0.97,0.12,-3.6,130.86,⏳,,,,,,,,,,
20260521,2026-05-22T00:42:31.195949+00:00,BHP,31,32,44.8,6.0,15.4,70.6,0.62,0.5,-6.46,90.81,📊,,,,,,,,,,
20260521,2026-05-22T00:42:31.195949+00:00,PFG,32,33,44.8,37.0,24.8,5.6,0.71,0.46,1.48,102.4,📊,,,,,,,,,,
20260521,2026-05-22T00:42:31.195949+00:00,BNS,33,34,44.7,35.0,19.3,16.7,0.75,0.33,1.25,78.45,📊,,,,,,,,,,
20260521,2026-05-22T00:42:31.195949+00:00,WFRD,34,35,44.7,17.0,23.8,10.3,0.82,0.39,-1.26,111.42,🔥,,,,,,,,,,
20260521,2026-05-22T00:42:31.195949+00:00,NOV,35,36,44.5,17.0,14.3,23.8,1.01,0.11,-1.46,21.17,📊,,,,,,,,,,
20260521,2026-05-22T00:42:31.195949+00:00,C,36,37,44.0,23.0,20.7,13.5,0.75,0.29,-5.44,132.42,⏳,,,,,,,,,,
20260521,2026-05-22T00:42:31.195949+00:00,PL,37,38,43.7,7.0,21.2,37.3,0.66,1.12,-1.3,43.04,📊,,,,,,,,,,
20260521,2026-05-22T00:42:31.195949+00:00,GGB,38,39,43.6,6.0,14.6,42.1,0.84,1.03,-3.93,4.89,📊,,,,,,,,,,
20260521,2026-05-22T00:42:31.195949+00:00,GOOGL,39,40,43.3,6.0,21.2,69.8,0.92,2.96,-3.72,402.62,📊,,,,,,,,,,
20260521,2026-05-22T00:42:31.195949+00:00,AA,40,41,43.3,19.0,23.5,4.0,0.58,0.21,-9.46,73.19,⏳,,,,,,,,,,
20260521,2026-05-22T00:42:31.195949+00:00,WMB,41,43,42.9,14.0,11.3,75.4,0.95,-0.48,-2.37,79.4,📊,,,,,,,,,,
20260521,2026-05-22T00:42:31.195949+00:00,FTI,42,44,42.8,7.0,8.9,27.8,0.96,-1.55,-7.18,76.94,⏳,,,,,,,,,,
20260521,2026-05-22T00:42:31.195949+00:00,UNH,43,45,42.4,6.0,24.1,55.6,0.76,3.27,-4.66,401.16,📊,,,,,,,,,,
20260521,2026-05-22T00:42:31.195949+00:00,MKSI,44,46,42.3,6.0,17.0,46.8,0.95,1.48,-2.05,319.71,📊,,,,,,,,,,
20260521,2026-05-22T00:42:31.195949+00:00,VALE,45,47,41.8,19.0,22.0,7.1,0.73,0.18,-7.58,17.82,⏳,,,,,,,,,,
20260521,2026-05-22T00:42:31.195949+00:00,CM,46,48,41.6,22.0,20.1,23.8,0.73,0.85,2.35,112.22,📊,,,,,,,,,,
20260521,2026-05-22T00:42:31.195949+00:00,HAL,47,49,41.3,17.0,24.0,34.9,0.68,1.16,-2.37,42.98,📊,,,,,,,,,,
20260521,2026-05-22T00:42:31.195949+00:00,SKM,48,50,41.0,6.0,8.9,42.9,1.13,-0.72,-1.39,39.63,📊,,,,,,,,,,
20260521,2026-05-22T00:42:31.195949+00:00,TECK,49,51,40.6,6.0,15.9,64.3,0.72,0.38,-5.75,66.84,📊,,,,,,,,,,
20260521,2026-05-22T00:42:31.195949+00:00,CHRD,50,52,40.0,10.0,17.8,26.2,0.72,-0.56,-3.71,148.35,⏳,,,,,,,,,,
20260522,2026-05-22T14:30:58.495141+00:00,TTE,1,2,68.0,9.0,7.0,22.2,0.57,-1.45,-2.9,93.6,🔥,,,,,,,,,,
20260522,2026-05-22T14:30:58.495141+00:00,GSAT,2,3,63.6,7.0,12.3,2.4,0.99,-0.04,0.0,82.89,📊,,,,,,,,,,
20260522,2026-05-22T14:30:58.495141+00:00,NUE,3,4,61.8,6.0,19.1,7.9,0.87,2.08,-1.59,234.22,🔥,,,,,,,,,,
20260522,2026-05-22T14:30:58.495141+00:00,AMZN,4,5,60.4,6.0,12.8,10.3,0.82,0.26,-2.42,274.99,🔥,,,,,,,,,,
20260522,2026-05-22T14:30:58.495141+00:00,AVGO,5,6,59.1,6.0,13.7,4.8,0.7,-0.1,-6.56,439.79,⏳,,,,,,,,,,
20260522,2026-05-22T14:30:58.495141+00:00,MAC,6,7,58.0,6.0,5.5,19.8,1.65,-0.75,-0.18,22.43,📊,,,,,,,,,,
20260522,2026-05-22T14:30:58.495141+00:00,STLD,7,8,57.5,6.0,19.7,20.6,0.73,1.64,-1.37,241.85,🔥,,,,,,,,,,
20260522,2026-05-22T14:30:58.495141+00:00,VLY,8,9,56.7,22.0,16.1,18.3,0.57,0.31,-2.51,13.77,🔥,,,,,,,,,,
20260522,2026-05-22T14:30:58.495141+00:00,TIGO,9,10,56.6,6.0,8.3,22.2,0.86,-1.25,1.16,84.88,📊,,,,,,,,,,
20260522,2026-05-22T14:30:58.495141+00:00,HSBC,10,11,55.6,21.0,17.4,11.1,0.66,0.46,0.0,92.1,🔥,,,,,,,,,,
20260522,2026-05-22T14:30:58.495141+00:00,CIEN,11,12,54.7,6.0,21.0,36.5,0.55,2.2,-1.64,591.57,📊,,,,,,,,,,
20260522,2026-05-22T14:30:58.495141+00:00,SSL,12,13,54.5,9.0,15.5,7.1,0.51,-1.0,-7.52,14.29,⏳,,,,,,,,,,
20260522,2026-05-22T14:30:58.495141+00:00,ARWR,13,14,54.1,6.0,20.0,23.8,0.6,1.12,-4.34,79.69,⏳,,,,,,,,,,
20260522,2026-05-22T14:30:58.495141+00:00,SLB,14,15,53.4,18.0,22.2,13.5,0.61,0.58,-0.58,57.28,🔥,,,,,,,,,,
20260522,2026-05-22T14:30:58.495141+00:00,UGP,15,16,53.4,7.0,8.0,8.7,1.09,-1.58,-6.14,6.11,⏳,,,,,,,,,,
20260522,2026-05-22T14:30:58.495141+00:00,JBL,16,17,52.4,6.0,18.1,12.7,1.07,0.94,-3.12,372.26,⏳,,,,,,,,,,
20260522,2026-05-22T14:30:58.495141+00:00,ROKU,17,18,51.4,6.0,20.2,25.4,0.76,1.63,-2.85,129.53,📊,,,,,,,,,,
20260522,2026-05-22T14:30:58.495141+00:00,NTRS,18,19,50.7,22.0,21.5,2.4,0.88,0.49,-2.24,171.74,🔥,,,,,,,,,,
20260522,2026-05-22T14:30:58.495141+00:00,LBRT,19,20,50.1,13.0,22.5,1.6,0.73,0.61,-5.45,33.93,⏳,,,,,,,,,,
20260522,2026-05-22T14:30:58.495141+00:00,TS,20,21,49.9,8.0,10.5,19.0,0.89,-0.75,-2.05,62.66,🔥,,,,,,,,,,
20260522,2026-05-22T14:30:58.495141+00:00,CSX,21,22,49.2,24.0,24.8,4.0,0.86,1.0,-0.85,46.2,🔥,,,,,,,,,,
20260522,2026-05-22T14:30:58.495141+00:00,UNH,22,23,49.1,6.0,22.0,54.8,0.74,2.95,-3.29,401.16,📊,,,,,,,,,,
20260522,2026-05-22T14:30:58.495141+00:00,STT,23,24,48.8,23.0,22.5,4.0,0.83,0.63,0.27,154.02,📊,,,,,,,,,,
20260522,2026-05-22T14:30:58.495141+00:00,SU,24,25,48.4,9.0,12.3,42.9,0.59,-1.22,-2.87,69.73,📊,,,,,,,,,,
20260522,2026-05-22T14:30:58.495141+00:00,AA,25,26,48.1,19.0,23.5,15.9,0.58,0.22,-3.86,73.19,⏳,,,,,,,,,,
20260522,2026-05-22T14:30:58.495141+00:00,MAR,26,27,47.7,21.0,18.2,19.8,0.81,0.45,-2.62,378.72,🔥,,,,,,,,,,
20260522,2026-05-22T14:30:58.495141+00:00,TSM,27,28,47.0,19.0,24.6,0.8,0.96,0.82,-3.28,419.5,⏳,,,,,,,,,,
20260522,2026-05-22T14:30:58.495141+00:00,TGT,28,29,46.5,14.0,14.7,20.6,0.96,0.07,-2.94,130.86,📊,,,,,,,,,,
20260522,2026-05-22T14:30:58.495141+00:00,MRK,29,30,45.9,19.0,13.9,32.5,0.75,-0.2,-1.15,123.18,📊,,,,,,,,,,
20260522,2026-05-22T14:30:58.495141+00:00,SKM,30,31,45.7,6.0,8.9,42.9,1.08,-0.7,-3.44,39.63,📊,,,,,,,,,,
20260522,2026-05-22T14:30:58.495141+00:00,GOOGL,31,32,45.4,6.0,20.2,60.3,0.88,2.71,-3.89,402.62,📊,,,,,,,,,,
20260522,2026-05-22T14:30:58.495141+00:00,WFRD,32,33,45.4,17.0,23.8,10.3,0.77,0.35,-3.15,111.42,⏳,,,,,,,,,,
20260522,2026-05-22T14:30:58.495141+00:00,FRO,33,34,45.3,13.0,23.6,3.2,0.58,0.05,-7.24,39.51,⏳,,,,,,,,,,
20260522,2026-05-22T14:30:58.495141+00:00,CHRD,34,35,45.2,10.0,17.5,19.0,0.7,-0.67,-3.15,148.35,⏳,,,,,,,,,,
20260522,2026-05-22T14:30:58.495141+00:00,YOU,35,37,44.7,6.0,22.0,33.3,0.79,1.73,-3.74,62.01,📊,,,,,,,,,,
20260522,2026-05-22T14:30:58.495141+00:00,SYRE,36,38,44.7,6.0,17.2,19.8,1.13,0.12,-3.17,76.43,⏳,,,,,,,,,,
20260522,2026-05-22T14:30:58.495141+00:00,NOV,37,39,44.3,17.0,14.3,27.0,0.94,0.08,-2.27,21.17,📊,,,,,,,,,,
20260522,2026-05-22T14:30:58.495141+00:00,C,38,40,44.2,23.0,20.7,12.7,0.74,0.27,-5.51,132.42,⏳,,,,,,,,,,
20260522,2026-05-22T14:30:58.495141+00:00,AMAT,39,41,43.6,6.0,14.1,47.6,1.06,0.63,-1.77,443.07,📊,,,,,,,,,,
20260522,2026-05-22T14:30:58.495141+00:00,GGB,40,42,43.6,6.0,14.6,38.1,0.82,1.03,-4.75,4.89,📊,,,,,,,,,,
20260522,2026-05-22T14:30:58.495141+00:00,CENX,41,43,43.4,7.0,19.2,9.5,0.61,-2.85,-6.94,67.94,⏳,,,,,,,,,,
20260522,2026-05-22T14:30:58.495141+00:00,WMB,42,44,43.3,14.0,11.3,73.0,0.93,-0.51,-1.74,79.4,📊,,,,,,,,,,
20260522,2026-05-22T14:30:58.495141+00:00,BEN,43,45,43.1,6.0,20.6,65.1,0.93,2.65,-4.14,32.35,📊,,,,,,,,,,
20260522,2026-05-22T14:30:58.495141+00:00,HAL,44,46,43.0,17.0,24.0,31.0,0.65,1.13,-3.37,42.98,📊,,,,,,,,,,
20260522,2026-05-22T14:30:58.495141+00:00,NE,45,47,42.8,10.0,15.0,27.0,0.81,-0.63,-4.52,54.37,⏳,,,,,,,,,,
20260522,2026-05-22T14:30:58.495141+00:00,GEV,46,48,42.7,6.0,14.9,11.9,0.92,-0.82,-9.37,1149.53,⏳,,,,,,,,,,
20260522,2026-05-22T14:30:58.495141+00:00,PFG,47,49,42.7,37.0,24.8,11.9,0.64,0.47,1.87,102.4,📊,,,,,,,,,,
20260522,2026-05-22T14:30:58.495141+00:00,MKSI,48,50,42.2,6.0,17.0,48.4,0.95,1.63,-0.48,319.71,📊,,,,,,,,,,
20260522,2026-05-22T14:30:58.495141+00:00,BHP,49,51,42.1,6.0,15.1,66.7,0.61,0.46,-7.95,90.81,📊,,,,,,,,,,
20260522,2026-05-22T14:30:58.495141+00:00,MGA,50,52,42.1,13.0,19.3,12.7,0.81,-0.48,0.0,64.16,🔥,,,,,,,,,,
20260522,2026-05-22T14:30:58.495141+00:00,PL,51,53,41.6,7.0,24.0,38.1,0.64,1.54,0.0,44.67,📊,,,,,,,,,,
20260522,2026-05-22T14:30:58.495141+00:00,VALE,52,54,41.5,19.0,22.0,5.6,0.7,0.11,-8.45,17.82,⏳,,,,,,,,,,
20260522,2026-05-22T14:30:58.495141+00:00,VLO,53,55,40.8,10.0,14.8,25.4,0.8,-1.22,-6.41,261.38,⏳,,,,,,,,,,
20260522,2026-05-22T14:30:58.495141+00:00,CGNX,54,56,40.7,6.0,20.4,75.4,1.25,2.74,-2.25,67.17,📊,,,,,,,,,,
20260522,2026-05-22T14:30:58.495141+00:00,AVT,55,57,40.1,6.0,19.0,34.9,1.26,1.78,-1.56,86.67,📊,,,,,,,,,,
20260526,2026-05-27T02:13:58.301140+00:00,GSAT,1,2,68.7,6.0,4.4,4.0,1.01,-0.68,0.0,83.59,📊,,,,,,,,,,
20260526,2026-05-27T02:13:58.301140+00:00,AVGO,2,3,63.2,6.0,13.4,5.6,0.73,-0.26,-4.04,439.79,⏳,,,,,,,,,,
20260526,2026-05-27T02:13:58.301140+00:00,SSL,3,4,61.2,10.0,17.1,5.6,0.52,-0.72,-5.88,14.29,⏳,,,,,,,,,,
20260526,2026-05-27T02:13:58.301140+00:00,NUE,4,5,57.2,6.0,21.1,5.6,0.91,2.01,0.0,240.29,🔥,,,,,,,,,,
20260526,2026-05-27T02:13:58.301140+00:00,MAC,5,6,57.1,6.0,5.7,20.6,1.62,-0.7,0.0,22.49,📊,,,,,,,,,,
20260526,2026-05-27T02:13:58.301140+00:00,FRO,6,7,56.3,9.0,15.5,0.8,0.64,-0.53,-7.44,39.51,⏳,,,,,,,,,,
20260526,2026-05-27T02:13:58.301140+00:00,ARWR,7,8,56.2,6.0,16.3,28.6,0.63,0.8,-1.27,79.69,📊,,,,,,,,,,
20260526,2026-05-27T02:13:58.301140+00:00,ROKU,8,9,55.5,6.0,17.7,19.0,0.78,1.34,-1.48,129.53,🔥,,,,,,,,,,
20260526,2026-05-27T02:13:58.301140+00:00,VLY,9,10,51.9,22.0,16.1,23.8,0.61,0.3,-0.47,13.77,🔥,,,,,,,,,,
20260526,2026-05-27T02:13:58.301140+00:00,GGB,10,11,51.6,6.0,13.6,23.8,0.86,1.01,-4.34,4.89,⏳,,,,,,,,,,
20260526,2026-05-27T02:13:58.301140+00:00,BEN,11,12,50.6,6.0,18.3,34.9,0.91,2.43,-2.1,32.35,📊,,,,,,,,,,
20260526,2026-05-27T02:13:58.301140+00:00,WULF,12,13,50.6,6.0,25.0,12.7,0.84,1.73,-2.18,25.74,🔥,,,,,,,,,,
20260526,2026-05-27T02:13:58.301140+00:00,WFRD,13,14,50.4,17.0,23.8,8.7,0.81,0.3,-2.32,111.42,🔥,,,,,,,,,,
20260526,2026-05-27T02:13:58.301140+00:00,TIGO,14,15,50.1,7.0,10.3,23.0,0.94,-1.23,-4.38,86.81,⏳,,,,,,,,,,
20260526,2026-05-27T02:13:58.301140+00:00,PFG,15,16,49.9,23.0,17.3,15.9,0.65,0.32,1.85,102.81,📊,,,,,,,,,,
20260526,2026-05-27T02:13:58.301140+00:00,HSBC,16,17,49.5,20.0,17.3,14.3,0.68,0.41,1.9,91.99,📊,,,,,,,,,,
20260526,2026-05-27T02:13:58.301140+00:00,NTRS,17,18,48.2,22.0,21.5,5.6,0.9,0.49,-1.05,171.74,🔥,,,,,,,,,,
20260526,2026-05-27T02:13:58.301140+00:00,LBRT,18,19,48.1,14.0,23.9,2.4,0.73,0.75,-5.84,33.93,⏳,,,,,,,,,,
20260526,2026-05-27T02:13:58.301140+00:00,SLB,19,20,48.0,18.0,22.2,18.3,0.63,0.66,1.22,57.28,📊,,,,,,,,,,
20260526,2026-05-27T02:13:58.301140+00:00,GOOGL,20,21,47.7,6.0,17.5,49.2,0.91,2.36,-3.41,402.62,📊,,,,,,,,,,
20260526,2026-05-27T02:13:58.301140+00:00,C,21,22,47.4,23.0,20.7,10.3,0.76,0.25,-4.2,132.42,⏳,,,,,,,,,,
20260526,2026-05-27T02:13:58.301140+00:00,GEV,22,24,46.8,6.0,14.9,4.8,0.9,-0.95,-6.88,1149.53,⏳,,,,,,,,,,
20260526,2026-05-27T02:13:58.301140+00:00,VALE,23,25,46.7,19.0,22.0,5.6,0.75,0.05,-7.41,17.82,⏳,,,,,,,,,,
20260526,2026-05-27T02:13:58.301140+00:00,CX,24,26,46.2,6.0,13.9,47.6,0.77,0.47,-3.32,13.55,📊,,,,,,,,,,
20260526,2026-05-27T02:13:58.301140+00:00,TSM,25,27,45.9,19.0,24.6,4.0,0.96,0.8,-1.71,419.5,📊,,,,,,,,,,
20260526,2026-05-27T02:13:58.301140+00:00,CIEN,26,28,45.6,6.0,21.0,43.7,0.56,1.95,1.83,591.57,📊,,,,,,,,,,
20260526,2026-05-27T02:13:58.301140+00:00,AROC,27,29,45.0,12.0,14.3,18.3,1.06,-0.56,-5.43,39.59,⏳,,,,,,,,,,
20260526,2026-05-27T02:13:58.301140+00:00,TGT,28,30,44.9,15.0,15.1,19.0,0.99,0.16,-4.15,130.86,⏳,,,,,,,,,,
20260526,2026-05-27T02:13:58.301140+00:00,MAR,29,31,44.6,21.0,18.2,25.4,0.81,0.44,-1.1,377.97,📊,,,,,,,,,,
20260526,2026-05-27T02:13:58.301140+00:00,TS,30,32,44.6,9.0,10.7,22.2,0.93,-0.67,0.0,62.69,🔥,,,,,,,,,,
20260526,2026-05-27T02:13:58.301140+00:00,HAL,31,33,44.0,17.0,24.0,24.6,0.66,1.08,-4.42,42.98,⏳,,,,,,,,,,
20260526,2026-05-27T02:13:58.301140+00:00,CSX,32,34,43.9,24.0,24.8,7.1,0.89,0.98,0.89,46.2,📊,,,,,,,,,,
20260526,2026-05-27T02:13:58.301140+00:00,BHP,33,35,43.6,6.0,15.1,65.9,0.65,0.57,-4.76,90.81,📊,,,,,,,,,,
20260526,2026-05-27T02:13:58.301140+00:00,CAT,34,36,43.5,6.0,17.1,36.5,0.93,1.34,-1.98,926.93,📊,,,,,,,,,,
20260526,2026-05-27T02:13:58.301140+00:00,TECK,35,37,43.2,6.0,15.9,70.6,0.75,0.5,-2.44,66.84,📊,,,,,,,,,,
20260526,2026-05-27T02:13:58.301140+00:00,ADI,36,38,43.1,6.0,19.5,26.2,1.08,1.32,-2.88,432.39,📊,,,,,,,,,,
20260526,2026-05-27T02:13:58.301140+00:00,KEYS,37,39,42.5,6.0,11.3,29.4,1.1,-0.17,-2.98,366.68,📊,,,,,,,,,,
20260526,2026-05-27T02:13:58.301140+00:00,BKR,38,40,42.1,17.0,22.9,18.3,0.79,0.44,-3.9,69.44,⏳,,,,,,,,,,
20260526,2026-05-27T02:13:58.301140+00:00,SKM,39,41,41.6,6.0,8.4,42.9,1.14,-0.75,-2.5,39.63,📊,,,,,,,,,,
20260526,2026-05-27T02:13:58.301140+00:00,SU,40,42,41.4,10.0,13.1,41.3,0.61,-1.02,-5.98,69.73,📊,,,,,,,,,,
20260526,2026-05-27T02:13:58.301140+00:00,STT,41,43,41.2,23.0,22.5,5.6,0.87,0.63,2.89,154.07,📊,,,,,,,,,,
20260526,2026-05-27T02:13:58.301140+00:00,NOV,42,44,40.9,17.0,14.3,32.5,0.91,0.07,-0.24,21.17,📊,,,,,,,,,,
20260526,2026-05-27T02:13:58.301140+00:00,CFG,43,45,40.5,23.0,18.5,22.2,0.71,0.03,-5.89,67.63,⏳,,,,,,,,,,
20260526,2026-05-27T02:13:58.301140+00:00,IRM,44,46,40.0,6.0,14.7,41.3,0.97,0.83,-2.77,132.06,📊,,,,,,,,,,
20260526,2026-05-27T02:13:58.301140+00:00,SYRE,45,47,40.0,6.0,16.3,19.0,1.14,-0.17,-3.64,76.43,⏳,,,,,,,,,,
20260530,2026-05-30T04:13:14.270520+00:00,AMZN,1,2,72.6,6.0,9.7,0.0,0.74,-0.19,-1.58,274.99,🔥,,,,,,,,,,
20260530,2026-05-30T04:13:14.270520+00:00,ARWR,2,3,68.2,6.0,13.1,6.3,0.65,0.48,-2.23,79.69,🔥,,,,,,,,,,
20260530,2026-05-30T04:13:14.270520+00:00,AVGO,3,4,67.6,6.0,10.6,5.6,0.77,-0.48,0.0,446.77,🚀,,,,,,,,,,
20260530,2026-05-30T04:13:14.270520+00:00,ROKU,4,5,65.2,6.0,14.9,5.6,0.73,0.98,-1.31,131.91,🔥,,,,,,,,,,
20260530,2026-05-30T04:13:14.270520+00:00,CIEN,5,6,64.8,7.0,22.4,4.8,0.56,1.83,-3.68,602.39,⏳,,,,,,,,,,
20260530,2026-05-30T04:13:14.270520+00:00,IRM,6,8,62.1,6.0,14.7,0.0,0.83,0.48,-2.89,132.06,🔥,,,,,,,,,,
20260530,2026-05-30T04:13:14.270520+00:00,BEN,7,9,61.4,6.0,17.1,9.5,0.79,1.72,-4.11,32.35,⏳,,,,,,,,,,
20260530,2026-05-30T04:13:14.270520+00:00,CAT,8,10,55.9,6.0,14.4,9.5,0.96,0.66,-5.51,926.93,⏳,,,,,,,,,,
20260530,2026-05-30T04:13:14.270520+00:00,GOOGL,9,11,55.5,6.0,17.5,11.1,0.83,1.63,-5.53,402.62,⏳,,,,,,,,,,
20260530,2026-05-30T04:13:14.270520+00:00,TSM,10,12,54.0,7.0,14.5,15.1,0.94,0.45,-1.51,424.86,🔥,,,,,,,,,,
20260530,2026-05-30T04:13:14.270520+00:00,UBS,11,13,53.1,7.0,15.3,26.2,0.76,0.99,-1.47,47.78,📊,,,,,,,,,,
20260530,2026-05-30T04:13:14.270520+00:00,NVT,12,15,51.6,6.0,22.7,18.3,0.93,3.11,-4.01,173.96,⏳,,,,,,,,,,
20260530,2026-05-30T04:13:14.270520+00:00,IBKR,13,16,49.7,6.0,14.0,18.3,1.06,0.28,-1.48,88.28,📊,,,,,,,,,,
20260530,2026-05-30T04:13:14.270520+00:00,SYRE,14,17,49.0,6.0,12.8,14.3,1.0,-0.7,-3.83,76.43,⏳,,,,,,,,,,
20260530,2026-05-30T04:13:14.270520+00:00,GGB,15,18,48.8,7.0,14.6,5.6,0.86,0.58,-8.02,4.89,⏳,,,,,,,,,,
20260530,2026-05-30T04:13:14.270520+00:00,C,16,19,48.5,24.0,20.7,4.0,0.78,0.24,-4.93,132.42,⏳,,,,,,,,,,
20260530,2026-05-30T04:13:14.270520+00:00,TS,17,20,48.5,9.0,10.5,18.3,0.99,-0.82,-2.81,62.69,📊,,,,,,,,,,
20260530,2026-05-30T04:13:14.270520+00:00,CSX,18,21,47.3,16.0,19.0,15.9,0.98,0.25,-3.69,47.0,⏳,,,,,,,,,,
20260530,2026-05-30T04:13:14.270520+00:00,ADI,19,22,46.8,6.0,14.1,14.3,1.15,0.34,-4.29,432.39,⏳,,,,,,,,,,
20260530,2026-05-30T04:13:14.270520+00:00,NTRS,20,23,46.8,23.0,21.5,7.1,0.89,0.48,-3.66,171.74,⏳,,,,,,,,,,
20260530,2026-05-30T04:13:14.270520+00:00,DINO,21,24,46.2,10.0,24.3,4.8,0.87,0.45,-5.54,73.99,⏳,,,,,,,,,,
20260530,2026-05-30T04:13:14.270520+00:00,BHP,22,25,45.6,7.0,15.4,44.4,0.68,0.58,-2.09,90.81,📊,,,,,,,,,,
20260530,2026-05-30T04:13:14.270520+00:00,VLY,23,26,44.9,23.0,16.1,31.7,0.69,0.29,0.0,13.77,📊,,,,,,,,,,
20260530,2026-05-30T04:13:14.270520+00:00,CX,24,27,44.7,7.0,13.9,38.1,0.76,0.3,-3.39,13.55,📊,,,,,,,,,,
20260530,2026-05-30T04:13:14.270520+00:00,MKSI,25,28,44.6,7.0,20.6,25.4,1.03,1.8,-2.95,334.11,📊,,,,,,,,,,
20260530,2026-05-30T04:13:14.270520+00:00,PSX,26,29,44.3,16.0,19.3,10.3,0.76,0.06,-5.91,186.92,⏳,,,,,,,,,,
20260530,2026-05-30T04:13:14.270520+00:00,TIGO,27,30,44.3,8.0,10.5,28.6,1.5,-1.07,-1.67,86.81,📊,,,,,,,,,,
20260530,2026-05-30T04:13:14.270520+00:00,VLO,28,31,43.9,11.0,14.8,17.5,0.85,-1.17,-6.33,261.38,⏳,,,,,,,,,,
20260530,2026-05-30T04:13:14.270520+00:00,HSBC,29,32,42.9,22.0,20.4,28.6,0.71,0.45,-0.99,94.68,📊,,,,,,,,,,
20260530,2026-05-30T04:13:14.270520+00:00,TGT,30,33,42.5,15.0,14.7,23.0,1.06,0.03,-2.9,130.86,📊,,,,,,,,,,
20260530,2026-05-30T04:13:14.270520+00:00,TECK,31,34,42.2,7.0,15.9,50.8,0.8,0.63,-1.02,66.84,📊,,,,,,,,,,
20260530,2026-05-30T04:13:14.270520+00:00,AVT,32,35,42.0,6.0,17.1,40.5,1.18,1.48,-2.46,89.12,📊,,,,,,,,,,
20260530,2026-05-30T04:13:14.270520+00:00,ESI,33,36,41.2,7.0,17.2,18.3,0.94,0.51,-5.84,45.06,⏳,,,,,,,,,,
20260530,2026-05-30T04:13:14.270520+00:00,SIRI,34,37,41.0,6.0,15.5,90.5,0.81,0.47,-1.17,29.87,📊,,,,,,,,,,
20260530,2026-05-30T04:13:14.270520+00:00,TEVA,35,38,40.7,24.0,22.0,14.3,0.89,0.05,-2.81,36.34,🔥,,,,,,,,,,
20260602,2026-06-03T02:00:56.648560+00:00,ROKU,1,2,69.3,6.0,14.9,4.8,0.59,0.9,-3.63,131.91,⏳,,,,,,,,,,
20260602,2026-06-03T02:00:56.648560+00:00,BEN,2,3,69.3,7.0,18.3,3.2,0.74,1.62,-3.8,32.35,⏳,,,,,,,,,,
20260602,2026-06-03T02:00:56.648560+00:00,IRM,3,5,60.8,7.0,14.7,2.4,0.81,0.46,-2.73,132.06,🔥,,,,,,,,,,
20260602,2026-06-03T02:00:56.648560+00:00,GGB,4,6,59.9,7.0,13.6,0.0,0.94,0.52,-0.05,4.89,🚀,,,,,,,,,,
20260602,2026-06-03T02:00:56.648560+00:00,CX,5,7,59.1,7.0,13.9,4.8,0.8,0.35,-3.62,13.55,⏳,,,,,,,,,,
20260602,2026-06-03T02:00:56.648560+00:00,NVT,6,8,58.0,6.0,21.4,15.9,0.81,2.47,-0.33,173.96,🔥,,,,,,,,,,
20260602,2026-06-03T02:00:56.648560+00:00,UBS,7,9,56.2,7.0,14.8,19.0,0.76,1.07,0.0,48.16,🔥,,,,,,,,,,
20260602,2026-06-03T02:00:56.648560+00:00,CAT,8,10,55.7,6.0,13.6,8.7,1.0,0.11,-1.85,926.93,📊,,,,,,,,,,
20260602,2026-06-03T02:00:56.648560+00:00,CIEN,9,11,52.4,7.0,22.4,7.9,0.62,1.8,4.09,602.39,📊,,,,,,,,,,
20260602,2026-06-03T02:00:56.648560+00:00,MKSI,10,12,52.1,7.0,20.6,13.5,1.0,1.94,-0.82,334.11,📊,,,,,,,,,,
20260602,2026-06-03T02:00:56.648560+00:00,DINO,11,13,48.8,11.0,24.3,4.8,0.79,0.59,-1.03,73.99,🔥,,,,,,,,,,
20260602,2026-06-03T02:00:56.648560+00:00,ADI,12,14,48.0,6.0,13.2,11.9,1.26,-0.07,-1.86,431.21,📊,,,,,,,,,,
20260602,2026-06-03T02:00:56.648560+00:00,PSX,13,15,47.1,16.0,19.3,15.9,0.74,-0.02,-2.33,186.92,🔥,,,,,,,,,,
20260602,2026-06-03T02:00:56.648560+00:00,NOV,14,16,46.9,18.0,14.3,25.4,0.82,-0.04,-2.96,21.07,📊,,,,,,,,,,
20260602,2026-06-03T02:00:56.648560+00:00,SAN,15,17,46.6,25.0,20.3,15.1,0.62,-0.15,-4.9,13.05,⏳,,,,,,,,,,
20260602,2026-06-03T02:00:56.648560+00:00,VALE,16,18,46.5,20.0,22.0,0.8,0.79,-0.06,-5.61,17.82,⏳,,,,,,,,,,
20260602,2026-06-03T02:00:56.648560+00:00,C,17,19,45.6,24.0,20.7,15.9,0.77,0.21,-0.88,132.42,🔥,,,,,,,,,,
20260602,2026-06-03T02:00:56.648560+00:00,VLO,18,20,45.1,11.0,14.8,27.0,0.85,-1.21,-1.19,261.38,📊,,,,,,,,,,
20260602,2026-06-03T02:00:56.648560+00:00,FANG,19,21,45.1,13.0,17.8,20.6,0.69,-0.37,-4.76,212.52,⏳,,,,,,,,,,
20260602,2026-06-03T02:00:56.648560+00:00,NUE,20,22,44.6,6.0,19.5,76.2,0.9,1.36,0.0,258.46,📊,,,,,,,,,,
20260602,2026-06-03T02:00:56.648560+00:00,SLB,21,23,43.8,20.0,23.8,23.0,0.73,0.61,-2.45,57.98,🔥,,,,,,,,,,
20260602,2026-06-03T02:00:56.648560+00:00,SSL,22,24,43.8,10.0,15.5,24.6,0.51,-1.26,-8.26,14.29,⏳,,,,,,,,,,
20260602,2026-06-03T02:00:56.648560+00:00,ARWR,23,25,43.6,6.0,12.0,16.7,0.68,-0.33,-11.13,79.69,📊,,,,,,,,,,
20260602,2026-06-03T02:00:56.648560+00:00,NTRS,24,26,42.7,23.0,21.5,15.9,0.91,0.47,-1.14,171.74,🔥,,,,,,,,,,
20260602,2026-06-03T02:00:56.648560+00:00,VLY,25,27,42.7,23.0,16.1,34.9,0.71,0.25,-0.07,13.77,📊,,,,,,,,,,
20260602,2026-06-03T02:00:56.648560+00:00,IVZ,26,28,42.6,34.0,24.3,2.4,0.84,0.13,-4.82,28.98,⏳,,,,,,,,,,
20260602,2026-06-03T02:00:56.648560+00:00,IBKR,27,29,42.3,7.0,14.5,25.4,1.16,0.36,0.0,88.72,📊,,,,,,,,,,
20260602,2026-06-03T02:00:56.648560+00:00,RIO,28,30,41.8,8.0,15.5,29.4,0.85,0.04,-0.33,112.04,📊,,,,,,,,,,
20260602,2026-06-03T02:00:56.648560+00:00,SIRI,29,31,41.5,6.0,13.5,90.5,0.87,0.56,-3.68,29.87,📊,,,,,,,,,,
20260602,2026-06-03T02:00:56.648560+00:00,ESI,30,32,41.3,7.0,17.2,19.0,0.93,0.32,-5.17,44.98,⏳,,,,,,,,,,
20260602,2026-06-03T02:00:56.648560+00:00,CSX,31,33,41.2,17.0,20.2,15.1,1.02,0.34,-1.82,47.0,📊,,,,,,,,,,
20260602,2026-06-03T02:00:56.648560+00:00,BKR,32,34,40.8,18.0,22.9,2.4,0.84,0.26,-7.05,69.44,⏳,,,,,,,,,,
20260602,2026-06-03T02:00:56.648560+00:00,SMFG,33,35,40.4,25.0,22.1,11.1,0.89,0.14,-4.49,23.81,⏳,,,,,,,,,,
20260602,2026-06-03T02:00:56.648560+00:00,STLD,34,36,40.4,6.0,18.9,73.8,0.89,1.26,0.0,271.41,📊,,,,,,,,,,
20260602,2026-06-03T02:00:56.648560+00:00,YOU,35,37,40.1,6.0,14.5,17.5,0.9,-0.06,-8.95,62.36,⏳,,,,,,,,,,
20260602,2026-06-03T02:00:56.648560+00:00,SYRE,36,38,40.0,6.0,12.8,11.9,0.95,-0.89,-9.51,76.43,⏳,,,,,,,,,,
20260604,2026-06-04T16:06:09.236747+00:00,IRM,1,3,68.1,7.0,14.7,0.0,0.74,0.27,-3.38,132.06,⏳,,,,,,,,,,
20260604,2026-06-04T16:06:09.236747+00:00,ROKU,2,4,65.0,7.0,15.2,7.9,0.57,0.69,-3.73,131.91,⏳,,,,,,,,,,
20260604,2026-06-04T16:06:09.236747+00:00,BEN,3,5,64.0,7.0,17.9,5.6,0.69,1.27,-1.62,32.35,🔥,,,,,,,,,,
20260604,2026-06-04T16:06:09.236747+00:00,CSX,4,6,61.9,6.0,5.8,19.0,1.01,-0.66,-2.16,47.0,📊,,,,,,,,,,
20260604,2026-06-04T16:06:09.236747+00:00,CX,5,7,61.1,8.0,13.9,0.8,0.69,0.13,-4.58,13.55,⏳,,,,,,,,,,
20260604,2026-06-04T16:06:09.236747+00:00,GGB,6,8,59.0,8.0,15.2,0.0,0.89,0.47,-2.96,4.89,🔥,,,,,,,,,,
20260604,2026-06-04T16:06:09.236747+00:00,UBS,7,9,57.9,8.0,16.2,14.3,0.74,0.96,-0.96,48.16,🔥,,,,,,,,,,
20260604,2026-06-04T16:06:09.236747+00:00,ELV,8,10,57.7,6.0,15.7,5.6,0.9,0.93,0.0,409.0,🔥,,,,,,,,,,
20260604,2026-06-04T16:06:09.236747+00:00,MKSI,9,11,56.0,8.0,21.5,9.5,0.88,1.81,-2.08,335.15,🔥,,,,,,,,,,
20260604,2026-06-04T16:06:09.236747+00:00,SSL,10,12,54.3,11.0,15.8,4.8,0.47,-1.11,-8.08,14.29,⏳,,,,,,,,,,
20260604,2026-06-04T16:06:09.236747+00:00,CGNX,11,13,53.2,8.0,21.9,11.9,1.11,2.17,-4.44,68.33,⏳,,,,,,,,,,
20260604,2026-06-04T16:06:09.236747+00:00,NVT,12,14,52.8,6.0,22.1,24.6,0.76,2.65,0.58,173.96,📊,,,,,,,,,,
20260604,2026-06-04T16:06:09.236747+00:00,DINO,13,15,50.7,11.0,24.3,5.6,0.7,0.55,-1.18,73.99,🔥,,,,,,,,,,
20260604,2026-06-04T16:06:09.236747+00:00,STT,14,16,50.2,6.0,7.3,56.3,0.82,-0.3,1.98,159.79,📊,,,,,,,,,,
20260604,2026-06-04T16:06:09.236747+00:00,OVV,15,17,49.4,12.0,16.3,0.8,0.81,-1.23,-5.88,63.08,⏳,,,,,,,,,,
20260604,2026-06-04T16:06:09.236747+00:00,MAC,16,18,49.1,8.0,7.7,28.6,1.47,-0.59,0.0,22.85,📊,,,,,,,,,,
20260604,2026-06-04T16:06:09.236747+00:00,CAT,17,19,48.8,8.0,17.7,11.9,0.96,0.79,0.0,934.58,📊,,,,,,,,,,
20260604,2026-06-04T16:06:09.236747+00:00,ING,18,20,48.5,29.0,24.5,14.3,0.72,0.21,-2.17,31.32,🔥,,,,,,,,,,
20260604,2026-06-04T16:06:09.236747+00:00,TXN,19,21,46.7,6.0,18.8,19.0,1.09,1.47,-5.59,324.89,⏳,,,,,,,,,,
20260604,2026-06-04T16:06:09.236747+00:00,SAN,20,22,46.7,26.0,20.3,15.9,0.63,-0.11,-4.48,13.05,⏳,,,,,,,,,,
20260604,2026-06-04T16:06:09.236747+00:00,ADI,21,23,46.3,6.0,12.7,19.8,1.28,-0.1,-2.67,437.67,📊,,,,,,,,,,
20260604,2026-06-04T16:06:09.236747+00:00,IVZ,22,24,45.2,34.0,24.3,2.4,0.83,0.11,-3.41,28.98,⏳,,,,,,,,,,
20260604,2026-06-04T16:06:09.236747+00:00,BKR,23,25,44.5,18.0,22.1,0.0,0.82,0.13,-6.13,69.44,⏳,,,,,,,,,,
20260604,2026-06-04T16:06:09.236747+00:00,ARWR,24,26,44.1,6.0,12.0,22.2,0.8,-0.66,-6.16,79.69,⏳,,,,,,,,,,
20260604,2026-06-04T16:06:09.236747+00:00,RIO,25,27,43.9,8.0,13.9,21.4,0.82,0.1,-6.02,112.04,⏳,,,,,,,,,,
20260604,2026-06-04T16:06:09.236747+00:00,BHP,26,28,43.6,8.0,17.5,31.0,0.74,0.77,-4.92,93.15,📊,,,,,,,,,,
20260604,2026-06-04T16:06:09.236747+00:00,CNQ,27,29,43.5,13.0,14.2,36.5,0.57,-1.45,-4.87,50.09,📊,,,,,,,,,,
20260604,2026-06-04T16:06:09.236747+00:00,PSX,28,30,43.4,16.0,19.3,23.0,0.72,-0.08,-1.07,186.92,🔥,,,,,,,,,,
20260604,2026-06-04T16:06:09.236747+00:00,MS,29,31,43.3,6.0,11.8,83.3,0.82,0.8,3.17,211.01,📊,,,,,,,,,,
20260604,2026-06-04T16:06:09.236747+00:00,VLO,30,32,42.4,12.0,14.9,33.3,0.79,-0.96,-0.27,261.45,📊,,,,,,,,,,
20260604,2026-06-04T16:06:09.236747+00:00,IBKR,31,33,42.4,7.0,14.5,25.4,1.17,0.38,-4.0,88.72,⏳,,,,,,,,,,
20260604,2026-06-04T16:06:09.236747+00:00,VLY,32,34,42.4,24.0,16.1,35.7,0.71,0.26,-0.11,13.77,📊,,,,,,,,,,
20260604,2026-06-04T16:06:09.236747+00:00,HSBC,33,35,42.3,22.0,20.1,31.0,0.7,0.36,-3.07,95.21,📊,,,,,,,,,,
20260604,2026-06-04T16:06:09.236747+00:00,AMKR,34,36,42.1,6.0,16.1,7.1,1.02,-1.78,-6.04,78.01,⏳,,,,,,,,,,
20260604,2026-06-04T16:06:09.236747+00:00,SLB,35,37,41.9,20.0,23.1,24.6,0.72,0.54,-0.28,57.68,🔥,,,,,,,,,,
20260604,2026-06-04T16:06:09.236747+00:00,JBL,36,38,41.5,6.0,13.0,37.3,0.99,0.58,-2.04,380.25,📊,,,,,,,,,,
20260604,2026-06-04T16:06:09.236747+00:00,NUE,37,39,41.3,6.0,19.1,81.0,0.89,1.65,0.0,263.29,📊,,,,,,,,,,
20260604,2026-06-04T16:06:09.236747+00:00,FANG,38,40,40.4,13.0,17.8,35.7,0.62,-0.47,-3.82,212.52,📊,,,,,,,,,,
20260605,2026-06-05T12:12:40.746708+00:00,IRM,1,3,63.3,7.0,14.7,0.0,0.77,0.31,-1.37,132.06,🔥,,,,,,,,,,
20260605,2026-06-05T12:12:40.746708+00:00,BEN,2,4,62.7,7.0,17.9,5.6,0.73,1.28,-1.17,32.35,🔥,,,,,,,,,,
20260605,2026-06-05T12:12:40.746708+00:00,UBS,3,5,62.1,8.0,16.3,15.1,0.76,0.94,-1.74,48.16,🔥,,,,,,,,,,
20260605,2026-06-05T12:12:40.746708+00:00,CX,4,6,60.9,8.0,13.9,0.8,0.7,0.13,-4.5,13.55,⏳,,,,,,,,,,
20260605,2026-06-05T12:12:40.746708+00:00,CSX,5,7,60.4,6.0,5.8,19.8,1.05,-0.65,-1.63,47.0,📊,,,,,,,,,,
20260605,2026-06-05T12:12:40.746708+00:00,GGB,6,8,57.7,8.0,15.2,0.0,0.9,0.46,-3.73,4.89,⏳,,,,,,,,,,
20260605,2026-06-05T12:12:40.746708+00:00,ELV,7,9,57.0,6.0,15.8,5.6,0.92,0.93,0.0,409.44,🔥,,,,,,,,,,
20260605,2026-06-05T12:12:40.746708+00:00,SYRE,8,10,56.9,7.0,12.8,11.1,0.93,-0.81,-3.81,76.43,⏳,,,,,,,,,,
20260605,2026-06-05T12:12:40.746708+00:00,SSL,9,11,55.7,11.0,15.8,5.6,0.49,-1.1,-7.0,14.29,⏳,,,,,,,,,,
20260605,2026-06-05T12:12:40.746708+00:00,MKSI,10,12,55.4,8.0,21.5,9.5,0.9,1.82,-1.47,335.15,🔥,,,,,,,,,,
20260605,2026-06-05T12:12:40.746708+00:00,ROKU,11,13,54.7,7.0,17.1,8.7,0.59,0.88,-7.36,131.91,⏳,,,,,,,,,,
20260605,2026-06-05T12:12:40.746708+00:00,NVT,12,14,53.3,6.0,22.1,22.2,0.77,2.28,0.0,176.39,🔥,,,,,,,,,,
20260605,2026-06-05T12:12:40.746708+00:00,DINO,13,15,50.0,11.0,24.3,5.6,0.73,0.54,-1.56,73.99,🔥,,,,,,,,,,
20260605,2026-06-05T12:12:40.746708+00:00,STT,14,16,49.6,6.0,7.3,56.3,0.85,-0.31,1.85,159.79,📊,,,,,,,,,,
20260605,2026-06-05T12:12:40.746708+00:00,OVV,15,17,48.6,12.0,16.3,0.8,0.83,-1.23,-6.01,63.08,⏳,,,,,,,,,,
20260605,2026-06-05T12:12:40.746708+00:00,ING,16,18,47.7,29.0,24.5,14.3,0.75,0.21,-2.14,31.32,🔥,,,,,,,,,,
20260605,2026-06-05T12:12:40.746708+00:00,BKR,17,19,47.0,18.0,22.1,0.0,0.84,0.14,-4.79,69.44,⏳,,,,,,,,,,
20260605,2026-06-05T12:12:40.746708+00:00,SAN,18,20,46.5,26.0,20.3,15.9,0.64,-0.11,-4.44,13.05,⏳,,,,,,,,,,
20260605,2026-06-05T12:12:40.746708+00:00,CAT,19,21,46.2,8.0,18.3,13.5,1.0,0.8,0.0,940.48,📊,,,,,,,,,,
20260605,2026-06-05T12:12:40.746708+00:00,ADI,20,22,46.2,6.0,12.7,20.6,1.3,-0.09,-2.04,437.67,📊,,,,,,,,,,
20260605,2026-06-05T12:12:40.746708+00:00,CGNX,21,23,46.1,8.0,21.9,11.9,1.14,2.15,-5.36,68.33,⏳,,,,,,,,,,
20260605,2026-06-05T12:12:40.746708+00:00,PSX,22,24,45.4,16.0,19.3,19.0,0.73,-0.05,-1.2,186.92,🔥,,,,,,,,,,
20260605,2026-06-05T12:12:40.746708+00:00,TXN,23,25,45.3,6.0,18.8,19.0,1.12,1.45,-6.01,324.89,⏳,,,,,,,,,,
20260605,2026-06-05T12:12:40.746708+00:00,IVZ,24,26,44.7,34.0,24.3,4.0,0.84,0.11,-2.79,28.98,🔥,,,,,,,,,,
20260605,2026-06-05T12:12:40.746708+00:00,ARWR,25,27,44.6,6.0,12.0,22.2,0.82,-0.65,-5.68,79.69,⏳,,,,,,,,,,
20260605,2026-06-05T12:12:40.746708+00:00,VLO,26,28,44.2,12.0,14.9,31.0,0.81,-0.97,-0.99,261.45,📊,,,,,,,,,,
20260605,2026-06-05T12:12:40.746708+00:00,BHP,27,29,43.6,8.0,17.5,31.0,0.76,0.77,-4.69,93.15,📊,,,,,,,,,,
20260605,2026-06-05T12:12:40.746708+00:00,RIO,28,30,43.5,8.0,13.9,21.4,0.84,0.1,-5.93,112.04,⏳,,,,,,,,,,
20260605,2026-06-05T12:12:40.746708+00:00,IBKR,29,31,43.3,7.0,14.5,27.8,1.21,0.43,-1.87,88.72,📊,,,,,,,,,,
20260605,2026-06-05T12:12:40.746708+00:00,CNQ,30,32,42.9,13.0,14.2,36.5,0.59,-1.46,-4.86,50.09,📊,,,,,,,,,,
20260605,2026-06-05T12:12:40.746708+00:00,STLD,31,33,42.4,6.0,19.3,88.1,0.89,1.95,0.0,276.85,📊,,,,,,,,,,
20260605,2026-06-05T12:12:40.746708+00:00,MS,32,34,42.2,6.0,11.8,83.3,0.84,0.8,3.44,211.01,📊,,,,,,,,,,
20260605,2026-06-05T12:12:40.746708+00:00,HSBC,33,35,42.0,22.0,20.1,31.0,0.72,0.36,-2.72,95.21,📊,,,,,,,,,,
20260605,2026-06-05T12:12:40.746708+00:00,FANG,34,36,41.9,13.0,17.8,33.3,0.66,-0.4,-0.91,212.52,📊,,,,,,,,,,
20260605,2026-06-05T12:12:40.746708+00:00,YOU,35,37,41.9,6.0,14.5,19.0,0.77,-0.01,-10.07,62.36,📊,,,,,,,,,,
20260605,2026-06-05T12:12:40.746708+00:00,AMKR,36,38,41.8,6.0,16.1,7.1,1.06,-1.76,-5.37,78.01,⏳,,,,,,,,,,
20260605,2026-06-05T12:12:40.746708+00:00,ESI,37,39,41.8,8.0,18.1,15.1,0.92,0.41,-5.7,44.98,⏳,,,,,,,,,,
20260605,2026-06-05T12:12:40.746708+00:00,TIGO,38,40,41.6,8.0,12.4,43.7,1.66,-0.84,-3.16,88.88,📊,,,,,,,,,,
20260605,2026-06-05T12:12:40.746708+00:00,VLY,39,41,41.4,24.0,16.2,36.5,0.72,0.26,0.0,13.79,📊,,,,,,,,,,
20260605,2026-06-05T12:12:40.746708+00:00,BTSG,40,42,41.3,6.0,23.5,72.2,0.93,4.07,-1.3,61.68,📊,,,,,,,,,,
20260605,2026-06-05T12:12:40.746708+00:00,SU,41,43,40.9,11.0,12.3,50.8,0.73,-1.33,-5.49,69.27,📊,,,,,,,,,,
20260605,2026-06-05T12:12:40.746708+00:00,NUE,42,44,40.8,6.0,18.8,81.0,0.92,1.63,0.0,262.28,📊,,,,,,,,,,
20260605,2026-06-05T12:12:40.746708+00:00,JBL,43,45,40.6,6.0,13.0,38.9,1.02,0.58,-1.69,380.25,📊,,,,,,,,,,
20260608,2026-06-09T00:02:36.303319+00:00,BEN,1,2,68.4,7.0,17.1,2.4,0.75,1.0,-2.97,32.35,🔥,,,,,,,,,,
20260608,2026-06-09T00:02:36.303319+00:00,UBS,2,4,64.8,8.0,14.8,11.9,0.8,0.97,-1.81,48.16,🔥,,,,,,,,,,
20260608,2026-06-09T00:02:36.303319+00:00,ELV,3,5,58.7,6.0,14.8,10.3,0.95,0.97,0.0,418.15,📊,,,,,,,,,,
20260608,2026-06-09T00:02:36.303319+00:00,ROKU,4,6,57.8,7.0,14.9,10.3,0.62,0.41,-6.32,131.91,⏳,,,,,,,,,,
20260608,2026-06-09T00:02:36.303319+00:00,NOV,5,7,57.3,18.0,14.3,4.8,0.74,-0.05,0.22,21.07,📊,,,,,,,,,,
20260608,2026-06-09T00:02:36.303319+00:00,CSX,6,8,57.2,6.0,6.0,23.8,1.05,-0.18,0.0,47.11,📊,,,,,,,,,,
20260608,2026-06-09T00:02:36.303319+00:00,SSL,7,9,56.7,11.0,15.5,7.9,0.49,-1.06,-5.88,14.29,⏳,,,,,,,,,,
20260608,2026-06-09T00:02:36.303319+00:00,TS,8,10,55.3,10.0,12.4,14.3,0.76,-0.55,-1.89,64.02,🔥,,,,,,,,,,
20260608,2026-06-09T00:02:36.303319+00:00,IRM,9,11,54.3,8.0,15.3,1.6,0.77,0.39,-6.48,132.06,⏳,,,,,,,,,,
20260608,2026-06-09T00:02:36.303319+00:00,STT,10,12,53.0,6.0,7.3,55.6,0.85,0.1,1.26,159.79,📊,,,,,,,,,,
20260608,2026-06-09T00:02:36.303319+00:00,SLB,11,13,52.4,20.0,23.6,2.4,0.74,0.46,-2.52,58.01,🔥,,,,,,,,,,
20260608,2026-06-09T00:02:36.303319+00:00,GGB,12,14,51.4,8.0,14.6,0.8,0.97,0.39,-6.59,4.89,⏳,,,,,,,,,,
20260608,2026-06-09T00:02:36.303319+00:00,CAT,13,15,51.1,7.0,15.1,15.9,1.02,0.52,-2.64,940.48,📊,,,,,,,,,,
20260608,2026-06-09T00:02:36.303319+00:00,DINO,14,16,50.9,11.0,24.3,6.3,0.71,0.64,-2.16,73.99,🔥,,,,,,,,,,
20260608,2026-06-09T00:02:36.303319+00:00,PSX,15,17,49.5,17.0,19.3,14.3,0.7,0.04,-1.87,186.92,🔥,,,,,,,,,,
20260608,2026-06-09T00:02:36.303319+00:00,VLO,16,18,49.2,12.0,14.9,22.2,0.77,-0.92,-1.17,261.45,🔥,,,,,,,,,,
20260608,2026-06-09T00:02:36.303319+00:00,FANG,17,19,49.2,12.0,15.6,9.5,0.67,-0.92,-6.74,212.52,⏳,,,,,,,,,,
20260608,2026-06-09T00:02:36.303319+00:00,MKSI,18,20,49.2,8.0,20.9,10.3,0.82,1.67,-6.88,335.15,⏳,,,,,,,,,,
20260608,2026-06-09T00:02:36.303319+00:00,STLD,19,21,46.6,6.0,19.3,88.9,0.9,2.52,-3.49,276.85,📊,,,,,,,,,,
20260608,2026-06-09T00:02:36.303319+00:00,YPF,20,22,45.2,6.0,23.4,94.4,0.96,4.13,-3.2,55.31,📊,,,,,,,,,,
20260608,2026-06-09T00:02:36.303319+00:00,VLY,21,23,44.5,24.0,16.2,40.5,0.73,0.24,-0.15,13.79,📊,,,,,,,,,,
20260608,2026-06-09T00:02:36.303319+00:00,HSBC,22,24,44.4,23.0,20.1,23.0,0.73,0.38,-3.87,95.21,⏳,,,,,,,,,,
20260608,2026-06-09T00:02:36.303319+00:00,MS,23,25,44.3,7.0,14.7,85.7,0.86,1.03,-2.76,218.27,📊,,,,,,,,,,
20260608,2026-06-09T00:02:36.303319+00:00,CFG,24,26,43.9,25.0,18.7,11.9,0.84,-0.06,-4.85,67.63,⏳,,,,,,,,,,
20260608,2026-06-09T00:02:36.303319+00:00,NUE,25,27,43.4,6.0,18.0,80.2,0.94,1.83,-3.39,262.28,📊,,,,,,,,,,
20260608,2026-06-09T00:02:36.303319+00:00,TSM,26,28,43.2,6.0,12.2,54.0,0.95,0.59,-4.45,446.69,📊,,,,,,,,,,
20260608,2026-06-09T00:02:36.303319+00:00,MNST,27,29,43.2,28.0,20.4,8.7,0.98,0.08,-1.21,89.55,📊,,,,,,,,,,
20260608,2026-06-09T00:02:36.303319+00:00,LNTH,28,30,43.2,8.0,21.2,27.8,1.13,2.16,-2.9,103.0,📊,,,,,,,,,,
20260608,2026-06-09T00:02:36.303319+00:00,IVZ,29,31,43.1,35.0,24.3,0.0,0.86,0.13,-4.93,28.98,⏳,,,,,,,,,,
20260608,2026-06-09T00:02:36.303319+00:00,EWBC,30,32,42.9,27.0,18.7,28.6,0.72,0.09,0.0,126.26,📊,,,,,,,,,,
20260608,2026-06-09T00:02:36.303319+00:00,ARWR,31,33,42.9,7.0,13.1,22.2,0.76,-0.46,-7.32,79.69,⏳,,,,,,,,,,
20260608,2026-06-09T00:02:36.303319+00:00,JBL,32,34,42.6,7.0,13.2,33.3,0.95,0.56,-4.29,380.25,📊,,,,,,,,,,
20260608,2026-06-09T00:02:36.303319+00:00,PFG,33,35,42.6,25.0,18.8,27.0,0.69,0.31,1.11,103.88,📊,,,,,,,,,,
20260608,2026-06-09T00:02:36.303319+00:00,BKR,34,36,42.5,19.0,22.9,1.6,0.81,0.22,-6.62,69.44,⏳,,,,,,,,,,
20260608,2026-06-09T00:02:36.303319+00:00,NVT,35,37,42.4,7.0,23.1,27.0,0.79,2.27,-7.13,176.39,⏳,,,,,,,,,,
20260608,2026-06-09T00:02:36.303319+00:00,SMFG,36,38,41.5,25.0,21.6,13.5,0.94,0.09,-2.39,23.81,🔥,,,,,,,,,,
20260608,2026-06-09T00:02:36.303319+00:00,HXL,37,39,41.0,21.0,20.3,19.0,0.7,-0.05,-7.56,96.48,⏳,,,,,,,,,,
20260608,2026-06-09T00:02:36.303319+00:00,SAN,38,40,40.6,26.0,20.3,15.9,0.66,-0.15,-6.81,13.05,⏳,,,,,,,,,,
20260608,2026-06-09T00:02:36.303319+00:00,NTRS,39,41,40.3,24.0,22.1,18.3,0.94,0.47,-1.83,172.26,🔥,,,,,,,,,,
20260608,2026-06-09T00:02:36.303319+00:00,EXEL,40,42,40.1,28.0,21.0,22.2,0.91,0.15,0.27,51.6,📊,,,,,,,,,,
20260609,2026-06-10T00:02:42.089700+00:00,BEN,1,2,71.7,6.0,9.0,4.0,0.75,-0.03,-1.7,32.35,🔥,,,,,,,,,,
20260609,2026-06-10T00:02:42.089700+00:00,IRM,2,4,59.6,8.0,14.7,0.8,0.8,0.34,-4.48,132.06,⏳,,,,,,,,,,
20260609,2026-06-10T00:02:42.089700+00:00,NOV,3,5,59.5,19.0,15.8,0.8,0.74,-0.03,-2.94,21.45,🔥,,,,,,,,,,
20260609,2026-06-10T00:02:42.089700+00:00,ELV,4,6,59.0,6.0,14.5,14.3,0.93,1.08,0.0,424.43,🔥,,,,,,,,,,
20260609,2026-06-10T00:02:42.089700+00:00,UBS,5,7,58.8,8.0,14.8,11.1,0.84,1.06,-0.62,48.16,🔥,,,,,,,,,,
20260609,2026-06-10T00:02:42.089700+00:00,TS,6,8,57.8,11.0,12.5,11.1,0.75,-0.54,-4.23,64.02,⏳,,,,,,,,,,
20260609,2026-06-10T00:02:42.089700+00:00,SSL,7,9,57.5,11.0,15.5,9.5,0.52,-1.04,-4.97,14.29,⏳,,,,,,,,,,
20260609,2026-06-10T00:02:42.089700+00:00,CSX,8,10,57.0,6.0,5.8,24.6,1.05,-0.24,0.6,47.0,📊,,,,,,,,,,
20260609,2026-06-10T00:02:42.089700+00:00,GGB,9,11,55.2,6.0,10.1,0.8,0.99,-0.55,-6.79,4.89,⏳,,,,,,,,,,
20260609,2026-06-10T00:02:42.089700+00:00,MKSI,10,12,55.1,8.0,20.9,11.1,0.82,1.76,-4.23,335.15,⏳,,,,,,,,,,
20260609,2026-06-10T00:02:42.089700+00:00,CAT,11,13,53.4,7.0,14.9,10.3,1.03,0.46,-2.74,940.48,📊,,,,,,,,,,
20260609,2026-06-10T00:02:42.089700+00:00,TGT,12,14,53.4,17.0,15.1,0.0,1.02,-0.03,-3.25,130.86,⏳,,,,,,,,,,
20260609,2026-06-10T00:02:42.089700+00:00,EIX,13,15,52.2,16.0,10.4,20.6,0.82,-1.03,-6.01,75.82,⏳,,,,,,,,,,
20260609,2026-06-10T00:02:42.089700+00:00,ROKU,14,16,51.8,7.0,14.9,11.9,0.67,0.36,-8.34,131.91,⏳,,,,,,,,,,
20260609,2026-06-10T00:02:42.089700+00:00,SLB,15,17,50.8,21.0,24.3,1.6,0.76,0.58,-3.72,58.01,⏳,,,,,,,,,,
20260609,2026-06-10T00:02:42.089700+00:00,VLO,16,18,49.2,12.0,14.9,21.4,0.77,-0.92,-2.93,261.45,🔥,,,,,,,,,,
20260609,2026-06-10T00:02:42.089700+00:00,STT,17,19,49.2,7.0,9.3,60.3,0.84,0.12,0.0,163.25,📊,,,,,,,,,,
20260609,2026-06-10T00:02:42.089700+00:00,PSX,18,20,47.8,17.0,19.3,13.5,0.69,0.02,-4.24,186.92,⏳,,,,,,,,,,
20260609,2026-06-10T00:02:42.089700+00:00,DINO,19,21,47.8,12.0,24.3,3.2,0.69,0.7,-5.9,73.99,⏳,,,,,,,,,,
20260609,2026-06-10T00:02:42.089700+00:00,NUE,20,22,46.4,6.0,15.5,81.0,0.93,1.8,-3.03,262.28,📊,,,,,,,,,,
20260609,2026-06-10T00:02:42.089700+00:00,YPF,21,23,45.8,7.0,23.4,92.9,0.94,3.39,-3.07,55.31,📊,,,,,,,,,,
20260609,2026-06-10T00:02:42.089700+00:00,LNTH,22,24,44.9,8.0,21.2,25.4,1.1,2.24,-2.93,103.0,📊,,,,,,,,,,
20260609,2026-06-10T00:02:42.089700+00:00,BUD,23,25,44.8,20.0,20.8,13.5,0.79,0.08,-3.5,83.96,⏳,,,,,,,,,,
20260609,2026-06-10T00:02:42.089700+00:00,ARMK,24,26,44.7,8.0,19.6,62.7,1.37,2.24,-1.14,54.39,📊,,,,,,,,,,
20260609,2026-06-10T00:02:42.089700+00:00,SYRE,25,27,44.7,7.0,15.1,23.8,0.96,-0.36,-2.6,78.48,📊,,,,,,,,,,
20260609,2026-06-10T00:02:42.089700+00:00,TSM,26,28,44.5,6.0,12.2,53.2,0.97,0.81,-4.2,446.69,📊,,,,,,,,,,
20260609,2026-06-10T00:02:42.089700+00:00,HXL,27,29,44.2,21.0,20.3,18.3,0.71,-0.06,-3.54,96.48,⏳,,,,,,,,,,
20260609,2026-06-10T00:02:42.089700+00:00,STLD,28,30,43.7,7.0,20.5,88.9,0.91,2.21,-2.55,276.85,📊,,,,,,,,,,
20260609,2026-06-10T00:02:42.089700+00:00,VTRS,29,31,43.7,7.0,16.5,18.3,0.89,0.5,-6.16,17.26,⏳,,,,,,,,,,
20260609,2026-06-10T00:02:42.089700+00:00,IVZ,30,32,43.4,35.0,24.3,1.6,0.9,0.12,-3.69,28.98,⏳,,,,,,,,,,
20260609,2026-06-10T00:02:42.089700+00:00,NTRS,31,33,43.2,24.0,22.1,11.1,0.95,0.48,-0.96,172.26,📊,,,,,,,,,,
20260609,2026-06-10T00:02:42.089700+00:00,NVT,32,34,42.7,7.0,22.4,25.4,0.8,1.94,-7.14,176.39,⏳,,,,,,,,,,
20260609,2026-06-10T00:02:42.089700+00:00,ARWR,33,35,42.5,7.0,12.0,23.8,0.74,-0.62,-7.98,79.69,⏳,,,,,,,,,,
20260609,2026-06-10T00:02:42.089700+00:00,CFG,34,36,41.8,25.0,18.5,22.2,0.85,-0.08,-2.9,67.63,🔥,,,,,,,,,,
20260609,2026-06-10T00:02:42.089700+00:00,SAN,35,37,41.7,26.0,20.3,16.7,0.69,-0.16,-5.97,13.05,⏳,,,,,,,,,,
20260609,2026-06-10T00:02:42.089700+00:00,IBKR,36,38,41.5,8.0,14.5,31.0,1.24,0.49,-2.69,88.72,📊,,,,,,,,,,
20260609,2026-06-10T00:02:42.089700+00:00,JBL,37,39,41.1,7.0,13.0,33.3,0.96,0.55,-4.7,380.25,📊,,,,,,,,,,
20260609,2026-06-10T00:02:42.089700+00:00,SMFG,38,40,40.9,26.0,22.1,12.7,0.95,0.15,-3.11,23.81,⏳,,,,,,,,,,
20260609,2026-06-10T00:02:42.089700+00:00,HST,39,41,40.6,8.0,16.5,99.2,0.96,1.15,-0.61,24.62,📊,,,,,,,,,,
20260609,2026-06-10T00:02:42.089700+00:00,MPC,40,42,40.3,14.0,21.8,12.7,0.92,0.04,-3.39,267.21,⏳,,,,,,,,,,
20260610,2026-06-11T00:02:56.403618+00:00,BEN,1,2,77.2,6.0,9.0,4.0,0.76,-0.01,-3.74,32.35,⏳,,,,,,,,,,
20260610,2026-06-11T00:02:56.403618+00:00,CSX,2,3,68.5,6.0,6.4,12.7,0.99,0.24,-1.84,47.28,📊,,,,,,,,,,
20260610,2026-06-11T00:02:56.403618+00:00,DINO,3,4,66.6,6.0,11.5,3.2,0.69,-0.17,-4.36,73.99,⏳,,,,,,,,,,
20260610,2026-06-11T00:02:56.403618+00:00,UBS,4,5,62.1,9.0,16.3,10.3,0.85,0.98,-2.89,48.16,🔥,,,,,,,,,,
20260610,2026-06-11T00:02:56.403618+00:00,CNC,5,7,60.7,6.0,20.0,30.2,0.73,2.64,-1.31,66.21,📊,,,,,,,,,,
20260610,2026-06-11T00:02:56.403618+00:00,ELV,6,8,60.1,6.0,13.0,14.3,0.92,1.1,-4.68,424.43,⏳,,,,,,,,,,
20260610,2026-06-11T00:02:56.403618+00:00,NOV,7,9,59.9,19.0,15.8,2.4,0.71,-0.03,-1.72,21.45,🔥,,,,,,,,,,
20260610,2026-06-11T00:02:56.403618+00:00,TS,8,10,59.4,11.0,12.4,10.3,0.74,-0.52,-3.98,64.02,⏳,,,,,,,,,,
20260610,2026-06-11T00:02:56.403618+00:00,SSL,9,11,56.1,12.0,15.8,10.3,0.52,-0.84,-5.25,14.29,⏳,,,,,,,,,,
20260610,2026-06-11T00:02:56.403618+00:00,IRM,10,12,55.9,8.0,14.7,2.4,0.78,0.29,-6.59,132.06,⏳,,,,,,,,,,
20260610,2026-06-11T00:02:56.403618+00:00,TGT,11,13,54.5,17.0,15.1,0.0,1.01,-0.04,-2.2,130.86,📊,,,,,,,,,,
20260610,2026-06-11T00:02:56.403618+00:00,MKSI,12,14,53.8,8.0,20.9,9.5,0.81,1.85,-5.69,335.15,⏳,,,,,,,,,,
20260610,2026-06-11T00:02:56.403618+00:00,EIX,13,15,52.3,16.0,10.4,22.2,0.81,-1.03,-5.7,75.82,⏳,,,,,,,,,,
20260610,2026-06-11T00:02:56.403618+00:00,GGB,14,16,51.7,6.0,10.1,3.2,1.01,-0.6,-7.61,4.89,⏳,,,,,,,,,,
20260610,2026-06-11T00:02:56.403618+00:00,PSX,15,17,50.6,17.0,19.3,12.7,0.67,0.01,-2.78,186.92,🔥,,,,,,,,,,
20260610,2026-06-11T00:02:56.403618+00:00,SLB,16,18,50.2,21.0,23.6,1.6,0.77,0.54,-4.31,58.01,⏳,,,,,,,,,,
20260610,2026-06-11T00:02:56.403618+00:00,STT,17,19,49.5,7.0,9.3,54.8,0.87,0.36,-0.89,163.25,📊,,,,,,,,,,
20260610,2026-06-11T00:02:56.403618+00:00,VLO,18,20,49.2,12.0,14.9,22.2,0.75,-0.88,-1.32,261.45,🔥,,,,,,,,,,
20260610,2026-06-11T00:02:56.403618+00:00,NUE,19,21,46.0,6.0,15.5,78.6,0.92,2.03,-4.5,262.28,📊,,,,,,,,,,
20260610,2026-06-11T00:02:56.403618+00:00,OVV,20,22,45.8,13.0,16.6,6.3,0.66,-1.12,-8.15,63.08,⏳,,,,,,,,,,
20260610,2026-06-11T00:02:56.403618+00:00,STLD,21,23,44.6,7.0,19.3,88.1,0.95,2.34,-3.07,276.85,📊,,,,,,,,,,
20260610,2026-06-11T00:02:56.403618+00:00,NTRS,22,24,44.0,25.0,22.1,6.3,0.99,0.5,-3.56,172.26,⏳,,,,,,,,,,
20260610,2026-06-11T00:02:56.403618+00:00,LTH,23,25,43.7,27.0,24.9,11.1,0.77,0.31,-1.15,33.79,🔥,,,,,,,,,,
20260610,2026-06-11T00:02:56.403618+00:00,BUD,24,26,43.4,20.0,20.8,13.5,0.85,0.07,-3.22,83.96,⏳,,,,,,,,,,
20260610,2026-06-11T00:02:56.403618+00:00,TRGP,25,27,43.4,15.0,17.3,27.0,0.77,0.0,-1.52,276.75,📊,,,,,,,,,,
20260610,2026-06-11T00:02:56.403618+00:00,FANG,26,28,43.3,14.0,17.8,12.7,0.68,-0.42,-7.52,212.52,⏳,,,,,,,,,,
20260610,2026-06-11T00:02:56.403618+00:00,SMFG,27,29,43.1,25.0,21.0,12.7,0.9,0.07,-3.44,23.81,⏳,,,,,,,,,,
20260610,2026-06-11T00:02:56.403618+00:00,VTRS,28,30,43.1,6.0,14.1,13.5,0.87,-0.38,-8.65,17.26,⏳,,,,,,,,,,
20260610,2026-06-11T00:02:56.403618+00:00,BTSG,29,31,43.0,7.0,23.5,27.8,1.11,3.45,-1.77,61.68,📊,,,,,,,,,,
20260610,2026-06-11T00:02:56.403618+00:00,LNTH,30,32,43.0,9.0,22.3,26.2,1.06,2.02,-2.68,103.0,📊,,,,,,,,,,
20260610,2026-06-11T00:02:56.403618+00:00,SYRE,31,33,43.0,8.0,15.1,24.6,0.92,-0.3,-4.33,78.48,⏳,,,,,,,,,,
20260610,2026-06-11T00:02:56.403618+00:00,HXL,32,34,42.2,22.0,20.9,16.7,0.71,0.04,-5.09,96.48,⏳,,,,,,,,,,
20260610,2026-06-11T00:02:56.403618+00:00,ARMK,33,35,42.1,9.0,21.4,38.1,1.22,1.99,-2.0,54.39,📊,,,,,,,,,,
20260610,2026-06-11T00:02:56.403618+00:00,YPF,34,36,41.9,7.0,23.4,91.3,0.92,3.71,-1.88,55.31,📊,,,,,,,,,,
20260610,2026-06-11T00:02:56.403618+00:00,HST,35,37,41.8,8.0,16.5,98.4,0.97,1.35,-2.72,24.62,📊,,,,,,,,,,
20260610,2026-06-11T00:02:56.403618+00:00,MPC,36,38,41.7,14.0,21.0,13.5,0.91,0.02,-1.47,267.21,🔥,,,,,,,,,,
20260610,2026-06-11T00:02:56.403618+00:00,IVZ,37,39,41.5,35.0,24.3,0.0,0.89,0.12,-5.24,28.98,⏳,,,,,,,,,,
20260610,2026-06-11T00:02:56.403618+00:00,VIST,38,40,41.5,12.0,19.0,12.7,0.53,-0.83,-8.52,79.25,⏳,,,,,,,,,,
20260610,2026-06-11T00:02:56.403618+00:00,PBA,39,41,40.5,17.0,14.5,31.7,0.94,-0.04,-1.49,49.58,📊,,,,,,,,,,
20260610,2026-06-11T00:02:56.403618+00:00,IBKR,40,42,40.4,8.0,14.5,30.2,1.22,0.51,-3.72,88.72,📊,,,,,,,,,,
20260610,2026-06-11T00:02:56.403618+00:00,PAA,41,43,40.2,14.0,14.8,42.9,0.69,-0.48,-5.88,24.15,📊,,,,,,,,,,
20260611,2026-06-12T00:47:11.713642+00:00,BEN,1,2,75.9,6.0,8.2,1.6,0.76,0.02,-1.67,32.35,🔥,,,,,,,,,,
20260611,2026-06-12T00:47:11.713642+00:00,IRM,2,3,70.8,6.0,6.6,4.0,0.77,-0.87,-5.22,132.06,⏳,,,,,,,,,,
20260611,2026-06-12T00:47:11.713642+00:00,CSX,3,4,69.0,7.0,6.5,5.6,0.98,-0.04,0.0,47.37,📊,,,,,,,,,,
20260611,2026-06-12T00:47:11.713642+00:00,DINO,4,5,67.7,6.0,9.8,3.2,0.68,-0.3,-5.52,73.99,⏳,,,,,,,,,,
20260611,2026-06-12T00:47:11.713642+00:00,UBS,5,6,67.3,6.0,10.0,11.1,0.85,1.11,0.0,48.19,🔥,,,,,,,,,,
20260611,2026-06-12T00:47:11.713642+00:00,GGB,6,8,60.2,6.0,8.7,4.0,0.98,-0.63,-4.75,4.89,⏳,,,,,,,,,,
20260611,2026-06-12T00:47:11.713642+00:00,CNC,7,9,60.0,6.0,20.0,30.2,0.72,2.84,-4.03,66.21,📊,,,,,,,,,,
20260611,2026-06-12T00:47:11.713642+00:00,ELV,8,10,59.9,6.0,13.0,15.1,0.89,1.2,-5.57,422.71,⏳,,,,,,,,,,
20260611,2026-06-12T00:47:11.713642+00:00,NOV,9,11,59.4,19.0,15.8,4.8,0.67,-0.04,-1.54,21.45,🔥,,,,,,,,,,
20260611,2026-06-12T00:47:11.713642+00:00,VOD,10,12,58.6,19.0,12.3,4.0,0.76,-0.51,-4.75,16.02,⏳,,,,,,,,,,
20260611,2026-06-12T00:47:11.713642+00:00,TS,11,13,57.0,11.0,12.4,8.7,0.74,-0.51,-3.19,64.02,⏳,,,,,,,,,,
20260611,2026-06-12T00:47:11.713642+00:00,SSL,12,14,53.5,12.0,15.8,11.1,0.52,-0.85,-6.09,14.29,⏳,,,,,,,,,,
20260611,2026-06-12T00:47:11.713642+00:00,VTRS,13,15,53.3,7.0,16.1,6.3,0.85,0.32,-5.52,17.26,⏳,,,,,,,,,,
20260611,2026-06-12T00:47:11.713642+00:00,SLB,14,16,51.7,21.0,23.6,0.8,0.77,0.52,-3.46,58.01,⏳,,,,,,,,,,
20260611,2026-06-12T00:47:11.713642+00:00,EIX,15,17,51.2,16.0,10.4,28.6,0.82,-1.07,-4.59,75.82,⏳,,,,,,,,,,
20260611,2026-06-12T00:47:11.713642+00:00,PSX,16,18,50.9,17.0,19.3,7.1,0.65,-0.03,-4.72,186.92,⏳,,,,,,,,,,
20260611,2026-06-12T00:47:11.713642+00:00,VLO,17,19,50.5,13.0,14.9,19.0,0.77,-0.73,-2.24,261.45,🔥,,,,,,,,,,
20260611,2026-06-12T00:47:11.713642+00:00,CAT,18,20,49.5,6.0,9.0,18.3,1.11,-0.44,-4.56,940.48,⏳,,,,,,,,,,
20260611,2026-06-12T00:47:11.713642+00:00,NUE,19,21,49.5,6.0,15.5,81.0,0.91,2.26,-0.53,262.28,📊,,,,,,,,,,
20260611,2026-06-12T00:47:11.713642+00:00,VIST,20,22,49.0,12.0,19.0,0.0,0.54,-0.81,-7.86,79.25,⏳,,,,,,,,,,
20260611,2026-06-12T00:47:11.713642+00:00,STT,21,23,47.6,7.0,9.0,61.1,0.89,0.32,1.29,162.75,📊,,,,,,,,,,
20260611,2026-06-12T00:47:11.713642+00:00,AMX,22,24,47.0,11.0,11.0,51.6,0.69,-1.28,0.0,27.66,📊,,,,,,,,,,
20260611,2026-06-12T00:47:11.713642+00:00,TSM,23,25,46.9,6.0,12.1,43.7,0.94,0.85,-5.74,446.69,📊,,,,,,,,,,
20260611,2026-06-12T00:47:11.713642+00:00,TGT,24,26,46.9,16.0,14.7,7.1,1.02,-0.1,1.36,130.86,📊,,,,,,,,,,
20260611,2026-06-12T00:47:11.713642+00:00,VOYA,25,27,46.9,6.0,10.4,78.6,0.95,0.56,2.74,88.48,📊,,,,,,,,,,
20260611,2026-06-12T00:47:11.713642+00:00,ESI,26,28,46.0,9.0,17.5,13.5,0.84,0.11,-4.57,44.98,⏳,,,,,,,,,,
20260611,2026-06-12T00:47:11.713642+00:00,EBAY,27,29,45.8,6.0,13.0,31.7,0.78,-0.11,-7.6,118.63,📊,,,,,,,,,,
20260611,2026-06-12T00:47:11.713642+00:00,TTMI,28,30,45.2,6.0,21.9,21.4,1.27,2.39,-4.95,196.95,⏳,,,,,,,,,,
20260611,2026-06-12T00:47:11.713642+00:00,NTRS,29,31,45.1,25.0,22.1,4.0,1.01,0.49,-0.88,172.26,📊,,,,,,,,,,
20260611,2026-06-12T00:47:11.713642+00:00,MPC,30,32,45.0,14.0,20.3,11.1,0.86,-0.02,-2.4,267.21,🔥,,,,,,,,,,
20260611,2026-06-12T00:47:11.713642+00:00,TRGP,31,33,44.5,15.0,17.3,25.4,0.75,-0.01,-2.67,276.75,📊,,,,,,,,,,
20260611,2026-06-12T00:47:11.713642+00:00,MKSI,32,34,44.3,8.0,20.9,19.8,0.84,1.78,3.03,335.15,📊,,,,,,,,,,
20260611,2026-06-12T00:47:11.713642+00:00,STLD,33,35,44.0,7.0,20.1,89.7,0.93,2.65,0.0,279.55,📊,,,,,,,,,,
20260611,2026-06-12T00:47:11.713642+00:00,MS,34,36,43.8,8.0,14.7,73.8,0.9,1.09,-2.57,218.27,📊,,,,,,,,,,
20260611,2026-06-12T00:47:11.713642+00:00,IBKR,35,37,43.8,6.0,10.6,36.5,1.24,0.43,0.0,88.83,📊,,,,,,,,,,
20260611,2026-06-12T00:47:11.713642+00:00,ARWR,36,38,43.8,7.0,12.0,27.8,0.72,-0.73,-6.63,79.69,⏳,,,,,,,,,,
20260611,2026-06-12T00:47:11.713642+00:00,AMKR,37,39,43.6,7.0,16.7,7.9,1.24,-1.35,-2.39,78.01,📊,,,,,,,,,,
20260611,2026-06-12T00:47:11.713642+00:00,IVZ,38,40,43.4,35.0,24.3,4.0,0.9,0.12,-2.37,28.98,🔥,,,,,,,,,,
20260611,2026-06-12T00:47:11.713642+00:00,BUD,39,41,42.8,21.0,21.7,14.3,0.87,0.18,-2.01,83.96,🔥,,,,,,,,,,
20260611,2026-06-12T00:47:11.713642+00:00,JBL,40,42,42.7,7.0,13.0,44.4,0.94,0.66,-0.88,380.25,📊,,,,,,,,,,
20260611,2026-06-12T00:47:11.713642+00:00,TEVA,41,43,42.5,26.0,22.0,5.6,0.86,0.02,-4.9,36.34,⏳,,,,,,,,,,
20260611,2026-06-12T00:47:11.713642+00:00,HWM,42,44,42.2,17.0,18.5,7.1,1.03,-0.56,-3.28,273.58,⏳,,,,,,,,,,
20260611,2026-06-12T00:47:11.713642+00:00,SAN,43,45,42.1,27.0,20.3,21.4,0.74,-0.12,-3.75,13.05,⏳,,,,,,,,,,
20260611,2026-06-12T00:47:11.713642+00:00,HST,44,46,41.8,8.0,16.5,96.8,0.98,1.49,-1.14,24.62,📊,,,,,,,,,,
20260611,2026-06-12T00:47:11.713642+00:00,PAA,45,47,41.7,16.0,16.9,31.7,0.71,-0.16,-6.92,24.15,📊,,,,,,,,,,
20260611,2026-06-12T00:47:11.713642+00:00,SM,46,48,41.2,7.0,18.0,30.2,0.63,0.98,-9.52,34.57,📊,,,,,,,,,,
20260611,2026-06-12T00:47:11.713642+00:00,ROKU,47,49,40.5,8.0,15.2,21.4,0.73,0.25,-9.3,131.91,⏳,,,,,,,,,,
20260612,2026-06-13T00:02:52.975599+00:00,BEN,1,2,77.3,6.0,8.2,0.8,0.76,0.08,-0.68,32.35,🔥,,,,,,,,,,
20260612,2026-06-13T00:02:52.975599+00:00,IRM,2,3,74.2,6.0,6.6,3.2,0.77,-0.79,-3.65,132.06,⏳,,,,,,,,,,
20260612,2026-06-13T00:02:52.975599+00:00,DINO,3,4,73.3,6.0,8.0,1.6,0.73,-0.35,-3.68,73.99,⏳,,,,,,,,,,
20260612,2026-06-13T00:02:52.975599+00:00,CSX,4,5,68.5,7.0,6.9,8.7,0.95,0.15,0.0,47.57,📊,,,,,,,,,,
20260612,2026-06-13T00:02:52.975599+00:00,ELV,5,6,64.1,6.0,13.0,15.1,0.87,1.28,-4.41,422.71,⏳,,,,,,,,,,
20260612,2026-06-13T00:02:52.975599+00:00,GGB,6,8,62.7,6.0,8.7,4.8,1.0,-0.58,-2.91,4.89,📊,,,,,,,,,,
20260612,2026-06-13T00:02:52.975599+00:00,CNC,7,9,60.2,6.0,20.0,32.5,0.71,3.01,-1.54,66.21,📊,,,,,,,,,,
20260612,2026-06-13T00:02:52.975599+00:00,NOV,8,10,59.7,20.0,15.8,5.6,0.66,0.03,-1.49,21.45,🔥,,,,,,,,,,
20260612,2026-06-13T00:02:52.975599+00:00,VOD,9,11,57.7,19.0,12.3,11.9,0.76,-0.53,-3.06,16.02,⏳,,,,,,,,,,
20260612,2026-06-13T00:02:52.975599+00:00,VTRS,10,12,56.9,8.0,16.5,2.4,0.85,0.61,-4.54,17.26,⏳,,,,,,,,,,
20260612,2026-06-13T00:02:52.975599+00:00,TS,11,13,56.6,11.0,12.4,12.7,0.75,-0.47,-1.72,64.02,🔥,,,,,,,,,,
20260612,2026-06-13T00:02:52.975599+00:00,PSX,12,14,55.8,18.0,19.3,1.6,0.65,0.09,-4.0,186.92,⏳,,,,,,,,,,
20260612,2026-06-13T00:02:52.975599+00:00,CAT,13,15,53.5,6.0,9.0,17.5,1.11,-0.32,-3.18,940.48,⏳,,,,,,,,,,
20260612,2026-06-13T00:02:52.975599+00:00,UBS,14,16,53.4,8.0,14.8,12.7,0.87,1.14,1.68,48.16,📊,,,,,,,,,,
20260612,2026-06-13T00:02:52.975599+00:00,SLB,15,17,51.5,21.0,23.6,0.8,0.79,0.48,-3.15,58.01,⏳,,,,,,,,,,
20260612,2026-06-13T00:02:52.975599+00:00,VLO,16,18,50.6,13.0,14.9,16.7,0.77,-0.7,-1.06,261.45,🔥,,,,,,,,,,
20260612,2026-06-13T00:02:52.975599+00:00,ARWR,17,19,49.0,8.0,13.1,18.3,0.71,-0.41,-6.49,79.69,⏳,,,,,,,,,,
20260612,2026-06-13T00:02:52.975599+00:00,ESI,18,20,48.0,9.0,17.2,14.3,0.86,0.13,-2.83,44.98,🔥,,,,,,,,,,
20260612,2026-06-13T00:02:52.975599+00:00,VIST,19,21,47.4,12.0,19.0,0.0,0.53,-0.76,-8.97,79.25,⏳,,,,,,,,,,
20260612,2026-06-13T00:02:52.975599+00:00,VOYA,20,22,47.0,6.0,10.4,88.9,0.97,0.88,3.39,88.48,🚀,,,,,,,,,,
20260612,2026-06-13T00:02:52.975599+00:00,NVT,21,23,46.9,6.0,11.1,23.8,0.82,-0.63,-5.98,176.39,⏳,,,,,,,,,,
20260612,2026-06-13T00:02:52.975599+00:00,ARMK,22,24,46.7,8.0,18.5,34.9,1.01,2.45,-0.48,54.53,📊,,,,,,,,,,
20260612,2026-06-13T00:02:52.975599+00:00,STX,23,25,45.3,6.0,22.7,56.3,0.81,3.2,-1.03,940.69,📊,,,,,,,,,,
20260612,2026-06-13T00:02:52.975599+00:00,MPC,24,26,45.2,14.0,20.3,10.3,0.86,-0.03,-1.36,267.21,🔥,,,,,,,,,,
20260612,2026-06-13T00:02:52.975599+00:00,TTMI,25,27,45.2,6.0,21.9,27.0,1.27,2.63,-1.47,196.95,📊,,,,,,,,,,
20260612,2026-06-13T00:02:52.975599+00:00,HWM,26,28,44.5,17.0,18.5,2.4,1.03,-0.59,-3.26,273.58,⏳,,,,,,,,,,
20260612,2026-06-13T00:02:52.975599+00:00,STT,27,29,44.5,7.0,9.3,65.9,0.89,0.47,2.68,163.25,📊,,,,,,,,,,
20260612,2026-06-13T00:02:52.975599+00:00,MS,28,30,44.4,8.0,14.7,73.8,0.91,1.21,-1.94,218.27,📊,,,,,,,,,,
20260612,2026-06-13T00:02:52.975599+00:00,NUE,29,31,44.4,6.0,15.5,82.5,0.92,2.12,1.55,262.28,📊,,,,,,,,,,
20260612,2026-06-13T00:02:52.975599+00:00,WULF,30,32,44.4,6.0,20.9,49.2,0.86,2.17,-2.54,26.74,📊,,,,,,,,,,
20260612,2026-06-13T00:02:52.975599+00:00,CX,31,33,44.3,9.0,13.9,34.1,0.68,-0.09,-4.21,13.55,📊,,,,,,,,,,
20260612,2026-06-13T00:02:52.975599+00:00,TEVA,32,34,44.1,26.0,22.0,2.4,0.87,0.0,-4.71,36.34,⏳,,,,,,,,,,
20260612,2026-06-13T00:02:52.975599+00:00,TSM,33,35,43.7,7.0,12.2,43.7,0.9,0.58,-4.87,445.65,📊,,,,,,,,,,
20260612,2026-06-13T00:02:52.975599+00:00,BHP,34,36,42.9,9.0,17.5,34.1,0.86,0.67,-2.5,93.15,📊,,,,,,,,,,
20260612,2026-06-13T00:02:52.975599+00:00,EBAY,35,37,42.7,6.0,12.5,34.9,0.78,-0.29,-8.45,118.63,📊,,,,,,,,,,
20260612,2026-06-13T00:02:52.975599+00:00,BTSG,36,38,42.6,6.0,18.6,47.6,1.15,2.54,0.0,63.23,📊,,,,,,,,,,
20260612,2026-06-13T00:02:52.975599+00:00,KEYS,37,39,42.2,9.0,11.6,22.2,1.29,-0.75,-4.37,366.68,⏳,,,,,,,,,,
20260612,2026-06-13T00:02:52.975599+00:00,ADI,38,40,42.1,7.0,12.7,24.6,1.42,-0.09,-4.54,437.67,⏳,,,,,,,,,,
20260612,2026-06-13T00:02:52.975599+00:00,BUD,39,41,42.0,21.0,20.8,16.7,0.88,0.16,-1.25,83.96,🔥,,,,,,,,,,
20260612,2026-06-13T00:02:52.975599+00:00,TRGP,40,42,41.9,15.0,16.9,31.0,0.76,-0.03,-1.5,276.75,📊,,,,,,,,,,
20260612,2026-06-13T00:02:52.975599+00:00,HST,41,43,41.0,8.0,16.2,94.4,1.0,1.61,0.0,24.89,📊,,,,,,,,,,
20260612,2026-06-13T00:02:52.975599+00:00,ILMN,42,44,40.0,6.0,20.6,83.3,1.12,3.46,-5.83,170.93,📊,,,,,,,,,,
20260612,2026-06-13T00:02:52.975599+00:00,SM,43,45,40.0,7.0,18.0,31.0,0.66,0.88,-9.9,34.57,📊,,,,,,,,,,
20260615,2026-06-16T00:03:16.080928+00:00,IRM,1,2,73.4,6.0,6.6,2.4,0.77,-0.76,-4.38,132.06,⏳,,,,,,,,,,
20260615,2026-06-16T00:03:16.080928+00:00,CSX,2,3,71.8,7.0,6.9,12.7,0.96,0.24,-0.38,47.57,📊,,,,,,,,,,
20260615,2026-06-16T00:03:16.080928+00:00,BEN,3,4,71.1,6.0,8.6,10.3,0.76,0.08,0.0,32.51,🔥,,,,,,,,,,
20260615,2026-06-16T00:03:16.080928+00:00,ELV,4,6,65.0,6.0,13.0,12.7,0.85,1.2,-4.93,422.71,⏳,,,,,,,,,,
20260615,2026-06-16T00:03:16.080928+00:00,GGB,5,7,61.9,6.0,8.7,4.8,0.99,-0.68,-4.54,4.89,⏳,,,,,,,,,,
20260615,2026-06-16T00:03:16.080928+00:00,NOV,6,8,58.3,20.0,15.8,5.6,0.65,0.01,-3.93,21.36,⏳,,,,,,,,,,
20260615,2026-06-16T00:03:16.080928+00:00,TS,7,9,57.7,11.0,12.4,7.1,0.76,-0.45,-3.7,64.02,⏳,,,,,,,,,,
20260615,2026-06-16T00:03:16.080928+00:00,CNC,8,10,56.0,6.0,20.0,31.7,0.73,2.89,-4.24,66.21,📊,,,,,,,,,,
20260615,2026-06-16T00:03:16.080928+00:00,DINO,9,11,55.4,6.0,9.1,10.3,0.75,-0.55,-9.1,73.99,⏳,,,,,,,,,,
20260615,2026-06-16T00:03:16.080928+00:00,ARWR,10,12,54.6,8.0,13.1,19.8,0.69,-0.48,-3.19,79.69,⏳,,,,,,,,,,
20260615,2026-06-16T00:03:16.080928+00:00,VTRS,11,13,54.3,8.0,16.5,2.4,0.85,0.51,-5.46,17.26,⏳,,,,,,,,,,
20260615,2026-06-16T00:03:16.080928+00:00,CAT,12,14,51.2,6.0,9.0,22.2,1.11,-0.19,-0.7,940.48,📊,,,,,,,,,,
20260615,2026-06-16T00:03:16.080928+00:00,NVT,13,15,50.7,6.0,11.1,23.0,0.81,-0.7,-4.19,176.39,⏳,,,,,,,,,,
20260615,2026-06-16T00:03:16.080928+00:00,VOYA,14,16,49.8,6.0,11.1,89.7,0.94,1.14,2.28,89.14,📊,,,,,,,,,,
20260615,2026-06-16T00:03:16.080928+00:00,EBAY,15,17,48.2,6.0,11.5,27.8,0.79,-0.48,-7.97,118.63,⏳,,,,,,,,,,
20260615,2026-06-16T00:03:16.080928+00:00,UBS,16,18,47.2,9.0,16.3,15.1,0.87,1.07,2.89,48.16,📊,,,,,,,,,,
20260615,2026-06-16T00:03:16.080928+00:00,HST,17,19,47.1,8.0,16.2,89.7,1.0,1.7,-0.32,24.89,📊,,,,,,,,,,
20260615,2026-06-16T00:03:16.080928+00:00,VLO,18,20,46.4,13.0,14.9,16.7,0.78,-0.73,-5.47,261.45,⏳,,,,,,,,,,
20260615,2026-06-16T00:03:16.080928+00:00,TSM,19,21,46.0,7.0,12.2,46.0,0.89,0.72,-0.95,445.65,📊,,,,,,,,,,
20260615,2026-06-16T00:03:16.080928+00:00,CMC,20,22,44.5,8.0,14.3,41.3,0.87,1.06,-0.94,77.76,📊,,,,,,,,,,
20260615,2026-06-16T00:03:16.080928+00:00,NUE,21,23,44.1,7.0,19.3,79.4,0.95,2.21,-2.64,266.35,📊,,,,,,,,,,
20260615,2026-06-16T00:03:16.080928+00:00,STT,22,24,44.1,7.0,9.3,69.8,0.9,0.65,2.52,163.25,📊,,,,,,,,,,
20260615,2026-06-16T00:03:16.080928+00:00,MS,23,25,43.7,8.0,14.7,72.2,0.9,1.29,-0.13,218.27,📊,,,,,,,,,,
20260615,2026-06-16T00:03:16.080928+00:00,ALKS,24,26,43.7,6.0,23.9,88.1,0.82,4.72,-1.25,44.92,📊,,,,,,,,,,
20260615,2026-06-16T00:03:16.080928+00:00,HWM,25,27,43.4,17.0,18.5,6.3,1.04,-0.57,-1.15,273.58,📊,,,,,,,,,,
20260615,2026-06-16T00:03:16.080928+00:00,ARMK,26,28,43.4,9.0,20.7,36.5,0.95,2.21,-0.61,54.53,📊,,,,,,,,,,
20260615,2026-06-16T00:03:16.080928+00:00,KEYS,27,29,43.3,9.0,11.6,26.2,1.25,-0.72,-2.66,366.68,📊,,,,,,,,,,
20260615,2026-06-16T00:03:16.080928+00:00,ESI,28,30,43.3,9.0,17.4,22.2,0.84,0.19,0.0,45.08,🔥,,,,,,,,,,
20260615,2026-06-16T00:03:16.080928+00:00,CX,29,31,42.9,9.0,13.9,34.9,0.66,-0.07,-4.87,13.55,📊,,,,,,,,,,
20260615,2026-06-16T00:03:16.080928+00:00,STLD,30,32,42.7,7.0,21.0,84.1,0.95,3.01,-3.74,282.76,📊,,,,,,,,,,
20260615,2026-06-16T00:03:16.080928+00:00,ILMN,31,33,42.7,6.0,18.8,81.0,1.13,3.38,-2.36,170.93,📊,,,,,,,,,,
20260615,2026-06-16T00:03:16.080928+00:00,FLS,32,34,42.3,6.0,19.5,58.7,0.91,1.85,0.0,79.99,📊,,,,,,,,,,
20260615,2026-06-16T00:03:16.080928+00:00,MUFG,33,35,42.2,27.0,22.7,17.5,0.89,0.3,0.65,20.05,📊,,,,,,,,,,
20260615,2026-06-16T00:03:16.080928+00:00,ADI,34,36,42.0,7.0,12.7,31.0,1.44,-0.02,-2.31,437.67,📊,,,,,,,,,,
20260615,2026-06-16T00:03:16.080928+00:00,BTSG,35,37,41.9,6.0,19.7,55.6,1.14,2.55,0.0,64.08,📊,,,,,,,,,,
20260615,2026-06-16T00:03:16.080928+00:00,DD,36,38,41.1,22.0,18.0,16.7,0.89,-0.16,-5.05,51.12,⏳,,,,,,,,,,
20260615,2026-06-16T00:03:16.080928+00:00,NTRS,37,39,40.9,25.0,22.1,8.7,1.02,0.51,0.27,172.26,📊,,,,,,,,,,
20260615,2026-06-16T00:03:16.080928+00:00,BHP,38,40,40.6,9.0,17.3,39.7,0.86,0.74,-1.1,93.15,📊,,,,,,,,,,
20260615,2026-06-16T00:03:16.080928+00:00,RIO,39,41,40.6,9.0,13.9,23.8,0.9,-0.06,-5.49,112.04,⏳,,,,,,,,,,
20260615,2026-06-16T00:03:16.080928+00:00,JBL,40,42,40.2,8.0,14.4,57.9,0.94,0.83,0.0,385.63,📊,,,,,,,,,,
20260616,2026-06-17T00:02:47.820975+00:00,IRM,1,2,74.7,6.0,6.6,2.4,0.81,-0.56,-2.25,131.16,🔥,,,,,,,,,,
20260616,2026-06-17T00:02:47.820975+00:00,CSX,2,3,70.5,7.0,6.9,15.1,0.98,0.31,-1.41,47.57,📊,,,,,,,,,,
20260616,2026-06-17T00:02:47.820975+00:00,BEN,3,4,62.6,6.0,8.2,16.7,0.77,0.27,2.57,32.35,📊,,,,,,,,,,
20260616,2026-06-17T00:02:47.820975+00:00,GGB,4,5,60.3,6.0,8.0,5.6,1.01,-0.75,-5.57,4.89,⏳,,,,,,,,,,
20260616,2026-06-17T00:02:47.820975+00:00,VTRS,5,6,55.9,6.0,10.8,2.4,0.83,-1.06,-7.09,17.26,⏳,,,,,,,,,,
20260616,2026-06-17T00:02:47.820975+00:00,DOCN,6,7,55.9,6.0,18.7,33.3,0.62,2.24,-3.92,181.29,📊,,,,,,,,,,
20260616,2026-06-17T00:02:47.820975+00:00,UBS,7,8,55.6,6.0,10.0,17.5,0.86,1.3,4.71,48.19,📊,,,,,,,,,,
20260616,2026-06-17T00:02:47.820975+00:00,ARWR,8,9,53.6,8.0,12.0,21.4,0.69,-0.55,-3.94,79.69,⏳,,,,,,,,,,
20260616,2026-06-17T00:02:47.820975+00:00,NVT,9,10,52.3,6.0,11.1,19.8,0.79,-0.7,-5.13,176.39,⏳,,,,,,,,,,
20260616,2026-06-17T00:02:47.820975+00:00,CNC,10,11,51.0,6.0,20.0,28.6,0.73,2.75,-7.28,66.21,⏳,,,,,,,,,,
20260616,2026-06-17T00:02:47.820975+00:00,DINO,11,12,50.9,6.0,10.0,12.7,0.74,-0.6,-10.01,73.99,📊,,,,,,,,,,
20260616,2026-06-17T00:02:47.820975+00:00,CMC,12,13,49.4,8.0,14.3,31.7,0.88,1.08,-1.38,77.76,📊,,,,,,,,,,
20260616,2026-06-17T00:02:47.820975+00:00,EBAY,13,14,48.9,6.0,11.5,27.0,0.78,-0.5,-7.85,118.63,⏳,,,,,,,,,,
20260616,2026-06-17T00:02:47.820975+00:00,CAT,14,15,48.7,6.0,9.0,24.6,1.09,-0.14,0.53,940.48,📊,,,,,,,,,,
20260616,2026-06-17T00:02:47.820975+00:00,AVT,15,16,47.1,6.0,13.3,45.2,1.26,1.52,-2.09,92.93,📊,,,,,,,,,,
20260616,2026-06-17T00:02:47.820975+00:00,ALKS,16,17,46.3,6.0,22.1,84.9,0.82,4.46,-1.85,44.92,📊,,,,,,,,,,
20260616,2026-06-17T00:02:47.820975+00:00,NUE,17,18,46.1,7.0,16.8,74.6,0.96,2.09,-2.73,266.35,📊,,,,,,,,,,
20260616,2026-06-17T00:02:47.820975+00:00,TSM,18,19,45.8,7.0,12.2,38.1,0.88,0.81,-4.45,445.65,📊,,,,,,,,,,
20260616,2026-06-17T00:02:47.820975+00:00,VOYA,19,20,45.7,7.0,13.4,89.7,0.94,1.1,-0.44,91.48,📊,,,,,,,,,,
20260616,2026-06-17T00:02:47.820975+00:00,BCS,20,21,44.4,9.0,10.9,45.2,0.61,-0.19,2.77,25.28,📊,,,,,,,,,,
20260616,2026-06-17T00:02:47.820975+00:00,CVS,21,22,43.4,7.0,20.9,62.7,0.96,2.12,-1.22,101.96,📊,,,,,,,,,,
20260616,2026-06-17T00:02:47.820975+00:00,JBL,22,23,43.2,8.0,14.2,38.1,0.95,0.82,-2.62,385.63,📊,,,,,,,,,,
20260616,2026-06-17T00:02:47.820975+00:00,HST,23,24,43.0,9.0,17.4,88.1,1.02,1.46,0.0,24.9,📊,,,,,,,,,,
20260616,2026-06-17T00:02:47.820975+00:00,RVMD,24,25,42.9,7.0,14.8,34.9,0.95,0.61,-4.34,163.68,📊,,,,,,,,,,
20260616,2026-06-17T00:02:47.820975+00:00,ARMK,25,26,42.7,9.0,19.8,40.5,0.94,2.22,-0.29,54.53,📊,,,,,,,,,,
20260616,2026-06-17T00:02:47.820975+00:00,ESI,26,27,42.7,9.0,17.4,28.6,0.81,0.24,-1.15,45.08,📊,,,,,,,,,,
20260616,2026-06-17T00:02:47.820975+00:00,CX,27,28,42.4,9.0,13.9,38.1,0.67,-0.05,-4.21,13.55,📊,,,,,,,,,,
20260616,2026-06-17T00:02:47.820975+00:00,CORZ,28,29,41.8,6.0,23.6,38.1,0.92,4.19,-3.34,29.05,📊,,,,,,,,,,
20260616,2026-06-17T00:02:47.820975+00:00,BTSG,29,30,41.7,6.0,19.8,56.3,1.13,2.81,0.0,64.14,📊,,,,,,,,,,
20260616,2026-06-17T00:02:47.820975+00:00,STLD,30,31,41.4,8.0,22.1,81.7,0.98,2.59,-3.0,282.76,📊,,,,,,,,,,
20260616,2026-06-17T00:02:47.820975+00:00,ILMN,31,32,41.2,6.0,18.8,80.2,1.14,3.48,-3.89,170.93,📊,,,,,,,,,,
20260616,2026-06-17T00:02:47.820975+00:00,STT,32,33,40.8,7.0,10.2,74.6,0.92,0.85,3.91,164.85,📊,,,,,,,,,,
20260616,2026-06-17T00:02:47.820975+00:00,RIO,33,34,40.7,9.0,13.9,23.0,0.91,-0.02,-5.62,112.04,⏳,,,,,,,,,,
20260616,2026-06-17T00:02:47.820975+00:00,MS,34,35,40.4,8.0,14.7,71.4,0.92,1.25,1.17,218.27,📊,,,,,,,,,,
20260616,2026-06-17T00:02:47.820975+00:00,BHP,35,36,40.4,9.0,17.3,44.4,0.87,0.84,-0.69,93.15,📊,,,,,,,,,,
20260616,2026-06-17T00:02:47.820975+00:00,KEYS,36,37,40.2,9.0,11.6,28.6,1.21,-0.71,-4.47,366.68,⏳,,,,,,,,,,
20260617,2026-06-18T01:55:20.841743+00:00,IRM,1,2,73.7,6.0,6.6,0.8,0.82,-0.37,-4.36,131.16,⏳,,,,,,,,,,
20260617,2026-06-18T01:55:20.841743+00:00,DOCN,2,3,64.9,6.0,18.7,19.8,0.62,2.32,-1.92,181.29,🔥,,,,,,,,,,
20260617,2026-06-18T01:55:20.841743+00:00,UBS,3,4,62.6,6.0,11.5,17.5,0.87,1.41,1.55,48.97,📊,,,,,,,,,,
20260617,2026-06-18T01:55:20.841743+00:00,CSX,4,5,62.5,7.0,6.9,16.7,1.0,0.36,-4.2,47.57,⏳,,,,,,,,,,
20260617,2026-06-18T01:55:20.841743+00:00,JBL,5,6,60.9,8.0,14.2,0.0,1.01,0.88,-2.76,385.63,📊,,,,,,,,,,
20260617,2026-06-18T01:55:20.841743+00:00,BEN,6,7,60.6,6.0,8.2,23.8,0.77,0.41,2.91,32.35,📊,,,,,,,,,,
20260617,2026-06-18T01:55:20.841743+00:00,NVT,7,8,58.4,6.0,11.1,14.3,0.77,-0.5,-3.09,176.39,⏳,,,,,,,,,,
20260617,2026-06-18T01:55:20.841743+00:00,LTH,8,9,56.3,6.0,10.1,46.8,0.72,0.35,-0.8,34.87,📊,,,,,,,,,,
20260617,2026-06-18T01:55:20.841743+00:00,TSM,9,10,54.5,7.0,12.1,27.8,0.87,0.87,-3.03,445.65,⏳,,,,,,,,,,
20260617,2026-06-18T01:55:20.841743+00:00,CORZ,10,11,54.4,6.0,23.0,15.9,0.92,3.79,-2.31,29.05,🔥,,,,,,,,,,
20260617,2026-06-18T01:55:20.841743+00:00,VTRS,11,12,53.4,6.0,9.9,4.8,0.8,-1.25,-8.88,17.26,⏳,,,,,,,,,,
20260617,2026-06-18T01:55:20.841743+00:00,CNC,12,13,51.1,6.0,17.0,27.0,0.74,2.4,-8.41,66.21,⏳,,,,,,,,,,
20260617,2026-06-18T01:55:20.841743+00:00,WBS,13,14,49.2,9.0,4.1,34.9,1.05,-0.56,1.49,73.91,📊,,,,,,,,,,
20260617,2026-06-18T01:55:20.841743+00:00,EBAY,14,15,48.2,6.0,10.5,26.2,0.77,-0.66,-9.05,118.63,⏳,,,,,,,,,,
20260617,2026-06-18T01:55:20.841743+00:00,CVS,15,16,48.1,6.0,14.8,69.0,0.91,1.42,-2.75,101.96,📊,,,,,,,,,,
20260617,2026-06-18T01:55:20.841743+00:00,BIIB,16,17,47.8,29.0,19.6,10.3,0.86,0.04,-2.87,204.53,🔥,,,,,,,,,,
20260617,2026-06-18T01:55:20.841743+00:00,FDX,17,18,47.2,18.0,18.7,9.5,0.88,-0.12,-3.78,338.75,⏳,,,,,,,,,,
20260617,2026-06-18T01:55:20.841743+00:00,RVMD,18,19,46.6,7.0,14.8,32.5,0.96,0.77,-3.61,163.68,📊,,,,,,,,,,
20260617,2026-06-18T01:55:20.841743+00:00,VOYA,19,20,46.6,7.0,13.4,88.9,0.95,1.34,-1.04,91.48,📊,,,,,,,,,,
20260617,2026-06-18T01:55:20.841743+00:00,ALKS,20,21,46.3,6.0,22.1,81.0,0.8,4.84,-0.91,44.92,📊,,,,,,,,,,
20260617,2026-06-18T01:55:20.841743+00:00,CAT,21,22,45.9,6.0,9.0,30.2,1.08,0.08,1.64,940.48,📊,,,,,,,,,,
20260617,2026-06-18T01:55:20.841743+00:00,WULF,22,23,45.9,6.0,20.9,20.6,0.86,2.87,4.19,26.74,📊,,,,,,,,,,
20260617,2026-06-18T01:55:20.841743+00:00,GTX,23,24,45.7,6.0,22.3,27.8,1.22,3.15,-2.46,34.61,📊,,,,,,,,,,
20260617,2026-06-18T01:55:20.841743+00:00,ESI,24,25,45.0,7.0,12.9,31.7,0.81,-0.62,0.0,45.25,📊,,,,,,,,,,
20260617,2026-06-18T01:55:20.841743+00:00,HST,25,26,44.5,9.0,17.4,84.1,1.05,1.61,-1.12,24.9,📊,,,,,,,,,,
20260617,2026-06-18T01:55:20.841743+00:00,ARMK,26,27,44.5,10.0,21.6,31.7,0.93,1.97,-1.91,54.53,📊,,,,,,,,,,
20260617,2026-06-18T01:55:20.841743+00:00,AMX,27,28,44.3,12.0,11.2,58.7,0.73,-1.07,-4.68,27.75,📊,,,,,,,,,,
20260617,2026-06-18T01:55:20.841743+00:00,RPRX,28,29,44.3,17.0,20.0,4.8,1.22,0.56,-3.88,55.87,⏳,,,,,,,,,,
20260617,2026-06-18T01:55:20.841743+00:00,CMC,29,30,44.2,10.0,17.6,19.8,0.9,0.87,-5.84,77.76,⏳,,,,,,,,,,
20260617,2026-06-18T01:55:20.841743+00:00,BTSG,30,31,43.2,6.0,18.1,57.1,1.13,2.78,0.0,64.43,📊,,,,,,,,,,
20260617,2026-06-18T01:55:20.841743+00:00,AVT,31,32,42.9,7.0,13.8,40.5,1.3,1.28,-3.36,92.93,📊,,,,,,,,,,
20260617,2026-06-18T01:55:20.841743+00:00,TRGP,32,33,42.6,16.0,17.3,19.0,0.75,0.01,-5.79,276.75,⏳,,,,,,,,,,
20260617,2026-06-18T01:55:20.841743+00:00,BCS,33,34,42.5,9.0,11.5,42.1,0.63,-0.02,3.38,25.47,📊,,,,,,,,,,
20260617,2026-06-18T01:55:20.841743+00:00,FLS,34,35,42.3,6.0,17.6,41.3,0.89,1.82,1.06,78.1,📊,,,,,,,,,,
20260617,2026-06-18T01:55:20.841743+00:00,NUE,35,36,41.7,7.0,16.8,71.4,1.0,2.17,-5.16,266.35,📊,,,,,,,,,,
20260617,2026-06-18T01:55:20.841743+00:00,ARWR,36,37,41.5,8.0,13.1,39.7,0.71,-0.2,1.69,79.69,🚀,,,,,,,,,,
20260617,2026-06-18T01:55:20.841743+00:00,STLD,37,38,40.9,8.0,21.0,65.9,0.97,2.59,-4.47,282.76,📊,,,,,,,,,,
20260617,2026-06-18T01:55:20.841743+00:00,BHP,38,39,40.6,10.0,17.5,37.3,0.87,0.74,-3.0,93.15,📊,,,,,,,,,,
20260617,2026-06-18T01:55:20.841743+00:00,LSCC,39,40,40.5,6.0,22.4,16.7,0.99,3.06,-9.53,154.6,⏳,,,,,,,,,,
20260617,2026-06-18T01:55:20.841743+00:00,CX,40,41,40.5,10.0,13.9,32.5,0.64,-0.11,-6.79,13.52,📊,,,,,,,,,,
20260617,2026-06-18T01:55:20.841743+00:00,DAL,41,42,40.4,11.0,22.2,40.5,0.66,0.99,-2.16,84.07,📊,,,,,,,,,,
20260617,2026-06-18T01:55:20.841743+00:00,DD,42,43,40.2,22.0,18.0,13.5,0.88,-0.21,-6.2,51.12,⏳,,,,,,,,,,
20260617,2026-06-18T01:55:20.841743+00:00,MGA,43,44,40.2,18.0,24.0,15.9,0.64,-0.11,-4.78,68.15,⏳,,,,,,,,,,
20260622,2026-06-23T00:03:11.373517+00:00,IRM,1,2,65.7,7.0,7.1,12.7,0.88,-0.44,0.0,131.86,🔥,,,,,,,,,,
20260622,2026-06-23T00:03:11.373517+00:00,CSX,2,3,63.8,8.0,6.9,16.7,1.01,0.09,-2.88,47.57,📊,,,,,,,,,,
20260622,2026-06-23T00:03:11.373517+00:00,UBS,3,4,62.6,6.0,12.3,30.2,0.83,1.68,0.0,51.14,📊,,,,,,,,,,
20260622,2026-06-23T00:03:11.373517+00:00,CORZ,4,5,61.2,6.0,21.8,1.6,0.94,4.33,-0.27,29.16,🔥,,,,,,,,,,
20260622,2026-06-23T00:03:11.373517+00:00,JBL,5,6,60.8,8.0,14.2,0.0,1.09,0.93,-2.18,385.63,📊,,,,,,,,,,
20260622,2026-06-23T00:03:11.373517+00:00,CNC,6,7,60.5,6.0,15.5,19.0,0.83,2.09,-3.82,66.21,⏳,,,,,,,,,,
20260622,2026-06-23T00:03:11.373517+00:00,ARMK,7,8,58.7,9.0,18.5,15.9,0.89,2.17,-1.8,54.53,🔥,,,,,,,,,,
20260622,2026-06-23T00:03:11.373517+00:00,DOCN,8,9,55.2,6.0,18.7,16.7,0.62,2.23,-8.3,181.29,⏳,,,,,,,,,,
20260622,2026-06-23T00:03:11.373517+00:00,BEN,9,10,53.1,6.0,8.5,43.7,0.85,0.58,2.26,33.18,📊,,,,,,,,,,
20260622,2026-06-23T00:03:11.373517+00:00,GTX,10,11,52.1,6.0,16.4,26.2,1.12,2.4,-0.35,34.61,📊,,,,,,,,,,
20260622,2026-06-23T00:03:11.373517+00:00,BIIB,11,12,52.0,30.0,19.6,0.0,0.9,0.06,-2.36,204.53,🔥,,,,,,,,,,
20260622,2026-06-23T00:03:11.373517+00:00,WULF,12,13,51.4,6.0,25.0,12.7,0.9,2.98,0.5,28.17,📊,,,,,,,,,,
20260622,2026-06-23T00:03:11.373517+00:00,MGA,13,14,50.4,19.0,24.0,1.6,0.66,0.04,-3.21,68.15,⏳,,,,,,,,,,
20260622,2026-06-23T00:03:11.373517+00:00,CMC,14,15,50.3,9.0,14.9,10.3,0.99,0.89,-5.75,77.76,⏳,,,,,,,,,,
20260622,2026-06-23T00:03:11.373517+00:00,FDX,15,16,50.0,19.0,18.7,3.2,0.93,-0.08,-2.94,338.75,🔥,,,,,,,,,,
20260622,2026-06-23T00:03:11.373517+00:00,LSCC,16,17,49.7,7.0,22.8,21.4,0.94,3.13,0.0,155.27,🔥,,,,,,,,,,
20260622,2026-06-23T00:03:11.373517+00:00,AVT,17,18,47.7,7.0,13.8,32.5,1.41,1.56,-0.52,92.93,📊,,,,,,,,,,
20260622,2026-06-23T00:03:11.373517+00:00,FLS,18,19,46.2,7.0,21.2,33.3,0.82,2.05,-0.15,81.7,📊,,,,,,,,,,
20260622,2026-06-23T00:03:11.373517+00:00,CVS,19,20,46.1,6.0,12.2,81.0,1.01,1.22,-0.65,101.96,📊,,,,,,,,,,
20260622,2026-06-23T00:03:11.373517+00:00,DD,20,21,45.5,23.0,18.0,12.7,0.92,-0.15,-5.73,51.12,⏳,,,,,,,,,,
20260622,2026-06-23T00:03:11.373517+00:00,CMBT,21,22,45.4,6.0,14.4,17.5,0.8,0.11,-7.76,16.55,⏳,,,,,,,,,,
20260622,2026-06-23T00:03:11.373517+00:00,ILMN,22,23,44.8,6.0,17.2,46.0,1.22,3.21,-5.59,170.93,📊,,,,,,,,,,
20260622,2026-06-23T00:03:11.373517+00:00,TRGP,23,24,44.6,16.0,16.9,18.3,0.8,-0.06,-4.42,276.75,⏳,,,,,,,,,,
20260622,2026-06-23T00:03:11.373517+00:00,MOD,24,25,43.8,10.0,23.9,3.2,1.46,1.04,-3.69,306.89,⏳,,,,,,,,,,
20260622,2026-06-23T00:03:11.373517+00:00,BUD,25,26,43.6,22.0,20.8,8.7,0.93,0.16,-3.73,83.96,⏳,,,,,,,,,,
20260622,2026-06-23T00:03:11.373517+00:00,BTSG,26,27,43.5,6.0,18.4,77.8,1.19,2.84,0.0,67.2,📊,,,,,,,,,,
20260622,2026-06-23T00:03:11.373517+00:00,RPRX,27,28,43.3,17.0,20.0,5.6,1.33,0.52,-4.12,55.87,⏳,,,,,,,,,,
20260622,2026-06-23T00:03:11.373517+00:00,HST,28,29,43.3,9.0,17.0,76.2,1.1,1.77,0.0,25.13,📊,,,,,,,,,,
20260622,2026-06-23T00:03:11.373517+00:00,AMD,29,30,41.7,6.0,24.9,38.1,0.83,3.41,0.0,551.63,📊,,,,,,,,,,
20260622,2026-06-23T00:03:11.373517+00:00,VOYA,30,31,41.6,8.0,14.2,91.3,0.97,1.19,0.0,92.36,📊,,,,,,,,,,
20260622,2026-06-23T00:03:11.373517+00:00,ST,31,32,41.6,6.0,17.1,40.5,1.18,1.75,-3.45,53.55,📊,,,,,,,,,,
20260622,2026-06-23T00:03:11.373517+00:00,DAL,32,33,41.5,11.0,23.8,33.3,0.67,1.26,0.0,85.92,📊,,,,,,,,,,
20260622,2026-06-23T00:03:11.373517+00:00,CX,33,34,41.1,10.0,13.9,32.5,0.62,-0.1,-6.94,13.52,📊,,,,,,,,,,
20260622,2026-06-23T00:03:11.373517+00:00,FTNT,34,35,41.0,6.0,23.9,75.4,1.17,4.98,-2.86,149.67,📊,,,,,,,,,,
20260622,2026-06-23T00:03:11.373517+00:00,COHR,35,36,41.0,6.0,21.5,38.9,0.81,1.07,-0.33,426.89,📊,,,,,,,,,,
20260622,2026-06-23T00:03:11.373517+00:00,FCX,36,37,40.6,12.0,24.0,18.3,0.77,-0.43,-3.5,71.72,⏳,,,,,,,,,,
20260622,2026-06-23T00:03:11.373517+00:00,TRP,37,38,40.3,18.0,15.3,28.6,0.88,-0.13,-3.5,70.91,⏳,,,,,,,,,,
20260623,2026-06-24T00:02:09.852779+00:00,CSX,1,1,68.2,8.0,6.9,8.7,1.01,0.15,-2.96,47.57,📊,,,,,,,,,,
20260623,2026-06-24T00:02:09.852779+00:00,EIX,2,2,66.0,18.0,10.4,13.5,0.8,-0.88,-3.8,75.82,⏳,,,,,,,,,,
20260623,2026-06-24T00:02:09.852779+00:00,IRM,3,3,62.8,6.0,6.6,18.3,0.91,0.02,1.45,131.16,📊,,,,,,,,,,
20260623,2026-06-24T00:02:09.852779+00:00,ARMK,4,4,62.5,9.0,18.5,7.9,0.89,2.16,-1.41,54.53,🔥,,,,,,,,,,
20260623,2026-06-24T00:02:09.852779+00:00,ELV,5,5,62.4,6.0,10.1,13.5,0.87,0.46,-6.53,422.71,⏳,,,,,,,,,,
20260623,2026-06-24T00:02:09.852779+00:00,CORZ,6,6,61.9,6.0,21.8,0.0,0.93,4.33,0.0,29.16,🔥,,,,,,,,,,
20260623,2026-06-24T00:02:09.852779+00:00,CNC,7,7,59.5,6.0,14.9,18.3,0.84,2.03,-4.64,66.21,⏳,,,,,,,,,,
20260623,2026-06-24T00:02:09.852779+00:00,EBAY,8,8,58.1,7.0,11.5,7.9,0.76,-0.58,-8.14,118.63,⏳,,,,,,,,,,
20260623,2026-06-24T00:02:09.852779+00:00,JBL,9,9,57.2,9.0,14.4,0.0,1.16,0.89,-3.28,385.63,⏳,,,,,,,,,,
20260623,2026-06-24T00:02:09.852779+00:00,BEN,10,11,54.6,6.0,8.8,47.6,0.89,0.75,1.5,33.29,📊,,,,,,,,,,
20260623,2026-06-24T00:02:09.852779+00:00,GTX,11,12,53.0,6.0,16.0,26.2,1.09,2.26,-2.48,34.61,📊,,,,,,,,,,
20260623,2026-06-24T00:02:09.852779+00:00,TRGP,12,13,52.0,17.0,17.3,7.1,0.82,0.05,-2.9,276.75,🔥,,,,,,,,,,
20260623,2026-06-24T00:02:09.852779+00:00,BIIB,13,14,50.9,30.0,19.6,0.0,0.9,0.05,-3.59,204.53,⏳,,,,,,,,,,
20260623,2026-06-24T00:02:09.852779+00:00,WULF,14,15,50.3,6.0,25.0,7.1,0.91,3.1,2.17,28.17,📊,,,,,,,,,,
20260623,2026-06-24T00:02:09.852779+00:00,DOCN,15,16,50.1,6.0,18.7,16.7,0.64,2.16,-13.3,181.29,📊,,,,,,,,,,
20260623,2026-06-24T00:02:09.852779+00:00,AVT,16,17,49.4,7.0,13.8,30.2,1.4,1.57,-3.58,92.93,📊,,,,,,,,,,
20260623,2026-06-24T00:02:09.852779+00:00,LTH,17,18,47.6,6.0,10.1,84.9,0.74,1.21,8.49,34.87,📊,,,,,,,,,,
20260623,2026-06-24T00:02:09.852779+00:00,MRK,18,19,47.4,19.0,11.4,16.7,1.27,-0.82,-2.21,122.3,📊,,,,,,,,,,
20260623,2026-06-24T00:02:09.852779+00:00,ILMN,19,20,46.6,7.0,18.8,30.2,1.29,2.88,-3.51,170.93,📊,,,,,,,,,,
20260623,2026-06-24T00:02:09.852779+00:00,OUT,20,21,46.5,8.0,10.4,21.4,1.25,-0.48,-4.25,33.58,⏳,,,,,,,,,,
20260623,2026-06-24T00:02:09.852779+00:00,VTRS,21,22,46.3,7.0,12.6,7.9,0.9,-0.97,-8.77,17.26,⏳,,,,,,,,,,
20260623,2026-06-24T00:02:09.852779+00:00,MGA,22,23,45.9,19.0,24.0,2.4,0.66,0.01,-5.4,68.15,⏳,,,,,,,,,,
20260623,2026-06-24T00:02:09.852779+00:00,CVS,23,24,45.5,6.0,12.2,83.3,1.04,1.31,-0.38,101.96,📊,,,,,,,,,,
20260623,2026-06-24T00:02:09.852779+00:00,HST,24,25,45.4,9.0,17.0,62.7,1.1,1.84,-1.23,25.13,📊,,,,,,,,,,
20260623,2026-06-24T00:02:09.852779+00:00,TRP,25,26,44.9,18.0,15.3,21.4,0.88,-0.13,-2.12,70.91,🔥,,,,,,,,,,
20260623,2026-06-24T00:02:09.852779+00:00,BTSG,26,27,44.7,6.0,18.1,80.2,1.21,3.0,-0.54,67.2,📊,,,,,,,,,,
20260623,2026-06-24T00:02:09.852779+00:00,FDX,27,28,44.3,19.0,18.7,2.4,0.95,-0.09,-6.0,337.48,⏳,,,,,,,,,,
20260623,2026-06-24T00:02:09.852779+00:00,UBS,28,29,44.2,10.0,19.7,34.1,0.83,1.34,-1.66,51.14,📊,,,,,,,,,,
20260623,2026-06-24T00:02:09.852779+00:00,LSCC,29,30,44.2,7.0,22.8,20.6,0.93,2.92,-6.87,155.27,⏳,,,,,,,,,,
20260623,2026-06-24T00:02:09.852779+00:00,BUD,30,31,43.7,22.0,20.8,8.7,0.96,0.15,-1.16,83.96,📊,,,,,,,,,,
20260623,2026-06-24T00:02:09.852779+00:00,RPRX,31,32,43.1,18.0,20.6,7.9,1.36,0.57,-0.93,55.87,📊,,,,,,,,,,
20260623,2026-06-24T00:02:09.852779+00:00,VOYA,32,33,42.3,8.0,14.2,91.3,1.0,1.35,-0.34,92.36,📊,,,,,,,,,,
20260623,2026-06-24T00:02:09.852779+00:00,CAT,33,34,41.0,6.0,10.4,65.9,1.27,0.98,2.96,955.92,📊,,,,,,,,,,
20260623,2026-06-24T00:02:09.852779+00:00,ARWR,34,35,40.6,9.0,15.5,54.0,0.78,0.07,-2.56,82.0,📊,,,,,,,,,,
20260624,2026-06-25T00:02:10.615637+00:00,ARMK,1,1,76.7,6.0,11.4,0.0,0.88,1.16,-1.1,54.53,🔥,,,,,,,,,,
20260624,2026-06-25T00:02:10.615637+00:00,CSX,2,2,66.9,8.0,6.9,9.5,1.03,0.22,-3.17,47.57,⏳,,,,,,,,,,
20260624,2026-06-25T00:02:10.615637+00:00,IRM,3,3,65.3,6.0,5.3,19.0,0.97,0.28,0.95,129.37,📊,,,,,,,,,,
20260624,2026-06-25T00:02:10.615637+00:00,CNC,4,4,63.2,6.0,13.6,10.3,0.85,1.86,-4.89,66.21,⏳,,,,,,,,,,
20260624,2026-06-25T00:02:10.615637+00:00,EBAY,5,5,62.3,7.0,11.5,1.6,0.75,-0.54,-7.74,118.63,⏳,,,,,,,,,,
20260624,2026-06-25T00:02:10.615637+00:00,UBS,6,6,60.1,6.0,11.7,36.5,0.84,1.78,-3.4,51.14,📊,,,,,,,,,,
20260624,2026-06-25T00:02:10.615637+00:00,CORZ,7,7,58.8,7.0,23.9,0.0,0.9,4.08,-4.7,29.16,⏳,,,,,,,,,,
20260624,2026-06-25T00:02:10.615637+00:00,JBL,8,8,57.9,9.0,14.2,0.0,1.21,0.88,-3.59,385.63,⏳,,,,,,,,,,
20260624,2026-06-25T00:02:10.615637+00:00,LLY,9,10,55.7,6.0,14.9,26.2,1.07,2.47,-3.76,1160.95,⏳,,,,,,,,,,
20260624,2026-06-25T00:02:10.615637+00:00,EIX,10,11,53.2,18.0,10.4,31.0,0.81,-0.85,-2.11,75.82,📊,,,,,,,,,,
20260624,2026-06-25T00:02:10.615637+00:00,GTX,11,12,52.2,6.0,14.8,24.6,1.11,2.01,-3.73,34.61,⏳,,,,,,,,,,
20260624,2026-06-25T00:02:10.615637+00:00,BEN,12,13,51.3,7.0,10.5,47.6,0.91,0.76,-4.3,33.93,📊,,,,,,,,,,
20260624,2026-06-25T00:02:10.615637+00:00,BIIB,13,14,51.2,30.0,19.6,0.0,0.93,0.05,-2.42,204.53,🔥,,,,,,,,,,
20260624,2026-06-25T00:02:10.615637+00:00,WSC,14,15,51.2,7.0,21.5,36.5,0.74,2.68,-0.62,29.03,📊,,,,,,,,,,
20260624,2026-06-25T00:02:10.615637+00:00,TRGP,15,16,50.8,17.0,17.3,5.6,0.85,0.04,-3.77,276.75,⏳,,,,,,,,,,
20260624,2026-06-25T00:02:10.615637+00:00,VTRS,16,17,50.7,7.0,11.0,7.9,0.9,-1.06,-7.72,17.26,⏳,,,,,,,,,,
20260624,2026-06-25T00:02:10.615637+00:00,OUT,17,18,50.3,8.0,10.1,17.5,1.25,-0.45,-4.39,33.58,⏳,,,,,,,,,,
20260624,2026-06-25T00:02:10.615637+00:00,VOYA,18,19,47.5,8.0,14.2,88.1,1.07,1.48,-2.39,92.36,📊,,,,,,,,,,
20260624,2026-06-25T00:02:10.615637+00:00,ILMN,19,20,47.4,7.0,20.8,22.2,1.36,3.14,0.0,175.09,📊,,,,,,,,,,
20260624,2026-06-25T00:02:10.615637+00:00,AVT,20,21,47.1,7.0,13.3,31.0,1.4,1.51,-5.05,92.93,📊,,,,,,,,,,
20260624,2026-06-25T00:02:10.615637+00:00,MRK,21,22,46.1,20.0,11.4,19.0,1.29,-0.77,-1.39,122.3,📊,,,,,,,,,,
20260624,2026-06-25T00:02:10.615637+00:00,LTH,22,23,46.0,6.0,15.1,86.5,0.75,1.78,5.28,36.92,🚀,,,,,,,,,,
20260624,2026-06-25T00:02:10.615637+00:00,TRP,23,24,45.7,18.0,15.3,19.8,0.88,-0.13,-2.19,70.91,🔥,,,,,,,,,,
20260624,2026-06-25T00:02:10.615637+00:00,CVS,24,25,44.9,6.0,12.2,82.5,1.07,1.41,-0.09,101.96,📊,,,,,,,,,,
20260624,2026-06-25T00:02:10.615637+00:00,LSCC,25,26,44.5,7.0,22.8,19.8,0.9,3.0,-7.3,155.27,⏳,,,,,,,,,,
20260624,2026-06-25T00:02:10.615637+00:00,RPRX,26,27,44.0,18.0,20.0,7.9,1.38,0.56,-2.85,55.87,📊,,,,,,,,,,
20260624,2026-06-25T00:02:10.615637+00:00,MGA,27,28,43.5,19.0,24.0,4.0,0.66,-0.03,-5.99,68.15,⏳,,,,,,,,,,
20260624,2026-06-25T00:02:10.615637+00:00,BTSG,28,29,43.5,6.0,17.9,84.1,1.26,3.15,0.0,67.61,📊,,,,,,,,,,
20260624,2026-06-25T00:02:10.615637+00:00,STT,29,30,42.6,9.0,14.8,78.6,1.13,1.03,-2.8,173.73,📊,,,,,,,,,,
20260624,2026-06-25T00:02:10.615637+00:00,ARWR,30,31,42.4,9.0,14.5,55.6,0.79,0.08,-2.67,82.0,📊,,,,,,,,,,
20260624,2026-06-25T00:02:10.615637+00:00,CAT,31,32,41.3,7.0,13.2,69.0,1.3,0.8,0.88,985.82,📊,,,,,,,,,,
20260624,2026-06-25T00:02:10.615637+00:00,FTNT,32,33,41.0,6.0,23.9,65.9,1.16,4.48,-2.93,149.67,📊,,,,,,,,,,
20260624,2026-06-25T00:02:10.615637+00:00,BNY,33,34,40.1,27.0,23.5,19.8,1.05,0.53,-2.53,147.29,📊,,,,,,,,,,
20260626,2026-06-27T00:02:12.778450+00:00,ARMK,1,1,73.8,6.0,8.6,12.7,0.87,1.03,0.0,56.06,🔥,,,,,,,,,,
20260626,2026-06-27T00:02:12.778450+00:00,ABEV,2,2,70.0,7.0,6.7,0.8,0.98,-0.3,-1.54,3.28,📊,,,,,,,,,,
20260626,2026-06-27T00:02:12.778450+00:00,CNC,3,3,69.4,6.0,13.6,7.1,0.88,2.27,-0.72,66.21,🔥,,,,,,,,,,
20260626,2026-06-27T00:02:12.778450+00:00,UBS,4,4,63.1,6.0,11.0,28.6,0.83,1.8,-4.01,51.14,⏳,,,,,,,,,,
20260626,2026-06-27T00:02:12.778450+00:00,CSX,5,6,58.5,9.0,7.1,20.6,1.05,0.15,0.0,47.66,📊,,,,,,,,,,
20260626,2026-06-27T00:02:12.778450+00:00,IRM,6,7,55.1,8.0,7.9,27.0,1.07,0.02,-0.47,133.06,📊,,,,,,,,,,
20260626,2026-06-27T00:02:12.778450+00:00,CORZ,7,8,54.3,7.0,23.3,1.6,0.9,3.88,-6.72,29.16,⏳,,,,,,,,,,
20260626,2026-06-27T00:02:12.778450+00:00,VTRS,8,9,53.8,7.0,11.0,9.5,0.94,-0.99,-5.41,17.26,⏳,,,,,,,,,,
20260626,2026-06-27T00:02:12.778450+00:00,BEN,9,10,52.6,7.0,10.5,48.4,0.93,0.96,-2.12,33.93,📊,,,,,,,,,,
20260626,2026-06-27T00:02:12.778450+00:00,SNDR,10,11,52.4,6.0,17.6,18.3,1.0,2.31,-6.13,38.66,⏳,,,,,,,,,,
20260626,2026-06-27T00:02:12.778450+00:00,OUT,11,12,50.9,8.0,9.6,23.0,1.28,-0.33,-1.0,33.58,📊,,,,,,,,,,
20260626,2026-06-27T00:02:12.778450+00:00,JBL,12,13,50.6,9.0,14.2,2.4,1.29,0.88,-7.01,385.63,⏳,,,,,,,,,,
20260626,2026-06-27T00:02:12.778450+00:00,SIRI,13,14,50.2,9.0,13.5,8.7,1.37,0.38,-5.09,29.87,⏳,,,,,,,,,,
20260626,2026-06-27T00:02:12.778450+00:00,MPC,14,15,49.5,8.0,9.7,20.6,1.02,0.02,-4.92,267.21,⏳,,,,,,,,,,
20260626,2026-06-27T00:02:12.778450+00:00,GTX,15,16,48.1,6.0,15.2,34.1,1.23,2.04,0.0,35.11,🚀,,,,,,,,,,
20260626,2026-06-27T00:02:12.778450+00:00,FTNT,16,17,46.6,6.0,19.5,27.0,1.2,3.8,0.0,151.35,📊,,,,,,,,,,
20260626,2026-06-27T00:02:12.778450+00:00,EIX,17,18,46.3,18.0,10.4,54.8,0.83,-0.85,-0.2,75.82,📊,,,,,,,,,,
20260626,2026-06-27T00:02:12.778450+00:00,BCS,18,19,45.2,11.0,17.5,75.4,0.69,0.51,-2.12,27.3,📊,,,,,,,,,,
20260626,2026-06-27T00:02:12.778450+00:00,TRGP,19,20,45.1,17.0,17.3,15.9,0.92,0.04,-1.5,276.75,🔥,,,,,,,,,,
20260626,2026-06-27T00:02:12.778450+00:00,VOYA,20,21,44.7,9.0,15.1,77.0,1.1,1.38,-1.32,92.36,📊,,,,,,,,,,
20260626,2026-06-27T00:02:12.778450+00:00,WSC,21,22,44.6,9.0,24.9,36.5,0.79,2.78,-0.72,29.07,📊,,,,,,,,,,
20260626,2026-06-27T00:02:12.778450+00:00,STT,22,23,44.1,9.0,14.8,74.6,1.24,1.3,-3.23,173.73,📊,,,,,,,,,,
20260626,2026-06-27T00:02:12.778450+00:00,LTH,23,24,43.5,6.0,17.2,90.5,0.81,2.74,8.41,37.83,📊,,,,,,,,,,
20260626,2026-06-27T00:02:12.778450+00:00,HST,24,25,42.9,10.0,18.1,47.6,1.14,1.84,-0.28,25.13,📊,,,,,,,,,,
20260626,2026-06-27T00:02:12.778450+00:00,MGA,25,26,42.6,19.0,24.0,5.6,0.71,-0.08,-5.27,68.15,⏳,,,,,,,,,,
20260626,2026-06-27T00:02:12.778450+00:00,TRP,26,27,41.6,18.0,15.3,25.4,0.93,-0.12,-1.78,70.91,📊,,,,,,,,,,
20260626,2026-06-27T00:02:12.778450+00:00,CVS,27,28,41.3,6.0,12.2,85.7,1.13,1.74,2.33,101.96,📊,,,,,,,,,,
20260626,2026-06-27T00:02:12.778450+00:00,VLO,28,29,41.3,15.0,14.9,28.6,0.91,-0.63,-0.8,261.45,📊,,,,,,,,,,
20260626,2026-06-27T00:02:12.778450+00:00,ILMN,29,30,41.3,7.0,18.8,25.4,1.38,3.25,3.29,170.93,📊,,,,,,,,,,
20260626,2026-06-27T00:02:12.778450+00:00,BNY,30,31,41.2,28.0,23.5,15.1,1.2,0.55,-2.53,147.29,📊,,,,,,,,,,
20260626,2026-06-27T00:02:12.778450+00:00,RAL,31,32,41.0,6.0,20.4,69.8,1.09,3.96,-1.86,73.54,📊,,,,,,,,,,
20260626,2026-06-27T00:02:12.778450+00:00,AVT,32,33,40.2,8.0,13.8,29.4,1.41,1.32,-7.06,92.93,⏳,,,,,,,,,,
20260629,2026-06-30T00:02:18.387874+00:00,ARMK,1,1,69.8,6.0,8.8,21.4,0.87,1.11,0.0,56.23,🔥,,,,,,,,,,
20260629,2026-06-30T00:02:18.387874+00:00,ABEV,2,2,69.7,7.0,6.7,0.8,0.96,-0.19,-3.07,3.28,⏳,,,,,,,,,,
20260629,2026-06-30T00:02:18.387874+00:00,VTRS,3,3,69.1,6.0,7.7,8.7,0.9,-0.28,-2.52,16.65,🔥,,,,,,,,,,
20260629,2026-06-30T00:02:18.387874+00:00,CNC,4,4,67.8,7.0,15.5,6.3,0.86,2.15,-2.52,66.21,🔥,,,,,,,,,,
20260629,2026-06-30T00:02:18.387874+00:00,EBAY,5,6,64.3,8.0,12.5,0.8,0.66,-0.37,-6.6,118.63,⏳,,,,,,,,,,
20260629,2026-06-30T00:02:18.387874+00:00,UBS,6,7,62.2,7.0,12.3,27.8,0.83,1.68,-3.23,51.14,⏳,,,,,,,,,,
20260629,2026-06-30T00:02:18.387874+00:00,CSX,7,8,60.9,9.0,7.8,19.8,0.96,0.27,0.0,48.01,📊,,,,,,,,,,
20260629,2026-06-30T00:02:18.387874+00:00,SNDR,8,9,58.6,6.0,17.6,14.3,0.99,2.23,-4.7,38.66,⏳,,,,,,,,,,
20260629,2026-06-30T00:02:18.387874+00:00,JBL,9,10,58.2,9.0,14.2,1.6,1.33,0.9,-3.12,385.63,⏳,,,,,,,,,,
20260629,2026-06-30T00:02:18.387874+00:00,BEN,10,11,57.8,7.0,10.5,44.4,0.93,0.98,-2.24,33.93,📊,,,,,,,,,,
20260629,2026-06-30T00:02:18.387874+00:00,SIRI,11,12,56.1,9.0,13.5,7.1,1.38,0.57,-2.11,29.87,📊,,,,,,,,,,
20260629,2026-06-30T00:02:18.387874+00:00,IRM,12,13,55.9,8.0,7.9,29.4,1.03,0.09,-2.32,133.06,📊,,,,,,,,,,
20260629,2026-06-30T00:02:18.387874+00:00,WSC,13,14,53.8,9.0,24.9,27.8,0.81,2.82,-1.1,29.07,📊,,,,,,,,,,
20260629,2026-06-30T00:02:18.387874+00:00,MPC,14,15,53.7,8.0,9.7,19.0,1.02,0.07,-2.99,267.21,📊,,,,,,,,,,
20260629,2026-06-30T00:02:18.387874+00:00,TRGP,15,16,50.5,17.0,16.9,10.3,0.84,0.02,-1.95,276.75,🔥,,,,,,,,,,
20260629,2026-06-30T00:02:18.387874+00:00,AVT,16,17,50.1,7.0,12.0,27.8,1.35,1.42,-5.7,92.93,⏳,,,,,,,,,,
20260629,2026-06-30T00:02:18.387874+00:00,MGA,17,18,49.4,20.0,24.0,5.6,0.71,0.07,-4.93,68.15,⏳,,,,,,,,,,
20260629,2026-06-30T00:02:18.387874+00:00,CORZ,18,19,48.9,7.0,21.8,4.0,0.89,3.39,-11.04,29.16,📊,,,,,,,,,,
20260629,2026-06-30T00:02:18.387874+00:00,EIX,19,20,47.5,18.0,10.4,59.5,0.8,-0.82,-0.47,75.82,📊,,,,,,,,,,
20260629,2026-06-30T00:02:18.387874+00:00,HST,20,21,46.8,10.0,17.0,36.5,1.16,1.84,-0.84,25.13,📊,,,,,,,,,,
20260629,2026-06-30T00:02:18.387874+00:00,VOYA,21,22,46.3,9.0,14.2,67.5,1.11,1.43,-1.62,92.36,📊,,,,,,,,,,
20260629,2026-06-30T00:02:18.387874+00:00,BCS,22,23,45.8,11.0,17.5,76.2,0.68,0.63,-1.61,27.3,📊,,,,,,,,,,
20260629,2026-06-30T00:02:18.387874+00:00,BNY,23,24,45.3,28.0,23.5,7.1,1.12,0.55,-2.37,147.29,📊,,,,,,,,,,
20260629,2026-06-30T00:02:18.387874+00:00,OUT,24,25,44.8,10.0,11.9,29.4,1.48,0.01,-1.51,33.58,📊,,,,,,,,,,
20260629,2026-06-30T00:02:18.387874+00:00,LSCC,25,26,44.7,8.0,22.8,23.8,0.97,2.59,-5.47,155.27,⏳,,,,,,,,,,
20260629,2026-06-30T00:02:18.387874+00:00,GTX,26,27,44.3,6.0,14.8,37.3,1.23,2.24,1.36,34.61,📊,,,,,,,,,,
20260629,2026-06-30T00:02:18.387874+00:00,AMD,27,28,43.9,7.0,24.9,36.5,0.84,3.26,-2.2,551.63,📊,,,,,,,,,,
20260629,2026-06-30T00:02:18.387874+00:00,TSM,28,29,43.7,9.0,16.3,31.0,1.06,1.1,-2.69,467.67,📊,,,,,,,,,,
20260629,2026-06-30T00:02:18.387874+00:00,CVS,29,30,43.5,6.0,12.2,81.7,1.09,1.77,1.59,101.96,📊,,,,,,,,,,
20260629,2026-06-30T00:02:18.387874+00:00,FDX,30,31,42.9,20.0,18.7,7.1,1.12,-0.06,-3.58,337.48,⏳,,,,,,,,,,
20260629,2026-06-30T00:02:18.387874+00:00,FTNT,31,32,42.7,6.0,21.0,31.0,1.16,3.62,0.0,155.42,📊,,,,,,,,,,
20260629,2026-06-30T00:02:18.387874+00:00,COHR,32,33,42.5,6.0,17.2,29.4,0.88,1.28,-8.36,426.89,⏳,,,,,,,,,,
20260629,2026-06-30T00:02:18.387874+00:00,RAL,33,34,42.5,6.0,18.9,69.8,1.07,3.67,0.29,72.2,📊,,,,,,,,,,
20260629,2026-06-30T00:02:18.387874+00:00,CAT,34,35,41.7,7.0,16.2,84.9,1.5,1.57,1.07,1022.28,📊,,,,,,,,,,
20260629,2026-06-30T00:02:18.387874+00:00,STT,35,36,41.7,10.0,16.3,68.3,1.16,1.12,-2.04,173.73,📊,,,,,,,,,,
20260629,2026-06-30T00:02:18.387874+00:00,KNX,36,37,41.3,6.0,17.3,33.3,1.22,2.0,-5.18,82.45,📊,,,,,,,,,,
20260630,2026-07-01T00:02:02.748927+00:00,CNC,1,1,67.6,7.0,14.9,5.6,0.87,2.05,-3.05,66.21,⏳,,,,,,,,,,
20260630,2026-07-01T00:02:02.748927+00:00,VTRS,2,2,66.8,6.0,7.7,8.7,0.89,-0.25,-4.62,16.65,⏳,,,,,,,,,,
20260630,2026-07-01T00:02:02.748927+00:00,EBAY,3,4,64.8,8.0,11.5,3.2,0.65,-0.39,-5.8,118.63,⏳,,,,,,,,,,
20260630,2026-07-01T00:02:02.748927+00:00,CSX,4,5,63.2,9.0,7.8,18.3,0.95,0.33,-1.0,48.01,📊,,,,,,,,,,
20260630,2026-07-01T00:02:02.748927+00:00,UBS,5,6,62.6,7.0,12.3,26.2,0.82,1.65,-3.09,51.14,⏳,,,,,,,,,,
20260630,2026-07-01T00:02:02.748927+00:00,WSC,6,7,58.8,9.0,24.9,17.5,0.8,2.83,-0.72,29.07,🔥,,,,,,,,,,
20260630,2026-07-01T00:02:02.748927+00:00,SNDR,7,8,55.9,6.0,17.0,14.3,0.99,1.87,-5.51,38.66,⏳,,,,,,,,,,
20260630,2026-07-01T00:02:02.748927+00:00,JBL,8,9,55.0,10.0,14.4,4.8,1.35,0.88,-0.04,385.63,📊,,,,,,,,,,
20260630,2026-07-01T00:02:02.748927+00:00,ARMK,9,10,53.7,6.0,7.6,39.7,0.89,1.24,3.87,54.78,📊,,,,,,,,,,
20260630,2026-07-01T00:02:02.748927+00:00,IRM,10,11,53.2,8.0,7.9,28.6,1.01,0.1,-5.07,133.06,⏳,,,,,,,,,,
20260630,2026-07-01T00:02:02.748927+00:00,AVT,11,12,52.7,7.0,12.0,26.2,1.33,1.29,-4.42,92.93,⏳,,,,,,,,,,
20260630,2026-07-01T00:02:02.748927+00:00,SIRI,12,13,52.4,10.0,13.5,10.3,1.38,0.36,-1.1,29.87,📊,,,,,,,,,,
20260630,2026-07-01T00:02:02.748927+00:00,MPC,13,14,52.2,8.0,9.7,19.0,1.0,0.06,-4.32,267.21,⏳,,,,,,,,,,
20260630,2026-07-01T00:02:02.748927+00:00,BEN,14,15,51.4,7.0,10.5,45.2,0.96,1.05,-0.96,33.59,📊,,,,,,,,,,
20260630,2026-07-01T00:02:02.748927+00:00,PWR,15,16,51.0,6.0,12.3,19.8,1.28,-0.14,-2.98,742.18,📊,,,,,,,,,,
20260630,2026-07-01T00:02:02.748927+00:00,TRGP,16,17,49.6,18.0,17.3,6.3,0.93,0.11,-3.11,276.75,⏳,,,,,,,,,,
20260630,2026-07-01T00:02:02.748927+00:00,MNST,17,18,49.2,7.0,12.1,69.8,1.16,1.88,-1.56,97.64,📊,,,,,,,,,,
20260630,2026-07-01T00:02:02.748927+00:00,EIX,18,19,49.0,19.0,10.4,54.0,0.79,-0.75,-1.81,75.82,📊,,,,,,,,,,
20260630,2026-07-01T00:02:02.748927+00:00,CORZ,19,20,47.7,7.0,21.8,6.3,0.87,2.93,-12.24,29.16,📊,,,,,,,,,,
20260630,2026-07-01T00:02:02.748927+00:00,JCI,20,21,46.9,20.0,14.8,10.3,1.43,-0.43,-1.42,148.21,📊,,,,,,,,,,
20260630,2026-07-01T00:02:02.748927+00:00,BCS,21,22,46.8,11.0,17.5,75.4,0.69,0.76,-1.61,27.3,📊,,,,,,,,,,
20260630,2026-07-01T00:02:02.748927+00:00,LSCC,22,23,46.6,8.0,22.8,27.8,0.99,2.48,-1.49,155.27,📊,,,,,,,,,,
20260630,2026-07-01T00:02:02.748927+00:00,MGA,23,24,46.5,20.0,24.0,5.6,0.71,0.04,-3.65,68.15,⏳,,,,,,,,,,
20260630,2026-07-01T00:02:02.748927+00:00,VOYA,24,25,46.5,9.0,14.2,62.7,1.11,1.45,-1.98,92.36,📊,,,,,,,,,,
20260630,2026-07-01T00:02:02.748927+00:00,CROX,25,26,46.2,6.0,24.1,23.8,0.97,3.73,-5.58,127.77,⏳,,,,,,,,,,
20260630,2026-07-01T00:02:02.748927+00:00,NTRS,26,27,45.5,27.0,23.8,8.7,1.04,0.54,-1.37,176.26,📊,,,,,,,,,,
20260630,2026-07-01T00:02:02.748927+00:00,FTNT,27,28,45.2,6.0,18.6,34.9,1.15,3.34,-1.16,155.42,📊,,,,,,,,,,
20260630,2026-07-01T00:02:02.748927+00:00,OUT,28,29,45.0,9.0,10.4,34.1,1.47,-0.1,-2.43,33.58,📊,,,,,,,,,,
20260630,2026-07-01T00:02:02.748927+00:00,BNY,29,30,44.9,28.0,23.5,7.9,1.13,0.55,-1.82,147.29,📊,,,,,,,,,,
20260630,2026-07-01T00:02:02.748927+00:00,CVS,30,31,44.8,7.0,14.5,62.7,1.11,1.79,-1.16,104.66,📊,,,,,,,,,,
20260630,2026-07-01T00:02:02.748927+00:00,STT,31,32,43.3,10.0,14.8,65.1,1.2,1.09,-2.38,173.73,📊,,,,,,,,,,
20260630,2026-07-01T00:02:02.748927+00:00,COHR,32,33,42.6,7.0,17.2,22.2,0.87,0.71,-7.59,426.89,⏳,,,,,,,,,,
20260630,2026-07-01T00:02:02.748927+00:00,MTSI,33,34,41.5,7.0,15.7,10.3,1.46,0.17,-7.15,409.68,⏳,,,,,,,,,,
20260630,2026-07-01T00:02:02.748927+00:00,HST,34,35,41.3,10.0,17.0,27.8,1.21,1.8,-5.65,25.13,⏳,,,,,,,,,,
20260630,2026-07-01T00:02:02.748927+00:00,GE,35,36,40.2,9.0,24.9,92.9,0.85,3.19,0.0,373.73,📊,,,,,,,,,,
20260630,2026-07-01T00:02:02.748927+00:00,CARR,36,37,40.2,10.0,20.5,41.3,0.87,1.34,-3.49,76.0,📊,,,,,,,,,,
20260701,2026-07-02T00:02:24.162701+00:00,VTRS,1,1,69.5,6.0,7.7,8.7,0.91,-0.15,-2.82,16.65,🔥,,,,,,,,,,
20260701,2026-07-02T00:02:24.162701+00:00,EBAY,2,2,64.3,8.0,11.5,4.0,0.63,-0.36,-6.2,118.63,⏳,,,,,,,,,,
20260701,2026-07-02T00:02:24.162701+00:00,EXEL,3,3,63.9,7.0,11.4,9.5,1.05,1.38,-1.48,54.77,📊,,,,,,,,,,
20260701,2026-07-02T00:02:24.162701+00:00,UBS,4,4,62.8,7.0,11.7,26.2,0.81,1.57,-2.78,51.14,📊,,,,,,,,,,
20260701,2026-07-02T00:02:24.162701+00:00,ARMK,5,5,62.8,6.0,9.9,46.8,0.87,1.42,-1.41,56.9,📊,,,,,,,,,,
20260701,2026-07-02T00:02:24.162701+00:00,CNC,6,6,62.0,6.0,13.6,6.3,0.87,2.23,3.23,66.21,📊,,,,,,,,,,
20260701,2026-07-02T00:02:24.162701+00:00,CROX,7,7,57.6,6.0,22.4,15.9,0.99,3.05,-2.82,127.77,📊,,,,,,,,,,
20260701,2026-07-02T00:02:24.162701+00:00,JBL,8,8,56.1,10.0,14.2,5.6,1.32,0.85,-2.67,385.63,📊,,,,,,,,,,
20260701,2026-07-02T00:02:24.162701+00:00,ELV,9,9,54.0,7.0,9.2,31.7,1.0,0.17,-1.54,422.71,📊,,,,,,,,,,
20260701,2026-07-02T00:02:24.162701+00:00,CSX,10,10,53.7,9.0,7.1,30.2,0.97,0.24,1.41,47.66,📊,,,,,,,,,,
20260701,2026-07-02T00:02:24.162701+00:00,MPC,11,11,53.6,8.0,9.7,20.6,1.01,0.16,-0.88,267.21,📊,,,,,,,,,,
20260701,2026-07-02T00:02:24.162701+00:00,SNDR,12,12,53.3,6.0,17.0,14.3,0.98,1.56,-5.84,38.66,⏳,,,,,,,,,,
20260701,2026-07-02T00:02:24.162701+00:00,HST,13,13,51.8,11.0,18.1,9.5,1.27,1.6,-3.52,24.2,⏳,,,,,,,,,,
20260701,2026-07-02T00:02:24.162701+00:00,BEN,14,14,47.6,8.0,11.7,50.8,0.96,0.99,0.0,34.06,📊,,,,,,,,,,
20260701,2026-07-02T00:02:24.162701+00:00,MNST,15,15,47.5,7.0,12.1,69.8,1.13,1.98,-0.3,97.64,📊,,,,,,,,,,
20260701,2026-07-02T00:02:24.162701+00:00,AVT,16,16,46.8,8.0,13.3,24.6,1.26,1.17,-6.08,92.93,⏳,,,,,,,,,,
20260701,2026-07-02T00:02:24.162701+00:00,MFG,17,17,46.2,12.0,21.3,5.6,0.95,0.79,-4.85,10.3,⏳,,,,,,,,,,
20260701,2026-07-02T00:02:24.162701+00:00,BCS,18,18,45.4,11.0,17.5,77.0,0.68,0.9,-0.11,27.3,📊,,,,,,,,,,
20260701,2026-07-02T00:02:24.162701+00:00,VIK,19,19,45.4,8.0,23.2,93.7,0.81,3.38,-2.81,104.95,📊,,,,,,,,,,
20260701,2026-07-02T00:02:24.162701+00:00,LSCC,20,20,43.6,8.0,22.8,24.6,0.97,2.52,-5.78,155.27,⏳,,,,,,,,,,
20260701,2026-07-02T00:02:24.162701+00:00,CVS,21,21,43.4,7.0,14.6,42.9,1.13,1.81,0.0,104.81,📊,,,,,,,,,,
20260701,2026-07-02T00:02:24.162701+00:00,STT,22,22,43.4,10.0,14.8,62.7,1.19,1.11,-2.34,173.73,📊,,,,,,,,,,
20260701,2026-07-02T00:02:24.162701+00:00,MUFG,23,23,43.2,24.0,22.6,4.8,0.91,-0.06,-3.84,21.08,⏳,,,,,,,,,,
20260701,2026-07-02T00:02:24.162701+00:00,OUT,24,24,43.0,9.0,10.1,40.5,1.48,-0.08,-2.13,33.58,📊,,,,,,,,,,
20260701,2026-07-02T00:02:24.162701+00:00,FROG,25,25,42.7,6.0,22.3,29.4,1.3,3.09,-0.54,90.88,📊,,,,,,,,,,
20260701,2026-07-02T00:02:24.162701+00:00,LLY,26,26,42.2,7.0,19.7,61.1,1.11,2.75,-3.11,1229.93,📊,,,,,,,,,,
20260701,2026-07-02T00:02:24.162701+00:00,CHRW,27,27,42.2,27.0,20.7,13.5,0.8,-0.23,-3.99,199.22,⏳,,,,,,,,,,
20260701,2026-07-02T00:02:24.162701+00:00,RVTY,28,28,41.9,8.0,18.7,66.7,1.17,1.66,-0.61,113.53,📊,,,,,,,,,,
20260701,2026-07-02T00:02:24.162701+00:00,NTRS,29,29,40.8,27.0,23.8,7.9,1.01,0.55,-0.37,176.26,📊,,,,,,,,,,
20260701,2026-07-02T00:02:24.162701+00:00,LINE,30,30,40.6,11.0,21.8,31.0,0.99,1.62,-2.19,44.57,📊,,,,,,,,,,
20260701,2026-07-02T00:02:24.162701+00:00,VOYA,31,31,40.6,9.0,14.5,57.9,1.08,1.56,0.0,92.71,📊,,,,,,,,,,
20260701,2026-07-02T00:02:24.162701+00:00,RAL,32,32,40.4,7.0,20.5,69.0,1.11,3.7,-2.66,73.63,📊,,,,,,,,,,
20260702,2026-07-03T00:02:36.316503+00:00,EBAY,1,1,66.5,8.0,11.5,10.3,0.63,-0.33,-3.2,118.63,⏳,,,,,,,,,,
20260702,2026-07-03T00:02:36.316503+00:00,UBS,2,2,65.1,6.0,8.5,28.6,0.83,1.58,-0.2,51.14,📊,,,,,,,,,,
20260702,2026-07-03T00:02:36.316503+00:00,VTRS,3,3,64.0,6.0,7.7,15.1,0.92,-0.15,0.3,16.65,📊,,,,,,,,,,
20260702,2026-07-03T00:02:36.316503+00:00,CROX,4,4,63.9,6.0,19.5,11.1,0.99,2.48,-1.95,127.77,📊,,,,,,,,,,
20260702,2026-07-03T00:02:36.316503+00:00,CNC,5,5,61.3,7.0,15.5,5.6,0.88,2.24,2.49,66.21,📊,,,,,,,,,,
20260702,2026-07-03T00:02:36.316503+00:00,ARMK,6,6,59.6,7.0,11.0,51.6,0.86,1.27,-1.07,56.9,📊,,,,,,,,,,
20260702,2026-07-03T00:02:36.316503+00:00,HST,7,7,53.7,11.0,18.1,6.3,1.26,1.65,-3.52,24.2,⏳,,,,,,,,,,
20260702,2026-07-03T00:02:36.316503+00:00,ELV,8,8,52.6,7.0,9.2,34.9,1.01,0.27,-1.14,422.71,📊,,,,,,,,,,
20260702,2026-07-03T00:02:36.316503+00:00,MPC,9,9,52.5,9.0,9.8,20.6,1.01,0.17,-0.32,267.21,📊,,,,,,,,,,
20260702,2026-07-03T00:02:36.316503+00:00,DAL,10,10,49.6,6.0,20.9,96.0,0.76,4.16,-0.97,93.66,📊,,,,,,,,,,
20260702,2026-07-03T00:02:36.316503+00:00,DOC,11,11,49.6,8.0,13.6,77.8,0.77,1.38,0.0,21.89,📊,,,,,,,,,,
20260702,2026-07-03T00:02:36.316503+00:00,LINE,12,12,49.1,6.0,11.8,31.0,1.0,0.89,-1.27,44.57,📊,,,,,,,,,,
20260702,2026-07-03T00:02:36.316503+00:00,TD,13,13,48.9,11.0,14.9,68.3,0.89,1.04,-2.41,122.25,📊,,,,,,,,,,
20260702,2026-07-03T00:02:36.316503+00:00,CVS,14,14,48.3,7.0,14.6,31.7,1.11,1.9,-0.09,104.81,📊,,,,,,,,,,
20260702,2026-07-03T00:02:36.316503+00:00,CSX,15,15,47.9,9.0,7.8,38.9,0.97,0.36,1.83,48.01,📊,,,,,,,,,,
20260702,2026-07-03T00:02:36.316503+00:00,BEN,16,16,47.8,8.0,11.8,42.1,0.95,1.08,0.0,34.11,📊,,,,,,,,,,
20260702,2026-07-03T00:02:36.316503+00:00,MNST,17,17,47.7,7.0,12.1,71.4,1.16,2.07,-0.04,97.64,📊,,,,,,,,,,
20260702,2026-07-03T00:02:36.316503+00:00,SNDR,18,18,47.1,6.0,14.0,19.0,0.98,1.14,-7.39,38.66,⏳,,,,,,,,,,
20260702,2026-07-03T00:02:36.316503+00:00,NBIX,19,19,46.8,6.0,9.2,57.9,1.02,1.33,2.51,170.0,📊,,,,,,,,,,
20260702,2026-07-03T00:02:36.316503+00:00,EIX,20,20,46.0,19.0,10.4,55.6,0.81,-0.73,-0.21,75.82,📊,,,,,,,,,,
20260702,2026-07-03T00:02:36.316503+00:00,MFG,21,21,45.3,13.0,22.9,4.8,0.98,0.67,-3.5,10.3,⏳,,,,,,,,,,
20260702,2026-07-03T00:02:36.316503+00:00,IMVT,22,22,44.6,6.0,20.7,87.3,0.89,3.25,-0.15,38.85,📊,,,,,,,,,,
20260702,2026-07-03T00:02:36.316503+00:00,FTNT,23,23,43.8,6.0,19.5,54.0,1.1,3.24,-1.72,158.98,📊,,,,,,,,,,
20260702,2026-07-03T00:02:36.316503+00:00,MUFG,24,24,43.6,24.0,22.6,4.0,0.95,-0.07,-2.23,21.08,📊,,,,,,,,,,
20260702,2026-07-03T00:02:36.316503+00:00,CHRW,25,25,43.2,27.0,20.2,11.1,0.79,-0.23,-4.71,199.22,⏳,,,,,,,,,,
20260702,2026-07-03T00:02:36.316503+00:00,LLY,26,26,43.1,7.0,19.7,61.9,1.11,2.7,-1.3,1229.93,📊,,,,,,,,,,
20260702,2026-07-03T00:02:36.316503+00:00,OUT,27,27,42.8,9.0,10.1,43.7,1.43,-0.05,-2.13,33.58,📊,,,,,,,,,,
20260702,2026-07-03T00:02:36.316503+00:00,VIK,28,28,42.7,8.0,23.2,92.9,0.85,3.29,-4.06,104.95,📊,,,,,,,,,,
20260702,2026-07-03T00:02:36.316503+00:00,NTRS,29,29,42.4,28.0,23.9,4.0,1.0,0.56,0.0,176.5,📊,,,,,,,,,,
20260702,2026-07-03T00:02:36.316503+00:00,BTSG,30,30,41.4,7.0,19.6,88.9,1.66,3.64,-1.17,69.85,📊,,,,,,,,,,
20260702,2026-07-03T00:02:36.316503+00:00,BCS,31,31,40.8,12.0,18.9,77.0,0.7,0.65,0.0,27.77,📊,,,,,,,,,,
20260702,2026-07-03T00:02:36.316503+00:00,LUV,32,32,40.0,6.0,24.1,79.4,0.92,5.7,-3.53,52.09,📊,,,,,,,,,,
20260706,2026-07-07T00:02:40.764790+00:00,ARMK,1,1,66.7,7.0,9.9,53.2,0.82,1.17,-1.58,56.9,📊,,,,,,,,,,
20260706,2026-07-07T00:02:40.764790+00:00,CNC,2,2,65.9,7.0,16.3,5.6,0.9,2.24,-3.37,68.35,⏳,,,,,,,,,,
20260706,2026-07-07T00:02:40.764790+00:00,CROX,3,3,64.7,6.0,14.7,9.5,0.97,1.91,-1.56,127.77,📊,,,,,,,,,,
20260706,2026-07-07T00:02:40.764790+00:00,EBAY,4,4,64.4,8.0,11.5,13.5,0.6,-0.32,-4.18,118.63,⏳,,,,,,,,,,
20260706,2026-07-07T00:02:40.764790+00:00,VTRS,5,5,61.7,6.0,7.7,18.3,0.94,0.0,0.9,16.65,📊,,,,,,,,,,
20260706,2026-07-07T00:02:40.764790+00:00,UBS,6,6,59.6,6.0,10.3,36.5,0.82,1.7,0.0,52.15,📊,,,,,,,,,,
20260706,2026-07-07T00:02:40.764790+00:00,LLY,7,7,56.1,6.0,15.3,63.5,1.07,2.29,-2.43,1229.93,📊,,,,,,,,,,
20260706,2026-07-07T00:02:40.764790+00:00,DAL,8,8,55.7,6.0,19.2,94.4,0.79,3.98,-2.11,93.66,📊,,,,,,,,,,
20260706,2026-07-07T00:02:40.764790+00:00,HST,9,9,52.7,11.0,18.1,7.1,1.27,1.64,-3.93,24.2,⏳,,,,,,,,,,
20260706,2026-07-07T00:02:40.764790+00:00,EIX,10,10,52.5,19.0,10.4,57.1,0.8,-0.75,-1.29,75.82,📊,,,,,,,,,,
20260706,2026-07-07T00:02:40.764790+00:00,MNST,11,11,52.1,7.0,12.1,67.5,1.16,2.1,-0.28,97.64,📊,,,,,,,,,,
20260706,2026-07-07T00:02:40.764790+00:00,DOC,12,12,51.5,8.0,13.6,77.0,0.77,1.47,-0.64,21.89,📊,,,,,,,,,,
20260706,2026-07-07T00:02:40.764790+00:00,ELV,13,13,51.2,7.0,9.2,34.9,1.03,0.33,-3.44,422.71,📊,,,,,,,,,,
20260706,2026-07-07T00:02:40.764790+00:00,IMVT,14,14,50.5,6.0,20.7,86.5,0.88,3.83,-0.64,38.85,📊,,,,,,,,,,
20260706,2026-07-07T00:02:40.764790+00:00,MPC,15,15,49.9,9.0,10.3,24.6,1.0,0.21,0.0,268.99,📊,,,,,,,,,,
20260706,2026-07-07T00:02:40.764790+00:00,CVS,16,16,49.5,8.0,16.6,27.8,1.06,1.89,-2.6,104.81,📊,,,,,,,,,,
20260706,2026-07-07T00:02:40.764790+00:00,EXEL,17,17,49.0,7.0,11.4,29.4,1.06,1.42,1.39,54.77,📊,,,,,,,,,,
20260706,2026-07-07T00:02:40.764790+00:00,BEN,18,18,47.9,7.0,10.5,51.6,0.89,1.24,2.52,33.59,📊,,,,,,,,,,
20260706,2026-07-07T00:02:40.764790+00:00,NBIX,19,19,47.9,6.0,9.2,59.5,1.0,1.49,2.41,170.0,📊,,,,,,,,,,
20260706,2026-07-07T00:02:40.764790+00:00,CSX,20,20,47.8,9.0,7.8,40.5,0.97,0.43,1.67,48.01,📊,,,,,,,,,,
20260706,2026-07-07T00:02:40.764790+00:00,MGA,21,21,47.5,20.0,24.0,1.6,0.72,-0.07,-3.62,68.15,⏳,,,,,,,,,,
20260706,2026-07-07T00:02:40.764790+00:00,TD,22,22,46.2,11.0,14.9,62.7,0.98,1.07,-1.32,122.25,📊,,,,,,,,,,
20260706,2026-07-07T00:02:40.764790+00:00,SNDR,23,23,45.7,6.0,14.0,19.0,0.99,0.82,-7.6,38.66,⏳,,,,,,,,,,
20260706,2026-07-07T00:02:40.764790+00:00,AMD,24,24,45.6,6.0,22.6,41.3,0.86,2.55,-4.97,580.91,📊,,,,,,,,,,
20260706,2026-07-07T00:02:40.764790+00:00,LUV,25,25,43.2,6.0,22.1,77.0,0.93,5.48,-2.46,52.09,📊,,,,,,,,,,
20260706,2026-07-07T00:02:40.764790+00:00,CHRW,26,26,42.5,27.0,20.1,10.3,0.79,-0.24,-5.35,199.22,⏳,,,,,,,,,,
20260706,2026-07-07T00:02:40.764790+00:00,OUT,27,27,42.3,9.0,9.6,43.7,1.4,-0.06,-3.17,33.58,📊,,,,,,,,,,
20260706,2026-07-07T00:02:40.764790+00:00,SWK,28,28,42.2,10.0,22.3,86.5,0.95,1.71,-1.66,94.12,📊,,,,,,,,,,
20260706,2026-07-07T00:02:40.764790+00:00,LTH,29,29,42.2,8.0,24.1,88.1,1.02,3.32,-0.41,41.3,📊,,,,,,,,,,
20260706,2026-07-07T00:02:40.764790+00:00,ATI,30,30,41.6,6.0,21.4,27.8,1.04,3.94,-5.89,204.09,⏳,,,,,,,,,,
20260706,2026-07-07T00:02:40.764790+00:00,MFG,31,31,41.0,13.0,21.6,15.1,0.99,0.7,0.0,10.35,📊,,,,,,,,,,
20260706,2026-07-07T00:02:40.764790+00:00,MUFG,32,32,40.2,25.0,23.0,5.6,0.99,0.02,0.0,21.17,📊,,,,,,,,,,
20260707,2026-07-08T00:02:28.879014+00:00,ARMK,1,1,65.1,7.0,9.9,53.2,0.83,1.17,-1.28,56.9,📊,,,,,,,,,,
20260707,2026-07-08T00:02:28.879014+00:00,CROX,2,2,64.8,6.0,13.6,6.3,0.97,1.58,-2.52,127.77,📊,,,,,,,,,,
20260707,2026-07-08T00:02:28.879014+00:00,EBAY,3,3,64.1,9.0,12.5,15.9,0.59,-0.12,-3.31,118.63,⏳,,,,,,,,,,
20260707,2026-07-08T00:02:28.879014+00:00,CNC,4,4,63.6,8.0,18.1,4.0,0.92,2.16,-3.26,68.35,⏳,,,,,,,,,,
20260707,2026-07-08T00:02:28.879014+00:00,CVS,5,5,58.5,8.0,14.6,23.8,1.02,1.8,-0.46,104.81,📊,,,,,,,,,,
20260707,2026-07-08T00:02:28.879014+00:00,UBS,6,6,58.3,7.0,11.7,31.7,0.79,1.61,0.59,51.14,📊,,,,,,,,,,
20260707,2026-07-08T00:02:28.879014+00:00,MGM,7,7,58.0,6.0,24.2,8.7,0.69,2.39,-7.99,50.69,⏳,,,,,,,,,,
20260707,2026-07-08T00:02:28.879014+00:00,VTRS,8,8,57.6,6.0,7.7,23.8,0.96,0.2,1.86,16.65,📊,,,,,,,,,,
20260707,2026-07-08T00:02:28.879014+00:00,HST,9,9,52.4,11.0,17.0,11.1,1.28,1.6,-3.52,24.2,⏳,,,,,,,,,,
20260707,2026-07-08T00:02:28.879014+00:00,LINE,10,10,52.4,6.0,10.4,31.7,1.08,0.56,-1.27,44.57,📊,,,,,,,,,,
20260707,2026-07-08T00:02:28.879014+00:00,MNST,11,11,51.4,8.0,12.1,65.1,1.19,1.82,-0.74,97.64,📊,,,,,,,,,,
20260707,2026-07-08T00:02:28.879014+00:00,EIX,12,12,50.8,19.0,10.4,62.7,0.83,-0.72,-0.11,75.82,📊,,,,,,,,,,
20260707,2026-07-08T00:02:28.879014+00:00,LLY,13,13,50.4,6.0,13.9,65.9,1.05,2.28,0.0,1235.56,📊,,,,,,,,,,
20260707,2026-07-08T00:02:28.879014+00:00,MPC,14,14,50.4,9.0,10.3,27.8,1.0,0.27,-0.99,268.99,📊,,,,,,,,,,
20260707,2026-07-08T00:02:28.879014+00:00,DOC,15,15,50.3,8.0,13.8,78.6,0.77,1.61,0.0,21.93,📊,,,,,,,,,,
20260707,2026-07-08T00:02:28.879014+00:00,CSX,16,16,50.0,9.0,8.4,42.1,0.96,0.5,0.37,48.33,📊,,,,,,,,,,
20260707,2026-07-08T00:02:28.879014+00:00,SNDR,17,17,49.8,6.0,13.8,19.0,0.98,0.48,-7.47,38.66,⏳,,,,,,,,,,
20260707,2026-07-08T00:02:28.879014+00:00,ELV,18,18,49.4,7.0,9.2,36.5,1.04,0.41,-0.91,422.71,📊,,,,,,,,,,
20260707,2026-07-08T00:02:28.879014+00:00,BEN,19,19,48.1,8.0,11.7,50.0,0.92,1.14,0.88,34.06,📊,,,,,,,,,,
20260707,2026-07-08T00:02:28.879014+00:00,GE,20,20,47.1,6.0,20.1,86.5,0.86,4.48,-3.09,378.68,📊,,,,,,,,,,
20260707,2026-07-08T00:02:28.879014+00:00,OUT,21,21,46.9,9.0,9.6,47.6,1.42,-0.02,-1.09,33.58,📊,,,,,,,,,,
20260707,2026-07-08T00:02:28.879014+00:00,DAL,22,22,46.0,6.0,18.7,83.3,0.82,3.76,-5.37,93.66,📊,,,,,,,,,,
20260707,2026-07-08T00:02:28.879014+00:00,BCS,23,23,45.0,11.0,17.5,77.0,0.7,1.06,0.4,27.3,📊,,,,,,,,,,
20260707,2026-07-08T00:02:28.879014+00:00,CHRW,24,24,43.7,27.0,20.1,12.7,0.79,-0.24,-4.15,199.22,⏳,,,,,,,,,,
20260707,2026-07-08T00:02:28.879014+00:00,MGA,25,25,43.5,21.0,24.0,2.4,0.74,0.06,-5.65,68.15,⏳,,,,,,,,,,
20260707,2026-07-08T00:02:28.879014+00:00,IBKR,26,26,43.2,9.0,16.9,45.2,0.98,1.4,-2.32,96.82,📊,,,,,,,,,,
20260707,2026-07-08T00:02:28.879014+00:00,NBIX,27,27,43.2,7.0,9.2,64.3,1.0,1.29,4.41,170.0,📊,,,,,,,,,,
20260707,2026-07-08T00:02:28.879014+00:00,C,28,28,42.0,12.0,17.6,27.0,1.13,0.56,-3.36,145.67,⏳,,,,,,,,,,
20260707,2026-07-08T00:02:28.879014+00:00,PAA,29,29,41.3,17.0,14.8,23.8,0.78,-0.56,-6.09,24.15,⏳,,,,,,,,,,
20260707,2026-07-08T00:02:28.879014+00:00,AMD,30,30,40.8,6.0,22.1,35.7,0.82,2.0,-11.15,580.91,📊,,,,,,,,,,
20260707,2026-07-08T00:02:28.879014+00:00,IMVT,31,31,40.7,6.0,23.2,85.7,0.91,4.28,0.0,40.09,📊,,,,,,,,,,
20260707,2026-07-08T00:02:28.879014+00:00,MFG,32,32,40.5,13.0,21.6,21.4,0.98,0.81,-1.55,10.35,📊,,,,,,,,,,
20260707,2026-07-08T00:02:28.879014+00:00,TD,33,33,40.1,11.0,14.7,54.0,1.03,1.11,-0.67,122.25,📊,,,,,,,,,,
20260708,2026-07-09T00:02:26.469448+00:00,ARMK,1,1,69.5,6.0,8.1,50.8,0.82,1.33,-0.72,56.9,📊,,,,,,,,,,
20260708,2026-07-09T00:02:26.469448+00:00,CROX,2,2,69.2,6.0,9.2,5.6,0.95,1.18,-4.17,127.77,⏳,,,,,,,,,,
20260708,2026-07-09T00:02:26.469448+00:00,UBS,3,3,67.9,6.0,10.3,24.6,0.8,1.8,-1.96,52.15,🔥,,,,,,,,,,
20260708,2026-07-09T00:02:26.469448+00:00,EBAY,4,4,63.9,9.0,11.5,19.8,0.59,-0.11,-2.85,118.63,🔥,,,,,,,,,,
20260708,2026-07-09T00:02:26.469448+00:00,CNC,5,5,63.2,8.0,17.5,7.9,0.91,2.14,-1.84,68.35,🔥,,,,,,,,,,
20260708,2026-07-09T00:02:26.469448+00:00,SNDR,6,6,61.9,6.0,10.6,6.3,0.94,0.13,-7.01,38.66,⏳,,,,,,,,,,
20260708,2026-07-09T00:02:26.469448+00:00,CVS,7,7,60.0,8.0,14.6,20.6,1.01,1.77,-0.32,104.81,📊,,,,,,,,,,
20260708,2026-07-09T00:02:26.469448+00:00,LLY,8,8,59.3,6.0,13.9,68.3,1.0,2.31,-1.6,1235.56,📊,,,,,,,,,,
20260708,2026-07-09T00:02:26.469448+00:00,VTRS,9,9,56.3,7.0,9.4,27.8,0.96,0.18,-1.77,16.96,📊,,,,,,,,,,
20260708,2026-07-09T00:02:26.469448+00:00,MGM,10,10,53.9,6.0,24.1,9.5,0.69,1.64,-8.07,50.69,⏳,,,,,,,,,,
20260708,2026-07-09T00:02:26.469448+00:00,HST,11,11,53.8,6.0,8.6,23.0,1.3,1.04,-5.96,24.2,⏳,,,,,,,,,,
20260708,2026-07-09T00:02:26.469448+00:00,DOC,12,12,52.3,8.0,13.8,74.6,0.76,1.71,-0.73,21.93,📊,,,,,,,,,,
20260708,2026-07-09T00:02:26.469448+00:00,EIX,13,13,50.6,20.0,11.4,65.1,0.82,-0.65,-1.27,75.74,📊,,,,,,,,,,
20260708,2026-07-09T00:02:26.469448+00:00,BEN,14,14,50.5,8.0,12.7,39.7,0.9,1.27,-2.73,34.44,📊,,,,,,,,,,
20260708,2026-07-09T00:02:26.469448+00:00,ELV,15,15,50.0,8.0,10.1,35.7,1.03,0.46,-1.57,422.71,📊,,,,,,,,,,
20260708,2026-07-09T00:02:26.469448+00:00,CSX,16,16,49.5,10.0,9.5,42.9,0.96,0.47,-0.41,48.89,📊,,,,,,,,,,
20260708,2026-07-09T00:02:26.469448+00:00,MNST,17,17,46.5,8.0,12.1,50.8,1.19,1.83,-2.55,97.64,📊,,,,,,,,,,
20260708,2026-07-09T00:02:26.469448+00:00,ATI,18,18,46.3,6.0,17.3,13.5,1.09,2.59,-9.06,204.09,⏳,,,,,,,,,,
20260708,2026-07-09T00:02:26.469448+00:00,NBIX,19,19,45.7,7.0,11.4,74.6,1.01,1.39,2.28,174.26,📊,,,,,,,,,,
20260708,2026-07-09T00:02:26.469448+00:00,GE,20,20,45.3,6.0,17.1,77.8,0.87,4.02,-5.98,378.68,📊,,,,,,,,,,
20260708,2026-07-09T00:02:26.469448+00:00,TD,21,21,45.3,11.0,14.7,50.8,1.06,1.11,-3.02,122.25,📊,,,,,,,,,,
20260708,2026-07-09T00:02:26.469448+00:00,OUT,22,22,44.6,10.0,10.5,42.1,1.42,-0.06,-2.12,33.9,📊,,,,,,,,,,
20260708,2026-07-09T00:02:26.469448+00:00,VIK,23,23,44.1,6.0,16.4,84.1,0.89,3.27,-6.65,104.95,📊,,,,,,,,,,
20260708,2026-07-09T00:02:26.469448+00:00,SN,24,24,43.1,6.0,23.7,64.3,0.81,5.83,-3.8,152.27,📊,,,,,,,,,,
20260708,2026-07-09T00:02:26.469448+00:00,IBKR,25,25,42.5,9.0,16.4,42.1,0.97,1.37,-3.53,96.82,📊,,,,,,,,,,
20260708,2026-07-09T00:02:26.469448+00:00,DAL,26,26,42.4,6.0,18.4,77.0,0.85,3.37,-6.8,93.66,📊,,,,,,,,,,
20260708,2026-07-09T00:02:26.469448+00:00,PAA,27,27,42.4,18.0,15.0,29.4,0.77,-0.49,-4.22,24.15,⏳,,,,,,,,,,
20260708,2026-07-09T00:02:26.469448+00:00,APH,28,28,42.0,6.0,21.4,15.9,0.99,3.71,-10.27,176.32,📊,,,,,,,,,,
20260708,2026-07-09T00:02:26.469448+00:00,ASML,29,29,41.5,6.0,19.7,27.8,1.33,2.55,-11.1,1989.44,📊,,,,,,,,,,
20260708,2026-07-09T00:02:26.469448+00:00,CHRW,30,30,41.1,27.0,20.1,14.3,0.79,-0.26,-4.98,199.91,⏳,,,,,,,,,,
20260708,2026-07-09T00:02:26.469448+00:00,HXL,31,31,40.9,25.0,24.1,7.9,0.96,0.2,-2.73,101.3,📊,,,,,,,,,,
20260708,2026-07-09T00:02:26.469448+00:00,FTNT,32,32,40.7,7.0,22.1,73.0,1.07,3.39,-3.47,162.35,📊,,,,,,,,,,
20260708,2026-07-09T00:02:26.469448+00:00,RY,33,33,40.5,12.0,17.5,45.2,1.3,1.17,-1.58,209.07,📊,,,,,,,,,,
20260708,2026-07-09T00:02:26.469448+00:00,HR,34,34,40.4,40.0,23.0,11.9,1.15,0.15,-0.34,20.7,📊,,,,,,,,,,
20260710,2026-07-11T00:02:02.888089+00:00,UBS,1,1,69.2,7.0,10.3,18.3,0.72,1.58,-0.13,52.15,🔥,,,,,,,,,,
20260710,2026-07-11T00:02:02.888089+00:00,TKR,2,2,64.5,6.0,12.9,0.8,1.11,1.73,-5.51,145.32,⏳,,,,,,,,,,
20260710,2026-07-11T00:02:02.888089+00:00,CVS,3,3,63.8,8.0,14.6,11.9,0.99,1.69,-0.63,104.81,📊,,,,,,,,,,
20260710,2026-07-11T00:02:02.888089+00:00,CNC,4,4,63.7,8.0,16.3,11.9,0.87,2.07,-1.46,68.35,🔥,,,,,,,,,,
20260710,2026-07-11T00:02:02.888089+00:00,SNDR,5,5,63.1,6.0,9.5,2.4,0.86,-0.26,-5.84,38.66,⏳,,,,,,,,,,
20260710,2026-07-11T00:02:02.888089+00:00,CROX,6,6,62.4,6.0,12.0,15.9,0.9,1.11,0.0,132.78,🔥,,,,,,,,,,
20260710,2026-07-11T00:02:02.888089+00:00,BRKR,7,7,58.2,6.0,13.5,11.9,0.94,1.15,-4.13,62.65,⏳,,,,,,,,,,
20260710,2026-07-11T00:02:02.888089+00:00,MGM,8,8,57.8,6.0,15.3,12.7,0.67,0.18,-7.52,50.69,⏳,,,,,,,,,,
20260710,2026-07-11T00:02:02.888089+00:00,BEN,9,9,55.9,9.0,12.7,23.8,0.93,1.13,-2.73,34.44,🔥,,,,,,,,,,
20260710,2026-07-11T00:02:02.888089+00:00,EBAY,10,10,55.6,9.0,11.5,36.5,0.57,0.01,-1.21,118.63,📊,,,,,,,,,,
20260710,2026-07-11T00:02:02.888089+00:00,HST,11,11,54.9,6.0,8.6,25.4,1.22,0.54,-4.22,24.2,⏳,,,,,,,,,,
20260710,2026-07-11T00:02:02.888089+00:00,ARMK,12,12,54.7,7.0,9.9,60.3,0.86,1.23,1.72,56.9,📊,,,,,,,,,,
20260710,2026-07-11T00:02:02.888089+00:00,AMD,13,13,54.2,7.0,23.0,24.6,0.8,2.28,-3.96,580.91,⏳,,,,,,,,,,
20260710,2026-07-11T00:02:02.888089+00:00,TD,14,14,54.1,12.0,14.9,17.5,1.14,1.0,-1.41,122.25,📊,,,,,,,,,,
20260710,2026-07-11T00:02:02.888089+00:00,MNST,15,15,52.7,8.0,12.1,36.5,1.13,1.85,-0.26,97.64,📊,,,,,,,,,,
20260710,2026-07-11T00:02:02.888089+00:00,C,16,16,51.8,13.0,17.6,6.3,1.1,0.48,-3.35,145.67,⏳,,,,,,,,,,
20260710,2026-07-11T00:02:02.888089+00:00,DOC,17,17,51.2,9.0,13.8,74.6,0.76,1.48,-1.28,21.93,📊,,,,,,,,,,
20260710,2026-07-11T00:02:02.888089+00:00,EIX,18,18,50.2,20.0,11.4,60.3,0.83,-0.63,-0.71,75.74,📊,,,,,,,,,,
20260710,2026-07-11T00:02:02.888089+00:00,LLY,19,19,50.1,6.0,13.9,68.3,0.95,1.99,-3.8,1235.56,📊,,,,,,,,,,
20260710,2026-07-11T00:02:02.888089+00:00,ELV,20,20,50.1,8.0,9.2,37.3,0.97,0.48,-1.53,422.71,📊,,,,,,,,,,
20260710,2026-07-11T00:02:02.888089+00:00,APH,21,21,49.7,6.0,21.4,5.6,0.89,2.8,-9.79,176.32,⏳,,,,,,,,,,
20260710,2026-07-11T00:02:02.888089+00:00,PFG,22,22,48.2,10.0,12.6,25.4,1.09,1.15,-0.58,112.88,📊,,,,,,,,,,
20260710,2026-07-11T00:02:02.888089+00:00,CSX,23,23,47.7,10.0,9.5,51.6,0.96,0.48,1.06,48.89,📊,,,,,,,,,,
20260710,2026-07-11T00:02:02.888089+00:00,ATI,24,24,47.0,6.0,16.4,9.5,1.0,1.6,-8.35,204.09,⏳,,,,,,,,,,
20260710,2026-07-11T00:02:02.888089+00:00,SN,25,25,47.0,6.0,22.5,54.8,0.71,5.38,0.0,152.65,📊,,,,,,,,,,
20260710,2026-07-11T00:02:02.888089+00:00,HWM,26,26,46.6,21.0,21.3,0.0,1.48,-0.15,-4.37,283.23,⏳,,,,,,,,,,
20260710,2026-07-11T00:02:02.888089+00:00,NBIX,27,27,45.9,8.0,14.5,86.5,1.01,1.5,-1.91,180.55,📊,,,,,,,,,,
20260710,2026-07-11T00:02:02.888089+00:00,OUT,28,28,45.8,10.0,10.8,41.3,1.41,0.12,-2.28,33.81,📊,,,,,,,,,,
20260710,2026-07-11T00:02:02.888089+00:00,VTRS,29,29,43.6,9.0,11.0,25.4,0.96,-0.44,-5.75,17.26,⏳,,,,,,,,,,
20260710,2026-07-11T00:02:02.888089+00:00,HXL,30,30,43.6,26.0,24.6,0.0,1.0,0.26,-2.12,101.3,📊,,,,,,,,,,
20260710,2026-07-11T00:02:02.888089+00:00,SIRI,31,31,43.1,11.0,16.0,77.0,0.87,0.76,-1.07,30.75,📊,,,,,,,,,,
20260710,2026-07-11T00:02:02.888089+00:00,MS,32,32,42.9,12.0,18.1,33.3,0.95,1.27,-2.12,227.09,📊,,,,,,,,,,
20260710,2026-07-11T00:02:02.888089+00:00,ILMN,33,33,42.9,6.0,18.7,88.1,1.25,3.69,-2.13,194.33,📊,,,,,,,,,,
20260710,2026-07-11T00:02:02.888089+00:00,CHRW,34,34,42.9,28.0,20.2,17.5,0.79,-0.2,-2.87,199.22,🔥,,,,,,,,,,
20260710,2026-07-11T00:02:02.888089+00:00,HR,35,35,42.7,40.0,23.0,11.9,1.0,0.16,-0.05,20.7,📊,,,,,,,,,,
20260710,2026-07-11T00:02:02.888089+00:00,FTNT,36,36,42.5,7.0,21.9,60.3,1.02,3.18,-3.8,163.73,📊,,,,,,,,,,
20260710,2026-07-11T00:02:02.888089+00:00,IBKR,37,37,42.4,12.0,21.7,25.4,0.93,1.24,-2.82,96.82,📊,,,,,,,,,,
20260710,2026-07-11T00:02:02.888089+00:00,VLY,38,38,42.4,29.0,22.9,15.9,1.03,0.38,-1.55,14.87,📊,,,,,,,,,,
20260710,2026-07-11T00:02:02.888089+00:00,HSBC,39,39,40.7,27.0,23.2,23.8,0.68,0.34,0.0,99.09,🔥,,,,,,,,,,
20260710,2026-07-11T00:02:02.888089+00:00,NTRS,40,40,40.5,11.0,12.8,42.1,0.94,0.56,1.19,181.39,📊,,,,,,,,,,
20260713,2026-07-14T00:03:58.709081+00:00,TKR,1,1,70.0,6.0,12.9,0.8,1.08,1.4,-4.8,145.32,⏳,,,,,,,,,,
20260713,2026-07-14T00:03:58.709081+00:00,UBS,2,2,69.3,7.0,10.3,16.7,0.73,1.62,-0.42,52.15,🔥,,,,,,,,,,
20260713,2026-07-14T00:03:58.709081+00:00,UNH,3,3,67.0,8.0,12.5,25.4,0.73,1.47,0.21,428.19,📊,,,,,,,,,,
20260713,2026-07-14T00:03:58.709081+00:00,CNC,4,4,66.8,8.0,16.3,14.3,0.84,2.14,-0.09,68.35,🔥,,,,,,,,,,
20260713,2026-07-14T00:03:58.709081+00:00,SNDR,5,5,65.4,6.0,9.5,0.0,0.84,-0.42,-5.12,38.66,⏳,,,,,,,,,,
20260713,2026-07-14T00:03:58.709081+00:00,MGM,6,6,63.1,6.0,13.8,12.7,0.68,-0.24,-6.81,50.69,⏳,,,,,,,,,,
20260713,2026-07-14T00:03:58.709081+00:00,CROX,7,7,59.7,6.0,9.2,20.6,0.9,1.3,2.11,127.77,📊,,,,,,,,,,
20260713,2026-07-14T00:03:58.709081+00:00,ARMK,8,8,58.5,6.0,8.1,64.3,0.86,1.43,2.2,56.9,📊,,,,,,,,,,
20260713,2026-07-14T00:03:58.709081+00:00,CVS,9,9,57.9,8.0,14.6,11.9,0.95,1.68,1.04,104.81,📊,,,,,,,,,,
20260713,2026-07-14T00:03:58.709081+00:00,BRKR,10,10,56.8,6.0,13.5,5.6,0.92,0.84,-5.87,62.65,⏳,,,,,,,,,,
20260713,2026-07-14T00:03:58.709081+00:00,HST,11,11,56.7,6.0,8.6,27.8,1.19,0.26,-4.68,24.2,⏳,,,,,,,,,,
20260713,2026-07-14T00:03:58.709081+00:00,DOC,12,12,56.4,9.0,13.8,73.8,0.75,1.51,-0.91,21.93,📊,,,,,,,,,,
20260713,2026-07-14T00:03:58.709081+00:00,MNST,13,13,55.9,8.0,12.1,31.0,1.11,1.85,-0.58,97.64,📊,,,,,,,,,,
20260713,2026-07-14T00:03:58.709081+00:00,BEN,14,14,54.8,9.0,12.7,17.5,0.94,1.14,-4.67,34.44,⏳,,,,,,,,,,
20260713,2026-07-14T00:03:58.709081+00:00,ROKU,15,15,54.5,12.0,22.1,4.0,3.36,1.41,-0.92,143.66,📊,,,,,,,,,,
20260713,2026-07-14T00:03:58.709081+00:00,C,16,16,54.3,13.0,17.6,1.6,1.1,0.51,-3.4,145.67,⏳,,,,,,,,,,
20260713,2026-07-14T00:03:58.709081+00:00,MS,17,17,53.9,6.0,9.0,30.2,0.96,0.76,-2.64,227.09,📊,,,,,,,,,,
20260713,2026-07-14T00:03:58.709081+00:00,EBAY,18,18,53.8,9.0,11.5,38.9,0.56,0.03,-2.98,118.63,📊,,,,,,,,,,
20260713,2026-07-14T00:03:58.709081+00:00,IBKR,19,19,51.8,10.0,18.0,19.8,0.92,1.4,-3.37,96.82,⏳,,,,,,,,,,
20260713,2026-07-14T00:03:58.709081+00:00,APH,20,20,51.6,6.0,21.4,1.6,0.86,2.47,-11.53,176.32,📊,,,,,,,,,,
20260713,2026-07-14T00:03:58.709081+00:00,TD,21,21,51.4,12.0,14.9,12.7,1.24,1.04,-0.67,121.44,📊,,,,,,,,,,
20260713,2026-07-14T00:03:58.709081+00:00,FTNT,22,22,50.7,6.0,15.7,61.1,0.98,2.41,-1.9,163.73,📊,,,,,,,,,,
20260713,2026-07-14T00:03:58.709081+00:00,OUT,23,23,50.1,10.0,10.2,33.3,1.37,0.13,-1.95,33.81,📊,,,,,,,,,,
20260713,2026-07-14T00:03:58.709081+00:00,ING,24,24,49.4,13.0,16.1,19.0,1.37,0.54,-2.0,32.96,📊,,,,,,,,,,
20260713,2026-07-14T00:03:58.709081+00:00,HXL,25,25,48.7,26.0,24.6,0.0,1.0,0.25,-2.07,101.3,📊,,,,,,,,,,
20260713,2026-07-14T00:03:58.709081+00:00,LLY,26,26,48.6,7.0,15.7,68.3,0.95,2.12,-4.35,1235.56,📊,,,,,,,,,,
20260713,2026-07-14T00:03:58.709081+00:00,SIRI,27,27,48.1,11.0,16.0,77.0,0.85,0.87,-0.26,30.75,📊,,,,,,,,,,
20260713,2026-07-14T00:03:58.709081+00:00,ELV,28,28,48.0,8.0,9.7,41.3,0.94,0.59,0.0,425.17,📊,,,,,,,,,,
20260713,2026-07-14T00:03:58.709081+00:00,ILMN,29,29,47.9,6.0,18.7,88.1,1.24,3.63,-2.2,194.33,📊,,,,,,,,,,
20260713,2026-07-14T00:03:58.709081+00:00,SN,30,30,47.9,6.0,22.5,52.4,0.74,5.09,-1.87,152.65,📊,,,,,,,,,,
20260713,2026-07-14T00:03:58.709081+00:00,AMD,31,31,47.0,7.0,22.6,20.6,0.78,2.01,-8.01,580.91,⏳,,,,,,,,,,
20260713,2026-07-14T00:03:58.709081+00:00,HWM,32,32,46.7,21.0,21.3,0.0,1.45,-0.18,-4.22,283.23,⏳,,,,,,,,,,
20260713,2026-07-14T00:03:58.709081+00:00,CSX,33,33,46.6,10.0,9.5,54.8,0.95,0.55,1.53,48.89,📊,,,,,,,,,,
20260713,2026-07-14T00:03:58.709081+00:00,HSBC,34,34,46.0,27.0,23.2,16.7,0.66,0.33,-1.01,99.09,🔥,,,,,,,,,,
20260713,2026-07-14T00:03:58.709081+00:00,VTRS,35,35,45.6,9.0,11.0,26.2,0.95,-0.42,-5.06,17.26,⏳,,,,,,,,,,
20260713,2026-07-14T00:03:58.709081+00:00,PFG,36,36,45.0,10.0,12.6,28.6,1.1,1.09,0.65,112.88,📊,,,,,,,,,,
20260713,2026-07-14T00:03:58.709081+00:00,NBIX,37,37,44.3,8.0,14.5,86.5,1.04,1.63,-3.57,180.55,📊,,,,,,,,,,
20260713,2026-07-14T00:03:58.709081+00:00,EIX,38,38,43.3,20.0,11.4,65.9,0.83,-0.6,0.3,75.74,📊,,,,,,,,,,
20260713,2026-07-14T00:03:58.709081+00:00,VLY,39,39,42.8,29.0,22.9,15.1,1.03,0.38,-2.15,14.87,📊,,,,,,,,,,
20260713,2026-07-14T00:03:58.709081+00:00,ANET,40,40,42.5,7.0,20.5,42.9,0.94,2.04,-3.11,186.96,📊,,,,,,,,,,
20260713,2026-07-14T00:03:58.709081+00:00,HR,41,41,42.5,40.0,23.0,11.9,0.97,0.16,0.53,20.7,📊,,,,,,,,,,
20260713,2026-07-14T00:03:58.709081+00:00,ATI,42,42,41.8,6.0,14.2,15.9,0.95,1.01,-9.97,204.09,⏳,,,,,,,,,,
20260713,2026-07-14T00:03:58.709081+00:00,CHRW,43,43,41.2,28.0,20.1,20.6,0.8,-0.2,-1.37,199.22,🔥,,,,,,,,,,
20260713,2026-07-14T00:03:58.709081+00:00,NTRS,44,44,40.8,11.0,12.8,52.4,0.9,0.6,1.5,181.39,📊,,,,,,,,,,
20260713,2026-07-14T00:03:58.709081+00:00,BCS,45,45,40.4,13.0,20.7,38.1,0.68,0.89,-3.94,28.41,📊,,,,,,,,,,
20260714,2026-07-15T00:03:51.787179+00:00,MGM,1,1,69.5,6.0,8.4,7.1,0.65,-0.6,-7.93,50.69,⏳,,,,,,,,,,
20260714,2026-07-15T00:03:51.787179+00:00,UNH,2,2,68.7,9.0,13.2,23.8,0.72,1.44,-1.5,431.68,🔥,,,,,,,,,,
20260714,2026-07-15T00:03:51.787179+00:00,TKR,3,3,66.2,6.0,12.9,0.8,1.05,1.12,-3.94,145.32,⏳,,,,,,,,,,
20260714,2026-07-15T00:03:51.787179+00:00,SNDR,4,4,66.2,6.0,9.5,0.0,0.84,-0.58,-4.47,38.66,⏳,,,,,,,,,,
20260714,2026-07-15T00:03:51.787179+00:00,BRKR,5,5,62.9,6.0,13.5,0.0,0.9,0.9,-4.49,62.65,⏳,,,,,,,,,,
20260714,2026-07-15T00:03:51.787179+00:00,HST,6,6,59.5,6.0,7.8,27.0,1.2,-0.04,-3.4,24.2,⏳,,,,,,,,,,
20260714,2026-07-15T00:03:51.787179+00:00,CNC,7,7,57.6,8.0,16.3,19.0,0.83,1.99,0.54,68.35,📊,,,,,,,,,,
20260714,2026-07-15T00:03:51.787179+00:00,VTRS,8,8,57.5,8.0,9.4,25.4,0.96,0.08,-3.83,16.96,⏳,,,,,,,,,,
20260714,2026-07-15T00:03:51.787179+00:00,CVS,9,9,57.0,9.0,15.7,12.7,0.96,1.7,0.0,106.18,📊,,,,,,,,,,
20260714,2026-07-15T00:03:51.787179+00:00,DOC,10,10,56.9,9.0,13.8,73.0,0.76,1.58,-1.23,21.93,📊,,,,,,,,,,
20260714,2026-07-15T00:03:51.787179+00:00,BEN,11,11,56.4,9.0,12.7,14.3,0.99,1.1,-3.77,34.44,⏳,,,,,,,,,,
20260714,2026-07-15T00:03:51.787179+00:00,ARMK,12,12,56.0,6.0,8.7,66.7,0.9,1.39,0.21,57.88,📊,,,,,,,,,,
20260714,2026-07-15T00:03:51.787179+00:00,CROX,13,13,55.7,6.0,8.5,28.6,0.9,1.24,2.66,127.77,📊,,,,,,,,,,
20260714,2026-07-15T00:03:51.787179+00:00,UBS,14,14,55.6,8.0,13.4,21.4,0.73,1.64,3.2,52.15,📊,,,,,,,,,,
20260714,2026-07-15T00:03:51.787179+00:00,ROKU,15,15,54.7,12.0,21.8,3.2,2.86,1.37,-1.32,143.66,📊,,,,,,,,,,
20260714,2026-07-15T00:03:51.787179+00:00,IBKR,16,16,53.8,10.0,17.0,19.8,0.91,1.38,-1.25,96.82,🔥,,,,,,,,,,
20260714,2026-07-15T00:03:51.787179+00:00,APH,17,17,53.4,6.0,21.4,0.0,0.85,2.24,-10.18,176.32,📊,,,,,,,,,,
20260714,2026-07-15T00:03:51.787179+00:00,CX,18,18,53.2,13.0,13.9,2.4,0.86,-0.36,-5.31,13.52,⏳,,,,,,,,,,
20260714,2026-07-15T00:03:51.787179+00:00,MNST,19,19,52.9,9.0,12.4,31.0,1.12,1.66,0.0,98.0,📊,,,,,,,,,,
20260714,2026-07-15T00:03:51.787179+00:00,AMD,20,20,52.0,7.0,22.1,17.5,0.77,1.72,-5.64,580.91,⏳,,,,,,,,,,
20260714,2026-07-15T00:03:51.787179+00:00,MFC,21,21,52.0,33.0,21.0,11.1,0.72,0.16,0.48,41.49,📊,,,,,,,,,,
20260714,2026-07-15T00:03:51.787179+00:00,OUT,22,22,51.7,10.0,10.2,28.6,1.34,0.14,-1.95,33.81,📊,,,,,,,,,,
20260714,2026-07-15T00:03:51.787179+00:00,ATI,23,23,51.0,6.0,13.0,16.7,0.92,0.6,-7.18,204.09,⏳,,,,,,,,,,
20260714,2026-07-15T00:03:51.787179+00:00,EBAY,24,24,50.9,10.0,12.5,38.1,0.58,0.09,-5.13,118.63,📊,,,,,,,,,,
20260714,2026-07-15T00:03:51.787179+00:00,BCS,25,25,49.8,13.0,20.7,31.7,0.69,0.95,-3.1,28.41,📊,,,,,,,,,,
20260714,2026-07-15T00:03:51.787179+00:00,SIRI,26,26,49.7,11.0,16.0,74.6,0.84,1.03,-1.17,30.75,📊,,,,,,,,,,
20260714,2026-07-15T00:03:51.787179+00:00,ELV,27,27,48.4,8.0,9.2,46.8,0.95,0.58,0.97,422.71,📊,,,,,,,,,,
20260714,2026-07-15T00:03:51.787179+00:00,ILMN,28,28,47.8,6.0,18.7,84.1,1.26,3.68,-1.61,194.33,📊,,,,,,,,,,
20260714,2026-07-15T00:03:51.787179+00:00,SN,29,29,47.7,6.0,22.5,47.6,0.75,4.88,-1.81,152.65,📊,,,,,,,,,,
20260714,2026-07-15T00:03:51.787179+00:00,DELL,30,30,46.9,6.0,20.6,23.0,0.85,0.76,-1.81,465.96,🔥,,,,,,,,,,
20260714,2026-07-15T00:03:51.787179+00:00,CSX,31,31,46.1,11.0,11.3,58.7,0.95,0.53,0.0,49.92,📊,,,,,,,,,,
20260714,2026-07-15T00:03:51.787179+00:00,FTNT,32,32,45.7,6.0,17.0,73.0,0.98,2.28,0.0,166.83,📊,,,,,,,,,,
20260714,2026-07-15T00:03:51.787179+00:00,ING,33,33,45.3,13.0,16.1,16.7,1.32,0.58,-0.64,32.96,📊,,,,,,,,,,
20260714,2026-07-15T00:03:51.787179+00:00,CM,34,34,45.2,12.0,9.3,25.4,1.32,0.08,2.15,116.07,📊,,,,,,,,,,
20260714,2026-07-15T00:03:51.787179+00:00,LAUR,35,35,44.8,10.0,22.8,92.1,0.83,2.47,-1.56,40.46,📊,,,,,,,,,,
20260714,2026-07-15T00:03:51.787179+00:00,KNX,36,36,44.5,6.0,11.4,3.2,1.07,-1.08,-8.77,82.45,⏳,,,,,,,,,,
20260714,2026-07-15T00:03:51.787179+00:00,ANET,37,37,44.3,7.0,18.8,50.0,0.95,1.96,-2.35,186.96,📊,,,,,,,,,,
20260714,2026-07-15T00:03:51.787179+00:00,PFG,38,38,44.0,11.0,13.3,30.2,1.11,1.06,-0.61,113.61,📊,,,,,,,,,,
20260714,2026-07-15T00:03:51.787179+00:00,HSBC,39,39,43.9,27.0,22.9,17.5,0.66,0.36,0.52,98.74,📊,,,,,,,,,,
20260714,2026-07-15T00:03:51.787179+00:00,LLY,40,40,43.5,7.0,13.9,66.7,0.97,1.86,-6.72,1235.56,📊,,,,,,,,,,
20260714,2026-07-15T00:03:51.787179+00:00,HWM,41,41,43.3,21.0,21.3,0.0,1.46,-0.19,-2.28,283.23,📊,,,,,,,,,,
20260714,2026-07-15T00:03:51.787179+00:00,BBVA,42,42,43.1,34.0,25.0,19.8,0.77,-0.04,-1.8,26.14,🔥,,,,,,,,,,
20260714,2026-07-15T00:03:51.787179+00:00,TD,43,43,42.8,12.0,15.6,19.8,1.26,1.0,1.18,121.44,📊,,,,,,,,,,
20260714,2026-07-15T00:03:51.787179+00:00,MGA,44,44,42.8,22.0,24.0,0.0,0.84,0.04,-5.22,68.15,⏳,,,,,,,,,,
20260714,2026-07-15T00:03:51.787179+00:00,NBIX,45,45,42.4,8.0,14.5,84.1,1.04,1.63,-4.71,180.55,📊,,,,,,,,,,
20260714,2026-07-15T00:03:51.787179+00:00,LUV,46,46,42.2,7.0,21.9,18.3,0.96,3.84,-8.7,52.09,⏳,,,,,,,,,,
20260714,2026-07-15T00:03:51.787179+00:00,VLY,47,47,42.2,29.0,22.9,15.1,1.05,0.37,-1.95,14.87,📊,,,,,,,,,,
20260714,2026-07-15T00:03:51.787179+00:00,SAN,48,48,42.0,13.0,19.6,18.3,0.9,0.69,-5.15,14.37,⏳,,,,,,,,,,
20260714,2026-07-15T00:03:51.787179+00:00,EIX,49,49,41.2,20.0,11.4,68.3,0.86,-0.57,1.11,75.74,📊,,,,,,,,,,
20260714,2026-07-15T00:03:51.787179+00:00,HR,50,50,41.2,40.0,23.0,12.7,0.97,0.17,0.92,20.7,📊,,,,,,,,,,
20260714,2026-07-15T00:03:51.787179+00:00,MS,51,51,40.0,12.0,18.3,33.3,1.01,1.39,0.0,227.67,🚀,,,,,,,,,,
20260715,2026-07-16T00:02:00.495653+00:00,MGM,1,1,78.9,6.0,6.5,4.0,0.62,-0.56,-5.74,49.69,⏳,,,,,,,,,,
20260715,2026-07-16T00:02:00.495653+00:00,TKR,2,2,69.8,6.0,9.3,0.8,1.0,0.7,-4.03,145.32,⏳,,,,,,,,,,
20260715,2026-07-16T00:02:00.495653+00:00,SNDR,3,3,66.6,7.0,10.6,0.0,0.86,0.06,-5.74,38.66,⏳,,,,,,,,,,
20260715,2026-07-16T00:02:00.495653+00:00,UNH,4,4,63.2,9.0,13.2,23.0,0.71,1.38,-3.05,431.68,⏳,,,,,,,,,,
20260715,2026-07-16T00:02:00.495653+00:00,BRKR,5,5,59.5,6.0,13.5,0.0,0.86,0.85,-6.36,62.65,⏳,,,,,,,,,,
20260715,2026-07-16T00:02:00.495653+00:00,CNC,6,6,59.0,9.0,18.0,18.3,0.81,2.05,-3.07,68.72,⏳,,,,,,,,,,
20260715,2026-07-16T00:02:00.495653+00:00,VSXY,7,7,58.4,6.0,17.4,12.7,0.76,0.69,-4.66,88.5,⏳,,,,,,,,,,
20260715,2026-07-16T00:02:00.495653+00:00,BEN,8,8,57.6,9.0,12.7,13.5,0.99,1.09,-2.35,34.44,📊,,,,,,,,,,
20260715,2026-07-16T00:02:00.495653+00:00,DOC,9,9,57.6,9.0,13.8,70.6,0.73,1.61,-0.87,21.93,📊,,,,,,,,,,
20260715,2026-07-16T00:02:00.495653+00:00,HST,10,10,57.4,6.0,6.0,25.4,1.2,-0.29,-1.66,24.2,📊,,,,,,,,,,
20260715,2026-07-16T00:02:00.495653+00:00,CVS,11,11,57.1,9.0,15.7,12.7,0.96,1.66,-0.25,106.18,📊,,,,,,,,,,
20260715,2026-07-16T00:02:00.495653+00:00,VTRS,12,12,55.6,8.0,9.4,32.5,0.95,0.15,-1.65,16.96,📊,,,,,,,,,,
20260715,2026-07-16T00:02:00.495653+00:00,MNST,13,13,54.8,9.0,12.4,28.6,1.12,1.67,-0.45,98.01,📊,,,,,,,,,,
20260715,2026-07-16T00:02:00.495653+00:00,CSX,14,14,53.2,11.0,11.3,59.5,0.93,0.58,-0.98,49.92,📊,,,,,,,,,,
20260715,2026-07-16T00:02:00.495653+00:00,LUV,15,15,53.2,7.0,21.9,10.3,0.95,3.53,-5.45,52.09,⏳,,,,,,,,,,
20260715,2026-07-16T00:02:00.495653+00:00,CX,16,16,52.8,13.0,13.9,8.7,0.9,-0.33,-3.31,13.52,⏳,,,,,,,,,,
20260715,2026-07-16T00:02:00.495653+00:00,SAN,17,17,52.7,13.0,19.6,11.1,0.93,0.76,-3.83,14.37,⏳,,,,,,,,,,
20260715,2026-07-16T00:02:00.495653+00:00,CROX,18,18,52.5,7.0,13.0,35.7,0.9,1.39,0.0,133.37,📊,,,,,,,,,,
20260715,2026-07-16T00:02:00.495653+00:00,EBAY,19,19,52.4,10.0,11.5,38.1,0.56,0.04,-4.95,118.63,📊,,,,,,,,,,
20260715,2026-07-16T00:02:00.495653+00:00,VIK,20,20,52.2,7.0,16.4,25.4,0.83,2.3,-6.44,104.95,⏳,,,,,,,,,,
20260715,2026-07-16T00:02:00.495653+00:00,OUT,21,21,52.2,11.0,11.0,26.2,1.28,0.19,-1.48,33.81,📊,,,,,,,,,,
20260715,2026-07-16T00:02:00.495653+00:00,ARMK,22,22,51.1,7.0,10.1,64.3,0.94,1.39,-1.89,58.15,📊,,,,,,,,,,
20260715,2026-07-16T00:02:00.495653+00:00,SN,23,23,50.3,7.0,23.9,31.7,0.74,4.98,-1.7,152.65,📊,,,,,,,,,,
20260715,2026-07-16T00:02:00.495653+00:00,ATI,24,24,49.0,6.0,13.0,15.9,0.9,0.32,-5.14,204.09,⏳,,,,,,,,,,
20260715,2026-07-16T00:02:00.495653+00:00,BBVA,25,25,48.9,34.0,25.0,7.9,0.76,-0.05,-2.3,26.14,🔥,,,,,,,,,,
20260715,2026-07-16T00:02:00.495653+00:00,UBS,26,26,48.0,7.0,10.3,48.4,0.73,1.72,5.6,52.15,📊,,,,,,,,,,
20260715,2026-07-16T00:02:00.495653+00:00,ROKU,27,27,48.0,12.0,21.8,4.0,2.09,1.36,-0.24,143.66,📊,,,,,,,,,,
20260715,2026-07-16T00:02:00.495653+00:00,SIRI,28,28,47.9,12.0,16.0,73.0,0.82,0.79,-0.33,30.75,📊,,,,,,,,,,
20260715,2026-07-16T00:02:00.495653+00:00,FTNT,29,29,47.5,6.0,17.0,75.4,0.97,2.37,-1.39,166.83,📊,,,,,,,,,,
20260715,2026-07-16T00:02:00.495653+00:00,BCS,30,30,47.3,13.0,20.7,25.4,0.71,1.06,-0.21,28.41,📊,,,,,,,,,,
20260715,2026-07-16T00:02:00.495653+00:00,IBKR,31,31,47.2,10.0,17.0,27.0,0.92,1.38,0.0,97.41,📊,,,,,,,,,,
20260715,2026-07-16T00:02:00.495653+00:00,MGA,32,32,46.5,22.0,24.0,0.0,0.84,0.01,-2.73,68.15,🔥,,,,,,,,,,
20260715,2026-07-16T00:02:00.495653+00:00,AMD,33,33,44.6,7.0,22.1,15.1,0.76,1.36,-8.91,580.91,⏳,,,,,,,,,,
20260715,2026-07-16T00:02:00.495653+00:00,LLY,34,34,43.4,7.0,13.9,64.3,0.96,1.69,-6.39,1235.56,📊,,,,,,,,,,
20260715,2026-07-16T00:02:00.495653+00:00,PFG,35,35,43.2,11.0,13.1,32.5,1.13,1.08,-0.57,113.61,📊,,,,,,,,,,
20260715,2026-07-16T00:02:00.495653+00:00,NBIX,36,36,43.1,8.0,14.5,82.5,1.02,1.65,-4.71,180.55,📊,,,,,,,,,,
20260715,2026-07-16T00:02:00.495653+00:00,KNX,37,37,43.1,7.0,11.8,1.6,1.04,-0.44,-10.77,82.45,📊,,,,,,,,,,
20260715,2026-07-16T00:02:00.495653+00:00,HWM,38,38,43.0,21.0,21.3,0.8,1.45,-0.19,-1.41,283.23,📊,,,,,,,,,,
20260715,2026-07-16T00:02:00.495653+00:00,EXEL,39,39,43.0,9.0,15.0,82.5,1.14,1.52,-2.71,57.1,📊,,,,,,,,,,
20260715,2026-07-16T00:02:00.495653+00:00,ILMN,40,40,41.6,6.0,18.7,78.6,1.24,3.68,-3.69,194.33,📊,,,,,,,,,,
20260715,2026-07-16T00:02:00.495653+00:00,CRWD,41,41,41.5,7.0,19.1,73.8,0.78,2.51,3.71,199.38,📊,,,,,,,,,,
20260715,2026-07-16T00:02:00.495653+00:00,EIX,42,42,41.0,20.0,11.4,68.3,0.86,-0.56,1.24,75.74,📊,,,,,,,,,,
20260715,2026-07-16T00:02:00.495653+00:00,VOYA,43,43,40.9,11.0,19.9,64.3,0.91,1.81,-0.47,98.96,📊,,,,,,,,,,
20260715,2026-07-16T00:02:00.495653+00:00,ING,44,44,40.8,13.0,16.7,17.5,1.28,0.56,1.06,32.96,📊,,,,,,,,,,
20260715,2026-07-16T00:02:00.495653+00:00,HSBC,45,45,40.5,27.0,23.2,19.8,0.66,0.35,1.38,99.09,📊,,,,,,,,,,
20260716,2026-07-17T00:02:13.236108+00:00,MGM,1,1,80.0,6.0,6.5,2.4,0.62,-0.62,-5.61,49.69,⏳,,,,,,,,,,
20260716,2026-07-17T00:02:13.236108+00:00,TKR,2,2,71.3,6.0,9.3,2.4,0.99,0.41,-5.25,145.32,⏳,,,,,,,,,,
20260716,2026-07-17T00:02:13.236108+00:00,SNDR,3,3,68.9,7.0,9.7,1.6,0.87,0.04,-0.44,38.66,🔥,,,,,,,,,,
20260716,2026-07-17T00:02:13.236108+00:00,UNH,4,4,67.8,9.0,13.2,19.0,0.82,1.33,-1.92,431.68,🔥,,,,,,,,,,
20260716,2026-07-17T00:02:13.236108+00:00,JHX,5,5,61.1,7.0,18.4,7.1,0.95,2.19,0.0,26.96,📊,,,,,,,,,,
20260716,2026-07-17T00:02:13.236108+00:00,BRKR,6,6,60.6,6.0,13.5,0.0,0.86,0.68,-5.42,62.65,⏳,,,,,,,,,,
20260716,2026-07-17T00:02:13.236108+00:00,VIK,7,7,57.9,7.0,15.7,13.5,0.8,1.97,-6.56,104.95,⏳,,,,,,,,,,
20260716,2026-07-17T00:02:13.236108+00:00,HST,8,8,57.0,6.0,6.0,23.8,1.17,-0.48,-2.2,24.2,📊,,,,,,,,,,
20260716,2026-07-17T00:02:13.236108+00:00,TVTX,9,9,57.0,6.0,23.4,0.8,0.84,4.28,-6.35,59.03,⏳,,,,,,,,,,
20260716,2026-07-17T00:02:13.236108+00:00,LUV,10,10,56.2,7.0,21.9,7.9,0.91,3.28,-5.11,52.09,⏳,,,,,,,,,,
20260716,2026-07-17T00:02:13.236108+00:00,BEN,11,11,55.7,10.0,12.7,13.5,1.01,0.99,-3.22,34.44,⏳,,,,,,,,,,
20260716,2026-07-17T00:02:13.236108+00:00,CVS,12,12,55.5,9.0,16.0,12.7,1.0,1.62,0.0,106.5,📊,,,,,,,,,,
20260716,2026-07-17T00:02:13.236108+00:00,CNC,13,13,53.1,9.0,16.7,14.3,0.82,1.82,-7.03,68.72,⏳,,,,,,,,,,
20260716,2026-07-17T00:02:13.236108+00:00,UBS,14,14,52.9,7.0,10.3,50.8,0.72,1.79,2.59,52.15,📊,,,,,,,,,,
20260716,2026-07-17T00:02:13.236108+00:00,ARMK,15,15,52.6,7.0,9.2,63.5,0.97,1.3,-1.99,58.15,📊,,,,,,,,,,
20260716,2026-07-17T00:02:13.236108+00:00,VSXY,16,16,52.3,6.0,17.4,12.7,0.77,0.77,-6.92,88.5,⏳,,,,,,,,,,
20260716,2026-07-17T00:02:13.236108+00:00,SN,17,17,50.4,7.0,24.2,26.2,0.76,4.84,0.0,154.21,📊,,,,,,,,,,
20260716,2026-07-17T00:02:13.236108+00:00,KNX,18,18,50.4,7.0,11.4,1.6,1.04,-0.57,-6.22,82.45,⏳,,,,,,,,,,
20260716,2026-07-17T00:02:13.236108+00:00,BBVA,19,19,49.4,34.0,25.0,6.3,0.77,-0.05,-1.68,26.14,🔥,,,,,,,,,,
20260716,2026-07-17T00:02:13.236108+00:00,OUT,20,20,49.3,11.0,10.8,22.2,1.26,0.2,-1.18,33.81,📊,,,,,,,,,,
20260716,2026-07-17T00:02:13.236108+00:00,BCS,21,21,49.2,13.0,20.7,23.0,0.73,1.17,-0.63,28.41,🔥,,,,,,,,,,
20260716,2026-07-17T00:02:13.236108+00:00,ROKU,22,22,48.2,12.0,21.9,4.0,1.77,1.46,0.0,143.82,📊,,,,,,,,,,
20260716,2026-07-17T00:02:13.236108+00:00,EXEL,23,23,48.2,9.0,15.0,76.2,1.18,1.53,-2.49,57.1,📊,,,,,,,,,,
20260716,2026-07-17T00:02:13.236108+00:00,ILMN,24,24,47.9,6.0,18.7,75.4,1.25,3.44,-2.1,194.33,📊,,,,,,,,,,
20260716,2026-07-17T00:02:13.236108+00:00,CX,25,25,47.2,13.0,13.9,18.3,0.93,-0.31,-3.09,13.52,⏳,,,,,,,,,,
20260716,2026-07-17T00:02:13.236108+00:00,XPO,26,26,47.1,22.0,20.4,1.6,0.88,-0.34,-3.98,228.37,⏳,,,,,,,,,,
20260716,2026-07-17T00:02:13.236108+00:00,DOC,27,27,46.7,9.0,13.8,69.8,0.74,1.51,1.82,21.93,📊,,,,,,,,,,
20260716,2026-07-17T00:02:13.236108+00:00,HWM,28,28,46.6,22.0,21.3,0.8,1.46,-0.09,-4.25,283.23,⏳,,,,,,,,,,
20260716,2026-07-17T00:02:13.236108+00:00,FTNT,29,29,46.4,6.0,17.0,73.8,0.99,2.44,-3.63,166.83,📊,,,,,,,,,,
20260716,2026-07-17T00:02:13.236108+00:00,ING,30,30,45.8,13.0,17.0,17.5,1.24,0.68,-1.44,33.31,📊,,,,,,,,,,
20260716,2026-07-17T00:02:13.236108+00:00,BTSG,31,31,45.4,9.0,22.5,19.0,1.76,3.18,-4.78,71.58,⏳,,,,,,,,,,
20260716,2026-07-17T00:02:13.236108+00:00,SAN,32,32,44.9,13.0,19.6,9.5,0.98,0.81,-5.22,14.37,⏳,,,,,,,,,,
20260716,2026-07-17T00:02:13.236108+00:00,LLY,33,33,44.1,7.0,13.9,62.7,0.97,1.49,-5.37,1235.56,📊,,,,,,,,,,
20260716,2026-07-17T00:02:13.236108+00:00,ODFL,34,34,44.1,15.0,24.0,0.8,0.9,0.09,-4.66,248.73,⏳,,,,,,,,,,
20260716,2026-07-17T00:02:13.236108+00:00,CRWD,35,35,43.9,7.0,19.1,72.2,0.81,2.61,2.2,199.38,📊,,,,,,,,,,
20260716,2026-07-17T00:02:13.236108+00:00,MNST,36,36,43.5,8.0,12.1,33.3,1.18,1.79,2.36,97.64,📊,,,,,,,,,,
20260716,2026-07-17T00:02:13.236108+00:00,IBKR,37,37,43.5,10.0,17.0,27.8,0.93,1.33,-5.34,97.41,⏳,,,,,,,,,,
20260716,2026-07-17T00:02:13.236108+00:00,CROX,38,38,43.5,6.0,12.0,43.7,0.91,1.44,4.62,132.78,📊,,,,,,,,,,
20260716,2026-07-17T00:02:13.236108+00:00,MGA,39,39,41.6,22.0,24.0,7.9,0.86,-0.01,-0.87,68.15,🔥,,,,,,,,,,
20260716,2026-07-17T00:02:13.236108+00:00,SIRI,40,40,41.5,12.0,17.3,73.0,0.81,0.9,0.0,31.22,📊,,,,,,,,,,
20260716,2026-07-17T00:02:13.236108+00:00,AM,41,41,41.4,21.0,12.7,26.2,1.04,-0.76,-2.17,23.36,📊,,,,,,,,,,
20260716,2026-07-17T00:02:13.236108+00:00,OKE,42,42,41.2,22.0,15.1,31.0,0.92,-0.38,-2.35,95.24,📊,,,,,,,,,,
20260716,2026-07-17T00:02:13.236108+00:00,PFG,43,43,40.8,11.0,13.1,37.3,1.28,1.1,-0.43,113.61,📊,,,,,,,,,,
20260716,2026-07-17T00:02:13.236108+00:00,CSX,44,44,40.7,11.0,10.8,66.7,0.97,0.51,2.52,49.64,📊,,,,,,,,,,
20260716,2026-07-17T00:02:13.236108+00:00,PAA,45,45,40.6,19.0,14.8,96.0,0.74,-0.41,-1.66,24.15,📊,,,,,,,,,,
20260716,2026-07-17T00:02:13.236108+00:00,NBIX,46,46,40.3,9.0,14.5,73.8,1.03,1.39,-4.98,180.55,📊,,,,,,,,,,
20260716,2026-07-17T00:02:13.236108+00:00,VTRS,47,47,40.0,10.0,11.3,40.5,0.99,-0.23,0.0,17.33,📊,,,,,,,,,,
20260717,2026-07-18T00:05:00.614978+00:00,UNH,1,1,76.3,6.0,8.7,7.1,0.85,1.04,-1.29,431.68,🔥,,,,,,,,,,
20260717,2026-07-18T00:05:00.614978+00:00,TKR,2,2,69.7,6.0,9.3,4.0,0.99,0.17,-5.19,145.32,⏳,,,,,,,,,,
20260717,2026-07-18T00:05:00.614978+00:00,MGM,3,3,68.6,6.0,7.2,7.1,0.61,-0.68,-7.16,49.69,⏳,,,,,,,,,,
20260717,2026-07-18T00:05:00.614978+00:00,TVTX,4,4,68.4,6.0,22.4,0.0,0.85,3.66,-3.93,59.03,⏳,,,,,,,,,,
20260717,2026-07-18T00:05:00.614978+00:00,SNDR,5,5,67.9,7.0,9.5,4.0,0.88,0.03,-1.21,38.66,🔥,,,,,,,,,,
20260717,2026-07-18T00:05:00.614978+00:00,AMX,6,6,65.7,15.0,10.5,0.8,0.83,-0.71,-4.2,27.42,⏳,,,,,,,,,,
20260717,2026-07-18T00:05:00.614978+00:00,CNC,7,7,65.6,9.0,16.7,5.6,0.82,1.86,-3.32,68.72,⏳,,,,,,,,,,
20260717,2026-07-18T00:05:00.614978+00:00,VIK,8,8,59.6,7.0,15.7,7.1,0.78,1.88,-7.54,104.95,⏳,,,,,,,,,,
20260717,2026-07-18T00:05:00.614978+00:00,BRKR,9,9,58.8,7.0,13.5,0.0,0.88,0.82,-7.05,62.65,⏳,,,,,,,,,,
20260717,2026-07-18T00:05:00.614978+00:00,OUT,10,10,57.9,11.0,10.8,14.3,1.24,0.22,-1.77,33.81,📊,,,,,,,,,,
20260717,2026-07-18T00:05:00.614978+00:00,MNST,11,11,56.9,9.0,14.1,23.0,1.25,1.73,-2.44,99.94,📊,,,,,,,,,,
20260717,2026-07-18T00:05:00.614978+00:00,HST,12,12,56.1,6.0,6.0,24.6,1.13,-0.55,-1.08,24.2,📊,,,,,,,,,,
20260717,2026-07-18T00:05:00.614978+00:00,SN,13,13,55.5,7.0,23.5,16.7,0.78,4.66,0.0,154.53,🔥,,,,,,,,,,
20260717,2026-07-18T00:05:00.614978+00:00,BCS,14,14,54.4,14.0,20.7,20.6,0.74,0.92,-2.08,28.41,🔥,,,,,,,,,,
20260717,2026-07-18T00:05:00.614978+00:00,CVS,15,15,54.1,9.0,15.7,9.5,1.04,1.7,1.21,106.18,📊,,,,,,,,,,
20260717,2026-07-18T00:05:00.614978+00:00,EBAY,16,16,54.0,10.0,11.5,28.6,0.61,0.03,-5.54,118.63,⏳,,,,,,,,,,
20260717,2026-07-18T00:05:00.614978+00:00,KNX,17,17,53.7,7.0,11.4,0.0,0.95,-0.67,-7.0,82.45,⏳,,,,,,,,,,
20260717,2026-07-18T00:05:00.614978+00:00,BTSG,18,18,53.6,9.0,21.5,11.1,1.8,3.11,-1.24,71.58,📊,,,,,,,,,,
20260717,2026-07-18T00:05:00.614978+00:00,ARMK,19,19,53.1,7.0,9.2,58.7,0.95,1.3,-2.42,58.15,📊,,,,,,,,,,
20260717,2026-07-18T00:05:00.614978+00:00,UBS,20,20,52.5,8.0,15.1,50.0,0.7,1.74,-4.25,55.07,📊,,,,,,,,,,
20260717,2026-07-18T00:05:00.614978+00:00,BEN,21,21,52.1,10.0,12.7,15.1,0.99,0.96,-5.26,34.44,⏳,,,,,,,,,,
20260717,2026-07-18T00:05:00.614978+00:00,VSXY,22,22,50.5,6.0,17.4,12.7,0.76,0.87,-7.97,88.5,⏳,,,,,,,,,,
20260717,2026-07-18T00:05:00.614978+00:00,WSM,23,23,49.6,7.0,15.8,27.0,0.99,1.63,-4.9,240.17,⏳,,,,,,,,,,
20260717,2026-07-18T00:05:00.614978+00:00,LQDA,24,24,49.4,6.0,24.1,13.5,1.46,4.05,-1.85,81.45,📊,,,,,,,,,,
20260717,2026-07-18T00:05:00.614978+00:00,ING,25,25,48.7,14.0,17.6,15.9,1.17,0.59,-2.94,33.31,📊,,,,,,,,,,
20260717,2026-07-18T00:05:00.614978+00:00,LUV,26,26,48.5,8.0,24.1,7.1,0.9,3.47,-7.7,52.09,⏳,,,,,,,,,,
20260717,2026-07-18T00:05:00.614978+00:00,SIRI,27,27,48.4,12.0,17.3,69.0,0.79,0.89,-2.02,31.22,📊,,,,,,,,,,
20260717,2026-07-18T00:05:00.614978+00:00,FTNT,28,28,47.9,6.0,17.0,65.9,0.96,2.45,-3.13,166.83,📊,,,,,,,,,,
20260717,2026-07-18T00:05:00.614978+00:00,HWM,29,29,47.2,22.0,21.3,0.0,1.43,-0.11,-3.81,283.23,⏳,,,,,,,,,,
20260717,2026-07-18T00:05:00.614978+00:00,CROX,30,30,46.0,6.0,12.0,47.6,0.91,1.55,3.28,132.78,📊,,,,,,,,,,
20260717,2026-07-18T00:05:00.614978+00:00,DOC,31,31,45.1,9.0,13.8,65.1,0.76,1.63,2.64,21.93,📊,,,,,,,,,,
20260717,2026-07-18T00:05:00.614978+00:00,MO,32,32,45.0,22.0,15.8,15.1,0.92,-0.01,0.22,74.05,📊,,,,,,,,,,
20260717,2026-07-18T00:05:00.614978+00:00,RAL,33,33,44.8,9.0,20.5,21.4,1.1,2.19,-4.7,73.63,⏳,,,,,,,,,,
20260717,2026-07-18T00:05:00.614978+00:00,SAN,34,34,44.7,14.0,19.6,7.1,0.94,0.61,-5.71,14.37,⏳,,,,,,,,,,
20260717,2026-07-18T00:05:00.614978+00:00,ROKU,35,35,44.7,12.0,21.8,8.7,1.57,1.42,0.54,143.66,📊,,,,,,,,,,
20260717,2026-07-18T00:05:00.614978+00:00,PAGP,36,36,44.2,19.0,14.1,74.6,0.64,-0.42,-1.31,25.95,📊,,,,,,,,,,
20260717,2026-07-18T00:05:00.614978+00:00,BBVA,37,37,43.7,34.0,25.0,5.6,0.76,-0.05,-3.83,26.14,⏳,,,,,,,,,,
20260717,2026-07-18T00:05:00.614978+00:00,XPO,38,38,43.6,22.0,20.4,2.4,0.85,-0.33,-5.85,228.37,⏳,,,,,,,,,,
20260717,2026-07-18T00:05:00.614978+00:00,LLY,39,39,43.5,6.0,11.1,58.7,0.98,0.89,-4.57,1235.56,📊,,,,,,,,,,
20260717,2026-07-18T00:05:00.614978+00:00,CRWD,40,40,43.3,8.0,23.5,70.6,0.82,2.67,-3.63,210.73,📊,,,,,,,,,,
20260717,2026-07-18T00:05:00.614978+00:00,CSX,41,41,42.5,11.0,11.3,65.9,0.98,0.63,1.66,49.92,📊,,,,,,,,,,
20260717,2026-07-18T00:05:00.614978+00:00,GKOS,42,42,42.5,6.0,22.4,41.3,0.88,5.28,-0.01,156.84,📊,,,,,,,,,,
20260717,2026-07-18T00:05:00.614978+00:00,CX,43,43,42.2,14.0,13.9,24.6,0.94,-0.29,-4.05,13.52,⏳,,,,,,,,,,
20260717,2026-07-18T00:05:00.614978+00:00,SWK,44,44,41.7,12.0,22.3,30.2,0.84,1.52,-4.2,94.12,📊,,,,,,,,,,
20260717,2026-07-18T00:05:00.614978+00:00,BROS,45,45,41.3,7.0,24.3,32.5,0.78,3.04,-6.75,73.31,📊,,,,,,,,,,
20260717,2026-07-18T00:05:00.614978+00:00,ODFL,46,46,41.2,15.0,24.0,4.0,0.85,0.13,-5.99,248.73,⏳,,,,,,,,,,
20260717,2026-07-18T00:05:00.614978+00:00,ILMN,47,47,41.2,7.0,18.7,69.0,1.24,3.38,-3.95,194.33,📊,,,,,,,,,,
20260717,2026-07-18T00:05:00.614978+00:00,PAA,48,48,41.0,19.0,14.8,96.8,0.72,-0.4,-1.16,24.15,📊,,,,,,,,,,
20260717,2026-07-18T00:05:00.614978+00:00,VTRS,49,49,40.6,10.0,11.3,44.4,0.99,-0.19,-0.23,17.33,📊,,,,,,,,,,
20260717,2026-07-18T00:05:00.614978+00:00,OKE,50,50,40.2,22.0,14.6,32.5,0.94,-0.38,-1.81,95.24,📊,,,,,,,,,,
20260720,2026-07-21T00:02:05.258651+00:00,UNH,1,1,78.8,6.0,8.0,5.6,0.8,0.84,-2.35,431.68,🔥,,,,,,,,,,
20260720,2026-07-21T00:02:05.258651+00:00,CNC,2,2,69.2,9.0,16.7,0.0,0.74,1.85,-4.19,68.72,⏳,,,,,,,,,,
20260720,2026-07-21T00:02:05.258651+00:00,MGM,3,3,69.1,6.0,7.2,9.5,0.58,-0.74,-6.74,49.69,⏳,,,,,,,,,,
20260720,2026-07-21T00:02:05.258651+00:00,MGA,4,4,67.1,8.0,8.0,13.5,0.87,-0.22,-3.07,68.15,⏳,,,,,,,,,,
20260720,2026-07-21T00:02:05.258651+00:00,SNDR,5,5,65.6,7.0,9.5,4.8,0.93,-0.02,-3.07,38.66,⏳,,,,,,,,,,
20260720,2026-07-21T00:02:05.258651+00:00,AMX,6,6,64.5,15.0,10.5,0.8,0.84,-0.68,-4.82,27.42,⏳,,,,,,,,,,
20260720,2026-07-21T00:02:05.258651+00:00,TVTX,7,7,64.1,6.0,22.4,0.0,0.69,2.99,-6.03,59.03,⏳,,,,,,,,,,
20260720,2026-07-21T00:02:05.258651+00:00,SN,8,8,63.4,7.0,23.5,15.9,0.74,4.45,-1.1,154.53,🔥,,,,,,,,,,
20260720,2026-07-21T00:02:05.258651+00:00,BTSG,9,9,61.9,9.0,21.5,4.8,1.67,3.01,-1.51,71.58,📊,,,,,,,,,,
20260720,2026-07-21T00:02:05.258651+00:00,EBAY,10,10,60.6,10.0,11.5,24.6,0.56,0.05,-3.74,118.63,⏳,,,,,,,,,,
20260720,2026-07-21T00:02:05.258651+00:00,CVS,11,11,59.6,9.0,15.7,4.8,0.91,1.7,1.35,106.18,📊,,,,,,,,,,
20260720,2026-07-21T00:02:05.258651+00:00,VIK,12,12,59.1,7.0,15.7,7.1,0.76,1.77,-7.67,104.95,⏳,,,,,,,,,,
20260720,2026-07-21T00:02:05.258651+00:00,LUV,13,13,58.7,8.0,22.1,6.3,0.85,3.18,-7.2,52.09,⏳,,,,,,,,,,
20260720,2026-07-21T00:02:05.258651+00:00,TKR,14,14,58.4,6.0,9.3,6.3,0.92,-0.12,-7.53,145.32,⏳,,,,,,,,,,
20260720,2026-07-21T00:02:05.258651+00:00,AM,15,15,58.3,21.0,12.7,9.5,0.89,-0.79,-3.24,23.36,⏳,,,,,,,,,,
20260720,2026-07-21T00:02:05.258651+00:00,VSXY,16,16,57.1,6.0,16.1,20.6,0.76,0.84,-1.23,88.5,🔥,,,,,,,,,,
20260720,2026-07-21T00:02:05.258651+00:00,HST,17,17,56.8,6.0,6.0,23.8,1.07,-0.53,-0.59,24.2,📊,,,,,,,,,,
20260720,2026-07-21T00:02:05.258651+00:00,OSCR,18,18,55.7,6.0,23.8,0.0,0.76,2.22,-8.02,32.18,⏳,,,,,,,,,,
20260720,2026-07-21T00:02:05.258651+00:00,MNST,19,19,54.7,9.0,14.1,11.9,1.15,1.7,-4.49,99.94,⏳,,,,,,,,,,
20260720,2026-07-21T00:02:05.258651+00:00,OUT,20,20,54.4,11.0,10.2,11.1,1.1,0.23,-3.4,33.81,⏳,,,,,,,,,,
20260720,2026-07-21T00:02:05.258651+00:00,ARMK,21,21,53.9,7.0,9.2,48.4,0.94,1.26,-2.96,58.15,📊,,,,,,,,,,
20260720,2026-07-21T00:02:05.258651+00:00,EPD,22,22,53.7,19.0,9.4,45.2,0.66,-0.78,-2.56,39.8,📊,,,,,,,,,,
20260720,2026-07-21T00:02:05.258651+00:00,KNX,23,23,53.7,7.0,11.4,0.0,0.88,-0.79,-8.25,82.45,⏳,,,,,,,,,,
20260720,2026-07-21T00:02:05.258651+00:00,LQDA,24,24,52.7,6.0,24.1,5.6,0.96,3.5,-5.37,81.45,⏳,,,,,,,,,,
20260720,2026-07-21T00:02:05.258651+00:00,ING,25,25,52.2,14.0,17.0,12.7,1.06,0.61,-3.33,33.31,⏳,,,,,,,,,,
20260720,2026-07-21T00:02:05.258651+00:00,BEN,26,26,52.1,10.0,12.7,15.9,0.91,0.96,-6.42,34.44,⏳,,,,,,,,,,
20260720,2026-07-21T00:02:05.258651+00:00,AMRX,27,27,51.4,6.0,24.0,8.7,1.35,2.99,-2.99,18.04,📊,,,,,,,,,,
20260720,2026-07-21T00:02:05.258651+00:00,BCS,28,28,51.3,14.0,20.7,12.7,0.76,1.0,-4.12,28.41,⏳,,,,,,,,,,
20260720,2026-07-21T00:02:05.258651+00:00,BRKR,29,29,51.2,7.0,13.5,0.8,0.88,0.5,-10.34,62.65,📊,,,,,,,,,,
20260720,2026-07-21T00:02:05.258651+00:00,RAL,30,30,51.1,9.0,20.5,19.0,1.07,2.26,-5.23,73.63,⏳,,,,,,,,,,
20260720,2026-07-21T00:02:05.258651+00:00,FTNT,31,31,50.3,7.0,17.3,51.6,0.82,2.44,-3.88,166.83,📊,,,,,,,,,,
20260720,2026-07-21T00:02:05.258651+00:00,CROX,32,32,50.3,7.0,13.0,48.4,0.88,1.76,1.51,133.37,📊,,,,,,,,,,
20260720,2026-07-21T00:02:05.258651+00:00,SIRI,33,33,49.0,12.0,17.3,67.5,0.75,0.98,-1.99,31.22,📊,,,,,,,,,,
20260720,2026-07-21T00:02:05.258651+00:00,DOC,34,34,48.9,9.0,13.8,53.2,0.72,1.7,1.64,21.93,📊,,,,,,,,,,
20260720,2026-07-21T00:02:05.258651+00:00,UBS,35,35,47.7,8.0,15.1,49.2,0.7,1.74,-6.48,55.07,📊,,,,,,,,,,
20260720,2026-07-21T00:02:05.258651+00:00,MO,36,36,47.6,22.0,15.8,11.9,0.84,-0.01,0.82,74.05,📊,,,,,,,,,,
20260720,2026-07-21T00:02:05.258651+00:00,CSX,37,37,47.3,11.0,11.3,57.1,0.92,0.69,0.38,49.92,📊,,,,,,,,,,
20260720,2026-07-21T00:02:05.258651+00:00,HWM,38,38,47.2,22.0,21.3,0.0,1.35,-0.13,-3.97,283.23,⏳,,,,,,,,,,
20260720,2026-07-21T00:02:05.258651+00:00,GKOS,39,39,46.5,6.0,22.2,36.5,0.85,4.9,-0.88,156.84,📊,,,,,,,,,,
20260720,2026-07-21T00:02:05.258651+00:00,ATI,40,40,46.2,7.0,14.2,19.8,0.88,0.44,-8.75,204.09,⏳,,,,,,,,,,
20260720,2026-07-21T00:02:05.258651+00:00,VTRS,41,41,45.6,10.0,11.3,40.5,0.9,-0.14,-1.96,17.33,📊,,,,,,,,,,
20260720,2026-07-21T00:02:05.258651+00:00,ROKU,42,42,45.5,13.0,22.5,8.7,1.12,1.47,-0.21,144.43,📊,,,,,,,,,,
20260720,2026-07-21T00:02:05.258651+00:00,BBVA,43,43,44.7,34.0,25.0,4.8,0.73,-0.05,-3.9,26.14,⏳,,,,,,,,,,
20260720,2026-07-21T00:02:05.258651+00:00,NTRS,44,44,44.7,12.0,16.7,80.2,0.86,0.88,-4.37,191.13,📊,,,,,,,,,,
20260720,2026-07-21T00:02:05.258651+00:00,OKE,45,45,43.7,22.0,14.6,31.0,0.83,-0.38,-1.76,95.24,📊,,,,,,,,,,
20260720,2026-07-21T00:02:05.258651+00:00,PAGP,46,46,43.0,19.0,14.1,81.0,0.63,-0.4,-0.08,25.95,📊,,,,,,,,,,
20260720,2026-07-21T00:02:05.258651+00:00,EOG,47,47,42.7,15.0,11.0,40.5,0.89,-0.68,-1.5,143.24,📊,,,,,,,,,,
20260720,2026-07-21T00:02:05.258651+00:00,VLY,48,48,42.1,30.0,24.5,1.6,1.02,0.4,-3.42,15.19,⏳,,,,,,,,,,
20260720,2026-07-21T00:02:05.258651+00:00,CFG,49,49,41.7,15.0,19.2,11.1,1.17,0.26,-3.9,74.4,⏳,,,,,,,,,,
20260720,2026-07-21T00:02:05.258651+00:00,IBKR,50,50,41.6,11.0,18.5,28.6,0.89,1.29,-5.88,97.41,⏳,,,,,,,,,,
20260720,2026-07-21T00:02:05.258651+00:00,PAA,51,51,41.5,19.0,15.0,97.6,0.6,-0.34,0.66,24.15,📊,,,,,,,,,,
20260720,2026-07-21T00:02:05.258651+00:00,SAN,52,52,41.3,14.0,19.6,8.7,0.92,0.66,-7.31,14.37,⏳,,,,,,,,,,
20260720,2026-07-21T00:02:05.258651+00:00,EIX,53,53,41.3,21.0,12.4,63.5,0.82,-0.48,0.74,76.68,📊,,,,,,,,,,
20260720,2026-07-21T00:02:05.258651+00:00,ALKS,54,54,41.3,6.0,23.1,23.8,1.01,4.34,-6.34,55.22,⏳,,,,,,,,,,
20260720,2026-07-21T00:02:05.258651+00:00,XPO,55,55,41.1,22.0,20.4,2.4,0.78,-0.34,-7.78,228.37,⏳,,,,,,,,,,
20260720,2026-07-21T00:02:05.258651+00:00,IVZ,56,56,41.0,11.0,15.2,92.9,0.95,0.4,-2.11,30.3,📊,,,,,,,,,,
20260720,2026-07-21T00:02:05.258651+00:00,VOYA,57,57,41.0,12.0,22.0,64.3,0.86,1.86,-1.97,100.59,📊,,,,,,,,,,
20260720,2026-07-21T00:02:05.258651+00:00,CUZ,58,58,40.9,12.0,22.3,65.1,0.73,1.83,0.73,31.32,📊,,,,,,,,,,
20260720,2026-07-21T00:02:05.258651+00:00,CRWD,59,59,40.7,8.0,23.5,66.7,0.76,2.7,-5.81,210.73,📊,,,,,,,,,,
20260720,2026-07-21T00:02:05.258651+00:00,PFG,60,60,40.7,11.0,13.4,44.4,1.19,1.18,-1.66,113.95,📊,,,,,,,,,,
20260720,2026-07-21T00:02:05.258651+00:00,AEG,61,61,40.3,13.0,14.8,71.4,0.98,0.62,-0.33,9.08,📊,,,,,,,,,,
20260721,2026-07-22T00:02:24.860889+00:00,TVTX,1,1,74.5,6.0,20.8,0.0,0.68,2.38,-4.15,59.03,⏳,,,,,,,,,,
20260721,2026-07-22T00:02:24.860889+00:00,UNH,2,2,72.3,6.0,8.4,5.6,0.8,0.84,0.0,436.35,🔥,,,,,,,,,,
20260721,2026-07-22T00:02:24.860889+00:00,TKR,3,3,72.3,6.0,8.9,5.6,0.89,-0.27,-4.27,145.32,⏳,,,,,,,,,,
20260721,2026-07-22T00:02:24.860889+00:00,CNC,4,4,68.9,10.0,18.6,0.0,0.73,1.88,-1.64,68.72,🔥,,,,,,,,,,
20260721,2026-07-22T00:02:24.860889+00:00,OSCR,5,5,68.4,6.0,15.4,0.0,0.75,1.54,-4.38,32.18,⏳,,,,,,,,,,
20260721,2026-07-22T00:02:24.860889+00:00,SNDR,6,6,64.6,7.0,9.5,7.1,0.91,-0.05,-0.72,38.66,🔥,,,,,,,,,,
20260721,2026-07-22T00:02:24.860889+00:00,VIK,7,7,64.1,7.0,15.7,7.9,0.7,1.67,-5.41,104.95,⏳,,,,,,,,,,
20260721,2026-07-22T00:02:24.860889+00:00,BRKR,8,8,63.8,7.0,13.5,0.0,0.88,0.58,-3.54,62.65,⏳,,,,,,,,,,
20260721,2026-07-22T00:02:24.860889+00:00,MGA,9,9,62.9,8.0,8.0,21.4,0.86,-0.21,-0.41,68.15,🔥,,,,,,,,,,
20260721,2026-07-22T00:02:24.860889+00:00,MGM,10,10,62.7,6.0,8.1,15.1,0.57,-0.83,-8.09,49.69,⏳,,,,,,,,,,
20260721,2026-07-22T00:02:24.860889+00:00,LUV,11,11,61.3,8.0,21.9,5.6,0.83,3.02,-6.53,52.09,⏳,,,,,,,,,,
20260721,2026-07-22T00:02:24.860889+00:00,LQDA,12,12,59.3,6.0,21.5,9.5,0.9,3.07,-0.69,81.45,🔥,,,,,,,,,,
20260721,2026-07-22T00:02:24.860889+00:00,HR,13,13,57.4,10.0,8.9,30.2,0.91,0.33,0.85,21.29,📊,,,,,,,,,,
20260721,2026-07-22T00:02:24.860889+00:00,SN,14,14,56.8,7.0,23.5,13.5,0.77,4.19,-4.34,154.53,⏳,,,,,,,,,,
20260721,2026-07-22T00:02:24.860889+00:00,KNX,15,15,56.4,7.0,11.4,0.8,0.86,-0.87,-6.96,82.45,⏳,,,,,,,,,,
20260721,2026-07-22T00:02:24.860889+00:00,ATI,16,16,55.1,7.0,13.0,11.1,0.89,0.28,-3.37,204.09,⏳,,,,,,,,,,
20260721,2026-07-22T00:02:24.860889+00:00,GKOS,17,17,54.3,6.0,22.2,23.0,0.83,4.95,-2.39,156.84,🔥,,,,,,,,,,
20260721,2026-07-22T00:02:24.860889+00:00,AMRX,18,18,54.3,6.0,24.3,2.4,1.35,2.65,0.0,18.1,📊,,,,,,,,,,
20260721,2026-07-22T00:02:24.860889+00:00,ARMK,19,19,54.0,7.0,9.2,36.5,0.95,1.15,-3.51,58.15,📊,,,,,,,,,,
20260721,2026-07-22T00:02:24.860889+00:00,BEN,20,20,53.0,10.0,12.7,18.3,0.9,0.91,-5.26,34.44,⏳,,,,,,,,,,
20260721,2026-07-22T00:02:24.860889+00:00,MNST,21,21,52.6,10.0,14.1,9.5,1.15,1.52,-5.48,99.94,⏳,,,,,,,,,,
20260721,2026-07-22T00:02:24.860889+00:00,HST,22,22,52.5,6.0,6.0,31.7,1.06,-0.18,0.98,24.2,📊,,,,,,,,,,
20260721,2026-07-22T00:02:24.860889+00:00,CVS,23,23,52.2,9.0,16.0,9.5,0.9,1.7,3.85,106.5,📊,,,,,,,,,,
20260721,2026-07-22T00:02:24.860889+00:00,CROX,24,24,52.2,7.0,15.9,48.4,0.85,1.69,-2.61,138.91,📊,,,,,,,,,,
20260721,2026-07-22T00:02:24.860889+00:00,BCS,25,25,51.7,14.0,20.7,15.9,0.77,1.05,-1.69,28.41,🔥,,,,,,,,,,
20260721,2026-07-22T00:02:24.860889+00:00,AVT,26,26,51.0,10.0,12.3,31.0,0.84,0.11,-3.31,92.93,📊,,,,,,,,,,
20260721,2026-07-22T00:02:24.860889+00:00,ALKS,27,27,50.8,6.0,23.1,16.7,0.95,4.1,-4.29,55.22,⏳,,,,,,,,,,
20260721,2026-07-22T00:02:24.860889+00:00,UBS,28,28,50.7,10.0,18.6,50.8,0.68,1.67,-4.98,55.07,📊,,,,,,,,,,
20260721,2026-07-22T00:02:24.860889+00:00,SIRI,29,29,50.6,12.0,17.3,62.7,0.71,1.11,-2.98,31.22,📊,,,,,,,,,,
20260721,2026-07-22T00:02:24.860889+00:00,LLY,30,30,50.5,8.0,13.9,46.8,0.92,1.39,-4.87,1235.56,📊,,,,,,,,,,
20260721,2026-07-22T00:02:24.860889+00:00,VSXY,31,31,50.2,6.0,16.1,31.7,0.78,0.9,-1.59,88.5,📊,,,,,,,,,,
20260721,2026-07-22T00:02:24.860889+00:00,BTSG,32,32,50.0,10.0,24.4,7.9,1.69,3.14,0.0,72.56,📊,,,,,,,,,,
20260721,2026-07-22T00:02:24.860889+00:00,RAL,33,33,49.7,9.0,20.5,17.5,1.07,2.22,-3.57,73.63,⏳,,,,,,,,,,
20260721,2026-07-22T00:02:24.860889+00:00,DOC,34,34,48.8,10.0,16.7,42.9,0.71,1.69,0.0,22.6,📊,,,,,,,,,,
20260721,2026-07-22T00:02:24.860889+00:00,IBKR,35,35,48.7,11.0,17.5,24.6,0.9,1.25,-3.07,97.41,⏳,,,,,,,,,,
20260721,2026-07-22T00:02:24.860889+00:00,ROKU,36,36,48.5,13.0,22.3,7.9,1.0,1.44,-0.11,144.43,📊,,,,,,,,,,
20260721,2026-07-22T00:02:24.860889+00:00,EXEL,37,37,47.9,10.0,15.7,46.0,1.04,1.52,-1.72,57.1,📊,,,,,,,,,,
20260721,2026-07-22T00:02:24.860889+00:00,BBVA,38,38,46.9,35.0,25.0,5.6,0.7,-0.01,-1.84,26.14,🔥,,,,,,,,,,
20260721,2026-07-22T00:02:24.860889+00:00,SAN,39,39,46.4,14.0,19.6,8.7,0.93,0.71,-5.01,14.37,⏳,,,,,,,,,,
20260721,2026-07-22T00:02:24.860889+00:00,FTNT,40,40,45.6,7.0,17.0,41.3,0.83,2.12,-5.23,166.83,📊,,,,,,,,,,
20260721,2026-07-22T00:02:24.860889+00:00,ING,41,41,45.6,14.0,17.0,19.0,1.02,0.65,-0.6,33.31,📊,,,,,,,,,,
20260721,2026-07-22T00:02:24.860889+00:00,CSX,42,42,45.5,12.0,13.0,51.6,0.94,0.67,-1.97,50.89,📊,,,,,,,,,,
20260721,2026-07-22T00:02:24.860889+00:00,MAC,43,43,45.5,14.0,18.8,19.8,1.02,1.14,-1.04,25.92,📊,,,,,,,,,,
20260721,2026-07-22T00:02:24.860889+00:00,NTRS,44,44,45.3,13.0,17.2,79.4,0.85,0.77,-3.18,191.13,📊,,,,,,,,,,
20260721,2026-07-22T00:02:24.860889+00:00,LTH,45,45,45.3,6.0,23.9,31.7,1.15,4.99,-1.31,42.84,📊,,,,,,,,,,
20260721,2026-07-22T00:02:24.860889+00:00,XPO,46,46,45.0,22.0,20.4,4.0,0.75,-0.34,-5.98,228.37,⏳,,,,,,,,,,
20260721,2026-07-22T00:02:24.860889+00:00,FITB,47,47,44.9,15.0,21.2,9.5,1.01,0.67,-2.88,59.37,📊,,,,,,,,,,
20260721,2026-07-22T00:02:24.860889+00:00,HWM,48,48,43.7,22.0,21.3,0.0,1.32,-0.14,-1.49,283.23,📊,,,,,,,,,,
20260721,2026-07-22T00:02:24.860889+00:00,ILMN,49,49,43.7,7.0,18.7,37.3,1.15,3.21,-0.93,194.33,📊,,,,,,,,,,
20260721,2026-07-22T00:02:24.860889+00:00,AMD,50,50,43.4,8.0,22.1,23.0,0.75,1.04,-6.28,580.91,⏳,,,,,,,,,,
20260721,2026-07-22T00:02:24.860889+00:00,DDOG,51,51,43.4,8.0,20.5,25.4,0.73,1.88,-8.18,277.49,⏳,,,,,,,,,,
20260721,2026-07-22T00:02:24.860889+00:00,CUZ,52,52,43.3,12.0,23.1,57.9,0.72,1.96,-0.66,32.05,📊,,,,,,,,,,
20260721,2026-07-22T00:02:24.860889+00:00,VOYA,53,53,43.2,12.0,21.2,63.5,0.82,1.88,-2.33,100.59,📊,,,,,,,,,,
20260721,2026-07-22T00:02:24.860889+00:00,PAGP,54,54,43.0,19.0,14.2,82.5,0.64,-0.38,0.0,25.98,📊,,,,,,,,,,
20260721,2026-07-22T00:02:24.860889+00:00,CFG,55,55,42.9,15.0,18.8,9.5,1.18,0.3,-3.23,74.4,⏳,,,,,,,,,,
20260721,2026-07-22T00:02:24.860889+00:00,PAA,56,56,42.2,19.0,14.8,97.6,0.6,-0.33,0.58,24.15,📊,,,,,,,,,,
20260721,2026-07-22T00:02:24.860889+00:00,VTRS,57,57,41.9,10.0,11.3,39.7,0.87,-0.01,1.5,17.33,📊,,,,,,,,,,
20260721,2026-07-22T00:02:24.860889+00:00,VLY,58,58,41.8,30.0,24.5,0.0,1.06,0.39,-3.36,15.19,⏳,,,,,,,,,,
20260721,2026-07-22T00:02:24.860889+00:00,MET,59,59,41.6,12.0,18.0,84.1,0.93,1.4,-0.67,94.0,📊,,,,,,,,,,
20260721,2026-07-22T00:02:24.860889+00:00,SCCO,60,60,41.3,15.0,18.7,0.0,0.89,-0.76,-6.63,201.37,⏳,,,,,,,,,,
20260721,2026-07-22T00:02:24.860889+00:00,ODFL,61,61,41.3,16.0,24.5,7.9,0.77,0.16,-5.6,248.73,⏳,,,,,,,,,,
20260721,2026-07-22T00:02:24.860889+00:00,MS,62,62,41.2,7.0,9.6,40.5,1.03,0.4,-5.32,228.55,📊,,,,,,,,,,
20260721,2026-07-22T00:02:24.860889+00:00,EOG,63,63,40.9,15.0,11.1,59.5,0.88,-0.59,0.0,143.44,📊,,,,,,,,,,
20260722,2026-07-23T00:02:23.978045+00:00,UNH,1,1,78.1,6.0,8.4,0.0,0.79,0.84,-1.16,436.35,🔥,,,,,,,,,,
20260722,2026-07-23T00:02:23.978045+00:00,TVTX,2,2,72.2,6.0,20.8,0.0,0.66,1.8,-4.69,59.03,⏳,,,,,,,,,,
20260722,2026-07-23T00:02:23.978045+00:00,HUM,3,3,72.1,6.0,12.5,4.0,0.79,1.81,-2.89,409.42,🔥,,,,,,,,,,
20260722,2026-07-23T00:02:23.978045+00:00,TKR,4,4,71.0,7.0,9.3,5.6,0.86,0.39,-2.53,145.32,🔥,,,,,,,,,,
20260722,2026-07-23T00:02:23.978045+00:00,SN,5,5,68.1,6.0,17.0,4.8,0.78,2.7,-4.8,154.53,⏳,,,,,,,,,,
20260722,2026-07-23T00:02:23.978045+00:00,VIK,6,6,67.8,8.0,16.4,6.3,0.67,1.74,-4.38,104.95,⏳,,,,,,,,,,
20260722,2026-07-23T00:02:23.978045+00:00,CNC,7,7,66.9,10.0,18.0,0.0,0.74,1.79,-4.12,68.72,⏳,,,,,,,,,,
20260722,2026-07-23T00:02:23.978045+00:00,SNDR,8,8,65.9,8.0,10.6,7.9,0.88,0.45,-1.0,38.66,🔥,,,,,,,,,,
20260722,2026-07-23T00:02:23.978045+00:00,GKOS,9,9,63.3,6.0,21.9,5.6,0.83,4.54,-2.54,156.84,🔥,,,,,,,,,,
20260722,2026-07-23T00:02:23.978045+00:00,BRKR,10,10,62.1,7.0,13.5,0.0,0.86,0.61,-4.64,62.65,⏳,,,,,,,,,,
20260722,2026-07-23T00:02:23.978045+00:00,AMRX,11,11,61.9,6.0,18.8,1.6,1.33,1.99,-1.93,18.1,📊,,,,,,,,,,
20260722,2026-07-23T00:02:23.978045+00:00,ALKS,12,12,61.6,6.0,20.6,9.5,0.95,3.54,-4.78,55.22,⏳,,,,,,,,,,
20260722,2026-07-23T00:02:23.978045+00:00,MGA,13,13,61.0,8.0,8.0,23.0,0.89,-0.18,-0.84,68.15,🔥,,,,,,,,,,
20260722,2026-07-23T00:02:23.978045+00:00,ARMK,14,14,61.0,8.0,10.1,20.6,0.93,1.18,-2.61,58.15,🔥,,,,,,,,,,
20260722,2026-07-23T00:02:23.978045+00:00,IMVT,15,15,60.0,6.0,24.1,7.9,0.68,3.84,-4.96,41.09,⏳,,,,,,,,,,
20260722,2026-07-23T00:02:23.978045+00:00,DOC,16,16,59.4,10.0,16.7,23.0,0.71,1.73,-1.81,22.6,🔥,,,,,,,,,,
20260722,2026-07-23T00:02:23.978045+00:00,CVS,17,17,58.6,9.0,16.7,7.9,0.91,1.72,0.57,107.47,📊,,,,,,,,,,
20260722,2026-07-23T00:02:23.978045+00:00,AM,18,18,58.5,22.0,12.7,0.8,0.86,-0.69,-2.17,23.36,🔥,,,,,,,,,,
20260722,2026-07-23T00:02:23.978045+00:00,OSCR,19,19,58.4,6.0,15.4,0.8,0.73,1.26,-8.33,32.18,⏳,,,,,,,,,,
20260722,2026-07-23T00:02:23.978045+00:00,HR,20,20,58.4,11.0,9.9,30.2,0.9,0.35,-0.88,21.47,📊,,,,,,,,,,
20260722,2026-07-23T00:02:23.978045+00:00,MNST,21,21,56.5,10.0,14.1,6.3,1.14,1.5,-4.27,99.94,⏳,,,,,,,,,,
20260722,2026-07-23T00:02:23.978045+00:00,MGM,22,22,56.1,7.0,8.5,26.2,0.57,-0.69,-8.45,49.69,⏳,,,,,,,,,,
20260722,2026-07-23T00:02:23.978045+00:00,KNX,23,23,55.5,8.0,11.8,0.0,0.84,-0.33,-7.77,82.45,⏳,,,,,,,,,,
20260722,2026-07-23T00:02:23.978045+00:00,EXEL,24,24,54.9,10.0,15.0,14.3,1.02,1.43,-3.71,57.1,⏳,,,,,,,,,,
20260722,2026-07-23T00:02:23.978045+00:00,BTSG,25,25,54.1,10.0,24.1,0.8,1.71,3.07,-3.89,72.56,⏳,,,,,,,,,,
20260722,2026-07-23T00:02:23.978045+00:00,ATI,26,26,54.0,6.0,10.2,8.7,0.87,-1.09,-4.16,204.09,⏳,,,,,,,,,,
20260722,2026-07-23T00:02:23.978045+00:00,ILMN,27,27,53.7,7.0,18.7,18.3,1.12,3.24,-1.78,194.33,📊,,,,,,,,,,
20260722,2026-07-23T00:02:23.978045+00:00,RAL,28,28,53.4,9.0,20.5,16.7,1.05,2.18,-4.73,73.63,⏳,,,,,,,,,,
20260722,2026-07-23T00:02:23.978045+00:00,ROKU,29,29,53.2,13.0,22.3,4.8,0.92,1.42,-0.93,144.43,🔥,,,,,,,,,,
20260722,2026-07-23T00:02:23.978045+00:00,LTH,30,30,53.0,6.0,23.9,16.7,1.12,4.75,-1.82,42.84,📊,,,,,,,,,,
20260722,2026-07-23T00:02:23.978045+00:00,GGAL,31,31,52.5,6.0,13.0,0.8,0.84,-1.26,-5.55,56.37,⏳,,,,,,,,,,
20260722,2026-07-23T00:02:23.978045+00:00,ROIV,32,32,51.8,11.0,23.4,4.8,1.03,2.4,-5.16,36.81,⏳,,,,,,,,,,
20260722,2026-07-23T00:02:23.978045+00:00,MAC,33,33,51.7,14.0,18.8,9.5,1.01,1.19,-2.16,25.92,📊,,,,,,,,,,
20260722,2026-07-23T00:02:23.978045+00:00,CROX,34,34,51.6,8.0,16.5,48.4,0.81,1.83,-1.95,138.91,📊,,,,,,,,,,
20260722,2026-07-23T00:02:23.978045+00:00,BEN,35,35,51.5,10.0,12.7,19.8,0.87,0.86,-5.98,34.44,⏳,,,,,,,,,,
20260722,2026-07-23T00:02:23.978045+00:00,LUV,36,36,51.4,8.0,21.9,7.1,0.84,2.7,-8.5,52.09,⏳,,,,,,,,,,
20260722,2026-07-23T00:02:23.978045+00:00,UBS,37,37,51.3,10.0,18.6,49.2,0.69,1.68,-4.39,55.07,📊,,,,,,,,,,
20260722,2026-07-23T00:02:23.978045+00:00,AVT,38,38,50.4,10.0,12.3,32.5,0.84,0.1,-3.01,92.93,📊,,,,,,,,,,
20260722,2026-07-23T00:02:23.978045+00:00,BCS,39,39,49.6,14.0,20.7,19.8,0.78,1.14,-0.99,28.41,🔥,,,,,,,,,,
20260722,2026-07-23T00:02:23.978045+00:00,IBKR,40,40,48.8,11.0,17.0,23.0,0.89,1.21,-4.01,97.41,⏳,,,,,,,,,,
20260722,2026-07-23T00:02:23.978045+00:00,VSXY,41,41,48.5,7.0,17.4,36.5,0.8,1.22,-1.31,88.5,📊,,,,,,,,,,
20260722,2026-07-23T00:02:23.978045+00:00,HST,42,42,48.0,6.0,6.0,38.1,1.08,-0.21,1.23,24.2,📊,,,,,,,,,,
20260722,2026-07-23T00:02:23.978045+00:00,SWK,43,43,47.6,13.0,22.3,15.9,0.79,1.41,-5.17,94.12,⏳,,,,,,,,,,
20260722,2026-07-23T00:02:23.978045+00:00,FITB,44,44,47.5,15.0,21.1,5.6,1.0,0.71,-2.86,59.37,📊,,,,,,,,,,
20260722,2026-07-23T00:02:23.978045+00:00,MS,45,45,47.3,7.0,9.6,31.7,1.02,0.28,-4.4,228.55,📊,,,,,,,,,,
20260722,2026-07-23T00:02:23.978045+00:00,DDOG,46,46,46.7,8.0,20.5,8.7,0.74,1.7,-11.43,277.49,📊,,,,,,,,,,
20260722,2026-07-23T00:02:23.978045+00:00,SAN,47,47,46.6,14.0,19.6,7.1,1.01,0.76,-4.38,14.37,⏳,,,,,,,,,,
20260722,2026-07-23T00:02:23.978045+00:00,VTRS,48,48,46.5,10.0,12.6,38.1,0.88,0.13,-3.3,17.59,📊,,,,,,,,,,
20260722,2026-07-23T00:02:23.978045+00:00,SCCO,49,49,45.9,15.0,18.7,4.0,0.9,-0.7,-2.92,201.37,🔥,,,,,,,,,,
20260722,2026-07-23T00:02:23.978045+00:00,AMD,50,50,45.0,8.0,22.1,23.0,0.75,0.9,-4.92,580.91,⏳,,,,,,,,,,
20260722,2026-07-23T00:02:23.978045+00:00,CSX,51,51,44.9,12.0,13.0,43.7,0.96,0.72,-1.89,50.89,📊,,,,,,,,,,
20260722,2026-07-23T00:02:23.978045+00:00,XPO,52,52,44.9,23.0,20.4,3.2,0.73,-0.32,-6.45,228.37,⏳,,,,,,,,,,
20260722,2026-07-23T00:02:23.978045+00:00,BBVA,53,53,44.8,34.0,25.0,6.3,0.68,-0.03,0.34,26.14,📊,,,,,,,,,,
20260722,2026-07-23T00:02:23.978045+00:00,ING,54,54,44.6,14.0,17.0,23.0,0.95,0.69,0.0,33.33,📊,,,,,,,,,,
20260722,2026-07-23T00:02:23.978045+00:00,PNC,55,55,44.4,30.0,21.9,7.9,1.08,0.05,-0.27,253.18,📊,,,,,,,,,,
20260722,2026-07-23T00:02:23.978045+00:00,CFG,56,56,44.3,15.0,18.8,7.9,1.16,0.35,-2.63,74.4,📊,,,,,,,,,,
20260722,2026-07-23T00:02:23.978045+00:00,LLY,57,57,44.1,8.0,13.9,42.1,0.9,1.28,-5.87,1235.56,📊,,,,,,,,,,
20260722,2026-07-23T00:02:23.978045+00:00,VOYA,58,58,44.0,12.0,21.2,61.9,0.8,1.91,-2.06,100.59,📊,,,,,,,,,,
20260722,2026-07-23T00:02:23.978045+00:00,FTNT,59,59,43.9,7.0,17.0,34.9,0.81,2.0,-7.06,166.83,📊,,,,,,,,,,
20260722,2026-07-23T00:02:23.978045+00:00,NTAP,60,60,42.9,6.0,12.9,49.2,0.94,0.49,-4.59,174.55,📊,,,,,,,,,,
20260722,2026-07-23T00:02:23.978045+00:00,FDX,61,61,42.8,23.0,18.7,3.2,1.07,-0.17,-4.88,337.48,⏳,,,,,,,,,,
20260722,2026-07-23T00:02:23.978045+00:00,SIRI,62,62,42.4,13.0,17.3,54.0,0.69,0.87,-4.45,31.22,📊,,,,,,,,,,
20260722,2026-07-23T00:02:23.978045+00:00,HWM,63,63,42.3,22.0,21.3,2.4,1.28,-0.14,-0.89,283.23,📊,,,,,,,,,,
20260722,2026-07-23T00:02:23.978045+00:00,RYCEY,64,64,42.1,11.0,24.1,13.5,0.98,1.71,-5.72,20.1,⏳,,,,,,,,,,
20260722,2026-07-23T00:02:23.978045+00:00,HPE,65,65,42.1,6.0,16.8,23.8,0.79,-0.81,-2.89,49.56,🔥,,,,,,,,,,
20260722,2026-07-23T00:02:23.978045+00:00,CUZ,66,66,42.1,13.0,24.1,47.6,0.72,1.86,-2.56,32.05,📊,,,,,,,,,,
20260722,2026-07-23T00:02:23.978045+00:00,IVZ,67,67,41.6,11.0,15.3,99.2,0.87,0.5,0.0,30.5,📊,,,,,,,,,,
20260722,2026-07-23T00:02:23.978045+00:00,PAGP,68,68,41.3,19.0,14.1,89.7,0.64,-0.35,1.0,25.95,📊,,,,,,,,,,
20260722,2026-07-23T00:02:23.978045+00:00,EOG,69,69,40.9,15.0,11.0,64.3,0.86,-0.63,0.53,143.24,📊,,,,,,,,,,
20260722,2026-07-23T00:02:23.978045+00:00,PAA,70,70,40.9,19.0,14.8,98.4,0.6,-0.32,1.24,24.15,📊,,,,,,,,,,
20260723,2026-07-24T00:02:31.776300+00:00,UNH,1,1,84.0,6.0,8.4,0.0,0.79,0.89,-2.93,436.35,🔥,,,,,,,,,,
20260723,2026-07-24T00:02:31.776300+00:00,HUM,2,2,72.9,6.0,12.5,0.0,0.78,1.72,-3.64,409.42,⏳,,,,,,,,,,
20260723,2026-07-24T00:02:31.776300+00:00,TVTX,3,3,72.8,7.0,23.4,0.0,0.64,3.2,-3.98,59.03,⏳,,,,,,,,,,
20260723,2026-07-24T00:02:31.776300+00:00,TKR,4,4,71.1,7.0,9.3,5.6,0.86,0.29,-3.05,145.32,⏳,,,,,,,,,,
20260723,2026-07-24T00:02:31.776300+00:00,CVS,5,5,69.5,6.0,11.4,6.3,0.91,1.25,-3.35,110.6,⏳,,,,,,,,,,
20260723,2026-07-24T00:02:31.776300+00:00,SNDR,6,6,68.6,8.0,9.7,5.6,0.85,0.4,-2.35,38.66,🔥,,,,,,,,,,
20260723,2026-07-24T00:02:31.776300+00:00,VIK,7,7,68.0,8.0,15.7,1.6,0.67,1.54,-4.99,104.95,⏳,,,,,,,,,,
20260723,2026-07-24T00:02:31.776300+00:00,EXEL,8,8,67.6,7.0,10.1,2.4,0.98,1.22,-2.54,57.1,📊,,,,,,,,,,
20260723,2026-07-24T00:02:31.776300+00:00,ARMK,9,9,67.3,8.0,9.2,10.3,0.96,1.13,-1.98,58.15,📊,,,,,,,,,,
20260723,2026-07-24T00:02:31.776300+00:00,SN,10,10,65.5,6.0,17.0,3.2,0.8,2.35,-5.63,154.53,⏳,,,,,,,,,,
20260723,2026-07-24T00:02:31.776300+00:00,GKOS,11,11,65.2,6.0,21.9,1.6,0.82,4.5,-3.0,156.84,🔥,,,,,,,,,,
20260723,2026-07-24T00:02:31.776300+00:00,DOC,12,12,64.9,10.0,16.7,12.7,0.71,1.79,-2.3,22.6,🔥,,,,,,,,,,
20260723,2026-07-24T00:02:31.776300+00:00,AMRX,13,13,64.5,6.0,15.4,4.8,1.33,1.7,-0.72,18.1,📊,,,,,,,,,,
20260723,2026-07-24T00:02:31.776300+00:00,IMVT,14,14,63.9,6.0,24.1,5.6,0.66,3.45,-4.19,41.09,⏳,,,,,,,,,,
20260723,2026-07-24T00:02:31.776300+00:00,BRKR,15,15,62.4,7.0,13.5,0.8,0.86,0.63,-0.79,62.65,🔥,,,,,,,,,,
20260723,2026-07-24T00:02:31.776300+00:00,CNC,16,16,60.9,10.0,16.7,0.0,0.74,1.6,-7.25,68.72,⏳,,,,,,,,,,
20260723,2026-07-24T00:02:31.776300+00:00,BCS,17,17,60.8,14.0,20.7,8.7,0.79,1.22,-2.64,28.41,🔥,,,,,,,,,,
20260723,2026-07-24T00:02:31.776300+00:00,LTH,18,18,60.6,6.0,22.0,7.9,1.07,4.21,-2.12,42.84,📊,,,,,,,,,,
20260723,2026-07-24T00:02:31.776300+00:00,MGA,19,19,60.5,8.0,8.0,22.2,0.91,-0.17,-3.51,68.15,⏳,,,,,,,,,,
20260723,2026-07-24T00:02:31.776300+00:00,HR,20,20,59.9,11.0,9.7,30.2,0.88,0.38,-1.54,21.47,📊,,,,,,,,,,
20260723,2026-07-24T00:02:31.776300+00:00,AM,21,21,59.1,22.0,12.7,0.0,0.87,-0.68,-1.49,23.36,🔥,,,,,,,,,,
20260723,2026-07-24T00:02:31.776300+00:00,ALKS,22,22,57.7,7.0,23.1,7.1,0.89,4.07,-4.07,55.22,⏳,,,,,,,,,,
20260723,2026-07-24T00:02:31.776300+00:00,ROKU,23,23,57.1,13.0,22.3,2.4,0.86,1.5,-1.91,144.43,🔥,,,,,,,,,,
20260723,2026-07-24T00:02:31.776300+00:00,ATI,24,24,56.9,6.0,10.2,10.3,0.86,-1.02,-2.08,204.09,🔥,,,,,,,,,,
20260723,2026-07-24T00:02:31.776300+00:00,LLY,25,25,56.6,8.0,13.9,29.4,0.88,1.18,-4.02,1235.56,⏳,,,,,,,,,,
20260723,2026-07-24T00:02:31.776300+00:00,ROIV,26,26,56.5,11.0,23.4,2.4,0.96,2.47,-4.65,36.81,⏳,,,,,,,,,,
20260723,2026-07-24T00:02:31.776300+00:00,ING,27,27,56.3,14.0,17.0,16.7,0.89,0.73,-2.67,33.33,🔥,,,,,,,,,,
20260723,2026-07-24T00:02:31.776300+00:00,BTSG,28,28,55.5,10.0,23.5,0.0,1.72,2.98,-3.75,72.56,⏳,,,,,,,,,,
20260723,2026-07-24T00:02:31.776300+00:00,OSCR,29,29,55.1,6.0,13.5,1.6,0.72,0.89,-10.13,32.18,📊,,,,,,,,,,
20260723,2026-07-24T00:02:31.776300+00:00,MAC,30,30,53.2,14.0,18.8,8.7,0.98,1.25,-2.39,25.92,📊,,,,,,,,,,
20260723,2026-07-24T00:02:31.776300+00:00,HST,31,31,51.9,7.0,7.1,38.9,1.07,-0.03,-2.2,24.5,📊,,,,,,,,,,
20260723,2026-07-24T00:02:31.776300+00:00,ILMN,32,32,51.7,7.0,18.7,15.9,1.06,3.17,1.3,194.33,📊,,,,,,,,,,
20260723,2026-07-24T00:02:31.776300+00:00,TRP,33,33,51.3,10.0,6.7,47.6,1.08,0.1,-0.41,70.27,📊,,,,,,,,,,
20260723,2026-07-24T00:02:31.776300+00:00,CROX,34,34,51.1,8.0,15.9,46.0,0.77,1.77,-4.64,138.91,📊,,,,,,,,,,
20260723,2026-07-24T00:02:31.776300+00:00,SON,35,35,51.0,26.0,19.3,5.6,0.89,-0.36,-1.92,57.42,🔥,,,,,,,,,,
20260723,2026-07-24T00:02:31.776300+00:00,CUZ,36,36,50.6,11.0,20.3,38.1,0.69,2.15,-1.59,32.05,📊,,,,,,,,,,
20260723,2026-07-24T00:02:31.776300+00:00,LYG,37,37,50.5,32.0,23.6,7.9,0.79,-0.07,-2.92,6.17,🔥,,,,,,,,,,
20260723,2026-07-24T00:02:31.776300+00:00,BEN,38,38,50.5,11.0,12.7,19.8,0.88,0.79,-6.24,34.44,⏳,,,,,,,,,,
20260723,2026-07-24T00:02:31.776300+00:00,MNST,39,39,49.8,10.0,14.1,10.3,1.13,1.46,-6.38,99.94,⏳,,,,,,,,,,
20260723,2026-07-24T00:02:31.776300+00:00,AVT,40,40,49.5,11.0,13.3,34.1,0.8,0.26,-3.24,92.93,📊,,,,,,,,,,
20260723,2026-07-24T00:02:31.776300+00:00,RAL,41,41,49.4,10.0,20.5,15.9,1.03,2.11,-4.48,73.63,⏳,,,,,,,,,,
20260723,2026-07-24T00:02:31.776300+00:00,TGTX,42,42,49.0,6.0,21.1,13.5,1.04,1.84,-6.03,59.06,⏳,,,,,,,,,,
20260723,2026-07-24T00:02:31.776300+00:00,BBVA,43,43,48.1,33.0,24.8,3.2,0.66,-0.08,-3.51,26.23,⏳,,,,,,,,,,
20260723,2026-07-24T00:02:31.776300+00:00,FITB,44,44,47.5,15.0,21.1,4.8,0.99,0.76,-3.74,59.37,⏳,,,,,,,,,,
20260723,2026-07-24T00:02:31.776300+00:00,VTRS,45,45,46.9,11.0,12.6,36.5,0.88,0.09,-1.76,17.59,📊,,,,,,,,,,
20260723,2026-07-24T00:02:31.776300+00:00,DDOG,46,46,46.7,8.0,20.5,5.6,0.75,1.54,-11.93,277.49,📊,,,,,,,,,,
20260723,2026-07-24T00:02:31.776300+00:00,XPO,47,47,46.7,23.0,20.4,1.6,0.72,-0.31,-6.22,228.37,⏳,,,,,,,,,,
20260723,2026-07-24T00:02:31.776300+00:00,GE,48,48,46.4,8.0,17.0,23.8,0.8,1.59,-7.84,378.68,⏳,,,,,,,,,,
20260723,2026-07-24T00:02:31.776300+00:00,OKE,49,49,46.4,23.0,15.1,25.4,0.83,-0.32,-2.11,95.24,📊,,,,,,,,,,
20260723,2026-07-24T00:02:31.776300+00:00,FTNT,50,50,45.7,7.0,17.0,22.2,0.82,1.92,-9.17,166.83,⏳,,,,,,,,,,
20260723,2026-07-24T00:02:31.776300+00:00,IVZ,51,51,45.3,11.0,15.2,94.4,0.82,0.53,-2.3,30.5,📊,,,,,,,,,,
20260723,2026-07-24T00:02:31.776300+00:00,CFG,52,52,45.0,15.0,18.8,5.6,1.16,0.41,-3.49,74.4,⏳,,,,,,,,,,
20260723,2026-07-24T00:02:31.776300+00:00,SIRI,53,53,44.2,13.0,17.3,38.9,0.67,0.94,-4.32,31.22,📊,,,,,,,,,,
20260723,2026-07-24T00:02:31.776300+00:00,ANET,54,54,44.0,8.0,18.8,31.7,0.87,1.48,-5.54,186.96,📊,,,,,,,,,,
20260723,2026-07-24T00:02:31.776300+00:00,VOYA,55,55,43.7,12.0,21.2,58.7,0.77,1.95,-3.78,100.59,📊,,,,,,,,,,
20260723,2026-07-24T00:02:31.776300+00:00,MS,56,56,43.4,7.0,9.6,33.3,1.0,0.2,-5.85,228.55,📊,,,,,,,,,,
20260723,2026-07-24T00:02:31.776300+00:00,IBKR,57,57,43.4,11.0,17.0,25.4,0.9,1.17,-5.8,97.41,⏳,,,,,,,,,,
20260723,2026-07-24T00:02:31.776300+00:00,CRWD,58,58,43.1,8.0,23.5,15.1,0.76,2.37,-12.96,210.73,📊,,,,,,,,,,
20260723,2026-07-24T00:02:31.776300+00:00,NTAP,59,59,42.6,6.0,12.9,45.2,0.92,0.71,-5.68,174.55,📊,,,,,,,,,,
20260723,2026-07-24T00:02:31.776300+00:00,HPE,60,60,42.4,6.0,16.8,21.4,0.78,-0.59,-3.87,49.56,⏳,,,,,,,,,,
20260723,2026-07-24T00:02:31.776300+00:00,PBR-A,61,61,41.6,8.0,14.2,66.7,0.62,-0.38,0.0,16.88,📊,,,,,,,,,,
20260723,2026-07-24T00:02:31.776300+00:00,UBS,62,62,41.5,10.0,18.0,44.4,0.72,1.63,-6.39,55.07,📊,,,,,,,,,,
20260723,2026-07-24T00:02:31.776300+00:00,DELL,63,63,40.8,7.0,19.2,32.5,0.85,0.67,-3.82,456.79,📊,,,,,,,,,,
20260723,2026-07-24T00:02:31.776300+00:00,VSXY,64,64,40.8,7.0,17.4,36.5,0.81,1.28,-6.45,88.5,📊,,,,,,,,,,
20260723,2026-07-24T00:02:31.776300+00:00,AMD,65,65,40.3,8.0,22.1,23.0,0.75,0.92,-7.1,580.91,⏳,,,,,,,,,,
20260723,2026-07-24T00:02:31.776300+00:00,USB,66,66,40.0,31.0,22.6,23.0,0.98,0.01,-1.77,64.47,📊,,,,,,,,,,
20260724,2026-07-25T00:02:20.512406+00:00,UNH,1,1,80.0,7.0,9.7,0.0,0.78,0.98,-3.58,436.35,⏳,,,,,,,,,,
20260724,2026-07-25T00:02:20.512406+00:00,TVTX,2,2,80.0,6.0,17.1,0.0,0.6,1.02,-2.83,59.03,🔥,,,,,,,,,,
20260724,2026-07-25T00:02:20.512406+00:00,IMVT,3,3,74.3,6.0,20.0,4.0,0.6,2.91,-4.09,41.09,⏳,,,,,,,,,,
20260724,2026-07-25T00:02:20.512406+00:00,TKR,4,4,72.8,6.0,7.5,4.8,0.84,-0.28,-2.77,145.32,🔥,,,,,,,,,,
20260724,2026-07-25T00:02:20.512406+00:00,SN,5,5,72.7,6.0,13.9,1.6,0.79,2.05,-3.84,154.53,⏳,,,,,,,,,,
20260724,2026-07-25T00:02:20.512406+00:00,CVS,6,6,72.6,6.0,11.1,7.1,0.87,1.33,-1.98,109.92,🔥,,,,,,,,,,
20260724,2026-07-25T00:02:20.512406+00:00,HUM,7,7,72.5,6.0,12.5,0.0,0.77,1.66,-4.91,409.42,⏳,,,,,,,,,,
20260724,2026-07-25T00:02:20.512406+00:00,LLY,8,8,70.6,7.0,11.1,7.1,0.86,0.7,-3.2,1235.56,⏳,,,,,,,,,,
20260724,2026-07-25T00:02:20.512406+00:00,VIK,9,9,70.5,8.0,15.7,0.0,0.66,1.55,-4.04,104.95,⏳,,,,,,,,,,
20260724,2026-07-25T00:02:20.512406+00:00,ARMK,10,10,69.3,8.0,9.2,7.1,0.93,1.15,-1.67,58.15,🔥,,,,,,,,,,
20260724,2026-07-25T00:02:20.512406+00:00,SNDR,11,11,69.1,8.0,9.5,5.6,0.84,0.35,-2.71,38.66,🔥,,,,,,,,,,
20260724,2026-07-25T00:02:20.512406+00:00,RVMD,12,12,66.6,6.0,22.5,0.0,0.79,3.49,-1.76,192.62,🔥,,,,,,,,,,
20260724,2026-07-25T00:02:20.512406+00:00,AMRX,13,13,66.4,6.0,11.0,9.5,1.27,1.57,-0.99,18.1,📊,,,,,,,,,,
20260724,2026-07-25T00:02:20.512406+00:00,EXEL,14,14,66.3,7.0,10.1,2.4,0.97,1.12,-3.03,57.1,⏳,,,,,,,,,,
20260724,2026-07-25T00:02:20.512406+00:00,LTH,15,15,66.0,6.0,20.1,4.0,1.02,3.87,-1.19,42.84,📊,,,,,,,,,,
20260724,2026-07-25T00:02:20.512406+00:00,GKOS,16,16,65.9,7.0,22.4,1.6,0.79,4.58,-2.08,156.84,🔥,,,,,,,,,,
20260724,2026-07-25T00:02:20.512406+00:00,BRKR,17,17,65.6,8.0,13.5,0.8,0.82,0.84,-3.5,62.65,⏳,,,,,,,,,,
20260724,2026-07-25T00:02:20.512406+00:00,DOC,18,18,65.5,11.0,16.7,9.5,0.7,1.62,-1.46,22.6,🔥,,,,,,,,,,
20260724,2026-07-25T00:02:20.512406+00:00,BTSG,19,19,65.5,6.0,13.5,4.0,1.7,1.79,0.0,72.91,📊,,,,,,,,,,
20260724,2026-07-25T00:02:20.512406+00:00,CNC,20,20,60.2,10.0,16.7,1.6,0.71,1.57,-7.73,68.72,⏳,,,,,,,,,,
20260724,2026-07-25T00:02:20.512406+00:00,ROKU,21,21,60.2,13.0,22.3,0.0,0.78,1.47,-1.7,144.43,🔥,,,,,,,,,,
20260724,2026-07-25T00:02:20.512406+00:00,MGA,22,22,60.1,8.0,8.0,23.0,0.91,-0.14,-3.65,68.15,⏳,,,,,,,,,,
20260724,2026-07-25T00:02:20.512406+00:00,ROIV,23,23,58.9,11.0,23.4,0.8,0.89,2.5,-4.89,36.81,⏳,,,,,,,,,,
20260724,2026-07-25T00:02:20.512406+00:00,RAL,24,24,58.9,6.0,10.9,12.7,0.97,0.09,-5.7,73.63,⏳,,,,,,,,,,
20260724,2026-07-25T00:02:20.512406+00:00,ALKS,25,25,58.8,7.0,23.1,7.1,0.84,3.82,-4.22,55.22,⏳,,,,,,,,,,
20260724,2026-07-25T00:02:20.512406+00:00,ATI,26,26,58.4,6.0,10.2,9.5,0.85,-0.94,-3.08,204.09,⏳,,,,,,,,,,
20260724,2026-07-25T00:02:20.512406+00:00,HR,27,27,58.2,11.0,9.7,32.5,0.87,0.43,-0.33,21.47,📊,,,,,,,,,,
20260724,2026-07-25T00:02:20.512406+00:00,SIRI,28,28,58.0,13.0,17.3,10.3,0.66,0.9,-4.55,31.22,⏳,,,,,,,,,,
20260724,2026-07-25T00:02:20.512406+00:00,ILMN,29,29,57.8,8.0,19.7,12.7,1.0,3.23,-1.41,196.86,📊,,,,,,,,,,
20260724,2026-07-25T00:02:20.512406+00:00,ING,30,30,55.1,15.0,17.6,8.7,0.83,0.66,-1.5,33.33,🔥,,,,,,,,,,
20260724,2026-07-25T00:02:20.512406+00:00,TGTX,31,31,54.9,6.0,18.6,11.9,1.0,1.55,-5.11,59.06,⏳,,,,,,,,,,
20260724,2026-07-25T00:02:20.512406+00:00,BCS,32,32,54.4,15.0,20.7,8.7,0.79,1.0,-1.76,28.41,🔥,,,,,,,,,,
20260724,2026-07-25T00:02:20.512406+00:00,CROX,33,33,54.0,8.0,15.9,42.9,0.76,1.8,-3.02,138.91,📊,,,,,,,,,,
20260724,2026-07-25T00:02:20.512406+00:00,ETSY,34,34,53.9,8.0,22.1,10.3,0.87,3.42,-5.97,85.74,⏳,,,,,,,,,,
20260724,2026-07-25T00:02:20.512406+00:00,FTNT,35,35,53.2,6.0,13.6,18.3,0.79,1.69,-8.67,166.83,⏳,,,,,,,,,,
20260724,2026-07-25T00:02:20.512406+00:00,LYG,36,36,53.1,33.0,23.7,4.0,0.78,-0.03,-2.43,6.17,🔥,,,,,,,,,,
20260724,2026-07-25T00:02:20.512406+00:00,BEN,37,37,53.0,11.0,12.7,19.0,0.87,0.77,-5.66,34.44,⏳,,,,,,,,,,
20260724,2026-07-25T00:02:20.512406+00:00,OSCR,38,38,52.6,6.0,12.4,3.2,0.71,0.59,-12.4,32.18,📊,,,,,,,,,,
20260724,2026-07-25T00:02:20.512406+00:00,SWK,39,39,52.0,13.0,22.3,18.3,0.73,1.47,-3.04,94.12,⏳,,,,,,,,,,
20260724,2026-07-25T00:02:20.512406+00:00,MAC,40,40,51.8,14.0,18.8,12.7,0.93,1.3,-0.35,25.92,🔥,,,,,,,,,,
20260724,2026-07-25T00:02:20.512406+00:00,CUZ,41,41,51.1,11.0,20.5,34.1,0.7,2.2,0.0,32.15,📊,,,,,,,,,,
20260724,2026-07-25T00:02:20.512406+00:00,PNC,42,42,50.9,31.0,21.9,0.0,1.01,0.08,-0.87,253.18,📊,,,,,,,,,,
20260724,2026-07-25T00:02:20.512406+00:00,KMX,43,43,50.8,7.0,20.4,65.9,0.8,2.92,-1.1,58.94,📊,,,,,,,,,,
20260724,2026-07-25T00:02:20.512406+00:00,AVT,44,44,50.4,12.0,13.8,31.0,0.75,0.32,-3.78,92.93,📊,,,,,,,,,,
20260724,2026-07-25T00:02:20.512406+00:00,HST,45,45,49.8,7.0,7.1,42.1,1.06,-0.03,0.0,24.5,📊,,,,,,,,,,
20260724,2026-07-25T00:02:20.512406+00:00,MGM,46,46,49.7,7.0,9.5,37.3,0.56,-0.81,-8.35,49.69,📊,,,,,,,,,,
20260724,2026-07-25T00:02:20.512406+00:00,BBVA,47,47,49.2,33.0,24.8,2.4,0.66,-0.08,-1.07,26.23,🔥,,,,,,,,,,
20260724,2026-07-25T00:02:20.512406+00:00,UBS,48,48,48.6,9.0,15.1,36.5,0.72,1.57,-6.05,55.07,📊,,,,,,,,,,
20260724,2026-07-25T00:02:20.512406+00:00,DDOG,49,49,48.6,8.0,20.5,0.0,0.75,1.34,-11.04,277.49,📊,,,,,,,,,,
20260724,2026-07-25T00:02:20.512406+00:00,MNST,50,50,48.5,10.0,14.1,12.7,1.13,1.41,-6.45,99.94,⏳,,,,,,,,,,
20260724,2026-07-25T00:02:20.512406+00:00,GE,51,51,47.9,6.0,12.2,20.6,0.76,-0.32,-6.59,378.68,⏳,,,,,,,,,,
20260724,2026-07-25T00:02:20.512406+00:00,VTRS,52,52,47.5,11.0,12.6,34.9,0.88,0.12,-1.99,17.59,📊,,,,,,,,,,
20260724,2026-07-25T00:02:20.512406+00:00,CGON,53,53,47.4,6.0,23.4,0.8,1.12,3.21,-7.87,75.24,⏳,,,,,,,,,,
20260724,2026-07-25T00:02:20.512406+00:00,FITB,54,54,47.2,16.0,22.3,4.0,0.96,0.67,-3.3,59.37,⏳,,,,,,,,,,
20260724,2026-07-25T00:02:20.512406+00:00,XPO,55,55,47.0,23.0,20.4,0.8,0.69,-0.31,-6.73,228.37,⏳,,,,,,,,,,
20260724,2026-07-25T00:02:20.512406+00:00,PFG,56,56,46.7,12.0,13.4,22.2,1.17,1.0,-3.99,113.95,⏳,,,,,,,,,,
20260724,2026-07-25T00:02:20.512406+00:00,VOYA,57,57,46.2,12.0,21.2,52.4,0.75,2.03,-1.99,100.59,📊,,,,,,,,,,
20260724,2026-07-25T00:02:20.512406+00:00,CRWD,58,58,45.1,9.0,23.5,10.3,0.74,2.24,-13.03,210.73,📊,,,,,,,,,,
20260724,2026-07-25T00:02:20.512406+00:00,RYCEY,59,59,44.6,9.0,18.3,17.5,1.02,1.7,-6.42,20.1,⏳,,,,,,,,,,
20260724,2026-07-25T00:02:20.512406+00:00,INCY,60,60,44.5,37.0,23.9,2.4,1.03,-0.2,-0.72,118.52,📊,,,,,,,,,,
20260724,2026-07-25T00:02:20.512406+00:00,EAT,61,61,43.7,6.0,21.3,35.7,0.98,3.73,-4.12,195.01,📊,,,,,,,,,,
20260724,2026-07-25T00:02:20.512406+00:00,CFG,62,62,42.8,16.0,20.0,6.3,1.14,0.34,-3.39,74.4,⏳,,,,,,,,,,
20260724,2026-07-25T00:02:20.512406+00:00,DELL,63,63,42.4,7.0,19.2,32.5,0.81,0.84,-4.22,456.79,📊,,,,,,,,,,
20260724,2026-07-25T00:02:20.512406+00:00,HPE,64,64,42.4,6.0,16.8,23.8,0.75,-0.47,-3.77,49.56,⏳,,,,,,,,,,
20260724,2026-07-25T00:02:20.512406+00:00,CM,65,65,42.3,14.0,13.2,31.0,1.21,0.28,-3.13,121.24,📊,,,,,,,,,,
20260724,2026-07-25T00:02:20.512406+00:00,IBKR,66,66,42.2,11.0,17.0,26.2,0.92,1.14,-5.82,97.41,⏳,,,,,,,,,,
20260724,2026-07-25T00:02:20.512406+00:00,VSXY,67,67,42.2,6.0,13.9,38.1,0.81,0.82,-5.59,88.5,📊,,,,,,,,,,
20260724,2026-07-25T00:02:20.512406+00:00,IVZ,68,68,41.8,13.0,17.5,90.5,0.81,0.65,-1.87,30.5,📊,,,,,,,,,,
20260724,2026-07-25T00:02:20.512406+00:00,SAN,69,69,41.4,15.0,19.6,8.7,1.03,0.62,-5.78,14.37,⏳,,,,,,,,,,
20260724,2026-07-25T00:02:20.512406+00:00,PANW,70,70,40.8,6.0,22.1,22.2,0.88,4.33,-9.73,358.68,⏳,,,,,,,,,,
20260724,2026-07-25T00:02:20.512406+00:00,SYRE,71,71,40.5,6.0,21.4,45.2,1.03,3.63,-0.56,102.7,📊,,,,,,,,,,
20260724,2026-07-25T00:02:20.512406+00:00,ODFL,72,72,40.0,16.0,24.0,10.3,0.76,0.21,-6.33,248.73,⏳,,,,,,,,,,
20260724,2026-07-25T00:02:20.512406+00:00,PAA,73,73,40.0,19.0,15.3,96.8,0.63,-0.26,1.19,24.31,📊,,,,,,,,,,
20260727,2026-07-28T00:02:53.432675+00:00,ROKU,1,1,84.4,6.0,6.7,0.0,0.68,0.72,-1.05,144.43,🔥,,,,,,,,,,
20260727,2026-07-28T00:02:53.432675+00:00,TVTX,2,2,83.6,6.0,11.8,0.0,0.53,0.58,-3.98,59.03,⏳,,,,,,,,,,
20260727,2026-07-28T00:02:53.432675+00:00,IMVT,3,3,80.9,6.0,18.6,4.8,0.52,2.59,-2.43,41.09,🔥,,,,,,,,,,
20260727,2026-07-28T00:02:53.432675+00:00,CVS,4,4,76.7,6.0,11.1,7.9,0.87,1.37,-2.59,109.92,🔥,,,,,,,,,,
20260727,2026-07-28T00:02:53.432675+00:00,UNH,5,5,76.2,7.0,9.0,0.8,0.73,0.79,-4.29,436.35,⏳,,,,,,,,,,
20260727,2026-07-28T00:02:53.432675+00:00,SN,6,6,75.6,6.0,13.9,0.8,0.79,2.08,-0.87,154.53,🔥,,,,,,,,,,
20260727,2026-07-28T00:02:53.432675+00:00,EXEL,7,7,74.3,7.0,10.1,2.4,0.86,1.05,-2.26,57.1,🔥,,,,,,,,,,
20260727,2026-07-28T00:02:53.432675+00:00,TKR,8,8,74.3,6.0,7.5,4.8,0.79,-0.24,-2.9,145.32,🔥,,,,,,,,,,
20260727,2026-07-28T00:02:53.432675+00:00,RVMD,9,9,73.6,6.0,20.1,0.0,0.64,3.01,-2.36,192.62,🔥,,,,,,,,,,
20260727,2026-07-28T00:02:53.432675+00:00,VIK,10,10,73.0,8.0,15.7,0.0,0.64,1.58,-1.72,104.95,🔥,,,,,,,,,,
20260727,2026-07-28T00:02:53.432675+00:00,AMRX,11,11,69.8,6.0,11.0,17.5,1.0,1.7,-0.06,18.1,📊,,,,,,,,,,
20260727,2026-07-28T00:02:53.432675+00:00,ARMK,12,12,69.0,8.0,9.2,7.9,0.89,1.16,-0.4,58.15,🔥,,,,,,,,,,
20260727,2026-07-28T00:02:53.432675+00:00,LLY,13,13,68.7,7.0,11.1,6.3,0.75,0.64,-3.08,1235.56,⏳,,,,,,,,,,
20260727,2026-07-28T00:02:53.432675+00:00,DOC,14,14,68.6,11.0,16.7,12.7,0.68,1.66,-0.35,22.6,🔥,,,,,,,,,,
20260727,2026-07-28T00:02:53.432675+00:00,ALKS,15,15,67.1,7.0,23.1,4.8,0.74,3.54,-4.51,55.22,⏳,,,,,,,,,,
20260727,2026-07-28T00:02:53.432675+00:00,HUM,16,16,66.9,6.0,12.5,0.8,0.75,1.46,-6.9,409.42,⏳,,,,,,,,,,
20260727,2026-07-28T00:02:53.432675+00:00,CGON,17,17,66.3,6.0,20.9,2.4,0.9,2.83,-2.29,75.24,🔥,,,,,,,,,,
20260727,2026-07-28T00:02:53.432675+00:00,BTSG,18,18,66.0,6.0,13.3,7.1,1.49,1.73,-1.28,72.91,📊,,,,,,,,,,
20260727,2026-07-28T00:02:53.432675+00:00,SNDR,19,19,65.8,8.0,9.5,4.8,0.86,0.27,-4.86,38.66,⏳,,,,,,,,,,
20260727,2026-07-28T00:02:53.432675+00:00,EBAY,20,20,64.7,11.0,11.5,13.5,0.6,0.04,-4.57,118.63,⏳,,,,,,,,,,
20260727,2026-07-28T00:02:53.432675+00:00,CNC,21,21,64.7,8.0,13.3,2.4,0.72,1.08,-6.75,68.72,⏳,,,,,,,,,,
20260727,2026-07-28T00:02:53.432675+00:00,OUT,22,22,64.1,12.0,10.2,5.6,0.8,0.17,-4.61,33.81,⏳,,,,,,,,,,
20260727,2026-07-28T00:02:53.432675+00:00,RAL,23,23,63.5,6.0,10.3,11.1,0.9,-0.02,-5.16,73.63,⏳,,,,,,,,,,
20260727,2026-07-28T00:02:53.432675+00:00,SIRI,24,24,63.3,13.0,17.3,4.0,0.64,0.98,0.0,31.22,🔥,,,,,,,,,,
20260727,2026-07-28T00:02:53.432675+00:00,BRKR,25,25,62.9,8.0,13.5,0.8,0.81,0.7,-4.14,62.65,⏳,,,,,,,,,,
20260727,2026-07-28T00:02:53.432675+00:00,ILMN,26,26,62.3,8.0,19.7,2.4,0.98,3.09,-3.75,196.86,⏳,,,,,,,,,,
20260727,2026-07-28T00:02:53.432675+00:00,ROIV,27,27,61.9,12.0,24.4,0.0,0.81,2.26,-5.68,36.81,⏳,,,,,,,,,,
20260727,2026-07-28T00:02:53.432675+00:00,MGA,28,28,61.9,9.0,8.0,25.4,0.89,0.02,-1.45,68.15,📊,,,,,,,,,,
20260727,2026-07-28T00:02:53.432675+00:00,HR,29,29,59.9,11.0,9.9,37.3,0.86,0.45,0.28,21.47,📊,,,,,,,,,,
20260727,2026-07-28T00:02:53.432675+00:00,WSM,30,30,59.6,6.0,9.8,19.8,0.79,-0.44,-2.08,239.37,🔥,,,,,,,,,,
20260727,2026-07-28T00:02:53.432675+00:00,ETSY,31,31,59.1,8.0,22.0,13.5,0.84,3.36,-2.22,85.74,🔥,,,,,,,,,,
20260727,2026-07-28T00:02:53.432675+00:00,LTH,32,32,58.8,6.0,21.7,10.3,0.86,3.88,0.0,43.76,🔥,,,,,,,,,,
20260727,2026-07-28T00:02:53.432675+00:00,ATI,33,33,58.5,6.0,10.2,7.9,0.71,-0.81,-5.61,204.09,⏳,,,,,,,,,,
20260727,2026-07-28T00:02:53.432675+00:00,TGTX,34,34,58.3,6.0,16.2,11.9,0.87,1.25,-5.6,59.06,⏳,,,,,,,,,,
20260727,2026-07-28T00:02:53.432675+00:00,MGM,35,35,58.1,7.0,9.5,27.0,0.53,-0.82,-6.82,49.69,⏳,,,,,,,,,,
20260727,2026-07-28T00:02:53.432675+00:00,ING,36,36,57.5,15.0,17.4,5.6,0.75,0.7,0.0,33.49,🔥,,,,,,,,,,
20260727,2026-07-28T00:02:53.432675+00:00,M,37,37,57.4,6.0,12.8,4.8,0.79,-1.02,-3.85,25.96,⏳,,,,,,,,,,
20260727,2026-07-28T00:02:53.432675+00:00,UBS,38,38,57.2,9.0,15.1,23.8,0.74,1.59,-4.59,55.07,⏳,,,,,,,,,,
20260727,2026-07-28T00:02:53.432675+00:00,MAC,39,39,56.8,15.0,19.8,17.5,0.74,1.15,0.0,26.13,🔥,,,,,,,,,,
20260727,2026-07-28T00:02:53.432675+00:00,TD,40,40,56.2,6.0,6.6,33.3,1.37,0.52,-4.13,124.8,📊,,,,,,,,,,
20260727,2026-07-28T00:02:53.432675+00:00,BEN,41,41,56.0,11.0,12.7,19.0,0.89,0.8,-3.54,34.44,⏳,,,,,,,,,,
20260727,2026-07-28T00:02:53.432675+00:00,CUZ,42,42,55.9,12.0,21.6,31.7,0.68,2.11,-0.28,32.15,📊,,,,,,,,,,
20260727,2026-07-28T00:02:53.432675+00:00,GE,43,43,55.5,6.0,11.6,18.3,0.71,-0.45,-4.51,378.68,⏳,,,,,,,,,,
20260727,2026-07-28T00:02:53.432675+00:00,MS,44,44,54.6,8.0,9.6,27.0,0.94,0.36,-6.12,228.55,⏳,,,,,,,,,,
20260727,2026-07-28T00:02:53.432675+00:00,CROX,45,45,54.6,8.0,15.9,42.9,0.72,1.81,-3.15,138.91,📊,,,,,,,,,,
20260727,2026-07-28T00:02:53.432675+00:00,MNST,46,46,54.2,10.0,14.1,14.3,1.02,1.39,-4.61,99.94,⏳,,,,,,,,,,
20260727,2026-07-28T00:02:53.432675+00:00,JBHT,47,47,53.3,8.0,10.4,9.5,1.1,0.38,-5.85,298.41,⏳,,,,,,,,,,
20260727,2026-07-28T00:02:53.432675+00:00,OSCR,48,48,53.2,6.0,12.4,4.8,0.62,0.41,-11.93,32.18,📊,,,,,,,,,,
20260727,2026-07-28T00:02:53.432675+00:00,DDOG,49,49,52.7,9.0,21.4,0.0,0.69,1.62,-9.24,277.49,⏳,,,,,,,,,,
20260727,2026-07-28T00:02:53.432675+00:00,VSXY,50,50,52.6,7.0,16.1,30.2,0.7,1.28,-3.59,88.5,📊,,,,,,,,,,
20260727,2026-07-28T00:02:53.432675+00:00,PNC,51,51,52.2,31.0,21.9,0.0,0.98,0.08,-1.4,253.18,📊,,,,,,,,,,
20260727,2026-07-28T00:02:53.432675+00:00,CM,52,52,51.5,14.0,13.2,23.8,0.91,0.31,-2.47,121.24,🔥,,,,,,,,,,
20260727,2026-07-28T00:02:53.432675+00:00,PFG,53,53,50.8,12.0,13.4,17.5,1.13,1.02,-2.33,113.95,📊,,,,,,,,,,
20260727,2026-07-28T00:02:53.432675+00:00,BCS,54,54,50.5,15.0,21.1,11.1,0.83,1.09,0.0,28.56,🔥,,,,,,,,,,
20260727,2026-07-28T00:02:53.432675+00:00,KMX,55,55,50.3,7.0,20.0,67.5,0.79,2.78,-0.92,58.94,📊,,,,,,,,,,
20260727,2026-07-28T00:02:53.432675+00:00,VOYA,56,56,49.9,13.0,22.0,46.8,0.72,1.89,-1.57,100.59,📊,,,,,,,,,,
20260727,2026-07-28T00:02:53.432675+00:00,FTNT,57,57,49.8,8.0,17.3,16.7,0.75,1.79,-8.66,166.83,⏳,,,,,,,,,,
20260727,2026-07-28T00:02:53.432675+00:00,EBC,58,58,49.7,33.0,22.5,10.3,0.83,0.06,-1.53,23.46,🔥,,,,,,,,,,
20260727,2026-07-28T00:02:53.432675+00:00,LYG,59,59,49.5,33.0,23.6,0.8,0.76,-0.03,-0.65,6.17,🔥,,,,,,,,,,
20260727,2026-07-28T00:02:53.432675+00:00,AVT,60,60,48.8,12.0,13.8,32.5,0.71,0.33,-4.9,92.93,📊,,,,,,,,,,
20260727,2026-07-28T00:02:53.432675+00:00,HST,61,61,48.5,7.0,7.1,50.8,1.05,0.32,1.92,24.5,📊,,,,,,,,,,
20260727,2026-07-28T00:02:53.432675+00:00,IBKR,62,62,48.3,12.0,18.5,14.3,0.9,1.18,-5.28,97.41,⏳,,,,,,,,,,
20260727,2026-07-28T00:02:53.432675+00:00,FITB,63,63,48.1,16.0,21.7,4.0,0.93,0.71,-3.99,59.37,⏳,,,,,,,,,,
20260727,2026-07-28T00:02:53.432675+00:00,PANW,64,64,46.8,6.0,22.0,8.7,0.86,3.87,-11.53,358.68,📊,,,,,,,,,,
20260727,2026-07-28T00:02:53.432675+00:00,SAN,65,65,46.7,15.0,19.6,7.1,1.07,0.69,-2.64,14.37,📊,,,,,,,,,,
20260727,2026-07-28T00:02:53.432675+00:00,TIGO,66,66,46.6,15.0,21.7,18.3,0.8,0.87,-3.28,98.61,⏳,,,,,,,,,,
20260727,2026-07-28T00:02:53.432675+00:00,SWK,67,67,46.6,13.0,22.4,27.0,0.73,1.52,0.0,94.17,🚀,,,,,,,,,,
20260727,2026-07-28T00:02:53.432675+00:00,NTAP,68,68,46.5,7.0,12.9,40.5,0.87,0.37,-2.72,174.55,📊,,,,,,,,,,
20260727,2026-07-28T00:02:53.432675+00:00,SYRE,69,69,46.0,6.0,21.3,40.5,0.86,3.49,-2.59,102.7,📊,,,,,,,,,,
20260727,2026-07-28T00:02:53.432675+00:00,CRWD,70,70,45.9,9.0,23.5,7.9,0.71,2.09,-14.53,210.73,📊,,,,,,,,,,
20260727,2026-07-28T00:02:53.432675+00:00,BBVA,71,71,45.4,33.0,24.8,2.4,0.66,-0.05,1.37,26.23,📊,,,,,,,,,,
20260727,2026-07-28T00:02:53.432675+00:00,NWG,72,72,45.1,38.0,24.4,0.0,0.84,-0.1,-0.33,18.37,🔥,,,,,,,,,,
20260727,2026-07-28T00:02:53.432675+00:00,ELAN,73,73,44.7,20.0,24.4,6.3,0.72,-0.47,-2.94,26.18,🔥,,,,,,,,,,
20260727,2026-07-28T00:02:53.432675+00:00,IVZ,74,74,44.6,12.0,15.8,88.9,0.82,0.65,-1.28,30.5,📊,,,,,,,,,,
20260727,2026-07-28T00:02:53.432675+00:00,VTRS,75,75,44.3,11.0,12.8,38.9,0.86,0.16,0.0,17.64,📊,,,,,,,,,,
20260727,2026-07-28T00:02:53.432675+00:00,HPE,76,76,44.2,7.0,17.1,23.8,0.69,-0.59,-3.09,49.72,⏳,,,,,,,,,,
20260727,2026-07-28T00:02:53.432675+00:00,USB,77,77,44.1,32.0,22.7,19.0,0.9,0.06,-1.52,64.47,🔥,,,,,,,,,,
20260727,2026-07-28T00:02:53.432675+00:00,INCY,78,78,43.6,37.0,23.9,4.8,0.98,-0.17,0.3,118.52,🚀,,,,,,,,,,
20260727,2026-07-28T00:02:53.432675+00:00,EAT,79,79,43.6,6.0,21.4,38.1,0.92,3.86,0.0,195.44,📊,,,,,,,,,,
20260727,2026-07-28T00:02:53.432675+00:00,LQDA,80,80,42.9,6.0,23.6,35.7,0.83,3.03,-5.18,89.03,📊,,,,,,,,,,
20260727,2026-07-28T00:02:53.432675+00:00,CFG,81,81,42.7,16.0,19.2,5.6,1.14,0.37,-4.44,74.4,⏳,,,,,,,,,,
20260727,2026-07-28T00:02:53.432675+00:00,MPC,82,82,42.5,12.0,24.5,93.7,0.87,1.8,-2.32,319.76,📊,,,,,,,,,,
20260727,2026-07-28T00:02:53.432675+00:00,HWM,83,83,42.4,22.0,21.3,10.3,0.8,-0.07,1.66,283.23,📊,,,,,,,,,,
20260727,2026-07-28T00:02:53.432675+00:00,PAGP,84,84,41.8,20.0,15.9,81.7,0.67,-0.27,-1.58,26.51,📊,,,,,,,,,,
20260727,2026-07-28T00:02:53.432675+00:00,MAR,85,85,41.3,29.0,23.2,4.8,0.94,0.32,-4.84,402.54,⏳,,,,,,,,,,
20260727,2026-07-28T00:02:53.432675+00:00,VLO,86,86,41.3,10.0,24.9,87.3,0.85,2.66,-3.14,314.8,📊,,,,,,,,,,
20260727,2026-07-28T00:02:53.432675+00:00,PAA,87,87,41.3,20.0,16.6,92.9,0.67,-0.23,-1.62,24.69,📊,,,,,,,,,,
20260727,2026-07-28T00:02:53.432675+00:00,BNY,88,88,41.1,14.0,19.6,83.3,0.99,1.04,-2.82,162.35,📊,,,,,,,,,,
20260727,2026-07-28T00:02:53.432675+00:00,HSBC,89,89,40.8,15.0,17.1,50.8,0.74,0.4,0.0,103.97,📊,,,,,,,,,,
20260727,2026-07-28T00:02:53.432675+00:00,RPRX,90,90,40.8,22.0,24.3,34.9,0.72,0.71,-0.49,59.02,📊,,,,,,,,,,
20260727,2026-07-28T00:02:53.432675+00:00,CYTK,91,91,40.6,11.0,23.1,28.6,0.73,1.17,-7.61,87.26,⏳,,,,,,,,,,
20260728,2026-07-29T00:01:58.477192+00:00,ROKU,1,1,85.7,6.0,6.7,0.0,0.66,0.95,-0.36,144.43,🔥,,,,,,,,,,
20260728,2026-07-29T00:01:58.477192+00:00,UNH,2,2,79.2,7.0,8.4,0.8,0.74,0.76,-1.73,436.35,🔥,,,,,,,,,,
20260728,2026-07-29T00:01:58.477192+00:00,TVTX,3,3,78.2,6.0,9.6,0.0,0.52,0.29,-5.29,59.03,⏳,,,,,,,,,,
20260728,2026-07-29T00:01:58.477192+00:00,MGM,4,4,76.2,7.0,9.5,0.0,0.5,-0.81,-7.02,49.69,⏳,,,,,,,,,,
20260728,2026-07-29T00:01:58.477192+00:00,IMVT,5,5,75.8,6.0,18.6,3.2,0.51,2.26,-5.33,41.09,⏳,,,,,,,,,,
20260728,2026-07-29T00:01:58.477192+00:00,VIK,6,6,75.4,6.0,10.4,0.0,0.65,0.26,-0.39,104.95,🔥,,,,,,,,,,
20260728,2026-07-29T00:01:58.477192+00:00,RVMD,7,7,75.4,6.0,18.7,0.0,0.59,2.51,-4.55,192.62,⏳,,,,,,,,,,
20260728,2026-07-29T00:01:58.477192+00:00,TKR,8,8,74.9,6.0,7.5,0.8,0.8,-0.27,-3.72,145.32,⏳,,,,,,,,,,
20260728,2026-07-29T00:01:58.477192+00:00,ARMK,9,9,73.6,8.0,9.2,7.9,0.89,1.12,-1.29,58.15,🔥,,,,,,,,,,
20260728,2026-07-29T00:01:58.477192+00:00,SN,10,10,70.8,6.0,16.7,5.6,0.78,2.19,0.0,159.84,🔥,,,,,,,,,,
20260728,2026-07-29T00:01:58.477192+00:00,LLY,11,11,69.2,9.0,13.9,4.8,0.75,1.32,-1.21,1235.56,🔥,,,,,,,,,,
20260728,2026-07-29T00:01:58.477192+00:00,HUM,12,12,67.8,7.0,13.3,1.6,0.79,1.48,-5.06,409.42,⏳,,,,,,,,,,
20260728,2026-07-29T00:01:58.477192+00:00,OSCR,13,13,67.3,6.0,12.4,5.6,0.62,0.45,-2.42,32.18,🔥,,,,,,,,,,
20260728,2026-07-29T00:01:58.477192+00:00,BTSG,14,14,66.8,6.0,12.1,8.7,1.44,1.64,-0.62,72.91,📊,,,,,,,,,,
20260728,2026-07-29T00:01:58.477192+00:00,CGON,15,15,66.2,6.0,20.9,1.6,0.91,2.56,-3.48,75.24,⏳,,,,,,,,,,
20260728,2026-07-29T00:01:58.477192+00:00,BEN,16,16,65.5,6.0,6.7,19.0,0.88,-0.13,-3.22,34.44,⏳,,,,,,,,,,
20260728,2026-07-29T00:01:58.477192+00:00,EXEL,17,17,65.5,11.0,15.7,2.4,0.85,1.44,-1.03,57.1,🔥,,,,,,,,,,
20260728,2026-07-29T00:01:58.477192+00:00,EBAY,18,18,65.3,12.0,12.5,15.1,0.62,0.13,-1.0,118.63,🔥,,,,,,,,,,
20260728,2026-07-29T00:01:58.477192+00:00,OUT,19,19,65.2,12.0,10.2,6.3,0.79,0.16,-3.93,33.81,⏳,,,,,,,,,,
20260728,2026-07-29T00:01:58.477192+00:00,ILMN,20,20,64.2,8.0,19.7,0.8,0.99,3.06,-1.97,196.86,📊,,,,,,,,,,
20260728,2026-07-29T00:01:58.477192+00:00,BRKR,21,21,62.6,8.0,13.9,3.2,0.82,0.84,0.0,62.91,🔥,,,,,,,,,,
20260728,2026-07-29T00:01:58.477192+00:00,ING,22,22,62.2,15.0,17.4,1.6,0.72,0.73,-0.63,33.49,🔥,,,,,,,,,,
20260728,2026-07-29T00:01:58.477192+00:00,CNC,23,23,62.1,8.0,13.3,3.2,0.78,0.85,-7.0,68.72,⏳,,,,,,,,,,
20260728,2026-07-29T00:01:58.477192+00:00,BNS,24,24,61.5,6.0,7.1,30.2,1.05,0.68,-2.16,90.29,📊,,,,,,,,,,
20260728,2026-07-29T00:01:58.477192+00:00,ETSY,25,25,61.2,6.0,16.5,21.4,0.83,2.8,0.0,86.47,🔥,,,,,,,,,,
20260728,2026-07-29T00:01:58.477192+00:00,GE,26,26,61.0,6.0,10.0,15.9,0.7,-0.59,-3.98,378.68,⏳,,,,,,,,,,
20260728,2026-07-29T00:01:58.477192+00:00,WSM,27,27,60.4,6.0,9.8,18.3,0.79,-0.3,-1.27,239.37,🔥,,,,,,,,,,
20260728,2026-07-29T00:01:58.477192+00:00,SIRI,28,28,59.9,13.0,17.3,5.6,0.63,1.0,1.47,31.22,📊,,,,,,,,,,
20260728,2026-07-29T00:01:58.477192+00:00,UBS,29,29,59.7,9.0,15.1,15.1,0.76,1.61,-5.52,55.07,⏳,,,,,,,,,,
20260728,2026-07-29T00:01:58.477192+00:00,TD,30,30,58.0,6.0,6.6,31.0,1.39,0.49,-3.52,124.8,📊,,,,,,,,,,
20260728,2026-07-29T00:01:58.477192+00:00,CUZ,31,31,57.6,13.0,23.3,23.8,0.71,2.03,-1.37,32.15,🔥,,,,,,,,,,
20260728,2026-07-29T00:01:58.477192+00:00,DOC,32,32,57.3,11.0,17.5,23.0,0.69,1.75,0.0,22.82,🔥,,,,,,,,,,
20260728,2026-07-29T00:01:58.477192+00:00,CVS,33,33,56.6,11.0,19.1,12.7,0.87,1.8,-0.53,109.92,🔥,,,,,,,,,,
20260728,2026-07-29T00:01:58.477192+00:00,LYG,34,34,56.1,33.0,23.6,0.0,0.74,-0.03,-2.59,6.17,🔥,,,,,,,,,,
20260728,2026-07-29T00:01:58.477192+00:00,M,35,35,56.1,6.0,12.8,11.1,0.76,-0.69,-3.12,25.96,⏳,,,,,,,,,,
20260728,2026-07-29T00:01:58.477192+00:00,FITB,36,36,55.9,16.0,21.2,3.2,0.93,0.75,-2.64,59.37,🔥,,,,,,,,,,
20260728,2026-07-29T00:01:58.477192+00:00,MGA,37,37,55.9,8.0,8.0,30.2,0.86,0.02,1.28,68.15,📊,,,,,,,,,,
20260728,2026-07-29T00:01:58.477192+00:00,AMRX,38,38,55.5,6.0,14.1,33.3,0.98,1.9,0.0,18.76,📊,,,,,,,,,,
20260728,2026-07-29T00:01:58.477192+00:00,NET,39,39,55.3,8.0,22.5,4.8,0.65,1.56,-6.26,281.75,⏳,,,,,,,,,,
20260728,2026-07-29T00:01:58.477192+00:00,IBKR,40,40,55.1,12.0,17.5,6.3,0.9,1.12,-6.67,97.41,⏳,,,,,,,,,,
20260728,2026-07-29T00:01:58.477192+00:00,MNST,41,41,54.7,11.0,14.1,15.9,1.03,1.33,-2.2,99.94,📊,,,,,,,,,,
20260728,2026-07-29T00:01:58.477192+00:00,TGTX,42,42,54.5,6.0,16.2,12.7,0.88,1.18,-7.09,59.06,⏳,,,,,,,,,,
20260728,2026-07-29T00:01:58.477192+00:00,CROX,43,43,54.4,8.0,15.9,42.1,0.73,1.81,-2.14,138.91,📊,,,,,,,,,,
20260728,2026-07-29T00:01:58.477192+00:00,CM,44,44,54.2,14.0,13.2,20.6,0.88,0.34,-1.17,121.24,🔥,,,,,,,,,,
20260728,2026-07-29T00:01:58.477192+00:00,DDOG,45,45,53.0,9.0,20.5,0.0,0.67,1.48,-9.59,277.49,⏳,,,,,,,,,,
20260728,2026-07-29T00:01:58.477192+00:00,RAL,46,46,52.5,6.0,9.1,10.3,0.91,-0.23,-8.0,73.63,⏳,,,,,,,,,,
20260728,2026-07-29T00:01:58.477192+00:00,PNC,47,47,52.4,31.0,21.9,0.0,0.95,0.09,-0.62,253.18,📊,,,,,,,,,,
20260728,2026-07-29T00:01:58.477192+00:00,ATI,48,48,51.8,8.0,13.0,7.1,0.73,0.41,-8.38,204.09,⏳,,,,,,,,,,
20260728,2026-07-29T00:01:58.477192+00:00,RYCEY,49,49,51.5,6.0,9.8,17.5,1.04,-0.12,-6.32,20.1,⏳,,,,,,,,,,
20260728,2026-07-29T00:01:58.477192+00:00,ALKS,50,50,51.4,7.0,23.1,9.5,0.74,3.22,-8.55,55.22,⏳,,,,,,,,,,
20260728,2026-07-29T00:01:58.477192+00:00,ROIV,51,51,51.2,12.0,24.4,3.2,0.79,2.32,-8.07,36.81,⏳,,,,,,,,,,
20260728,2026-07-29T00:01:58.477192+00:00,SYRE,52,52,50.1,6.0,18.8,39.7,0.83,3.2,-2.67,102.7,📊,,,,,,,,,,
20260728,2026-07-29T00:01:58.477192+00:00,HR,53,53,50.0,11.0,9.7,51.6,0.89,0.49,1.86,21.47,🚀,,,,,,,,,,
20260728,2026-07-29T00:01:58.477192+00:00,VOYA,54,54,49.7,13.0,21.2,41.3,0.74,1.91,-0.58,100.59,📊,,,,,,,,,,
20260728,2026-07-29T00:01:58.477192+00:00,KMX,55,55,49.3,7.0,19.5,69.0,0.77,2.78,-0.1,58.94,📊,,,,,,,,,,
20260728,2026-07-29T00:01:58.477192+00:00,CFG,56,56,49.1,16.0,18.8,9.5,1.15,0.42,-1.96,74.4,📊,,,,,,,,,,
20260728,2026-07-29T00:01:58.477192+00:00,LQDA,57,57,48.7,6.0,23.6,37.3,0.78,3.2,-2.48,89.03,📊,,,,,,,,,,
20260728,2026-07-29T00:01:58.477192+00:00,F,58,58,48.4,7.0,10.9,34.1,0.87,-0.44,-0.27,15.0,📊,,,,,,,,,,
20260728,2026-07-29T00:01:58.477192+00:00,MAC,59,59,48.4,14.0,18.8,23.0,0.67,1.3,2.28,25.92,📊,,,,,,,,,,
20260728,2026-07-29T00:01:58.477192+00:00,PFG,60,60,48.0,13.0,13.6,18.3,1.16,0.95,0.0,114.09,🚀,,,,,,,,,,
20260728,2026-07-29T00:01:58.477192+00:00,CTVA,61,61,47.0,22.0,16.6,11.1,0.86,-0.37,-0.34,89.25,🔥,,,,,,,,,,
20260728,2026-07-29T00:01:58.477192+00:00,NTAP,62,62,46.8,7.0,12.9,41.3,0.89,0.64,-0.01,174.55,📊,,,,,,,,,,
20260728,2026-07-29T00:01:58.477192+00:00,TIGO,63,63,46.7,16.0,21.9,16.7,0.8,0.78,-3.01,98.61,⏳,,,,,,,,,,
20260728,2026-07-29T00:01:58.477192+00:00,MT,64,64,46.5,15.0,22.9,0.8,0.91,0.28,-6.07,71.65,⏳,,,,,,,,,,
20260728,2026-07-29T00:01:58.477192+00:00,PRM,65,65,46.5,11.0,21.0,2.4,0.86,0.7,-7.6,37.78,⏳,,,,,,,,,,
20260728,2026-07-29T00:01:58.477192+00:00,VSXY,66,66,46.2,7.0,16.9,39.7,0.72,1.35,0.0,89.31,🚀,,,,,,,,,,
20260728,2026-07-29T00:01:58.477192+00:00,SAN,67,67,45.7,15.0,19.6,8.7,1.09,0.74,-2.71,14.37,📊,,,,,,,,,,
20260728,2026-07-29T00:01:58.477192+00:00,BBVA,68,68,45.5,33.0,24.8,3.2,0.66,-0.04,1.11,26.23,📊,,,,,,,,,,
20260728,2026-07-29T00:01:58.477192+00:00,CRWD,69,69,45.3,9.0,23.5,9.5,0.66,1.89,-13.73,210.73,📊,,,,,,,,,,
20260728,2026-07-29T00:01:58.477192+00:00,SWK,70,70,45.3,13.0,22.4,29.4,0.75,1.59,0.0,94.19,🚀,,,,,,,,,,
20260728,2026-07-29T00:01:58.477192+00:00,HWM,71,71,45.1,23.0,22.9,12.7,0.75,-0.04,-1.11,289.26,🔥,,,,,,,,,,
20260728,2026-07-29T00:01:58.477192+00:00,PANW,72,72,44.7,6.0,22.0,15.1,0.83,3.35,-11.06,358.68,📊,,,,,,,,,,
20260728,2026-07-29T00:01:58.477192+00:00,ELAN,73,73,44.5,20.0,24.4,7.1,0.73,-0.45,-2.52,26.18,🔥,,,,,,,,,,
20260728,2026-07-29T00:01:58.477192+00:00,FTNT,74,74,44.3,8.0,17.0,23.0,0.74,1.46,-10.1,166.83,📊,,,,,,,,,,
20260728,2026-07-29T00:01:58.477192+00:00,HST,75,75,43.5,7.0,7.1,66.7,1.08,0.35,3.96,24.5,📊,,,,,,,,,,
20260728,2026-07-29T00:01:58.477192+00:00,NTRA,76,76,43.4,6.0,23.5,21.4,0.74,2.7,-11.13,283.8,📊,,,,,,,,,,
20260728,2026-07-29T00:01:58.477192+00:00,VTRS,77,77,42.2,11.0,12.6,42.9,0.86,0.28,1.53,17.59,📊,,,,,,,,,,
20260728,2026-07-29T00:01:58.477192+00:00,EAT,78,78,42.1,6.0,22.5,37.3,0.94,4.14,0.0,198.24,📊,,,,,,,,,,
20260728,2026-07-29T00:01:58.477192+00:00,RY,79,79,41.8,14.0,19.7,33.3,0.94,1.37,-1.93,216.57,📊,,,,,,,,,,
20260728,2026-07-29T00:01:58.477192+00:00,SGHC,80,80,41.6,13.0,21.1,41.3,0.72,1.23,-3.78,15.59,📊,,,,,,,,,,
20260728,2026-07-29T00:01:58.477192+00:00,PAGP,81,81,41.5,20.0,15.9,78.6,0.66,-0.25,-0.91,26.51,📊,,,,,,,,,,
20260728,2026-07-29T00:01:58.477192+00:00,HSBC,82,82,41.4,15.0,17.1,50.0,0.74,0.47,-0.26,103.97,📊,,,,,,,,,,
20260728,2026-07-29T00:01:58.477192+00:00,PAA,83,83,41.3,20.0,16.6,92.1,0.67,-0.21,-1.05,24.69,📊,,,,,,,,,,
20260728,2026-07-29T00:01:58.477192+00:00,DAL,84,84,40.7,6.0,12.3,36.5,0.82,-0.48,-4.34,93.43,📊,,,,,,,,,,
20260728,2026-07-29T00:01:58.477192+00:00,BNY,85,85,40.6,14.0,19.6,80.2,1.01,1.11,-3.23,161.71,📊,,,,,,,,,,
20260728,2026-07-29T00:01:58.477192+00:00,ZION,86,86,40.4,15.0,19.3,12.7,1.12,0.8,-5.17,73.31,⏳,,,,,,,,,,
20260728,2026-07-29T00:01:58.477192+00:00,USB,87,87,40.0,32.0,22.7,14.3,0.9,0.06,-0.06,64.47,🔥,,,,,,,,,,
20260729,2026-07-30T00:02:33.680293+00:00,ROKU,1,1,84.9,6.0,7.3,0.0,0.66,1.13,0.0,145.33,🔥,,,,,,,,,,
20260729,2026-07-30T00:02:33.680293+00:00,UNH,2,2,84.5,7.0,8.4,0.0,0.74,0.74,-3.62,436.35,⏳,,,,,,,,,,
20260729,2026-07-30T00:02:33.680293+00:00,VIK,3,3,75.5,6.0,10.4,0.0,0.65,0.2,-2.18,104.95,🔥,,,,,,,,,,
20260729,2026-07-30T00:02:33.680293+00:00,MGM,4,4,74.7,8.0,9.5,0.0,0.48,-0.64,-7.77,49.69,⏳,,,,,,,,,,
20260729,2026-07-30T00:02:33.680293+00:00,TVTX,5,5,74.7,6.0,9.6,1.6,0.5,0.08,-5.88,59.03,⏳,,,,,,,,,,
20260729,2026-07-30T00:02:33.680293+00:00,ARMK,6,6,73.6,9.0,10.1,8.7,0.87,1.2,-1.69,58.15,🔥,,,,,,,,,,
20260729,2026-07-30T00:02:33.680293+00:00,IMVT,7,7,73.3,6.0,18.2,3.2,0.52,1.77,-6.04,41.09,⏳,,,,,,,,,,
20260729,2026-07-30T00:02:33.680293+00:00,RVMD,8,8,71.6,6.0,18.7,1.6,0.56,2.13,-6.07,192.62,⏳,,,,,,,,,,
20260729,2026-07-30T00:02:33.680293+00:00,EXEL,9,9,71.1,11.0,15.0,1.6,0.84,1.38,-3.1,57.1,⏳,,,,,,,,,,
20260729,2026-07-30T00:02:33.680293+00:00,LLY,10,10,69.9,9.0,13.9,5.6,0.72,1.32,-2.07,1235.56,🔥,,,,,,,,,,
20260729,2026-07-30T00:02:33.680293+00:00,BUD,11,11,68.0,11.0,8.4,3.2,0.96,0.02,-0.26,85.09,📊,,,,,,,,,,
20260729,2026-07-30T00:02:33.680293+00:00,DOC,12,12,66.9,11.0,17.5,19.0,0.67,1.81,-1.49,22.82,🔥,,,,,,,,,,
20260729,2026-07-30T00:02:33.680293+00:00,DLTR,13,13,66.8,8.0,17.2,4.0,0.75,2.05,0.39,128.45,📊,,,,,,,,,,
20260729,2026-07-30T00:02:33.680293+00:00,EBAY,14,14,65.6,12.0,11.5,15.9,0.62,0.14,-2.81,118.63,🔥,,,,,,,,,,
20260729,2026-07-30T00:02:33.680293+00:00,OUT,15,15,65.4,13.0,11.0,7.1,0.77,0.21,-3.46,33.81,⏳,,,,,,,,,,
20260729,2026-07-30T00:02:33.680293+00:00,ETSY,16,16,65.3,6.0,16.1,19.8,0.8,2.77,-1.03,86.47,🔥,,,,,,,,,,
20260729,2026-07-30T00:02:33.680293+00:00,OSCR,17,17,64.7,6.0,12.4,4.0,0.62,0.48,-5.0,32.18,⏳,,,,,,,,,,
20260729,2026-07-30T00:02:33.680293+00:00,ILMN,18,18,64.5,8.0,19.7,0.0,0.98,3.14,-1.04,196.86,📊,,,,,,,,,,
20260729,2026-07-30T00:02:33.680293+00:00,SN,19,19,64.5,6.0,13.9,7.9,0.79,2.3,3.04,154.53,📊,,,,,,,,,,
20260729,2026-07-30T00:02:33.680293+00:00,BRKR,20,20,64.4,8.0,13.9,4.0,0.83,0.96,-1.86,62.91,🔥,,,,,,,,,,
20260729,2026-07-30T00:02:33.680293+00:00,ING,21,21,64.1,15.0,17.4,0.8,0.71,0.76,-2.93,33.49,🔥,,,,,,,,,,
20260729,2026-07-30T00:02:33.680293+00:00,BTSG,22,22,63.7,6.0,12.0,9.5,1.41,1.39,-4.86,72.91,⏳,,,,,,,,,,
20260729,2026-07-30T00:02:33.680293+00:00,BEN,23,23,62.1,6.0,6.7,23.8,0.88,-0.26,-5.95,34.44,⏳,,,,,,,,,,
20260729,2026-07-30T00:02:33.680293+00:00,NET,24,24,61.8,8.0,22.5,4.0,0.66,1.82,-4.04,281.75,⏳,,,,,,,,,,
20260729,2026-07-30T00:02:33.680293+00:00,DDOG,25,25,61.7,9.0,20.5,0.8,0.68,1.49,-4.79,277.49,⏳,,,,,,,,,,
20260729,2026-07-30T00:02:33.680293+00:00,RY,26,26,60.4,6.0,7.9,31.0,0.91,1.0,-4.67,216.57,📊,,,,,,,,,,
20260729,2026-07-30T00:02:33.680293+00:00,GE,27,27,60.3,6.0,10.0,11.9,0.69,-0.78,-7.41,378.68,⏳,,,,,,,,,,
20260729,2026-07-30T00:02:33.680293+00:00,UBS,28,28,59.7,9.0,15.1,11.1,0.81,1.59,-5.94,55.07,⏳,,,,,,,,,,
20260729,2026-07-30T00:02:33.680293+00:00,WSM,29,29,59.6,6.0,9.8,19.8,0.77,-0.21,-2.32,239.37,🔥,,,,,,,,,,
20260729,2026-07-30T00:02:33.680293+00:00,BNS,30,30,59.5,6.0,6.4,29.4,1.03,0.56,-4.71,90.29,⏳,,,,,,,,,,
20260729,2026-07-30T00:02:33.680293+00:00,VOYA,31,31,58.1,13.0,21.2,25.4,0.74,1.94,-1.76,100.59,📊,,,,,,,,,,
20260729,2026-07-30T00:02:33.680293+00:00,CVS,32,32,57.5,11.0,19.1,9.5,0.88,1.77,-3.64,109.92,⏳,,,,,,,,,,
20260729,2026-07-30T00:02:33.680293+00:00,MAC,33,33,57.5,14.0,18.8,25.4,0.62,1.36,0.66,25.92,📊,,,,,,,,,,
20260729,2026-07-30T00:02:33.680293+00:00,BBVA,34,34,57.0,16.0,21.7,1.6,0.66,0.65,-3.5,26.59,⏳,,,,,,,,,,
20260729,2026-07-30T00:02:33.680293+00:00,ZETA,35,35,55.8,7.0,20.6,6.3,0.88,1.37,-2.0,22.53,🔥,,,,,,,,,,
20260729,2026-07-30T00:02:33.680293+00:00,CGON,36,36,55.5,6.0,19.9,4.0,0.9,1.95,-8.13,75.24,⏳,,,,,,,,,,
20260729,2026-07-30T00:02:33.680293+00:00,HUM,37,37,55.1,7.0,12.5,3.2,0.83,1.18,-10.75,409.42,📊,,,,,,,,,,
20260729,2026-07-30T00:02:33.680293+00:00,MNST,38,38,54.8,11.0,14.1,16.7,1.01,1.35,-2.71,99.94,📊,,,,,,,,,,
20260729,2026-07-30T00:02:33.680293+00:00,CROX,39,39,54.6,9.0,16.5,35.7,0.74,1.89,-3.88,138.91,📊,,,,,,,,,,
20260729,2026-07-30T00:02:33.680293+00:00,CM,40,40,53.6,14.0,13.2,18.3,0.89,0.37,-4.13,121.24,⏳,,,,,,,,,,
20260729,2026-07-30T00:02:33.680293+00:00,MGA,41,41,53.6,8.0,8.0,34.9,0.88,0.14,1.39,68.15,📊,,,,,,,,,,
20260729,2026-07-30T00:02:33.680293+00:00,LYV,42,42,53.5,23.0,21.9,4.0,0.66,0.09,-1.16,186.59,🔥,,,,,,,,,,
20260729,2026-07-30T00:02:33.680293+00:00,PNC,43,43,53.2,31.0,21.9,0.0,0.95,0.09,-1.85,253.18,📊,,,,,,,,,,
20260729,2026-07-30T00:02:33.680293+00:00,PFG,44,44,52.2,13.0,13.5,12.7,1.18,0.98,-0.8,114.09,📊,,,,,,,,,,
20260729,2026-07-30T00:02:33.680293+00:00,HR,45,45,51.6,11.0,9.7,50.0,0.87,0.56,1.58,21.47,📊,,,,,,,,,,
20260729,2026-07-30T00:02:33.680293+00:00,M,46,46,51.3,6.0,12.8,16.7,0.76,-0.44,-4.62,25.96,⏳,,,,,,,,,,
20260729,2026-07-30T00:02:33.680293+00:00,SGHC,47,47,50.7,14.0,22.7,17.5,0.69,1.24,-4.49,15.59,⏳,,,,,,,,,,
20260729,2026-07-30T00:02:33.680293+00:00,CUZ,48,48,50.6,14.0,24.7,19.0,0.73,1.96,0.0,32.3,🚀,,,,,,,,,,
20260729,2026-07-30T00:02:33.680293+00:00,TIGO,49,49,50.0,16.0,21.7,7.9,0.78,0.81,-4.49,98.61,⏳,,,,,,,,,,
20260729,2026-07-30T00:02:33.680293+00:00,RAL,50,50,50.0,6.0,9.1,4.0,1.0,-0.37,-9.05,73.63,⏳,,,,,,,,,,
20260729,2026-07-30T00:02:33.680293+00:00,NTAP,51,51,49.9,7.0,12.9,39.7,0.91,1.0,-0.76,174.55,📊,,,,,,,,,,
20260729,2026-07-30T00:02:33.680293+00:00,SIRI,52,52,49.6,13.0,17.3,12.7,0.66,1.02,4.39,31.22,🚀,,,,,,,,,,
20260729,2026-07-30T00:02:33.680293+00:00,SYRE,53,53,49.4,6.0,18.8,36.5,0.81,2.94,-4.7,102.7,📊,,,,,,,,,,
20260729,2026-07-30T00:02:33.680293+00:00,MO,54,54,48.8,24.0,16.8,15.1,0.76,0.04,0.0,74.92,🔥,,,,,,,,,,
20260729,2026-07-30T00:02:33.680293+00:00,PRM,55,55,48.8,7.0,13.4,2.4,0.82,-0.87,-8.23,37.78,⏳,,,,,,,,,,
20260729,2026-07-30T00:02:33.680293+00:00,LQDA,56,56,48.7,6.0,23.6,39.7,0.76,3.5,-2.48,89.03,📊,,,,,,,,,,
20260729,2026-07-30T00:02:33.680293+00:00,FITB,57,57,48.1,16.0,21.1,3.2,0.94,0.79,-4.72,59.37,⏳,,,,,,,,,,
20260729,2026-07-30T00:02:33.680293+00:00,KMX,58,58,47.9,7.0,19.8,72.2,0.8,2.8,0.0,59.11,📊,,,,,,,,,,
20260729,2026-07-30T00:02:33.680293+00:00,TD,59,59,47.4,6.0,6.3,46.8,1.44,0.33,-6.26,124.8,📊,,,,,,,,,,
20260729,2026-07-30T00:02:33.680293+00:00,TGTX,60,60,47.2,6.0,14.4,16.7,0.87,0.61,-9.45,59.06,⏳,,,,,,,,,,
20260729,2026-07-30T00:02:33.680293+00:00,RYCEY,61,61,46.9,6.0,9.8,18.3,1.07,-0.25,-7.81,20.1,⏳,,,,,,,,,,
20260729,2026-07-30T00:02:33.680293+00:00,FTNT,62,62,46.4,8.0,17.0,23.0,0.78,1.39,-8.16,166.83,⏳,,,,,,,,,,
20260729,2026-07-30T00:02:33.680293+00:00,ALKS,63,63,46.2,7.0,20.6,17.5,0.77,2.6,-12.46,55.22,📊,,,,,,,,,,
20260729,2026-07-30T00:02:33.680293+00:00,VSXY,64,64,46.1,8.0,18.2,46.0,0.72,1.54,-0.2,89.31,📊,,,,,,,,,,
20260729,2026-07-30T00:02:33.680293+00:00,SWK,65,65,46.0,14.0,22.4,27.0,0.8,1.51,-1.21,94.19,📊,,,,,,,,,,
20260729,2026-07-30T00:02:33.680293+00:00,AMRX,66,66,45.9,6.0,11.0,45.2,0.96,2.0,5.52,18.1,📊,,,,,,,,,,
20260729,2026-07-30T00:02:33.680293+00:00,USB,67,67,45.8,32.0,22.6,6.3,0.89,0.07,-2.56,64.47,🔥,,,,,,,,,,
20260729,2026-07-30T00:02:33.680293+00:00,F,68,68,44.6,6.0,10.0,50.8,0.9,0.21,2.96,14.84,🚀,,,,,,,,,,
20260729,2026-07-30T00:02:33.680293+00:00,HST,69,69,44.5,7.0,7.1,77.8,1.05,0.44,4.24,24.5,📊,,,,,,,,,,
20260729,2026-07-30T00:02:33.680293+00:00,CFG,70,70,44.3,16.0,18.8,5.6,1.15,0.46,-4.15,74.4,⏳,,,,,,,,,,
20260729,2026-07-30T00:02:33.680293+00:00,DAL,71,71,43.6,9.0,18.4,23.8,0.81,1.18,-7.68,93.43,⏳,,,,,,,,,,
20260729,2026-07-30T00:02:33.680293+00:00,VTRS,72,72,43.1,11.0,12.6,39.7,0.85,0.34,1.31,17.59,📊,,,,,,,,,,
20260729,2026-07-30T00:02:33.680293+00:00,HSBC,73,73,42.9,15.0,17.1,39.7,0.76,0.54,-1.32,103.97,📊,,,,,,,,,,
20260729,2026-07-30T00:02:33.680293+00:00,MPC,74,74,42.9,12.0,24.5,81.0,0.85,1.97,-3.45,319.76,📊,,,,,,,,,,
20260729,2026-07-30T00:02:33.680293+00:00,HWM,75,75,42.2,23.0,22.9,10.3,0.72,-0.05,-5.69,289.26,⏳,,,,,,,,,,
20260729,2026-07-30T00:02:33.680293+00:00,AEG,76,76,41.9,15.0,15.8,38.1,1.08,0.71,-1.74,9.18,📊,,,,,,,,,,
20260729,2026-07-30T00:02:33.680293+00:00,YOU,77,77,41.3,14.0,19.2,14.3,0.73,-0.66,-6.1,62.18,⏳,,,,,,,,,,
20260729,2026-07-30T00:02:33.680293+00:00,EBC,78,78,41.2,33.0,22.8,22.2,0.9,0.08,-2.17,23.55,🔥,,,,,,,,,,
20260729,2026-07-30T00:02:33.680293+00:00,SAN,79,79,41.1,15.0,19.6,12.7,1.11,0.78,-6.89,14.37,⏳,,,,,,,,,,
20260729,2026-07-30T00:02:33.680293+00:00,EOG,80,80,41.1,19.0,13.7,72.2,0.74,-0.77,-1.15,147.64,📊,,,,,,,,,,
20260729,2026-07-30T00:02:33.680293+00:00,PANW,81,81,40.7,6.0,22.0,23.0,0.81,2.83,-12.41,358.68,📊,,,,,,,,,,
20260730,2026-07-31T00:01:56.483458+00:00,TVTX,1,1,85.5,6.0,8.3,2.4,0.49,-0.11,-2.96,59.03,🔥,,,,,,,,,,
20260730,2026-07-31T00:01:56.483458+00:00,UNH,2,2,84.6,7.0,8.4,0.8,0.73,0.73,-3.41,436.35,⏳,,,,,,,,,,
20260730,2026-07-31T00:01:56.483458+00:00,ROKU,3,3,84.3,6.0,6.7,0.8,0.62,0.85,0.46,144.43,📊,,,,,,,,,,
20260730,2026-07-31T00:01:56.483458+00:00,IMVT,4,4,79.8,6.0,15.5,1.6,0.51,1.25,-3.92,41.09,⏳,,,,,,,,,,
20260730,2026-07-31T00:01:56.483458+00:00,EXEL,5,5,76.7,8.0,10.1,0.0,0.84,1.15,-1.98,57.1,🔥,,,,,,,,,,
20260730,2026-07-31T00:01:56.483458+00:00,ARMK,6,6,75.6,9.0,9.2,7.1,0.85,1.13,-1.55,58.15,🔥,,,,,,,,,,
20260730,2026-07-31T00:01:56.483458+00:00,RVMD,7,7,73.7,6.0,18.1,3.2,0.56,1.76,-0.23,192.62,🔥,,,,,,,,,,
20260730,2026-07-31T00:01:56.483458+00:00,VIK,8,8,73.1,6.0,9.8,1.6,0.63,0.11,-0.48,104.95,🔥,,,,,,,,,,
20260730,2026-07-31T00:01:56.483458+00:00,ETSY,9,9,72.0,6.0,16.1,4.8,0.79,2.64,-3.84,86.47,⏳,,,,,,,,,,
20260730,2026-07-31T00:01:56.483458+00:00,OSCR,10,10,70.1,7.0,13.5,2.4,0.59,0.76,-2.95,32.18,🔥,,,,,,,,,,
20260730,2026-07-31T00:01:56.483458+00:00,DLTR,11,11,69.6,8.0,17.5,4.8,0.69,2.17,-0.29,128.95,🔥,,,,,,,,,,
20260730,2026-07-31T00:01:56.483458+00:00,VOYA,12,12,68.6,7.0,11.4,14.3,0.74,1.79,-0.32,100.59,🔥,,,,,,,,,,
20260730,2026-07-31T00:01:56.483458+00:00,TKR,13,13,67.9,8.0,9.3,4.0,0.78,0.22,-6.34,145.32,⏳,,,,,,,,,,
20260730,2026-07-31T00:01:56.483458+00:00,CVS,14,14,67.5,7.0,11.4,7.9,0.89,1.29,-4.28,109.92,⏳,,,,,,,,,,
20260730,2026-07-31T00:01:56.483458+00:00,CUZ,15,15,64.2,12.0,20.9,15.9,0.76,2.22,-1.15,32.3,🔥,,,,,,,,,,
20260730,2026-07-31T00:01:56.483458+00:00,DDOG,16,16,63.6,9.0,20.5,2.4,0.68,1.5,-3.22,277.49,⏳,,,,,,,,,,
20260730,2026-07-31T00:01:56.483458+00:00,RY,17,17,63.2,6.0,7.9,30.2,0.92,0.91,-2.98,216.57,📊,,,,,,,,,,
20260730,2026-07-31T00:01:56.483458+00:00,CGON,18,18,62.3,6.0,19.7,5.6,0.87,1.54,-2.94,75.24,🔥,,,,,,,,,,
20260730,2026-07-31T00:01:56.483458+00:00,NET,19,19,61.6,8.0,22.5,2.4,0.67,1.86,0.58,281.75,📊,,,,,,,,,,
20260730,2026-07-31T00:01:56.483458+00:00,DOC,20,20,61.3,11.0,17.5,19.0,0.67,1.83,-3.33,22.82,⏳,,,,,,,,,,
20260730,2026-07-31T00:01:56.483458+00:00,MNST,21,21,60.6,7.0,8.7,18.3,1.03,0.6,-2.29,99.94,📊,,,,,,,,,,
20260730,2026-07-31T00:01:56.483458+00:00,GE,22,22,60.5,6.0,10.0,7.9,0.69,-0.87,-6.24,378.68,⏳,,,,,,,,,,
20260730,2026-07-31T00:01:56.483458+00:00,BNS,23,23,60.4,6.0,6.4,28.6,1.11,0.5,-2.71,90.29,📊,,,,,,,,,,
20260730,2026-07-31T00:01:56.483458+00:00,UBS,24,24,60.1,11.0,18.0,7.9,0.84,1.56,-3.05,55.07,⏳,,,,,,,,,,
20260730,2026-07-31T00:01:56.483458+00:00,BTSG,25,25,60.0,6.0,11.6,16.7,1.39,1.25,-0.04,72.91,📊,,,,,,,,,,
20260730,2026-07-31T00:01:56.483458+00:00,LLY,26,26,59.5,9.0,13.9,10.3,0.72,1.17,-6.52,1235.56,⏳,,,,,,,,,,
20260730,2026-07-31T00:01:56.483458+00:00,SN,27,27,59.1,6.0,13.9,15.9,0.77,2.48,5.69,154.53,📊,,,,,,,,,,
20260730,2026-07-31T00:01:56.483458+00:00,RYCEY,28,28,58.7,6.0,9.8,20.6,0.95,-0.16,-2.19,20.1,📊,,,,,,,,,,
20260730,2026-07-31T00:01:56.483458+00:00,WSM,29,29,58.7,6.0,9.8,22.2,0.73,-0.13,-2.53,239.37,🔥,,,,,,,,,,
20260730,2026-07-31T00:01:56.483458+00:00,RVTY,30,30,58.5,12.0,18.9,4.0,0.92,1.67,-0.13,113.69,🚀,,,,,,,,,,
20260730,2026-07-31T00:01:56.483458+00:00,SYRE,31,31,57.5,6.0,16.0,34.9,0.77,2.57,-1.17,102.7,📊,,,,,,,,,,
20260730,2026-07-31T00:01:56.483458+00:00,HR,32,32,57.4,12.0,11.3,42.1,0.88,0.56,-1.55,21.87,📊,,,,,,,,,,
20260730,2026-07-31T00:01:56.483458+00:00,TIGO,33,33,57.2,16.0,21.7,0.0,0.73,0.84,-3.49,98.61,⏳,,,,,,,,,,
20260730,2026-07-31T00:01:56.483458+00:00,BRKR,34,34,56.0,8.0,13.5,7.1,0.81,0.96,2.71,62.65,📊,,,,,,,,,,
20260730,2026-07-31T00:01:56.483458+00:00,PRM,35,35,55.9,7.0,13.4,6.3,0.85,-0.77,-1.46,37.78,🔥,,,,,,,,,,
20260730,2026-07-31T00:01:56.483458+00:00,CM,36,36,55.6,15.0,13.2,17.5,0.86,0.33,-2.45,121.24,🔥,,,,,,,,,,
20260730,2026-07-31T00:01:56.483458+00:00,BUD,37,37,55.2,11.0,8.4,26.2,0.95,0.08,1.23,85.09,🚀,,,,,,,,,,
20260730,2026-07-31T00:01:56.483458+00:00,BEN,38,38,54.7,12.0,12.7,19.0,0.91,0.74,-3.69,34.44,⏳,,,,,,,,,,
20260730,2026-07-31T00:01:56.483458+00:00,ILMN,39,39,53.8,8.0,19.7,0.8,0.99,3.12,4.18,196.86,🚀,,,,,,,,,,
20260730,2026-07-31T00:01:56.483458+00:00,PNC,40,40,53.1,32.0,22.0,0.8,0.94,0.12,-1.77,253.18,🔥,,,,,,,,,,
20260730,2026-07-31T00:01:56.483458+00:00,SIRI,41,41,52.7,14.0,20.7,11.9,0.68,1.07,-4.97,32.59,⏳,,,,,,,,,,
20260730,2026-07-31T00:01:56.483458+00:00,NTAP,42,42,52.6,7.0,12.9,38.1,0.86,1.25,-0.33,174.55,📊,,,,,,,,,,
20260730,2026-07-31T00:01:56.483458+00:00,DAL,43,43,52.4,9.0,18.4,15.1,0.81,1.1,-5.18,93.43,⏳,,,,,,,,,,
20260730,2026-07-31T00:01:56.483458+00:00,HST,44,44,52.3,7.0,8.9,80.2,0.98,0.47,0.48,24.97,📊,,,,,,,,,,
20260730,2026-07-31T00:01:56.483458+00:00,AMRX,45,45,52.3,6.0,11.0,47.6,0.98,2.13,2.21,18.1,📊,,,,,,,,,,
20260730,2026-07-31T00:01:56.483458+00:00,MAC,46,46,52.2,15.0,20.6,24.6,0.6,1.31,-3.92,26.51,⏳,,,,,,,,,,
20260730,2026-07-31T00:01:56.483458+00:00,SMFG,47,47,52.1,16.0,24.2,0.0,0.91,1.17,-2.72,26.5,🔥,,,,,,,,,,
20260730,2026-07-31T00:01:56.483458+00:00,PFG,48,48,51.8,13.0,13.5,11.9,1.17,1.0,-0.12,114.09,📊,,,,,,,,,,
20260730,2026-07-31T00:01:56.483458+00:00,MGA,49,49,51.5,9.0,8.0,34.9,0.91,0.28,2.49,68.15,📊,,,,,,,,,,
20260730,2026-07-31T00:01:56.483458+00:00,TD,50,50,51.4,6.0,6.3,46.0,1.48,0.23,-4.04,124.8,📊,,,,,,,,,,
20260730,2026-07-31T00:01:56.483458+00:00,ROIV,51,51,51.0,12.0,23.4,23.0,0.79,2.27,-6.22,36.81,⏳,,,,,,,,,,
20260730,2026-07-31T00:01:56.483458+00:00,HUM,52,52,50.5,7.0,12.5,7.9,0.86,0.92,-10.44,409.42,📊,,,,,,,,,,
20260730,2026-07-31T00:01:56.483458+00:00,IBKR,53,53,50.5,12.0,17.0,14.3,0.87,0.97,-7.11,97.41,⏳,,,,,,,,,,
20260730,2026-07-31T00:01:56.483458+00:00,CFG,54,54,50.5,16.0,18.8,5.6,1.13,0.5,-3.59,74.4,⏳,,,,,,,,,,
20260730,2026-07-31T00:01:56.483458+00:00,CYTK,55,55,49.5,6.0,10.5,28.6,0.68,-0.39,-7.84,87.26,⏳,,,,,,,,,,
20260730,2026-07-31T00:01:56.483458+00:00,BCS,56,56,49.3,15.0,21.1,20.6,0.96,1.21,-3.01,28.56,⏳,,,,,,,,,,
20260730,2026-07-31T00:01:56.483458+00:00,ING,57,57,48.9,15.0,17.4,7.9,0.71,0.76,4.33,33.49,📊,,,,,,,,,,
20260730,2026-07-31T00:01:56.483458+00:00,LQDA,58,58,48.8,6.0,22.9,40.5,0.76,3.26,-2.5,89.03,📊,,,,,,,,,,
20260730,2026-07-31T00:01:56.483458+00:00,M,59,59,48.7,7.0,12.8,22.2,0.77,-0.42,-3.97,25.96,⏳,,,,,,,,,,
20260730,2026-07-31T00:01:56.483458+00:00,VSXY,60,60,48.4,8.0,18.2,47.6,0.71,1.68,-1.2,89.31,📊,,,,,,,,,,
20260730,2026-07-31T00:01:56.483458+00:00,FITB,61,61,48.3,16.0,21.1,5.6,0.9,0.82,-4.68,59.37,⏳,,,,,,,,,,
20260730,2026-07-31T00:01:56.483458+00:00,F,62,62,47.9,7.0,12.6,50.8,0.9,0.21,-2.75,15.28,📊,,,,,,,,,,
20260730,2026-07-31T00:01:56.483458+00:00,RAL,63,63,47.4,6.0,9.1,2.4,1.07,-0.54,-9.0,73.63,⏳,,,,,,,,,,
20260730,2026-07-31T00:01:56.483458+00:00,MT,64,64,47.3,15.0,22.9,0.0,0.93,0.36,-3.22,71.65,⏳,,,,,,,,,,
20260730,2026-07-31T00:01:56.483458+00:00,VTRS,65,65,47.3,12.0,13.9,37.3,0.81,0.41,-0.56,17.86,📊,,,,,,,,,,
20260730,2026-07-31T00:01:56.483458+00:00,KMX,66,66,47.1,8.0,22.1,69.0,0.78,3.24,-0.69,59.11,📊,,,,,,,,,,
20260730,2026-07-31T00:01:56.483458+00:00,HWM,67,67,47.0,24.0,22.9,9.5,0.69,0.05,-4.14,289.26,⏳,,,,,,,,,,
20260730,2026-07-31T00:01:56.483458+00:00,SPG,68,68,47.0,15.0,16.4,44.4,0.82,0.82,-2.64,236.7,📊,,,,,,,,,,
20260730,2026-07-31T00:01:56.483458+00:00,NTRA,69,69,46.6,6.0,20.2,30.2,0.69,1.27,-4.98,283.8,📊,,,,,,,,,,
20260730,2026-07-31T00:01:56.483458+00:00,ABBV,70,70,46.3,11.0,21.6,49.2,0.84,2.66,-2.24,263.3,📊,,,,,,,,,,
20260730,2026-07-31T00:01:56.483458+00:00,LYG,71,71,46.3,33.0,23.6,1.6,0.74,-0.01,1.3,6.17,📊,,,,,,,,,,
20260730,2026-07-31T00:01:56.483458+00:00,TGTX,72,72,46.2,6.0,12.8,16.7,0.89,0.22,-9.36,59.06,⏳,,,,,,,,,,
20260730,2026-07-31T00:01:56.483458+00:00,USB,73,73,46.1,32.0,22.6,6.3,0.87,0.07,-2.44,64.47,🔥,,,,,,,,,,
20260730,2026-07-31T00:01:56.483458+00:00,FTNT,74,74,45.8,8.0,17.0,23.8,0.82,1.35,-7.54,166.83,⏳,,,,,,,,,,
20260730,2026-07-31T00:01:56.483458+00:00,CRWD,75,75,45.0,9.0,23.5,11.1,0.61,1.71,-12.11,210.73,📊,,,,,,,,,,
20260730,2026-07-31T00:01:56.483458+00:00,MFG,76,76,44.9,16.0,23.9,4.0,1.12,1.13,-2.91,10.66,📊,,,,,,,,,,
20260730,2026-07-31T00:01:56.483458+00:00,AXTA,77,77,44.6,7.0,9.8,62.7,0.63,0.01,2.62,35.11,📊,,,,,,,,,,
20260730,2026-07-31T00:01:56.483458+00:00,PANW,78,78,43.6,6.0,21.3,22.2,0.8,2.23,-9.2,358.68,⏳,,,,,,,,,,
20260730,2026-07-31T00:01:56.483458+00:00,LTH,79,79,43.5,6.0,21.7,38.1,0.84,4.09,1.01,43.76,🚀,,,,,,,,,,
20260730,2026-07-31T00:01:56.483458+00:00,ALKS,80,80,43.5,8.0,23.1,20.6,0.78,3.06,-9.4,55.22,⏳,,,,,,,,,,
20260730,2026-07-31T00:01:56.483458+00:00,FRO,81,81,43.4,16.0,23.7,2.4,0.64,0.38,-8.82,42.88,⏳,,,,,,,,,,
20260730,2026-07-31T00:01:56.483458+00:00,SAN,82,82,43.1,15.0,19.6,15.1,1.12,0.84,-1.81,14.37,📊,,,,,,,,,,
20260730,2026-07-31T00:01:56.483458+00:00,NMR,83,83,42.1,19.0,24.9,13.5,0.72,0.49,-4.78,10.04,⏳,,,,,,,,,,
20260730,2026-07-31T00:01:56.483458+00:00,CTVA,84,84,41.8,23.0,17.7,21.4,0.87,-0.28,-1.29,90.51,🔥,,,,,,,,,,
20260730,2026-07-31T00:01:56.483458+00:00,VLO,85,85,41.7,11.0,24.9,80.2,0.84,2.57,-0.98,314.8,📊,,,,,,,,,,
20260730,2026-07-31T00:01:56.483458+00:00,STT,86,86,41.6,14.0,21.0,24.6,1.12,1.59,-2.02,186.59,📊,,,,,,,,,,
20260730,2026-07-31T00:01:56.483458+00:00,SGHC,87,87,41.0,14.0,21.8,16.7,0.7,1.18,-9.69,15.59,⏳,,,,,,,,,,
20260730,2026-07-31T00:01:56.483458+00:00,RPRX,88,88,40.9,21.0,24.7,34.1,0.74,0.68,-1.58,59.97,📊,,,,,,,,,,
20260730,2026-07-31T00:01:56.483458+00:00,BBVA,89,89,40.8,16.0,21.7,11.9,0.74,0.64,3.8,26.59,🚀,,,,,,,,,,
20260730,2026-07-31T00:01:56.483458+00:00,BHP,90,90,40.4,15.0,17.3,9.5,0.91,-0.14,-7.78,93.15,⏳,,,,,,,,,,
20260731,2026-08-01T00:02:15.889282+00:00,ROKU,1,1,86.6,6.0,6.7,1.6,0.57,1.03,0.4,144.43,📊,,,,,,,,,,
20260731,2026-08-01T00:02:15.889282+00:00,VOYA,2,2,77.6,7.0,11.0,10.3,0.72,1.79,-1.15,100.59,🔥,,,,,,,,,,
20260731,2026-08-01T00:02:15.889282+00:00,TVTX,3,3,77.6,6.0,6.6,3.2,0.48,-0.32,-5.32,59.03,⏳,,,,,,,,,,
20260731,2026-08-01T00:02:15.889282+00:00,RVMD,4,4,76.1,6.0,15.4,3.2,0.53,1.29,-2.64,192.62,🔥,,,,,,,,,,
20260731,2026-08-01T00:02:15.889282+00:00,VIK,5,5,75.0,6.0,7.7,5.6,0.59,0.04,-0.57,104.95,🔥,,,,,,,,,,
20260731,2026-08-01T00:02:15.889282+00:00,ARMK,6,6,74.8,9.0,9.2,7.1,0.86,1.11,-2.03,58.15,🔥,,,,,,,,,,
20260731,2026-08-01T00:02:15.889282+00:00,UNH,7,7,74.3,7.0,8.4,4.8,0.76,0.69,-5.03,436.35,⏳,,,,,,,,,,
20260731,2026-08-01T00:02:15.889282+00:00,IMVT,8,8,74.1,6.0,14.0,2.4,0.5,0.82,-6.01,41.09,⏳,,,,,,,,,,
20260731,2026-08-01T00:02:15.889282+00:00,OSCR,9,9,73.1,7.0,12.4,0.0,0.57,0.75,-2.98,32.18,🔥,,,,,,,,,,
20260731,2026-08-01T00:02:15.889282+00:00,DLTR,10,10,69.9,9.0,17.5,5.6,0.67,2.02,-1.35,128.95,🔥,,,,,,,,,,
20260731,2026-08-01T00:02:15.889282+00:00,TKR,11,11,69.8,8.0,9.3,4.8,0.76,0.07,-5.35,145.32,⏳,,,,,,,,,,
20260731,2026-08-01T00:02:15.889282+00:00,RY,12,12,67.7,7.0,8.6,22.2,0.85,0.97,-3.26,216.57,⏳,,,,,,,,,,
20260731,2026-08-01T00:02:15.889282+00:00,CVS,13,13,67.1,7.0,11.1,7.1,0.92,1.2,-4.99,109.92,⏳,,,,,,,,,,
20260731,2026-08-01T00:02:15.889282+00:00,GE,14,14,66.6,6.0,10.0,1.6,0.69,-0.89,-4.91,378.68,⏳,,,,,,,,,,
20260731,2026-08-01T00:02:15.889282+00:00,NET,15,15,66.0,9.0,22.9,0.0,0.68,2.05,-1.56,283.39,🔥,,,,,,,,,,
20260731,2026-08-01T00:02:15.889282+00:00,SN,16,16,65.4,7.0,18.5,19.8,0.73,2.46,-0.96,163.33,🔥,,,,,,,,,,
20260731,2026-08-01T00:02:15.889282+00:00,SYRE,17,17,65.1,6.0,16.0,15.1,0.76,2.4,-4.26,102.7,⏳,,,,,,,,,,
20260731,2026-08-01T00:02:15.889282+00:00,BRKR,18,18,64.1,9.0,15.8,7.9,0.76,1.14,-2.33,64.34,🔥,,,,,,,,,,
20260731,2026-08-01T00:02:15.889282+00:00,EBAY,19,19,64.0,12.0,11.5,15.1,0.64,0.16,-3.9,118.63,⏳,,,,,,,,,,
20260731,2026-08-01T00:02:15.889282+00:00,BNS,20,20,63.9,6.0,6.4,21.4,1.1,0.49,-2.79,90.29,📊,,,,,,,,,,
20260731,2026-08-01T00:02:15.889282+00:00,GSAT,21,21,63.3,15.0,6.9,34.9,0.61,-0.5,-1.24,84.43,📊,,,,,,,,,,
20260731,2026-08-01T00:02:15.889282+00:00,RPRX,22,22,62.8,10.0,11.7,34.1,0.72,1.09,-2.57,59.97,📊,,,,,,,,,,
20260731,2026-08-01T00:02:15.889282+00:00,UBS,23,23,62.5,10.0,15.1,6.3,0.85,1.49,-4.23,55.07,⏳,,,,,,,,,,
20260731,2026-08-01T00:02:15.889282+00:00,MNST,24,24,62.4,7.0,8.6,15.1,1.02,0.57,-3.56,99.94,⏳,,,,,,,,,,
20260731,2026-08-01T00:02:15.889282+00:00,DDOG,25,25,61.7,9.0,20.5,3.2,0.71,1.45,-3.43,277.49,⏳,,,,,,,,,,
20260731,2026-08-01T00:02:15.889282+00:00,RVTY,26,26,61.4,12.0,17.4,3.2,0.91,1.56,-1.03,113.69,🔥,,,,,,,,,,
20260731,2026-08-01T00:02:15.889282+00:00,RYCEY,27,27,61.2,6.0,9.8,21.4,0.81,-0.08,-1.34,20.1,🔥,,,,,,,,,,
20260731,2026-08-01T00:02:15.889282+00:00,ETSY,28,28,59.9,9.0,22.8,4.0,0.77,3.34,-5.54,86.47,⏳,,,,,,,,,,
20260731,2026-08-01T00:02:15.889282+00:00,WBS,29,29,59.6,6.0,2.9,27.0,1.23,0.12,-0.49,77.6,📊,,,,,,,,,,
20260731,2026-08-01T00:02:15.889282+00:00,CUZ,30,30,59.2,12.0,20.9,15.1,0.78,2.2,-2.32,32.3,🔥,,,,,,,,,,
20260731,2026-08-01T00:02:15.889282+00:00,DOC,31,31,59.1,12.0,17.5,18.3,0.66,1.63,-4.34,22.82,⏳,,,,,,,,,,
20260731,2026-08-01T00:02:15.889282+00:00,LLY,32,32,58.6,8.0,11.1,15.1,0.71,0.67,-7.02,1235.56,⏳,,,,,,,,,,
20260731,2026-08-01T00:02:15.889282+00:00,CM,33,33,58.2,15.0,13.2,14.3,0.84,0.35,-2.22,121.24,🔥,,,,,,,,,,
20260731,2026-08-01T00:02:15.889282+00:00,CGON,34,34,57.9,6.0,18.8,5.6,0.87,1.03,-5.38,75.24,⏳,,,,,,,,,,
20260731,2026-08-01T00:02:15.889282+00:00,DAL,35,35,57.6,7.0,12.6,0.8,0.82,-0.01,-6.41,93.43,⏳,,,,,,,,,,
20260731,2026-08-01T00:02:15.889282+00:00,MAC,36,36,57.4,15.0,20.6,27.8,0.6,1.34,-2.53,26.51,📊,,,,,,,,,,
20260731,2026-08-01T00:02:15.889282+00:00,TIGO,37,37,57.0,16.0,21.7,0.0,0.76,0.89,-3.17,98.61,⏳,,,,,,,,,,
20260731,2026-08-01T00:02:15.889282+00:00,FTNT,38,38,56.9,7.0,13.6,24.6,0.84,1.15,-2.93,166.83,🔥,,,,,,,,,,
20260731,2026-08-01T00:02:15.889282+00:00,BEN,39,39,56.4,12.0,12.7,15.9,0.95,0.75,-1.68,34.44,📊,,,,,,,,,,
20260731,2026-08-01T00:02:15.889282+00:00,KMX,40,40,55.8,6.0,15.1,65.9,0.77,2.72,-3.13,59.11,📊,,,,,,,,,,
20260731,2026-08-01T00:02:15.889282+00:00,LTH,41,41,55.6,6.0,19.2,41.3,0.87,2.92,-1.31,45.7,📊,,,,,,,,,,
20260731,2026-08-01T00:02:15.889282+00:00,AVT,42,42,54.4,13.0,13.8,23.8,0.69,0.28,-4.4,92.93,⏳,,,,,,,,,,
20260731,2026-08-01T00:02:15.889282+00:00,VSXY,43,43,53.7,7.0,14.7,45.2,0.68,1.51,-0.71,89.31,📊,,,,,,,,,,
20260731,2026-08-01T00:02:15.889282+00:00,HR,44,44,52.6,12.0,11.3,35.7,0.91,0.57,-3.93,21.87,📊,,,,,,,,,,
20260731,2026-08-01T00:02:15.889282+00:00,PNC,45,45,52.4,32.0,21.9,0.0,0.97,0.12,-1.31,253.18,📊,,,,,,,,,,
20260731,2026-08-01T00:02:15.889282+00:00,SMFG,46,46,52.3,16.0,24.2,0.0,0.91,1.18,-2.34,26.5,🔥,,,,,,,,,,
20260731,2026-08-01T00:02:15.889282+00:00,HPE,47,47,52.3,7.0,16.8,12.7,0.67,-0.22,-3.35,49.56,⏳,,,,,,,,,,
20260731,2026-08-01T00:02:15.889282+00:00,PFG,48,48,51.9,13.0,13.5,12.7,1.22,1.02,-0.34,114.09,📊,,,,,,,,,,
20260731,2026-08-01T00:02:15.889282+00:00,TD,49,49,51.2,6.0,6.3,42.1,1.41,0.16,-3.91,124.8,📊,,,,,,,,,,
20260731,2026-08-01T00:02:15.889282+00:00,STT,50,50,51.1,14.0,21.0,6.3,1.14,1.67,-1.3,186.59,📊,,,,,,,,,,
20260731,2026-08-01T00:02:15.889282+00:00,CFG,51,51,50.2,16.0,18.8,7.9,1.1,0.54,-3.07,73.92,⏳,,,,,,,,,,
20260731,2026-08-01T00:02:15.889282+00:00,ILMN,52,52,49.9,8.0,19.7,7.9,1.0,3.17,4.19,196.86,🚀,,,,,,,,,,
20260731,2026-08-01T00:02:15.889282+00:00,BUD,53,53,49.6,11.0,8.4,38.9,0.9,0.12,1.63,85.09,📊,,,,,,,,,,
20260731,2026-08-01T00:02:15.889282+00:00,HST,54,54,49.1,8.0,10.9,81.7,1.01,0.56,-1.61,25.54,📊,,,,,,,,,,
20260731,2026-08-01T00:02:15.889282+00:00,HWM,55,55,49.0,24.0,22.9,8.7,0.7,0.03,-2.42,289.26,🔥,,,,,,,,,,
20260731,2026-08-01T00:02:15.889282+00:00,MT,56,56,48.5,16.0,22.9,0.8,0.88,0.3,-2.11,71.65,🔥,,,,,,,,,,
20260731,2026-08-01T00:02:15.889282+00:00,AMRX,57,57,48.4,7.0,15.7,50.0,0.99,2.01,-4.08,19.1,📊,,,,,,,,,,
20260731,2026-08-01T00:02:15.889282+00:00,LYG,58,58,48.2,34.0,24.7,3.2,0.74,0.01,-1.28,6.25,🔥,,,,,,,,,,
20260731,2026-08-01T00:02:15.889282+00:00,SPG,59,59,47.8,15.0,16.4,44.4,0.79,0.87,-3.1,236.7,📊,,,,,,,,,,
20260731,2026-08-01T00:02:15.889282+00:00,NTRA,60,60,47.8,6.0,19.4,25.4,0.69,0.76,-5.65,283.8,⏳,,,,,,,,,,
20260731,2026-08-01T00:02:15.889282+00:00,BCS,61,61,47.5,16.0,21.1,19.8,0.96,1.0,-3.71,28.56,⏳,,,,,,,,,,
20260731,2026-08-01T00:02:15.889282+00:00,CRWD,62,62,47.4,10.0,23.5,11.1,0.61,1.76,-9.43,210.73,⏳,,,,,,,,,,
20260731,2026-08-01T00:02:15.889282+00:00,PANW,63,63,47.2,7.0,22.1,21.4,0.79,2.84,-7.49,358.68,⏳,,,,,,,,,,
20260731,2026-08-01T00:02:15.889282+00:00,NMR,64,64,47.1,19.0,24.9,7.9,0.72,0.5,-3.59,10.04,⏳,,,,,,,,,,
20260731,2026-08-01T00:02:15.889282+00:00,AUB,65,65,47.1,34.0,23.3,4.8,1.01,0.09,-1.9,43.25,📊,,,,,,,,,,
20260731,2026-08-01T00:02:15.889282+00:00,LQDA,66,66,47.0,6.0,20.2,40.5,0.75,2.89,-5.53,89.03,📊,,,,,,,,,,
20260731,2026-08-01T00:02:15.889282+00:00,NTAP,67,67,46.5,7.0,12.9,37.3,0.86,0.97,2.26,174.55,📊,,,,,,,,,,
20260731,2026-08-01T00:02:15.889282+00:00,MFG,68,68,46.4,16.0,23.9,1.6,1.12,1.12,-2.06,10.66,📊,,,,,,,,,,
20260731,2026-08-01T00:02:15.889282+00:00,VTRS,69,69,46.3,12.0,13.9,38.9,0.84,0.42,-1.68,17.86,📊,,,,,,,,,,
20260731,2026-08-01T00:02:15.889282+00:00,USB,70,70,46.2,33.0,23.2,4.8,0.88,0.1,-2.26,64.47,🔥,,,,,,,,,,
20260731,2026-08-01T00:02:15.889282+00:00,FITB,71,71,45.4,17.0,22.3,7.1,0.89,0.72,-4.83,59.37,⏳,,,,,,,,,,
20260731,2026-08-01T00:02:15.889282+00:00,M,72,72,45.3,7.0,12.8,28.6,0.76,-0.38,-4.39,25.96,⏳,,,,,,,,,,
20260731,2026-08-01T00:02:15.889282+00:00,NTRS,73,73,44.3,14.0,16.7,22.2,0.98,0.8,-4.68,191.13,⏳,,,,,,,,,,
20260731,2026-08-01T00:02:15.889282+00:00,MFC,74,74,44.1,15.0,16.7,77.8,0.7,0.67,-0.45,44.64,📊,,,,,,,,,,
20260731,2026-08-01T00:02:15.889282+00:00,ALL,75,75,44.0,7.0,20.0,84.9,0.95,3.09,-3.76,274.39,📊,,,,,,,,,,
20260731,2026-08-01T00:02:15.889282+00:00,IVZ,76,76,43.9,14.0,17.5,49.2,0.91,0.71,-2.95,30.5,📊,,,,,,,,,,
20260731,2026-08-01T00:02:15.889282+00:00,ATI,77,77,43.8,8.0,13.0,12.7,0.76,-0.31,-8.16,204.09,⏳,,,,,,,,,,
20260731,2026-08-01T00:02:15.889282+00:00,CROX,78,78,43.3,9.0,15.9,33.3,0.85,1.59,-7.85,138.91,📊,,,,,,,,,,
20260731,2026-08-01T00:02:15.889282+00:00,MGA,79,79,43.0,14.0,15.4,33.3,0.96,0.48,-1.79,69.85,📊,,,,,,,,,,
20260731,2026-08-01T00:02:15.889282+00:00,TWST,80,80,42.8,6.0,17.4,0.0,0.78,-0.88,-11.01,102.88,📊,,,,,,,,,,
20260731,2026-08-01T00:02:15.889282+00:00,ING,81,81,42.5,15.0,17.4,23.0,0.71,0.81,4.3,33.49,📊,,,,,,,,,,
20260731,2026-08-01T00:02:15.889282+00:00,FRO,82,82,42.2,17.0,23.7,4.0,0.64,0.25,-8.19,42.88,⏳,,,,,,,,,,
20260731,2026-08-01T00:02:15.889282+00:00,SIRI,83,83,41.6,14.0,20.7,16.7,0.68,1.0,-9.11,32.59,⏳,,,,,,,,,,
20260731,2026-08-01T00:02:15.889282+00:00,ROIV,84,84,41.3,12.0,23.4,25.4,0.78,2.23,-7.88,36.81,⏳,,,,,,,,,,
20260731,2026-08-01T00:02:15.889282+00:00,BNY,85,85,41.0,15.0,19.6,55.6,0.99,1.06,-3.32,161.71,📊,,,,,,,,,,
20260731,2026-08-01T00:02:15.889282+00:00,VLO,86,86,40.8,11.0,24.9,75.4,0.86,2.71,-0.6,314.8,📊,,,,,,,,,,
20260731,2026-08-01T00:02:15.889282+00:00,TGTX,87,87,40.8,6.0,11.9,21.4,0.87,-0.17,-11.9,59.06,📊,,,,,,,,,,
20260731,2026-08-01T00:02:15.889282+00:00,ZION,88,88,40.4,16.0,19.3,12.7,1.11,0.72,-4.92,73.31,⏳,,,,,,,,,,
20260803,2026-08-04T00:02:52.944932+00:00,CZR,1,1,95.4,9.0,4.5,0.0,0.55,0.31,-2.24,30.41,🔥,29.729999542236328,0.27,2.5,2.0,1.0>2.5,2.43,2.5,30.41,1.09,False
20260803,2026-08-04T00:02:52.944932+00:00,APGE,2,2,92.8,6.0,1.3,0.0,0.46,0.15,-0.14,134.3,🔥,134.11000061035156,0.27,2.5,1.0,0.2,,0.2,132.88,,False
20260803,2026-08-04T00:02:52.944932+00:00,ROKU,3,3,81.2,7.0,7.6,3.2,0.59,0.81,0.0,145.84,🔥,145.83999633789062,1.57,2.5,2.0,6.2>1.9,0.31,1.9,144.43,0.15,True
20260803,2026-08-04T00:02:52.944932+00:00,CVS,4,4,76.0,6.0,8.4,1.6,0.91,0.89,-4.14,109.92,⏳,105.37000274658205,2.55,2.5,1.0,2.6,,2.6,104.17,,False
20260803,2026-08-04T00:02:52.944932+00:00,IMVT,5,5,76.0,6.0,8.4,3.2,0.5,0.31,-6.28,41.09,⏳,38.5099983215332,1.53,2.5,1.0,1.8,,1.8,38.85,,False
20260803,2026-08-04T00:02:52.944932+00:00,BNS,6,6,75.1,6.0,6.4,19.8,0.9,0.45,-2.2,90.29,🔥,88.30000305175781,1.58,2.5,2.0,1.8>2.2,1.21,2.2,86.54,0.51,False
20260803,2026-08-04T00:02:52.944932+00:00,RY,7,7,75.0,6.0,7.2,19.8,0.84,0.67,-2.82,216.57,🔥,210.47000122070312,3.54,2.5,0.0,,,,,,False
20260803,2026-08-04T00:02:52.944932+00:00,ARMK,8,8,74.5,9.0,9.2,7.1,0.85,1.03,-2.42,58.15,🔥,56.7400016784668,1.14,2.5,4.0,2.9>2.2>1.6>3.5,1.22,3.5,58.15,0.93,False
20260803,2026-08-04T00:02:52.944932+00:00,TKR,9,9,74.3,8.0,9.3,3.2,0.76,-0.03,-2.46,145.32,🔥,141.75,4.9,2.5,2.0,5.6>3.7,0.67,3.7,139.6,0.68,False
20260803,2026-08-04T00:02:52.944932+00:00,UNH,10,10,72.4,8.0,9.0,5.6,0.74,0.57,-4.81,436.35,⏳,415.3599853515625,13.83,2.5,2.0,2.8>3.0,1.09,3.0,431.68,0.86,False
20260803,2026-08-04T00:02:52.944932+00:00,TVTX,11,11,71.7,6.0,6.9,4.8,0.49,-0.6,-6.86,59.03,⏳,54.97999954223633,2.61,2.5,2.0,4.6>5.5,1.2,5.5,58.47,0.44,False
20260803,2026-08-04T00:02:52.944932+00:00,RVMD,12,12,71.5,6.0,13.9,3.2,0.51,0.73,-5.28,192.62,⏳,182.4499969482422,7.72,2.5,1.0,7.0,,7.0,192.62,,False
20260803,2026-08-04T00:02:52.944932+00:00,OSCR,13,13,71.1,7.0,12.4,0.0,0.56,0.74,-4.47,32.18,⏳,30.739999771118164,1.72,2.5,2.0,4.7>12.4,2.63,12.4,32.18,0.56,False
20260803,2026-08-04T00:02:52.944932+00:00,GE,14,14,70.2,7.0,11.6,0.0,0.68,-0.2,-2.57,378.68,🔥,368.9299926757813,11.29,2.5,1.0,10.0,,10.0,378.68,,False
20260803,2026-08-04T00:02:52.944932+00:00,DLTR,15,15,68.3,9.0,17.7,6.3,0.64,1.97,0.0,129.35,🔥,129.35000610351562,4.23,2.5,3.0,7.5>7.4>8.4,1.12,8.4,128.45,0.84,False
20260803,2026-08-04T00:02:52.944932+00:00,VIK,16,16,65.9,6.0,9.0,21.4,0.59,0.02,0.0,106.47,🔥,106.47000122070312,3.01,2.5,1.0,7.7,,7.7,104.95,,False
20260803,2026-08-04T00:02:52.944932+00:00,EXEL,17,17,65.7,8.0,10.1,7.1,0.88,0.81,-3.57,57.1,⏳,55.060001373291016,1.64,2.5,2.0,4.0>3.7,0.92,3.7,57.1,0.84,False
20260803,2026-08-04T00:02:52.944932+00:00,SN,18,18,65.1,7.0,18.5,20.6,0.75,2.49,-1.69,163.33,🔥,160.57000732421875,5.31,2.5,2.0,3.8>5.6,1.48,5.6,154.53,1.09,False
20260803,2026-08-04T00:02:52.944932+00:00,VOYA,19,19,64.1,14.0,22.0,9.5,0.73,1.89,-0.52,100.59,🔥,100.06999969482422,2.28,2.5,3.0,4.1>3.1>3.8,0.92,3.8,100.59,0.47,False
20260803,2026-08-04T00:02:52.944932+00:00,ETSY,20,20,63.8,9.0,22.7,3.2,0.77,3.17,-3.82,86.47,⏳,83.16999816894531,3.02,2.5,3.0,4.1>8.6>6.1,1.49,6.1,85.74,0.96,False
20260803,2026-08-04T00:02:52.944932+00:00,DAL,21,21,63.5,7.0,12.3,1.6,0.84,-0.06,-1.97,93.43,🔥,91.58999633789062,2.67,2.5,1.0,12.3,,12.3,93.43,,False
20260803,2026-08-04T00:02:52.944932+00:00,NET,22,22,63.2,9.0,22.9,0.0,0.7,1.92,-0.23,283.39,🔥,282.739990234375,13.99,2.5,2.0,19.9>7.0,0.35,7.0,281.75,0.76,True
20260803,2026-08-04T00:02:52.944932+00:00,UBS,23,23,62.9,10.0,15.1,6.3,0.86,1.46,-4.21,55.07,⏳,52.75,1.14,2.5,3.0,2.9>4.0>6.5,2.25,6.5,55.07,0.81,False
20260803,2026-08-04T00:02:52.944932+00:00,AVT,24,24,62.7,13.0,13.8,18.3,0.68,0.27,-4.36,92.93,⏳,88.87999725341797,3.08,2.5,3.0,8.1>11.9>2.7,0.34,2.7,87.13,0.62,False
20260803,2026-08-04T00:02:52.944932+00:00,DDOG,25,25,62.4,10.0,21.4,4.8,0.71,1.72,-1.4,277.49,🔥,273.6000061035156,12.71,2.5,2.0,20.5>9.7,0.47,9.7,270.73,0.58,True
20260803,2026-08-04T00:02:52.944932+00:00,ORKA,26,26,61.7,6.0,16.1,24.6,0.53,1.52,-3.14,97.86,⏳,94.79000091552734,5.67,2.5,1.0,12.7,,12.7,95.17,,False
20260803,2026-08-04T00:02:52.944932+00:00,CM,27,27,61.1,15.0,13.2,11.9,0.78,0.36,-1.62,121.24,🔥,119.2699966430664,2.32,2.5,1.0,8.5,,8.5,115.01,,False
20260803,2026-08-04T00:02:52.944932+00:00,ELAN,28,28,60.5,9.0,13.6,26.2,0.78,1.15,-2.8,26.46,📊,25.719999313354492,0.87,2.5,2.0,7.4>4.5,0.61,4.5,25.95,0.79,False
20260803,2026-08-04T00:02:52.944932+00:00,SYRE,29,29,60.3,6.0,16.0,3.2,0.74,1.77,-7.57,102.7,⏳,94.93000030517578,6.33,2.5,1.0,14.0,,14.0,100.32,,False
20260803,2026-08-04T00:02:52.944932+00:00,PANW,30,30,60.0,7.0,22.0,13.5,0.78,2.68,-3.22,358.68,⏳,347.1300048828125,14.89,2.5,1.0,10.3,,10.3,357.53,,False
20260803,2026-08-04T00:02:52.944932+00:00,TIGO,31,31,60.0,16.0,21.7,0.0,0.77,0.89,-4.37,98.61,⏳,94.3000030517578,3.24,2.5,3.0,7.5>7.0>10.0,1.33,10.0,93.01,1.45,False
20260803,2026-08-04T00:02:52.944932+00:00,RYCEY,32,32,59.5,6.0,9.8,23.0,0.87,0.19,0.8,20.1,📊,20.260000228881836,0.57,2.5,1.0,9.8,,9.8,20.1,,False
20260803,2026-08-04T00:02:52.944932+00:00,GSAT,33,33,58.8,15.0,6.9,42.1,0.65,-0.48,-0.3,84.43,📊,84.18000030517578,1.17,2.5,2.0,1.2>5.5,4.77,5.5,84.43,1.17,False
20260803,2026-08-04T00:02:52.944932+00:00,BRKR,34,34,58.3,8.0,13.9,10.3,0.75,1.15,2.23,62.91,📊,64.30999755859375,3.16,2.5,2.0,13.5>8.9,0.66,8.9,61.64,0.64,False
20260803,2026-08-04T00:02:52.944932+00:00,TD,35,35,58.1,7.0,6.6,41.3,1.4,0.32,-2.92,124.8,📊,121.1500015258789,2.2,2.5,1.0,3.0,,3.0,121.44,,False
20260803,2026-08-04T00:02:52.944932+00:00,CRWD,36,36,57.5,10.0,23.5,11.9,0.62,1.76,-3.89,210.73,⏳,202.5399932861328,9.18,2.5,3.0,17.5>2.9>6.1,0.35,6.1,199.38,0.45,False
20260803,2026-08-04T00:02:52.944932+00:00,STT,37,37,57.3,14.0,21.0,5.6,1.08,1.7,-1.56,186.59,📊,183.6699981689453,5.07,2.5,2.0,3.9>3.2,0.84,3.2,172.87,1.54,False
20260803,2026-08-04T00:02:52.944932+00:00,CUZ,38,38,56.6,13.0,21.9,13.5,0.82,2.08,-2.79,32.3,🔥,31.399999618530273,0.81,2.5,3.0,3.7>5.2>2.6,0.7,2.6,32.05,0.5,False
20260803,2026-08-04T00:02:52.944932+00:00,RVTY,39,39,56.4,12.0,18.5,5.6,0.96,1.6,0.0,115.22,🚀,115.22000122070312,3.87,2.5,4.0,7.0>5.9>6.1>6.4,0.92,6.4,113.69,0.76,False
20260803,2026-08-04T00:02:52.944932+00:00,WBS,40,40,56.3,6.0,3.3,31.7,1.24,0.09,0.0,77.92,📊,77.91999816894531,0.88,2.5,2.0,0.9>2.9,3.07,2.9,77.6,1.23,False
20260803,2026-08-04T00:02:52.944932+00:00,DOC,41,41,56.2,12.0,17.5,19.0,0.68,1.59,-5.17,22.82,⏳,21.63999938964844,0.46,2.5,4.0,2.1>5.1>5.8>1.6,0.77,1.6,21.83,0.67,False
20260803,2026-08-04T00:02:52.944932+00:00,ILMN,42,42,56.0,8.0,19.7,10.3,1.01,3.17,0.66,196.86,📊,198.16000366210935,8.14,2.5,3.0,7.5>4.7>5.0,0.66,5.0,194.33,0.76,False
20260803,2026-08-04T00:02:52.944932+00:00,KMX,43,43,56.0,6.0,15.1,57.1,0.77,2.85,-1.15,59.11,📊,58.43000030517578,2.22,2.5,1.0,5.5,,5.5,53.15,,False
20260803,2026-08-04T00:02:52.944932+00:00,WSM,44,44,55.9,7.0,10.0,29.4,0.72,0.14,0.0,239.8,📊,239.8000030517578,7.34,2.5,2.0,9.8>4.3,0.44,4.3,228.41,0.87,True
20260803,2026-08-04T00:02:52.944932+00:00,RPRX,45,45,55.7,10.0,11.7,32.5,0.72,1.02,-4.67,59.97,📊,57.16999816894531,1.31,2.5,2.0,5.2>4.6,0.89,4.6,58.37,0.7,False
20260803,2026-08-04T00:02:52.944932+00:00,MAC,46,46,54.8,16.0,21.0,29.4,0.61,1.18,-2.41,26.51,📊,25.8700008392334,0.63,2.5,4.0,4.9>9.0>4.4>2.4,0.48,2.4,25.92,1.06,False
20260803,2026-08-04T00:02:52.944932+00:00,LTH,47,47,54.7,6.0,18.3,39.7,0.88,2.58,-3.35,45.7,📊,44.16999816894531,1.64,2.5,1.0,2.1,,2.1,42.84,,False
20260803,2026-08-04T00:02:52.944932+00:00,CROX,48,48,54.1,9.0,15.9,28.6,0.86,1.54,-2.89,138.91,📊,134.88999938964844,5.97,2.5,1.0,7.0,,7.0,127.77,,False
20260803,2026-08-04T00:02:52.944932+00:00,TWST,49,49,54.0,6.0,17.4,1.6,0.82,-0.86,-1.77,102.88,🔥,101.05999755859376,7.75,2.5,1.0,13.1,,13.1,102.88,,False
20260803,2026-08-04T00:02:52.944932+00:00,FTNT,50,50,53.8,9.0,17.3,25.4,0.85,1.5,-2.17,166.83,📊,163.2100067138672,7.0,2.5,1.0,7.5,,7.5,149.67,,False
20260803,2026-08-04T00:02:52.944932+00:00,HSIC,51,51,53.3,37.0,21.8,1.6,0.92,-0.06,-1.98,88.26,🔥,86.51000213623047,1.9,2.5,10.0,3.7>5.1>2.6>4.0>8.6>6.0>13.5>12.8>3.2>4.2,1.13,4.2,88.26,0.95,False
20260803,2026-08-04T00:02:52.944932+00:00,ATI,52,52,53.1,9.0,14.2,12.7,0.77,0.27,-5.38,204.09,⏳,193.1199951171875,9.41,2.5,1.0,10.2,,10.2,204.09,,False
20260803,2026-08-04T00:02:52.944932+00:00,MGA,53,53,52.6,10.0,10.3,34.9,0.94,0.31,-2.83,69.85,📊,67.87000274658203,2.07,2.5,3.0,6.1>6.5>0.0,0.01,0.0,65.68,1.22,True
20260803,2026-08-04T00:02:52.944932+00:00,BUD,54,54,52.4,12.0,9.9,39.7,0.85,0.13,-2.81,86.48,📊,84.05000305175781,2.01,2.5,3.0,7.2>2.7>7.0,0.97,7.0,85.09,1.58,False
20260803,2026-08-04T00:02:52.944932+00:00,VSXY,55,55,52.4,7.0,14.7,45.2,0.68,1.59,-0.22,89.31,📊,89.11000061035156,4.34,2.5,1.0,13.9,,13.9,88.5,,False
20260803,2026-08-04T00:02:52.944932+00:00,CGON,56,56,52.4,6.0,12.6,6.3,0.88,0.3,-8.09,75.24,⏳,69.1500015258789,3.96,2.5,1.0,6.1,,6.1,73.73,,False
20260803,2026-08-04T00:02:52.944932+00:00,EC,57,57,51.9,9.0,16.4,26.2,0.76,0.62,-2.58,17.04,📊,16.600000381469727,0.54,2.5,2.0,14.1>5.3,0.38,5.3,16.69,0.59,True
20260803,2026-08-04T00:02:52.944932+00:00,PNC,58,58,51.3,32.0,21.9,0.8,0.97,0.12,-0.58,253.18,📊,251.72000122070312,4.36,2.5,4.0,1.3>2.9>17.2>8.0,6.11,8.0,226.25,1.03,False
20260803,2026-08-04T00:02:52.944932+00:00,ZETA,59,59,51.3,8.0,20.7,8.7,0.82,0.9,0.0,22.56,🔥,22.559999465942383,1.3,2.5,2.0,18.8>15.1,0.8,15.1,22.53,0.72,False
20260803,2026-08-04T00:02:52.944932+00:00,NTRA,60,60,50.9,6.0,19.4,17.5,0.69,0.25,-4.74,283.8,⏳,270.3599853515625,11.12,2.5,0.0,,,,,,False
20260803,2026-08-04T00:02:52.944932+00:00,JHX,61,61,50.8,6.0,10.0,21.4,0.95,0.75,2.63,26.96,📊,27.670000076293945,0.99,2.5,2.0,8.9>8.1,0.91,8.1,26.96,1.07,False
20260803,2026-08-04T00:02:52.944932+00:00,BEN,62,62,50.2,6.0,6.7,31.0,1.03,-0.02,2.32,34.44,📊,35.2400016784668,0.98,2.5,2.0,4.3>6.4,1.49,6.4,34.44,0.83,False
20260803,2026-08-04T00:02:52.944932+00:00,APH,63,63,50.0,9.0,21.4,1.6,0.68,0.48,-7.36,176.32,⏳,163.33999633789062,7.71,2.5,1.0,6.7,,6.7,148.54,,False
20260803,2026-08-04T00:02:52.944932+00:00,HPE,64,64,49.4,8.0,17.9,11.9,0.67,-0.34,0.0,50.24,🔥,50.2400016784668,3.0,2.5,3.0,8.8>15.7>10.1,1.15,10.1,49.56,0.6,False
20260803,2026-08-04T00:02:52.944932+00:00,BCS,65,65,49.3,16.0,21.1,17.5,0.99,1.05,-2.56,28.56,📊,27.829999923706055,0.89,2.5,5.0,6.3>6.2>6.5>5.7>3.9,0.62,3.9,28.35,0.95,False
20260803,2026-08-04T00:02:52.944932+00:00,NTRS,66,66,49.0,14.0,16.7,22.2,1.0,0.83,-4.67,191.13,⏳,182.1999969482422,4.62,2.5,4.0,4.6>2.6>3.6>1.4,0.3,1.4,176.26,0.82,False
20260803,2026-08-04T00:02:52.944932+00:00,AMRX,67,67,48.7,7.0,15.7,53.2,1.02,2.1,-1.31,19.1,📊,18.850000381469727,0.65,2.5,1.0,3.6,,3.6,17.32,,False
20260803,2026-08-04T00:02:52.944932+00:00,UAL,68,68,48.3,7.0,15.3,8.7,0.71,-0.62,-5.67,136.11,⏳,128.38999938964844,4.85,2.5,1.0,15.3,,15.3,136.11,,False
20260803,2026-08-04T00:02:52.944932+00:00,HST,69,69,48.0,8.0,10.9,82.5,1.01,0.54,-1.76,25.54,📊,25.09000015258789,0.59,2.5,1.0,6.0,,6.0,24.2,,False
20260803,2026-08-04T00:02:52.944932+00:00,CNC,70,70,47.7,8.0,11.8,19.8,0.84,-0.04,-7.22,68.72,⏳,63.7599983215332,3.15,2.5,1.0,8.4,,8.4,66.21,,False
20260803,2026-08-04T00:02:52.944932+00:00,SMFG,71,71,47.6,17.0,24.2,0.8,0.92,1.03,-4.72,26.5,⏳,25.25,0.66,2.5,4.0,7.2>4.2>6.5>6.1,0.84,6.1,26.5,0.92,False
20260803,2026-08-04T00:02:52.944932+00:00,HWM,72,72,47.3,24.0,22.9,11.9,0.68,0.02,-1.01,289.26,🔥,286.3399963378906,8.96,2.5,5.0,15.9>8.3>7.5>5.9>5.6,0.35,5.6,283.23,2.09,True
20260803,2026-08-04T00:02:52.944932+00:00,LQDA,73,73,47.2,6.0,20.0,40.5,0.73,2.4,-5.82,89.03,📊,83.8499984741211,5.61,2.5,1.0,12.6,,12.6,81.45,,False
20260803,2026-08-04T00:02:52.944932+00:00,FITB,74,74,47.1,17.0,21.7,6.3,0.92,0.74,-4.16,59.37,⏳,56.900001525878906,1.37,2.5,4.0,2.8>7.2>3.9>3.7,1.32,3.7,57.92,1.22,False
20260803,2026-08-04T00:02:52.944932+00:00,PFG,75,75,47.0,13.0,13.5,17.5,1.26,0.98,0.91,114.09,📊,115.12999725341795,2.68,2.5,2.0,2.6>6.2,2.38,6.2,112.36,1.75,False
20260803,2026-08-04T00:02:52.944932+00:00,SPG,76,76,46.6,16.0,16.9,45.2,0.77,0.71,-3.19,236.7,📊,229.16000366210935,4.19,2.5,5.0,3.6>2.7>2.0>4.2>3.9,1.07,3.9,227.56,1.74,False
20260803,2026-08-04T00:02:52.944932+00:00,MT,77,77,45.8,16.0,23.1,2.4,0.89,0.35,0.0,71.83,🔥,71.83000183105469,2.05,2.5,4.0,11.2>8.2>10.9>16.3,1.45,16.3,70.81,0.95,False
20260803,2026-08-04T00:02:52.944932+00:00,NMR,78,78,45.6,19.0,24.9,7.9,0.72,0.51,-4.48,10.04,⏳,9.59000015258789,0.27,2.5,4.0,10.5>3.2>5.4>6.5,0.62,6.5,10.04,0.52,False
20260803,2026-08-04T00:02:52.944932+00:00,VTRS,79,79,45.4,12.0,13.9,40.5,0.83,0.4,-1.29,17.86,📊,17.6299991607666,0.5,2.5,4.0,7.0>6.5>6.7>4.1,0.58,4.1,16.96,0.58,False
20260803,2026-08-04T00:02:52.944932+00:00,AUB,80,80,45.4,34.0,23.3,7.1,1.01,0.09,-1.11,43.25,📊,42.77000045776367,0.87,2.5,8.0,4.3>2.9>18.3>4.4>5.4>4.9>4.0>5.8,1.35,5.8,43.19,1.03,False
20260803,2026-08-04T00:02:52.944932+00:00,SIRI,81,81,45.3,14.0,20.7,17.5,0.69,1.03,-6.81,32.59,⏳,30.3700008392334,1.04,2.5,3.0,6.2>4.2>9.6,1.54,9.6,29.87,0.55,False
20260803,2026-08-04T00:02:52.944932+00:00,USB,82,82,45.2,33.0,22.7,6.3,0.88,0.1,-0.82,64.47,🔥,63.939998626708984,1.23,2.5,5.0,4.6>16.2>2.5>6.9>3.8,0.82,3.8,54.75,0.71,False
20260803,2026-08-04T00:02:52.944932+00:00,AXTA,83,83,44.3,7.0,10.6,72.2,0.65,0.11,2.37,35.44,📊,36.279998779296875,1.12,2.5,1.0,8.7,,8.7,35.11,,False
20260803,2026-08-04T00:02:52.944932+00:00,MFG,84,84,43.8,17.0,23.9,2.4,1.14,1.0,-3.75,10.66,⏳,10.260000228881836,0.31,2.5,5.0,8.0>4.0>4.5>7.2>7.7,0.96,7.7,10.66,0.98,False
20260803,2026-08-04T00:02:52.944932+00:00,HUM,85,85,43.8,7.0,12.5,17.5,0.93,0.49,-8.53,409.42,⏳,374.5,17.32,2.5,2.0,5.6>5.6,1.01,5.6,409.42,0.72,False
20260803,2026-08-04T00:02:52.944932+00:00,LYG,86,86,43.7,33.0,23.6,5.6,0.75,-0.01,1.46,6.17,📊,6.260000228881836,0.16,2.5,7.0,3.5>10.2>16.4>8.6>7.2>6.2>4.7,1.35,4.7,6.17,2.27,False
20260803,2026-08-04T00:02:52.944932+00:00,MFC,87,87,43.7,15.0,16.7,77.8,0.71,0.73,-0.29,44.64,📊,44.5099983215332,0.71,2.5,4.0,1.6>6.2>2.6>3.5,2.09,3.5,41.12,1.17,False
20260803,2026-08-04T00:02:52.944932+00:00,FRO,88,88,43.5,17.0,23.7,6.3,0.65,0.29,-6.93,42.88,⏳,39.90999984741211,1.22,2.5,6.0,6.7>6.7>7.2>12.3>19.1>5.1,0.77,5.1,38.46,0.69,False
20260803,2026-08-04T00:02:52.944932+00:00,NTAP,89,89,43.1,7.0,12.9,44.4,0.83,1.3,4.8,174.55,📊,182.9199981689453,7.22,2.5,2.0,7.6>8.5,1.12,8.5,174.55,0.95,False
20260803,2026-08-04T00:02:52.944932+00:00,CFG,90,90,42.4,17.0,19.2,13.5,1.08,0.45,-1.65,73.92,📊,72.69999694824219,1.78,2.5,5.0,3.0>7.9>4.5>4.9>4.4,1.48,4.4,73.92,1.01,False
20260803,2026-08-04T00:02:52.944932+00:00,ZION,91,91,42.4,16.0,19.3,14.3,1.15,0.74,-3.37,73.31,⏳,70.83999633789062,1.63,2.5,5.0,2.7>6.8>3.2>2.9>6.5,2.41,6.5,73.31,1.12,False
20260803,2026-08-04T00:02:52.944932+00:00,PAGP,92,92,41.7,21.0,16.6,60.3,0.82,-0.15,-1.25,26.33,📊,26.0,0.39,2.5,4.0,3.7>7.2>4.3>10.4,2.78,10.4,25.54,0.56,False
20260803,2026-08-04T00:02:52.944932+00:00,ALL,93,93,41.4,8.0,21.6,84.1,0.94,2.84,-4.27,274.39,📊,262.67999267578125,7.08,2.5,1.0,6.6,,6.6,256.45,,False
20260803,2026-08-04T00:02:52.944932+00:00,CNI,94,94,41.3,16.0,17.7,19.0,1.12,0.69,-3.65,130.58,⏳,125.80999755859376,2.5,2.5,3.0,2.7>6.0>5.9,2.21,5.9,120.57,1.74,False
20260803,2026-08-04T00:02:52.944932+00:00,MUFG,95,95,41.2,11.0,20.0,33.3,1.14,2.01,-2.64,23.1,📊,22.489999771118164,0.52,2.5,3.0,4.5>6.0>6.4,1.4,6.4,22.77,1.13,False
20260803,2026-08-04T00:02:52.944932+00:00,M,96,96,41.1,7.0,12.8,40.5,0.79,-0.14,-0.04,25.96,📊,25.950000762939453,0.99,2.5,2.0,5.1>12.8,2.5,12.8,25.96,0.73,False
20260803,2026-08-04T00:02:52.944932+00:00,MTB,97,97,41.0,32.0,23.3,11.1,1.13,0.09,-1.79,254.04,📊,249.47999572753903,4.7,2.5,7.0,2.1>17.0>2.7>7.1>2.9>3.0>3.2,1.52,3.2,254.04,1.04,False
20260803,2026-08-04T00:02:52.944932+00:00,VLO,98,98,40.8,11.0,24.9,65.9,0.89,2.77,-1.93,313.59,📊,307.5400085449219,11.28,2.5,2.0,8.0>9.6,1.2,9.6,260.44,1.04,False
20260803,2026-08-04T00:02:52.944932+00:00,BNY,99,99,40.6,15.0,19.6,48.4,0.99,1.06,-3.41,161.71,📊,156.1999969482422,3.63,2.5,3.0,5.0>3.0>2.5,0.51,2.5,146.71,1.31,False
20260803,2026-08-04T00:02:52.944932+00:00,COMP,100,100,40.6,6.0,24.7,0.0,0.84,0.59,-9.55,12.99,⏳,11.75,0.63,2.5,2.0,12.9>14.8,1.15,14.8,12.65,0.66,False
20260804,2026-08-05T00:02:37.090030+00:00,CZR,1,1,94.3,9.0,4.1,0.0,0.53,0.22,-0.95,30.41,🔥,30.1200008392334,0.26,2.5,2.0,1.0>2.5,2.43,2.5,30.41,1.09,False
20260804,2026-08-05T00:02:37.090030+00:00,APGE,2,2,91.8,6.0,1.3,0.0,0.49,0.01,-0.08,134.3,🚀,134.19000244140625,0.25,2.5,1.0,0.2,,0.2,132.88,,False
20260804,2026-08-05T00:02:37.090030+00:00,IMVT,3,3,81.6,6.0,8.4,2.4,0.46,0.13,-4.21,41.09,⏳,39.36000061035156,1.47,2.5,1.0,1.8,,1.8,38.85,,False
20260804,2026-08-05T00:02:37.090030+00:00,ROKU,4,4,80.9,6.0,7.3,4.0,0.6,1.0,1.38,145.33,🚀,147.3300018310547,1.6,2.5,2.0,2.4>1.9,0.79,1.9,144.43,0.19,False
20260804,2026-08-05T00:02:37.090030+00:00,TVTX,5,5,76.7,6.0,6.9,4.0,0.51,-0.85,-5.1,59.03,⏳,56.02000045776367,2.65,2.5,2.0,4.6>5.5,1.2,5.5,58.47,0.44,False
20260804,2026-08-05T00:02:37.090030+00:00,BNS,6,6,76.3,7.0,7.1,17.5,0.83,0.44,-3.5,90.29,⏳,87.12999725341797,1.57,2.5,2.0,2.0>2.2,1.12,2.2,86.54,0.54,False
20260804,2026-08-05T00:02:37.090030+00:00,RY,7,7,73.3,6.0,7.2,19.0,0.85,0.45,-3.71,216.57,⏳,208.5399932861328,3.43,2.5,0.0,,,,,,False
20260804,2026-08-05T00:02:37.090030+00:00,CVS,8,8,73.1,6.0,8.2,1.6,0.92,0.6,-5.0,109.92,⏳,104.41999816894533,2.39,2.5,1.0,2.6,,2.6,104.17,,False
20260804,2026-08-05T00:02:37.090030+00:00,RVMD,9,9,73.0,6.0,12.4,5.6,0.51,0.38,0.0,193.46,🔥,193.4600067138672,8.31,2.5,1.0,7.0,,7.0,192.62,,False
20260804,2026-08-05T00:02:37.090030+00:00,RELY,10,10,71.9,7.0,22.2,3.2,0.53,2.25,-2.38,25.23,🔥,24.6299991607666,0.9,2.5,1.0,10.7,,10.7,25.23,,False
20260804,2026-08-05T00:02:37.090030+00:00,ETSY,11,11,71.4,7.0,16.5,2.4,0.79,2.44,-0.05,86.47,🔥,86.43000030517578,2.93,2.5,2.0,8.6>6.1,0.72,6.1,85.74,0.75,False
20260804,2026-08-05T00:02:37.090030+00:00,ARMK,12,12,69.4,9.0,9.2,6.3,0.84,0.9,-3.32,58.15,⏳,56.220001220703125,1.06,2.5,4.0,2.9>2.2>1.6>3.5,1.22,3.5,58.15,0.93,False
20260804,2026-08-05T00:02:37.090030+00:00,VOYA,13,13,69.3,8.0,12.1,8.7,0.73,1.63,0.0,100.68,🔥,100.68000030517578,2.28,2.5,2.0,3.1>3.8,1.22,3.8,100.59,0.71,False
20260804,2026-08-05T00:02:37.090030+00:00,GE,14,14,68.9,7.0,10.0,2.4,0.69,-0.32,-0.37,378.68,🔥,377.2799987792969,11.5,2.5,1.0,10.0,,10.0,378.68,,False
20260804,2026-08-05T00:02:37.090030+00:00,OSCR,15,15,68.3,7.0,12.4,0.0,0.54,0.54,-5.59,32.18,⏳,30.3799991607666,1.64,2.5,2.0,4.7>12.4,2.63,12.4,32.18,0.56,False
20260804,2026-08-05T00:02:37.090030+00:00,EXEL,16,16,68.2,8.0,10.1,4.8,0.86,0.76,-1.93,57.1,🔥,56.0,1.69,2.5,2.0,4.0>3.7,0.92,3.7,57.1,0.84,False
20260804,2026-08-05T00:02:37.090030+00:00,CM,17,17,67.8,15.0,13.2,10.3,0.75,0.36,-2.71,121.24,🔥,117.9499969482422,2.33,2.5,1.0,8.5,,8.5,115.01,,False
20260804,2026-08-05T00:02:37.090030+00:00,DLTR,18,18,66.8,9.0,18.6,8.7,0.64,2.1,0.0,130.71,🔥,130.7100067138672,4.28,2.5,3.0,4.3>7.4>8.4,1.97,8.4,128.45,1.32,False
20260804,2026-08-05T00:02:37.090030+00:00,SYRE,19,19,65.8,6.0,16.0,4.0,0.72,2.13,2.18,102.7,📊,104.94000244140624,6.53,2.5,1.0,14.0,,14.0,100.32,,False
20260804,2026-08-05T00:02:37.090030+00:00,UBS,20,20,65.5,10.0,15.1,4.0,0.87,1.45,-2.92,55.07,🔥,53.459999084472656,1.14,2.5,3.0,2.9>4.0>6.5,2.25,6.5,55.07,0.81,False
20260804,2026-08-05T00:02:37.090030+00:00,ZION,21,21,63.1,6.0,6.8,15.9,1.16,0.0,-2.1,73.31,📊,71.7699966430664,1.67,2.5,2.0,2.9>6.5,2.24,6.5,73.31,1.32,False
20260804,2026-08-05T00:02:37.090030+00:00,GKOS,22,22,63.0,6.0,21.2,9.5,0.9,3.12,-0.2,170.87,🔥,170.52999877929688,7.79,2.5,1.0,3.5,,3.5,156.84,,False
20260804,2026-08-05T00:02:37.090030+00:00,AVT,23,23,60.1,12.0,12.3,19.0,0.7,0.19,-0.43,92.93,🔥,92.52999877929688,3.25,2.5,3.0,8.1>11.9>2.7,0.34,2.7,87.13,0.62,False
20260804,2026-08-05T00:02:37.090030+00:00,ELAN,24,24,59.7,9.0,13.6,22.2,0.82,1.09,-3.25,26.46,⏳,25.600000381469727,0.87,2.5,2.0,7.4>4.5,0.61,4.5,25.95,0.79,False
20260804,2026-08-05T00:02:37.090030+00:00,GSAT,25,25,59.5,15.0,6.9,46.0,0.65,-0.47,-0.88,84.43,📊,83.69000244140625,1.19,2.5,2.0,1.2>5.5,4.77,5.5,84.43,1.17,False
20260804,2026-08-05T00:02:37.090030+00:00,CGON,26,26,59.1,6.0,12.6,2.4,0.88,-0.04,-5.1,75.24,⏳,71.4000015258789,3.86,2.5,1.0,6.1,,6.1,73.73,,False
20260804,2026-08-05T00:02:37.090030+00:00,ORKA,27,27,58.7,6.0,16.3,28.6,0.48,1.58,0.0,98.13,📊,98.12999725341795,5.66,2.5,1.0,12.7,,12.7,95.17,,False
20260804,2026-08-05T00:02:37.090030+00:00,TD,28,28,55.2,7.0,6.6,42.9,1.45,0.18,-4.33,124.8,📊,119.38999938964844,2.24,2.5,1.0,3.0,,3.0,121.44,,False
20260804,2026-08-05T00:02:37.090030+00:00,STT,29,29,55.1,15.0,22.4,5.6,1.05,1.61,-0.73,186.59,📊,185.22999572753903,5.09,2.5,2.0,3.9>3.2,0.84,3.2,172.87,1.54,False
20260804,2026-08-05T00:02:37.090030+00:00,VIK,30,30,54.9,6.0,9.8,31.7,0.59,0.36,2.45,104.95,📊,107.5199966430664,3.02,2.5,1.0,7.7,,7.7,104.95,,False
20260804,2026-08-05T00:02:37.090030+00:00,ATI,31,31,54.9,9.0,13.0,19.8,0.76,0.14,-1.93,204.09,🔥,200.1499938964844,9.59,2.5,1.0,10.2,,10.2,204.09,,False
20260804,2026-08-05T00:02:37.090030+00:00,NTRA,32,32,54.8,6.0,17.3,12.7,0.69,-0.32,-3.03,283.8,⏳,275.19000244140625,11.43,2.5,1.0,11.1,,11.1,283.8,,False
20260804,2026-08-05T00:02:37.090030+00:00,OKTA,33,33,54.6,6.0,23.6,17.5,0.71,1.77,-4.4,154.62,⏳,147.82000732421875,6.8,2.5,1.0,12.0,,12.0,154.62,,False
20260804,2026-08-05T00:02:37.090030+00:00,LTH,34,34,54.6,6.0,17.2,43.7,0.89,2.21,-2.12,45.7,📊,44.72999954223633,1.69,2.5,1.0,2.1,,2.1,42.84,,False
20260804,2026-08-05T00:02:37.090030+00:00,EC,35,35,54.4,9.0,16.4,15.1,0.77,0.44,-4.28,17.04,⏳,16.309999465942383,0.55,2.5,3.0,6.8>14.1>5.3,0.79,5.3,16.69,0.65,False
20260804,2026-08-05T00:02:37.090030+00:00,NMR,36,36,54.4,19.0,24.9,4.8,0.72,0.51,-2.99,10.04,🔥,9.739999771118164,0.26,2.5,4.0,10.5>3.2>5.4>6.5,0.62,6.5,10.04,0.52,False
20260804,2026-08-05T00:02:37.090030+00:00,MAC,37,37,54.4,16.0,20.6,29.4,0.61,1.16,-3.36,26.51,⏳,25.6200008392334,0.61,2.5,4.0,4.9>9.0>4.4>2.4,0.48,2.4,25.92,1.06,False
20260804,2026-08-05T00:02:37.090030+00:00,DOC,38,38,54.2,12.0,17.5,21.4,0.7,1.58,-5.26,22.82,⏳,21.6200008392334,0.49,2.5,4.0,2.1>5.1>5.8>1.6,0.77,1.6,21.83,0.67,False
20260804,2026-08-05T00:02:37.090030+00:00,MNST,39,39,54.1,6.0,6.5,24.6,1.0,-0.36,-5.76,99.94,⏳,94.18000030517578,2.45,2.5,2.0,2.6>6.5,2.53,6.5,99.94,1.1,False
20260804,2026-08-05T00:02:37.090030+00:00,DAL,40,40,54.1,7.0,12.3,17.5,0.83,-0.12,-0.71,93.43,🔥,92.7699966430664,2.76,2.5,1.0,12.3,,12.3,93.43,,False
20260804,2026-08-05T00:02:37.090030+00:00,SN,41,41,54.1,7.0,20.9,31.7,0.8,2.54,0.0,168.19,🚀,168.19000244140625,5.73,2.5,2.0,3.8>5.6,1.48,5.6,154.53,1.09,False
20260804,2026-08-05T00:02:37.090030+00:00,CRWD,42,42,53.8,10.0,23.7,17.5,0.63,1.74,0.0,211.22,🔥,211.22000122070312,9.02,2.5,3.0,17.5>2.9>6.1,0.35,6.1,199.38,0.45,False
20260804,2026-08-05T00:02:37.090030+00:00,PANW,43,43,52.4,7.0,23.6,23.8,0.78,2.56,0.0,366.34,🔥,366.3399963378906,15.65,2.5,1.0,10.3,,10.3,357.53,,False
20260804,2026-08-05T00:02:37.090030+00:00,VSXY,44,44,52.4,7.0,14.7,45.2,0.7,1.61,-0.11,89.31,📊,89.20999908447266,4.42,2.5,1.0,13.9,,13.9,88.5,,False
20260804,2026-08-05T00:02:37.090030+00:00,BUD,45,45,52.2,12.0,9.9,42.1,0.85,0.12,-2.19,86.48,📊,84.58999633789062,1.99,2.5,3.0,7.2>2.7>7.0,0.97,7.0,85.09,1.58,False
20260804,2026-08-05T00:02:37.090030+00:00,NET,46,46,52.1,8.0,22.9,3.2,0.7,2.27,6.33,283.39,🚀,301.3299865722656,14.53,2.5,1.0,18.7,,18.7,268.64,,False
20260804,2026-08-05T00:02:37.090030+00:00,DDOG,47,47,52.1,9.0,20.5,7.9,0.7,1.65,3.84,277.49,📊,288.1499938964844,12.92,2.5,2.0,20.5>9.7,0.47,9.7,270.73,0.58,True
20260804,2026-08-05T00:02:37.090030+00:00,LQDA,48,48,51.4,6.0,20.0,44.4,0.73,2.41,-0.73,89.03,📊,88.37999725341797,5.82,2.5,1.0,12.6,,12.6,81.45,,False
20260804,2026-08-05T00:02:37.090030+00:00,ALL,49,49,51.3,6.0,15.6,84.9,0.9,2.11,-4.31,274.39,📊,262.55999755859375,6.65,2.5,1.0,6.6,,6.6,256.45,,False
20260804,2026-08-05T00:02:37.090030+00:00,RYCEY,50,50,51.0,6.0,9.8,31.0,0.87,0.27,2.74,20.1,📊,20.649999618530273,0.58,2.5,1.0,9.8,,9.8,20.1,,False
20260804,2026-08-05T00:02:37.090030+00:00,TIGO,51,51,50.8,17.0,21.9,0.0,0.77,0.77,-5.83,98.61,⏳,92.86000061035156,3.07,2.5,3.0,7.5>7.0>10.0,1.33,10.0,93.01,1.45,False
20260804,2026-08-05T00:02:37.090030+00:00,KMX,52,52,50.8,8.0,19.8,51.6,0.75,2.59,-2.71,59.11,📊,57.5099983215332,2.08,2.5,1.0,6.4,,6.4,53.66,,False
20260804,2026-08-05T00:02:37.090030+00:00,ILMN,53,53,50.6,9.0,22.9,17.5,1.02,3.04,-1.02,205.1,📊,203.0099945068359,8.11,2.5,3.0,7.5>4.7>5.0,0.66,5.0,194.33,0.76,False
20260804,2026-08-05T00:02:37.090030+00:00,TWST,54,54,49.9,6.0,17.4,5.6,0.77,-1.06,-3.34,102.88,⏳,99.44499969482422,8.01,2.5,1.0,13.1,,13.1,102.88,,False
20260804,2026-08-05T00:02:37.090030+00:00,APH,55,55,49.6,8.0,18.7,17.5,0.7,-0.29,-2.83,176.32,🔥,171.3300018310547,7.93,2.5,1.0,18.4,,18.4,176.32,,False
20260804,2026-08-05T00:02:37.090030+00:00,FITB,56,56,49.6,17.0,21.2,6.3,0.92,0.75,-2.69,59.37,🔥,57.77000045776367,1.41,2.5,4.0,2.8>7.2>3.9>3.7,1.32,3.7,57.92,1.22,False
20260804,2026-08-05T00:02:37.090030+00:00,HST,57,57,48.9,8.0,10.9,80.2,0.98,0.55,-2.19,25.54,📊,24.979999542236328,0.57,2.5,1.0,6.0,,6.0,24.2,,False
20260804,2026-08-05T00:02:37.090030+00:00,CROX,58,58,48.2,9.0,15.9,30.2,0.88,1.56,1.64,138.91,📊,141.19000244140625,6.27,2.5,1.0,7.0,,7.0,127.77,,False
20260804,2026-08-05T00:02:37.090030+00:00,CNI,59,59,47.9,16.0,17.7,8.7,1.13,0.71,-2.51,130.58,📊,127.3000030517578,2.6,2.5,3.0,2.7>6.0>5.9,2.21,5.9,120.57,1.74,False
20260804,2026-08-05T00:02:37.090030+00:00,SIRI,60,60,47.9,14.0,20.7,18.3,0.7,1.12,-5.65,32.59,⏳,30.75,1.04,2.5,2.0,4.2>9.6,2.31,9.6,29.87,1.15,False
20260804,2026-08-05T00:02:37.090030+00:00,AMRX,61,61,47.7,6.0,12.8,49.2,1.01,1.66,-3.25,19.1,📊,18.479999542236328,0.67,2.5,1.0,3.6,,3.6,17.32,,False
20260804,2026-08-05T00:02:37.090030+00:00,CNC,62,62,47.5,8.0,11.8,20.6,0.85,-0.18,-6.77,68.72,⏳,64.06999969482422,2.84,2.5,1.0,8.4,,8.4,66.21,,False
20260804,2026-08-05T00:02:37.090030+00:00,NTRS,63,63,47.3,15.0,17.2,22.2,1.0,0.73,-4.56,191.13,⏳,182.41000366210935,4.45,2.5,4.0,6.8>2.6>3.6>1.4,0.2,1.4,176.26,0.73,False
20260804,2026-08-05T00:02:37.090030+00:00,DNTH,64,64,47.2,6.0,22.3,27.0,1.04,3.29,-1.99,112.64,📊,110.4000015258789,6.48,2.5,1.0,3.9,,3.9,105.72,,False
20260804,2026-08-05T00:02:37.090030+00:00,LUV,65,65,46.3,7.0,14.8,12.7,0.81,-1.34,-6.51,52.09,⏳,48.70000076293945,1.8,2.5,1.0,8.7,,8.7,52.09,,False
20260804,2026-08-05T00:02:37.090030+00:00,ANET,66,66,46.2,10.0,20.3,31.0,0.79,1.33,0.0,190.51,🚀,190.5099945068359,9.92,2.5,3.0,13.4>9.7>9.8,0.73,9.8,186.96,0.96,False
20260804,2026-08-05T00:02:37.090030+00:00,MFG,67,67,45.9,17.0,23.9,0.8,1.15,1.05,-3.0,10.66,📊,10.34000015258789,0.31,2.5,5.0,8.0>4.0>4.5>7.2>7.7,0.96,7.7,10.66,0.98,False
20260804,2026-08-05T00:02:37.090030+00:00,VTRS,68,68,45.9,12.0,13.9,42.1,0.82,0.49,-0.9,17.86,📊,17.700000762939453,0.49,2.5,4.0,6.9>6.5>6.7>4.1,0.59,4.1,16.96,0.79,False
20260804,2026-08-05T00:02:37.090030+00:00,UAL,69,69,45.8,7.0,15.3,23.0,0.72,-0.68,-2.56,136.11,🔥,132.6199951171875,4.97,2.5,1.0,15.3,,15.3,136.11,,False
20260804,2026-08-05T00:02:37.090030+00:00,PFG,70,70,45.3,14.0,14.5,21.4,1.29,0.94,0.0,115.25,📊,115.25,2.67,2.5,3.0,2.6>6.2>5.8,2.25,5.8,113.95,1.54,False
20260804,2026-08-05T00:02:37.090030+00:00,HWM,71,71,44.9,24.0,22.9,14.3,0.68,0.0,-0.37,289.26,🔥,288.20001220703125,8.92,2.5,5.0,15.9>8.3>7.5>5.9>5.6,0.35,5.6,283.23,2.09,True
20260804,2026-08-05T00:02:37.090030+00:00,SCCO,72,72,44.6,17.0,18.7,10.3,0.83,-0.53,-3.08,201.37,⏳,195.16000366210935,8.67,2.5,4.0,15.3>11.9>16.7>14.0,0.92,14.0,194.53,0.97,False
20260804,2026-08-05T00:02:37.090030+00:00,FRO,73,73,44.5,17.0,23.7,7.1,0.65,0.3,-9.12,42.88,⏳,38.970001220703125,1.22,2.5,6.0,6.7>6.7>7.2>12.3>19.1>5.1,0.77,5.1,38.46,0.69,False
20260804,2026-08-05T00:02:37.090030+00:00,SMFG,74,74,43.9,17.0,24.2,1.6,0.93,1.05,-6.19,26.5,⏳,24.86000061035156,0.68,2.5,4.0,7.2>4.2>6.5>6.1,0.84,6.1,26.5,0.92,False
20260804,2026-08-05T00:02:37.090030+00:00,BCS,75,75,43.8,16.0,21.1,18.3,1.0,1.06,-1.89,28.56,📊,28.020000457763672,0.86,2.5,5.0,6.3>6.2>6.5>5.7>3.9,0.62,3.9,28.35,0.95,False
20260804,2026-08-05T00:02:37.090030+00:00,PNC,76,76,43.7,32.0,22.0,3.2,0.97,0.14,0.38,253.18,📊,254.13999938964844,4.22,2.5,4.0,1.3>2.9>17.2>8.0,6.11,8.0,226.25,1.03,False
20260804,2026-08-05T00:02:37.090030+00:00,ROIV,77,77,43.4,13.0,24.4,24.6,0.77,2.04,-6.03,36.81,⏳,34.59000015258789,1.22,2.5,2.0,12.8>7.8,0.61,7.8,36.81,0.58,False
20260804,2026-08-05T00:02:37.090030+00:00,ALKS,78,78,43.1,6.0,12.9,18.3,0.79,-1.15,-10.05,55.22,📊,49.66999816894531,1.93,2.5,1.0,6.6,,6.6,55.22,,False
20260804,2026-08-05T00:02:37.090030+00:00,FTNT,79,79,42.8,9.0,17.8,36.5,0.86,1.34,0.0,168.29,📊,168.2899932861328,6.93,2.5,2.0,7.5>10.1,1.34,10.1,166.83,0.73,False
20260804,2026-08-05T00:02:37.090030+00:00,USB,80,80,42.6,33.0,22.7,8.7,0.91,0.1,-0.37,64.47,🔥,64.2300033569336,1.25,2.5,5.0,4.6>16.2>2.5>6.9>3.8,0.82,3.8,54.75,0.71,False
20260804,2026-08-05T00:02:37.090030+00:00,MFC,81,81,42.4,15.0,16.7,77.8,0.72,0.68,0.29,44.64,📊,44.77000045776367,0.65,2.5,4.0,1.6>6.2>2.6>3.5,2.09,3.5,41.12,1.17,False
20260804,2026-08-05T00:02:37.090030+00:00,MS,82,82,42.2,10.0,12.0,42.9,1.02,0.32,-4.51,227.3,📊,217.0399932861328,7.31,2.5,3.0,5.3>7.9>7.7,1.45,7.7,227.3,1.43,False
20260804,2026-08-05T00:02:37.090030+00:00,CSCO,83,83,42.0,7.0,9.7,37.3,0.84,-0.85,0.3,121.38,📊,121.73999786376952,3.45,2.5,3.0,3.7>7.7>9.6,2.6,9.6,121.31,1.13,False
20260804,2026-08-05T00:02:37.090030+00:00,BNY,84,84,42.0,15.0,19.6,43.7,0.96,1.09,-3.02,161.71,📊,156.82000732421875,3.24,2.5,3.0,5.0>3.0>2.5,0.51,2.5,146.71,1.31,False
20260804,2026-08-05T00:02:37.090030+00:00,MPC,85,85,41.9,13.0,24.5,33.3,0.88,2.05,-2.24,319.76,📊,312.6099853515625,9.37,2.5,4.0,7.0>5.7>9.1>4.3,0.61,4.3,319.76,0.87,False
20260804,2026-08-05T00:02:37.090030+00:00,BHP,86,86,41.6,16.0,17.5,13.5,0.92,-0.13,-6.11,93.15,⏳,87.45999908447266,2.53,2.5,6.0,4.3>9.8>11.2>12.7>6.4>5.8,1.34,5.8,85.48,1.21,False
20260804,2026-08-05T00:02:37.090030+00:00,NTAP,87,87,41.6,7.0,12.9,68.3,0.82,1.59,9.11,174.55,📊,190.4600067138672,6.75,2.5,2.0,5.8>8.5,1.47,8.5,174.55,0.87,False
20260804,2026-08-05T00:02:37.090030+00:00,WSM,88,88,41.3,6.0,9.8,46.0,0.75,0.17,3.97,239.37,🚀,248.8800048828125,7.78,2.5,2.0,9.8>4.3,0.44,4.3,228.41,0.87,True
20260804,2026-08-05T00:02:37.090030+00:00,HPE,89,89,41.1,7.0,16.8,15.1,0.68,0.11,5.71,49.56,📊,52.38999938964844,2.89,2.5,2.0,15.7>10.1,0.64,10.1,49.56,0.8,False
20260804,2026-08-05T00:02:37.090030+00:00,MUFG,90,90,40.7,11.0,19.0,25.4,1.17,1.86,-5.5,23.1,⏳,21.829999923706055,0.55,2.5,3.0,4.5>6.0>6.4,1.4,6.4,22.77,1.13,False
20260804,2026-08-05T00:02:37.090030+00:00,CFG,91,91,40.6,17.0,18.8,17.5,1.05,0.48,-0.32,73.92,📊,73.68000030517578,1.83,2.5,5.0,3.0>7.9>4.5>4.9>4.4,1.48,4.4,73.92,1.01,False
20260804,2026-08-05T00:02:37.090030+00:00,RRX,92,92,40.6,17.0,22.9,3.2,0.85,-0.2,-7.62,238.19,⏳,220.0399932861328,10.36,2.5,5.0,7.9>19.4>6.9>5.7>13.7,1.73,13.7,238.19,0.9,False
20260804,2026-08-05T00:02:37.090030+00:00,VLO,93,93,40.2,12.0,24.9,50.0,0.91,2.54,-1.55,313.59,📊,308.7300109863281,11.09,2.5,3.0,8.0>9.6>5.1,0.63,5.1,313.59,0.85,False
20260804,2026-08-05T00:02:37.090030+00:00,COMP,94,94,40.0,6.0,23.9,0.8,0.81,-0.07,-7.62,12.99,⏳,12.0,0.59,2.5,2.0,12.9>14.8,1.15,14.8,12.65,0.66,False
20260805,2026-08-06T00:02:29.443551+00:00,CZR,1,2,89.6,6.0,2.7,0.8,0.53,-0.43,-1.02,30.41,🔥,30.100000381469727,0.25,2.5,1.0,2.5,,2.5,30.41,,False
20260805,2026-08-06T00:02:29.443551+00:00,IMVT,2,3,82.8,6.0,7.2,0.0,0.47,-0.05,-4.4,41.09,⏳,39.279998779296875,1.46,2.5,1.0,1.8,,1.8,38.85,,False
20260805,2026-08-06T00:02:29.443551+00:00,RY,3,5,76.9,7.0,7.9,4.0,0.85,0.58,-2.45,216.57,🔥,211.27000427246097,3.49,2.5,1.0,4.7,,4.7,216.57,,False
20260805,2026-08-06T00:02:29.443551+00:00,DLTR,4,6,76.3,6.0,10.0,9.5,0.61,0.81,-1.49,130.71,🔥,128.75999450683594,4.21,2.5,1.0,8.4,,8.4,128.45,,False
20260805,2026-08-06T00:02:29.443551+00:00,BNS,5,7,74.8,7.0,6.4,11.1,0.85,0.29,-1.93,90.29,🔥,88.55000305175781,1.58,2.5,3.0,2.0>2.2>4.7,2.37,4.7,90.29,0.59,False
20260805,2026-08-06T00:02:29.443551+00:00,ARMK,6,8,73.7,10.0,10.1,4.8,0.85,0.92,-2.18,58.15,🔥,56.880001068115234,0.94,2.5,4.0,2.9>2.2>1.6>3.5,1.22,3.5,58.15,0.93,False
20260805,2026-08-06T00:02:29.443551+00:00,MAC,7,9,72.7,6.0,6.9,19.0,0.63,0.09,-4.22,26.51,⏳,25.38999938964844,0.61,2.5,2.0,4.4>2.4,0.54,2.4,25.92,0.58,False
20260805,2026-08-06T00:02:29.443551+00:00,CM,8,10,72.3,15.0,13.2,4.0,0.7,0.36,-2.11,121.24,🔥,118.68000030517578,2.38,2.5,2.0,8.5>4.1,0.49,4.1,121.24,0.66,True
20260805,2026-08-06T00:02:29.443551+00:00,EXEL,9,11,72.3,6.0,7.4,6.3,0.91,0.1,-0.7,57.1,🔥,56.70000076293945,1.68,2.5,1.0,3.7,,3.7,57.1,,False
20260805,2026-08-06T00:02:29.443551+00:00,VOYA,10,12,70.8,8.0,12.1,4.0,0.77,1.53,-0.57,100.68,🔥,100.11000061035156,2.19,2.5,2.0,3.1>3.8,1.22,3.8,100.59,0.71,False
20260805,2026-08-06T00:02:29.443551+00:00,ETSY,11,13,70.3,7.0,16.1,2.4,0.81,2.23,-0.71,86.47,🔥,85.86000061035156,2.96,2.5,2.0,8.6>6.1,0.72,6.1,85.74,0.75,False
20260805,2026-08-06T00:02:29.443551+00:00,RELY,12,14,69.7,6.0,15.0,3.2,0.54,0.56,-4.6,25.23,⏳,24.06999969482422,0.92,2.5,1.0,10.7,,10.7,25.23,,False
20260805,2026-08-06T00:02:29.443551+00:00,UNH,13,15,67.9,8.0,8.4,9.5,0.75,0.24,-5.41,436.35,⏳,412.75,11.97,2.5,2.0,2.8>3.0,1.09,3.0,431.68,0.86,False
20260805,2026-08-06T00:02:29.443551+00:00,RVMD,14,16,66.6,6.0,14.0,15.1,0.51,0.22,0.0,197.3,🔥,197.3000030517578,8.17,2.5,1.0,7.0,,7.0,192.62,,False
20260805,2026-08-06T00:02:29.443551+00:00,SYRE,15,17,66.4,6.0,16.0,5.6,0.7,2.06,1.61,102.7,📊,104.3499984741211,6.34,2.5,1.0,14.0,,14.0,100.32,,False
20260805,2026-08-06T00:02:29.443551+00:00,CGON,16,18,66.4,6.0,8.7,1.6,0.86,-0.3,-3.75,75.24,⏳,72.41999816894531,3.73,2.5,2.0,6.1>8.1,1.32,8.1,75.24,1.02,False
20260805,2026-08-06T00:02:29.443551+00:00,UBS,17,19,66.3,10.0,15.1,2.4,0.86,1.39,-2.72,55.07,🔥,53.56999969482422,1.07,2.5,3.0,2.9>4.0>6.5,2.25,6.5,55.07,0.81,False
20260805,2026-08-06T00:02:29.443551+00:00,OSCR,18,20,66.2,7.0,12.4,0.0,0.56,0.38,-6.43,32.18,⏳,30.11000061035156,1.5,2.5,2.0,4.7>12.4,2.63,12.4,32.18,0.56,False
20260805,2026-08-06T00:02:29.443551+00:00,ZION,19,21,63.6,6.0,6.8,14.3,1.14,-0.05,-2.2,73.31,📊,71.69999694824219,1.61,2.5,2.0,2.9>6.5,2.24,6.5,73.31,1.32,False
20260805,2026-08-06T00:02:29.443551+00:00,BCS,20,22,62.8,7.0,9.0,16.7,1.0,0.5,-0.35,28.56,📊,28.459999084472656,0.87,2.5,3.0,5.7>3.9>8.8,1.54,8.8,28.56,2.18,False
20260805,2026-08-06T00:02:29.443551+00:00,ILMN,21,23,62.7,6.0,14.6,18.3,1.01,1.83,-2.55,205.1,📊,199.8699951171875,8.15,2.5,1.0,5.0,,5.0,194.33,,False
20260805,2026-08-06T00:02:29.443551+00:00,NTRA,22,24,62.5,6.0,11.1,12.7,0.69,-0.7,-3.23,283.8,⏳,274.6199951171875,11.05,2.5,1.0,11.1,,11.1,283.8,,False
20260805,2026-08-06T00:02:29.443551+00:00,GE,23,25,62.4,7.0,10.6,13.5,0.68,-0.39,0.0,381.22,🔥,381.2200012207031,10.32,2.5,1.0,10.0,,10.0,378.68,,False
20260805,2026-08-06T00:02:29.443551+00:00,TVTX,24,26,61.6,6.0,6.6,14.3,0.61,-0.3,6.32,59.03,🚀,62.7599983215332,3.2,2.5,2.0,4.6>5.5,1.2,5.5,58.47,0.44,False
20260805,2026-08-06T00:02:29.443551+00:00,GKOS,25,27,61.4,6.0,19.5,20.6,0.87,2.97,0.0,170.93,🔥,170.92999267578125,7.61,2.5,1.0,3.5,,3.5,156.84,,False
20260805,2026-08-06T00:02:29.443551+00:00,TD,26,28,60.6,7.0,6.3,31.7,1.32,0.02,-2.92,124.8,📊,121.1500015258789,2.27,2.5,2.0,3.0>6.3,2.07,6.3,124.8,0.69,False
20260805,2026-08-06T00:02:29.443551+00:00,ORKA,27,29,60.3,6.0,16.3,27.8,0.47,1.57,-0.96,98.13,📊,97.19000244140624,5.64,2.5,2.0,12.7>6.6,0.52,6.6,94.32,0.49,False
20260805,2026-08-06T00:02:29.443551+00:00,GSAT,28,30,60.1,15.0,6.9,46.8,0.64,-0.46,-1.16,84.43,📊,83.44999694824219,1.14,2.5,3.0,1.2>5.5>3.3,2.88,3.3,81.29,0.74,False
20260805,2026-08-06T00:02:29.443551+00:00,EC,29,31,59.9,10.0,16.4,5.6,0.77,0.67,-3.81,17.04,⏳,16.389999389648438,0.57,2.5,2.0,14.1>5.3,0.38,5.3,16.69,0.59,True
20260805,2026-08-06T00:02:29.443551+00:00,ELAN,30,32,58.5,10.0,13.8,19.8,0.91,1.11,-0.91,26.46,🔥,26.219999313354492,1.0,2.5,2.0,7.4>4.5,0.61,4.5,25.95,0.79,False
20260805,2026-08-06T00:02:29.443551+00:00,DOC,31,33,55.2,12.0,17.5,21.4,0.71,1.54,-4.51,22.82,⏳,21.790000915527344,0.5,2.5,4.0,2.1>5.1>5.8>1.6,0.77,1.6,21.83,0.67,False
20260805,2026-08-06T00:02:29.443551+00:00,ROIV,32,34,54.9,6.0,10.7,19.0,0.78,-0.77,-6.0,36.81,⏳,34.599998474121094,1.22,2.5,2.0,7.8>6.4,0.81,6.4,35.1,0.97,False
20260805,2026-08-06T00:02:29.443551+00:00,NET,33,35,54.3,9.0,22.9,4.8,0.73,2.19,3.38,283.39,📊,292.9599914550781,14.73,2.5,2.0,19.9>7.0,0.35,7.0,281.75,0.76,True
20260805,2026-08-06T00:02:29.443551+00:00,CNC,34,36,53.9,8.0,11.8,20.6,0.88,-0.15,-2.52,68.72,🔥,66.98999786376953,2.86,2.5,1.0,8.4,,8.4,66.21,,False
20260805,2026-08-06T00:02:29.443551+00:00,MUFG,35,37,53.8,11.0,19.0,7.1,1.14,1.78,-2.94,23.1,📊,22.420000076293945,0.56,2.5,3.0,4.5>6.0>6.4,1.4,6.4,22.77,1.13,False
20260805,2026-08-06T00:02:29.443551+00:00,MNST,36,38,53.7,6.0,6.5,25.4,0.99,-0.56,-5.48,99.94,⏳,94.45999908447266,2.37,2.5,2.0,2.6>6.5,2.53,6.5,99.94,1.1,False
20260805,2026-08-06T00:02:29.443551+00:00,CROX,37,39,53.1,10.0,17.8,23.8,0.89,1.59,-2.74,141.19,🔥,137.32000732421875,6.28,2.5,1.0,7.0,,7.0,127.77,,False
20260805,2026-08-06T00:02:29.443551+00:00,DDOG,38,40,52.9,9.0,20.5,11.9,0.73,1.62,2.05,277.49,📊,283.1700134277344,12.73,2.5,2.0,20.5>9.7,0.47,9.7,270.73,0.58,True
20260805,2026-08-06T00:02:29.443551+00:00,CNI,39,41,52.9,16.0,17.7,0.8,1.14,0.73,-2.33,130.58,📊,127.54000091552734,2.42,2.5,3.0,2.7>6.0>5.9,2.21,5.9,120.57,1.74,False
20260805,2026-08-06T00:02:29.443551+00:00,VIK,40,42,52.9,6.0,7.7,38.9,0.58,0.3,3.15,104.95,📊,108.26000213623048,3.03,2.5,1.0,7.7,,7.7,104.95,,False
20260805,2026-08-06T00:02:29.443551+00:00,LTH,41,43,52.7,6.0,14.9,47.6,0.91,1.97,-0.85,45.7,📊,45.310001373291016,1.71,2.5,1.0,2.1,,2.1,42.84,,False
20260805,2026-08-06T00:02:29.443551+00:00,COMP,42,44,52.4,6.0,18.0,5.6,0.85,-0.36,-1.23,12.99,🔥,12.829999923706056,0.63,2.5,2.0,12.9>14.8,1.15,14.8,12.65,0.66,False
20260805,2026-08-06T00:02:29.443551+00:00,BUD,43,45,51.7,12.0,9.9,43.7,0.85,0.12,-1.5,86.48,📊,85.18000030517578,1.93,2.5,3.0,7.2>2.7>7.0,0.97,7.0,85.09,1.58,False
20260805,2026-08-06T00:02:29.443551+00:00,ALL,44,46,51.7,6.0,15.6,84.9,0.91,1.93,-3.57,274.39,📊,264.5899963378906,6.54,2.5,1.0,6.6,,6.6,256.45,,False
20260805,2026-08-06T00:02:29.443551+00:00,FITB,45,47,51.7,17.0,21.1,3.2,0.9,0.76,-2.98,59.37,🔥,57.599998474121094,1.37,2.5,4.0,2.8>7.2>3.9>3.7,1.32,3.7,57.92,1.22,False
20260805,2026-08-06T00:02:29.443551+00:00,PANW,46,48,51.0,7.0,22.1,25.4,0.77,2.77,1.11,358.68,📊,362.6600036621094,15.75,2.5,1.0,10.3,,10.3,357.53,,False
20260805,2026-08-06T00:02:29.443551+00:00,DAL,47,49,50.8,7.0,12.3,23.8,0.8,-0.18,-0.31,93.43,🔥,93.13999938964844,2.77,2.5,1.0,12.3,,12.3,93.43,,False
20260805,2026-08-06T00:02:29.443551+00:00,STT,48,50,50.8,15.0,21.2,5.6,1.03,1.55,0.0,187.05,📊,187.0500030517578,4.57,2.5,3.0,3.9>3.2>5.7,1.47,5.7,186.59,1.31,False
20260805,2026-08-06T00:02:29.443551+00:00,KMX,49,51,50.6,8.0,19.8,34.9,0.75,2.35,-4.13,59.11,📊,56.66999816894531,2.1,2.5,1.0,6.4,,6.4,53.66,,False
20260805,2026-08-06T00:02:29.443551+00:00,CRWD,50,52,49.9,10.0,23.7,26.2,0.65,1.74,-0.64,211.22,📊,209.86000061035156,9.18,2.5,4.0,17.5>2.9>6.1>14.9,0.85,14.9,210.73,0.44,False
20260805,2026-08-06T00:02:29.443551+00:00,LLY,51,53,49.7,8.0,11.1,30.2,0.78,0.19,-5.32,1235.56,📊,1169.8599853515625,40.22,2.5,2.0,5.4>7.2,1.34,7.2,1235.56,0.86,False
20260805,2026-08-06T00:02:29.443551+00:00,NMR,52,54,49.7,19.0,24.9,5.6,0.7,0.53,-1.1,10.04,🔥,9.93000030517578,0.26,2.5,4.0,10.5>3.2>5.4>6.5,0.62,6.5,10.04,0.52,False
20260805,2026-08-06T00:02:29.443551+00:00,OKTA,53,55,49.3,6.0,23.3,18.3,0.7,1.28,-4.9,154.62,⏳,147.0399932861328,6.58,2.5,1.0,12.0,,12.0,154.62,,False
20260805,2026-08-06T00:02:29.443551+00:00,VSXY,54,56,49.2,9.0,18.7,34.1,0.7,1.63,0.0,89.86,📊,89.86000061035156,4.27,2.5,2.0,8.7>13.9,1.6,13.9,88.5,0.31,False
20260805,2026-08-06T00:02:29.443551+00:00,LQDA,55,57,49.0,6.0,20.1,46.8,0.71,2.36,0.0,89.12,📊,89.12000274658203,5.54,2.5,1.0,12.6,,12.6,81.45,,False
20260805,2026-08-06T00:02:29.443551+00:00,SMFG,56,58,48.6,17.0,24.2,1.6,0.92,1.07,-4.15,26.5,⏳,25.399999618530273,0.68,2.5,4.0,7.2>4.2>6.5>6.1,0.84,6.1,26.5,0.92,False
20260805,2026-08-06T00:02:29.443551+00:00,HST,57,59,48.1,9.0,10.9,72.2,1.01,0.66,-1.61,25.54,📊,25.1299991607666,0.57,2.5,1.0,6.0,,6.0,24.2,,False
20260805,2026-08-06T00:02:29.443551+00:00,EBC,58,60,47.7,34.0,22.8,7.9,0.93,0.11,-1.49,23.55,🔥,23.200000762939453,0.53,2.5,8.0,7.2>15.0>5.5>5.3>4.6>2.9>4.6>3.8,0.52,3.8,23.46,1.12,False
20260805,2026-08-06T00:02:29.443551+00:00,SIRI,59,61,47.2,15.0,20.7,16.7,0.69,0.92,-5.8,32.59,⏳,30.700000762939453,1.04,2.5,2.0,7.0>9.6,1.36,9.6,29.87,0.77,False
20260805,2026-08-06T00:02:29.443551+00:00,APH,60,62,47.1,10.0,21.4,27.8,0.71,0.9,-2.31,176.32,📊,172.24000549316406,7.91,2.5,2.0,6.7>18.4,2.75,18.4,176.32,0.75,False
20260805,2026-08-06T00:02:29.443551+00:00,LUV,61,63,47.1,7.0,14.8,13.5,0.8,-1.5,-6.34,52.09,⏳,48.790000915527344,1.78,2.5,2.0,8.7>10.2,1.17,10.2,49.43,1.04,False
20260805,2026-08-06T00:02:29.443551+00:00,TIGO,62,64,47.0,17.0,21.7,3.2,0.77,0.76,-6.92,98.61,⏳,91.79000091552734,3.04,2.5,3.0,7.5>7.0>10.0,1.33,10.0,93.01,1.45,False
20260805,2026-08-06T00:02:29.443551+00:00,VTRS,63,65,46.6,12.0,13.9,40.5,0.82,0.55,-1.18,17.86,📊,17.649999618530273,0.46,2.5,4.0,6.9>6.5>6.7>4.1,0.59,4.1,16.96,0.79,False
20260805,2026-08-06T00:02:29.443551+00:00,NTRS,64,66,46.5,15.0,17.2,18.3,1.0,0.72,-3.53,191.13,⏳,184.3800048828125,4.34,2.5,5.0,6.8>2.6>3.6>1.4>7.1,1.03,7.1,191.13,0.95,False
20260805,2026-08-06T00:02:29.443551+00:00,BHP,65,67,45.7,16.0,17.3,15.1,0.91,-0.12,-4.05,93.15,⏳,89.37999725341797,2.3,2.5,6.0,4.3>9.8>11.2>12.7>6.4>5.8,1.34,5.8,85.48,1.21,False
20260805,2026-08-06T00:02:29.443551+00:00,AMRX,66,68,45.5,6.0,12.6,41.3,1.01,1.51,-3.35,19.1,📊,18.459999084472656,0.65,2.5,1.0,3.6,,3.6,17.32,,False
20260805,2026-08-06T00:02:29.443551+00:00,WSM,67,69,45.4,7.0,9.8,55.6,0.74,0.4,3.71,239.37,📊,248.2400054931641,7.43,2.5,2.0,9.8>4.3,0.44,4.3,228.41,0.87,True
20260805,2026-08-06T00:02:29.443551+00:00,PNC,68,70,45.2,32.0,21.9,0.0,0.94,0.13,0.86,253.18,📊,255.3699951171875,4.16,2.5,4.0,1.3>2.9>17.2>8.0,6.11,8.0,226.25,1.03,False
20260805,2026-08-06T00:02:29.443551+00:00,CFG,69,71,45.0,17.0,18.8,14.3,0.96,0.51,-0.43,73.92,📊,73.5999984741211,1.65,2.5,5.0,3.0>7.9>4.5>4.9>4.4,1.48,4.4,73.92,1.01,False
20260805,2026-08-06T00:02:29.443551+00:00,USB,70,72,44.7,33.0,22.6,4.0,0.93,0.1,-0.4,64.47,🔥,64.20999908447266,1.16,2.5,6.0,4.6>16.2>2.5>6.9>3.8>2.6,0.56,2.6,64.47,0.69,False
20260805,2026-08-06T00:02:29.443551+00:00,PFG,71,73,44.3,14.0,14.4,24.6,1.3,0.94,-0.35,115.25,📊,114.8499984741211,2.6,2.5,3.0,2.6>6.2>5.8,2.25,5.8,113.95,1.54,False
20260805,2026-08-06T00:02:29.443551+00:00,SCCO,72,74,44.2,17.0,18.7,12.7,0.83,-0.49,-2.17,201.37,🔥,197.0,8.64,2.5,5.0,15.3>11.9>16.7>14.0>10.2,0.67,10.2,195.48,0.87,False
20260805,2026-08-06T00:02:29.443551+00:00,DNTH,73,75,44.1,6.0,19.9,34.1,1.05,3.08,-0.12,112.64,📊,112.5,6.36,2.5,1.0,3.9,,3.9,105.72,,False
20260805,2026-08-06T00:02:29.443551+00:00,ALKS,74,76,43.9,6.0,12.5,17.5,0.79,-1.57,-10.16,55.22,📊,49.61000061035156,1.91,2.5,2.0,6.6>8.7,1.33,8.7,52.97,1.33,False
20260805,2026-08-06T00:02:29.443551+00:00,LYG,75,77,43.7,34.0,24.7,9.5,0.74,0.0,-0.16,6.26,🔥,6.25,0.16,2.5,8.0,3.5>10.2>16.4>8.6>7.2>6.2>4.7>4.2,1.22,4.2,6.13,2.27,False
20260805,2026-08-06T00:02:29.443551+00:00,FTNT,76,78,43.1,9.0,17.8,38.9,0.87,1.29,-2.47,168.29,📊,164.1300048828125,7.09,2.5,2.0,7.5>10.1,1.34,10.1,166.83,0.73,False
20260805,2026-08-06T00:02:29.443551+00:00,SNDR,77,79,43.0,10.0,11.7,34.9,0.92,0.02,-5.51,38.66,📊,36.529998779296875,1.41,2.5,2.0,9.5>3.0,0.32,3.0,36.84,0.68,True
20260805,2026-08-06T00:02:29.443551+00:00,M,78,80,42.8,7.0,13.6,57.1,0.78,0.17,-2.67,26.21,📊,25.510000228881836,0.97,2.5,1.0,12.8,,12.8,25.96,,False
20260805,2026-08-06T00:02:29.443551+00:00,VLO,79,81,42.7,12.0,24.9,32.5,0.91,2.46,-3.57,313.59,📊,302.3900146484375,11.28,2.5,3.0,8.0>9.6>5.1,0.63,5.1,313.59,0.85,False
20260805,2026-08-06T00:02:29.443551+00:00,RYCEY,80,82,42.6,6.0,9.8,50.8,0.87,0.39,4.48,20.1,📊,21.0,0.59,2.5,1.0,9.8,,9.8,20.1,,False
20260805,2026-08-06T00:02:29.443551+00:00,MFG,81,83,42.4,17.0,24.2,4.8,1.14,1.08,0.0,10.7,📊,10.699999809265137,0.33,2.5,6.0,8.0>4.0>4.5>7.2>7.7>7.7,0.96,7.7,10.63,1.03,False
20260805,2026-08-06T00:02:29.443551+00:00,ATI,82,84,42.2,9.0,13.5,34.9,0.8,0.07,0.0,205.11,🚀,205.11000061035156,9.4,2.5,2.0,10.2>11.0,1.07,11.0,199.84,0.85,False
20260805,2026-08-06T00:02:29.443551+00:00,HWM,83,85,42.0,24.0,22.9,17.5,0.69,0.06,0.75,289.26,📊,291.4200134277344,8.43,2.5,5.0,15.9>8.3>7.5>5.9>5.6,0.35,5.6,283.23,2.09,True
20260805,2026-08-06T00:02:29.443551+00:00,MS,84,86,41.9,10.0,11.8,43.7,1.04,0.22,-3.97,227.3,📊,218.27000427246097,6.63,2.5,3.0,5.3>7.9>11.1,2.09,11.1,227.3,1.09,False
20260805,2026-08-06T00:02:29.443551+00:00,CSCO,85,87,41.7,8.0,9.9,47.6,0.85,-0.79,-0.2,121.74,📊,121.5,3.81,2.5,3.0,3.7>7.7>9.6,2.6,9.6,121.31,1.13,False
20260805,2026-08-06T00:02:29.443551+00:00,TXRH,86,88,41.5,12.0,23.4,73.8,0.67,1.48,-1.03,210.67,📊,208.5,4.98,2.5,4.0,5.3>11.1>7.6>3.4,0.64,3.4,197.55,0.69,False
20260805,2026-08-06T00:02:29.443551+00:00,MFC,87,89,40.6,16.0,17.5,67.5,0.78,0.67,-0.71,44.77,📊,44.45000076293945,0.83,2.5,4.0,1.6>6.2>2.6>3.5,2.09,3.5,41.12,1.17,False
20260805,2026-08-06T00:02:29.443551+00:00,SPG,88,90,40.3,16.0,16.4,37.3,0.78,0.74,-5.02,236.7,📊,224.80999755859375,4.13,2.5,5.0,3.6>2.7>2.0>4.2>3.9,1.07,3.9,227.56,1.74,False
20260805,2026-08-06T00:02:29.443551+00:00,LAUR,89,91,40.1,8.0,13.0,69.0,0.84,0.29,-5.96,40.46,📊,38.04999923706055,1.33,2.5,2.0,4.3>11.4,2.66,11.4,40.46,0.74,False
20260806,2026-08-07T00:02:37.126595+00:00,CZR,1,2,89.0,6.0,2.6,1.6,0.52,-0.49,-1.18,30.41,🔥,30.049999237060547,0.25,2.5,3.0,1.9>2.5>1.7,0.89,1.7,30.13,0.48,False
20260806,2026-08-07T00:02:37.126595+00:00,IMVT,2,3,84.0,6.0,7.2,0.0,0.47,-0.13,-3.29,41.09,⏳,39.7400016784668,1.42,2.5,1.0,1.8,,1.8,38.85,,False
20260806,2026-08-07T00:02:37.126595+00:00,RY,3,4,77.2,7.0,7.9,2.4,0.86,0.45,-2.36,216.57,🔥,211.4499969482422,3.41,2.5,1.0,4.7,,4.7,216.57,,False
20260806,2026-08-07T00:02:37.126595+00:00,BNS,4,5,76.4,7.0,6.4,4.8,0.88,0.18,-2.18,90.29,🔥,88.31999969482422,1.55,2.5,3.0,2.0>2.2>4.7,2.37,4.7,90.29,0.59,False
20260806,2026-08-07T00:02:37.126595+00:00,DLTR,5,6,76.3,6.0,10.0,8.7,0.62,0.77,-0.79,130.71,🔥,129.67999267578125,3.78,2.5,1.0,8.4,,8.4,128.45,,False
20260806,2026-08-07T00:02:37.126595+00:00,CM,6,7,75.1,16.0,13.2,0.0,0.66,0.31,-2.31,121.24,🔥,118.44000244140624,2.3,2.5,2.0,8.5>4.1,0.49,4.1,121.24,0.66,True
20260806,2026-08-07T00:02:37.126595+00:00,FITB,7,8,73.6,6.0,6.1,3.2,0.88,-0.13,-4.06,59.37,⏳,56.959999084472656,1.16,2.5,1.0,3.7,,3.7,57.92,,False
20260806,2026-08-07T00:02:37.126595+00:00,VOYA,8,10,70.6,8.0,12.2,1.6,0.76,1.44,0.0,101.5,🔥,101.5,2.2,2.5,2.0,3.1>3.8,1.22,3.8,100.59,0.71,False
20260806,2026-08-07T00:02:37.126595+00:00,ARMK,9,11,69.4,10.0,9.2,4.8,0.83,0.8,-3.16,58.15,⏳,56.310001373291016,0.95,2.5,4.0,2.9>2.2>1.6>3.5,1.22,3.5,58.15,0.93,False
20260806,2026-08-07T00:02:37.126595+00:00,SYRE,10,12,68.9,7.0,17.8,6.3,0.71,2.05,-1.45,104.94,🔥,103.41999816894533,6.06,2.5,1.0,14.0,,14.0,100.32,,False
20260806,2026-08-07T00:02:37.126595+00:00,ROIV,11,13,66.5,6.0,10.7,0.0,0.79,-0.84,-4.59,36.81,⏳,35.119998931884766,1.29,2.5,2.0,7.8>6.4,0.81,6.4,35.1,0.97,False
20260806,2026-08-07T00:02:37.126595+00:00,ETSY,12,14,65.6,7.0,16.1,0.0,0.89,1.98,-4.87,86.47,⏳,82.26000213623047,3.38,2.5,2.0,8.6>6.1,0.72,6.1,85.74,0.75,False
20260806,2026-08-07T00:02:37.126595+00:00,CGON,13,15,64.5,6.0,8.1,8.7,0.87,-0.29,-0.52,75.24,🔥,74.8499984741211,3.76,2.5,2.0,6.1>8.1,1.32,8.1,75.24,1.02,False
20260806,2026-08-07T00:02:37.126595+00:00,RELY,14,16,63.8,6.0,16.2,11.1,0.61,0.56,0.0,25.93,🚀,25.93000030517578,1.03,2.5,1.0,10.7,,10.7,25.23,,False
20260806,2026-08-07T00:02:37.126595+00:00,TD,15,17,63.0,7.0,6.3,25.4,1.2,-0.09,-2.9,124.8,📊,121.18000030517578,2.2,2.5,2.0,3.0>6.3,2.07,6.3,124.8,0.69,False
20260806,2026-08-07T00:02:37.126595+00:00,RVMD,16,18,62.8,6.0,9.9,29.4,0.55,0.06,0.0,197.81,📊,197.80999755859375,7.95,2.5,1.0,7.0,,7.0,192.62,,False
20260806,2026-08-07T00:02:37.126595+00:00,NTRA,17,19,61.8,6.0,11.1,4.0,0.67,-0.9,-6.49,283.8,⏳,265.3800048828125,11.1,2.5,1.0,11.1,,11.1,283.8,,False
20260806,2026-08-07T00:02:37.126595+00:00,KMX,18,20,61.7,9.0,22.1,11.9,0.77,2.7,-1.78,59.11,🔥,58.060001373291016,2.16,2.5,1.0,6.4,,6.4,53.66,,False
20260806,2026-08-07T00:02:37.126595+00:00,BCS,19,21,61.6,7.0,8.8,16.7,1.01,0.34,-1.33,28.56,📊,28.18000030517578,0.83,2.5,3.0,5.7>3.9>8.8,1.54,8.8,28.56,2.18,False
20260806,2026-08-07T00:02:37.126595+00:00,GSAT,20,22,60.1,16.0,6.9,47.6,0.65,-0.45,-1.41,84.43,📊,83.23999786376953,1.1,2.5,3.0,1.2>5.5>3.3,2.88,3.3,81.29,0.74,False
20260806,2026-08-07T00:02:37.126595+00:00,GE,21,23,60.0,7.0,10.6,20.6,0.67,-0.43,-1.75,381.22,🔥,374.5499877929687,10.46,2.5,1.0,10.0,,10.0,378.68,,False
20260806,2026-08-07T00:02:37.126595+00:00,UBS,22,24,59.9,12.0,18.0,1.6,0.87,1.38,-4.05,55.07,⏳,52.84000015258789,1.05,2.5,3.0,2.9>4.0>6.5,2.25,6.5,55.07,0.81,False
20260806,2026-08-07T00:02:37.126595+00:00,NET,23,25,58.1,9.0,22.9,6.3,0.76,2.02,0.37,283.39,📊,284.42999267578125,14.2,2.5,2.0,19.9>7.0,0.35,7.0,281.75,0.76,True
20260806,2026-08-07T00:02:37.126595+00:00,ORKA,24,26,57.4,6.0,15.6,31.0,0.47,1.44,0.0,98.42,📊,98.41999816894533,4.99,2.5,2.0,12.7>6.6,0.52,6.6,94.32,0.49,False
20260806,2026-08-07T00:02:37.126595+00:00,GKOS,25,27,57.3,6.0,19.5,29.4,0.86,2.84,0.0,170.99,📊,170.99000549316406,7.43,2.5,1.0,3.5,,3.5,156.84,,False
20260806,2026-08-07T00:02:37.126595+00:00,STT,26,28,57.2,15.0,21.2,5.6,1.02,1.52,-1.14,187.05,📊,184.9199981689453,4.36,2.5,3.0,3.9>3.2>5.7,1.47,5.7,186.59,1.31,False
20260806,2026-08-07T00:02:37.126595+00:00,VIK,27,29,56.8,6.0,10.5,40.5,0.59,0.36,-1.91,108.26,📊,106.19000244140624,3.02,2.5,1.0,7.7,,7.7,104.95,,False
20260806,2026-08-07T00:02:37.126595+00:00,VLO,28,30,56.5,12.0,24.9,5.6,0.91,2.48,-3.38,313.59,⏳,302.989990234375,11.42,2.5,3.0,8.0>9.6>5.1,0.63,5.1,313.59,0.85,False
20260806,2026-08-07T00:02:37.126595+00:00,CFG,29,31,56.2,17.0,18.8,5.6,0.94,0.53,-2.02,73.92,🔥,72.43000030517578,1.63,2.5,5.0,3.0>7.9>4.5>4.9>4.4,1.48,4.4,73.92,1.01,False
20260806,2026-08-07T00:02:37.126595+00:00,BBIO,30,32,55.9,6.0,22.7,2.4,0.64,1.97,-8.17,90.17,⏳,82.80000305175781,2.48,2.5,1.0,10.9,,10.9,90.17,,False
20260806,2026-08-07T00:02:37.126595+00:00,TVTX,31,33,55.9,6.0,6.9,25.4,0.64,-0.22,5.79,59.03,🚀,62.45000076293945,3.13,2.5,2.0,4.6>5.5,1.2,5.5,58.47,0.44,False
20260806,2026-08-07T00:02:37.126595+00:00,MUFG,32,34,55.6,12.0,20.1,1.6,1.12,1.81,-2.51,23.1,📊,22.520000457763672,0.51,2.5,3.0,4.5>6.0>6.4,1.4,6.4,22.77,1.13,False
20260806,2026-08-07T00:02:37.126595+00:00,LLY,33,35,55.4,8.0,11.1,23.0,0.8,0.16,-3.53,1235.56,⏳,1191.93994140625,41.94,2.5,2.0,5.4>7.2,1.34,7.2,1235.56,0.86,False
20260806,2026-08-07T00:02:37.126595+00:00,EC,34,36,55.4,10.0,18.2,11.1,0.76,0.7,0.0,17.4,🔥,17.399999618530273,0.62,2.5,2.0,14.1>5.3,0.38,5.3,16.69,0.59,True
20260806,2026-08-07T00:02:37.126595+00:00,ILMN,35,37,55.0,6.0,14.3,19.0,1.07,1.53,-5.55,205.1,⏳,193.72000122070312,8.64,2.5,1.0,5.0,,5.0,194.33,,False
20260806,2026-08-07T00:02:37.126595+00:00,MFG,36,38,54.6,9.0,12.6,11.1,1.06,1.02,-0.09,10.7,📊,10.6899995803833,0.29,2.5,4.0,4.5>7.2>7.7>7.7,1.72,7.7,10.63,1.18,False
20260806,2026-08-07T00:02:37.126595+00:00,BAYRY,37,39,53.3,6.0,14.0,15.9,0.49,-0.5,-6.25,15.19,⏳,14.239999771118164,0.31,2.5,1.0,13.6,,13.6,15.19,,False
20260806,2026-08-07T00:02:37.126595+00:00,DFTX,38,40,53.3,6.0,13.7,23.0,0.58,-1.31,-4.77,48.45,⏳,46.13999938964844,2.21,2.5,1.0,7.7,,7.7,47.04,,False
20260806,2026-08-07T00:02:37.126595+00:00,CNI,39,41,53.0,16.0,17.7,0.0,1.15,0.75,-3.2,130.58,⏳,126.4000015258789,2.46,2.5,3.0,2.7>6.0>5.9,2.21,5.9,120.57,1.74,False
20260806,2026-08-07T00:02:37.126595+00:00,CYTK,40,42,52.4,7.0,12.4,15.9,0.66,-0.98,-6.75,87.26,⏳,81.37000274658203,2.76,2.5,1.0,9.3,,9.3,87.26,,False
20260806,2026-08-07T00:02:37.126595+00:00,PNC,41,43,52.3,33.0,22.7,0.0,0.92,0.14,-1.02,255.37,🔥,252.7599945068359,4.14,2.5,5.0,1.3>2.9>17.2>8.0>1.9,1.42,1.9,253.18,1.11,False
20260806,2026-08-07T00:02:37.126595+00:00,MNST,42,44,52.0,6.0,6.5,27.0,1.0,-0.71,-5.78,99.94,⏳,94.16000366210938,2.27,2.5,2.0,2.6>6.5,2.53,6.5,99.94,1.1,False
20260806,2026-08-07T00:02:37.126595+00:00,CROX,43,45,50.9,10.0,17.2,19.0,0.89,1.47,-4.96,141.19,⏳,134.17999267578125,6.35,2.5,2.0,7.0>11.0,1.58,11.0,138.91,0.84,False
20260806,2026-08-07T00:02:37.126595+00:00,PANW,44,46,50.6,7.0,22.0,31.0,0.75,2.66,0.23,358.68,📊,359.489990234375,15.02,2.5,1.0,10.3,,10.3,357.53,,False
20260806,2026-08-07T00:02:37.126595+00:00,EBC,45,47,50.1,34.0,22.8,4.0,0.91,0.11,-2.29,23.55,🔥,23.010000228881836,0.51,2.5,8.0,7.2>15.0>5.5>5.3>4.6>2.9>4.6>3.8,0.52,3.8,23.46,1.12,False
20260806,2026-08-07T00:02:37.126595+00:00,SMFG,46,48,50.0,17.0,24.2,1.6,0.93,1.08,-2.91,26.5,🔥,25.729999542236328,0.63,2.5,4.0,7.2>4.2>6.5>6.1,0.84,6.1,26.5,0.92,False
20260806,2026-08-07T00:02:37.126595+00:00,LTH,47,49,49.9,6.0,12.8,43.7,0.91,1.68,-4.86,45.7,📊,43.47999954223633,1.8,2.5,1.0,2.1,,2.1,42.84,,False
20260806,2026-08-07T00:02:37.126595+00:00,COMP,48,50,49.9,6.0,17.0,9.5,0.87,-0.52,-3.16,12.99,⏳,12.579999923706056,0.68,2.5,2.0,12.9>14.8,1.15,14.8,12.65,0.66,False
20260806,2026-08-07T00:02:37.126595+00:00,NMR,49,51,49.8,20.0,24.9,7.9,0.66,0.54,-1.2,10.04,🔥,9.920000076293944,0.23,2.5,4.0,10.5>3.2>5.4>6.5,0.62,6.5,10.04,0.52,False
20260806,2026-08-07T00:02:37.126595+00:00,FRO,50,52,48.9,17.0,23.7,4.8,0.61,0.39,-7.74,42.88,⏳,39.560001373291016,1.27,2.5,6.0,5.5>6.7>7.2>12.3>19.1>5.1,0.93,5.1,38.46,0.72,False
20260806,2026-08-07T00:02:37.126595+00:00,CRWD,51,53,48.5,10.0,23.7,31.0,0.66,1.81,-1.81,211.22,📊,207.38999938964844,9.04,2.5,4.0,17.5>2.9>6.1>14.9,0.85,14.9,210.73,0.44,False
20260806,2026-08-07T00:02:37.126595+00:00,RYCEY,52,54,48.0,6.0,10.6,60.3,0.89,0.47,1.68,20.27,📊,20.61000061035156,0.58,2.5,1.0,9.8,,9.8,20.1,,False
20260806,2026-08-07T00:02:37.126595+00:00,LQDA,53,55,47.5,7.0,23.2,48.4,0.7,2.9,0.0,89.42,📊,89.41999816894531,5.24,2.5,1.0,12.6,,12.6,81.45,,False
20260806,2026-08-07T00:02:37.126595+00:00,VSXY,54,56,47.1,7.0,14.7,28.6,0.73,1.63,4.71,89.31,📊,93.5199966430664,4.29,2.5,1.0,13.9,,13.9,88.5,,False
20260806,2026-08-07T00:02:37.126595+00:00,CNC,55,57,46.9,12.0,16.7,16.7,0.89,0.9,-6.58,68.72,⏳,64.19999694824219,2.94,2.5,3.0,3.5>8.4>11.5,3.24,11.5,68.72,1.12,False
20260806,2026-08-07T00:02:37.126595+00:00,DNTH,56,58,46.8,6.0,19.9,38.9,0.92,2.97,-2.41,112.64,📊,109.91999816894533,5.83,2.5,1.0,3.9,,3.9,105.72,,False
20260806,2026-08-07T00:02:37.126595+00:00,DAL,57,59,46.6,7.0,12.3,32.5,0.77,-0.3,-1.55,93.43,📊,91.9800033569336,2.64,2.5,1.0,12.3,,12.3,93.43,,False
20260806,2026-08-07T00:02:37.126595+00:00,USB,58,60,45.9,33.0,22.6,3.2,0.92,0.09,-1.02,64.47,🔥,63.810001373291016,1.14,2.5,6.0,4.6>16.2>2.5>6.9>3.8>2.6,0.56,2.6,64.47,0.69,False
20260806,2026-08-07T00:02:37.126595+00:00,SIRI,59,61,45.6,15.0,20.7,19.8,0.69,0.95,-8.32,32.59,⏳,29.8799991607666,1.08,2.5,2.0,7.0>9.6,1.36,9.6,29.87,0.77,False
20260806,2026-08-07T00:02:37.126595+00:00,WSM,60,62,45.5,7.0,10.0,57.9,0.75,0.43,2.96,239.8,📊,246.88999938964844,7.22,2.5,2.0,9.8>4.3,0.44,4.3,228.41,0.87,True
20260806,2026-08-07T00:02:37.126595+00:00,FTNT,61,63,45.4,6.0,10.9,35.7,0.88,0.1,-4.86,168.29,📊,160.11000061035156,7.16,2.5,1.0,10.1,,10.1,166.83,,False
20260806,2026-08-07T00:02:37.126595+00:00,MPC,62,64,45.4,13.0,24.5,11.1,0.89,1.96,-6.41,319.76,⏳,299.25,10.17,2.5,4.0,7.0>5.7>9.1>4.3,0.61,4.3,319.76,0.87,False
20260806,2026-08-07T00:02:37.126595+00:00,NTRS,63,65,45.3,15.0,16.7,19.0,1.01,0.65,-3.66,191.13,⏳,184.13999938964844,4.16,2.5,5.0,6.8>2.6>3.6>1.4>7.1,1.03,7.1,191.13,0.95,False
20260806,2026-08-07T00:02:37.126595+00:00,ALL,64,66,44.4,8.0,20.2,86.5,0.91,2.53,0.0,275.11,📊,275.1099853515625,6.69,2.5,2.0,1.7>6.6,3.92,6.6,256.45,1.36,False
20260806,2026-08-07T00:02:37.126595+00:00,APH,65,67,43.9,10.0,21.4,31.7,0.7,0.82,-3.24,176.32,📊,170.61000061035156,7.92,2.5,2.0,6.7>18.4,2.75,18.4,176.32,0.75,False
20260806,2026-08-07T00:02:37.126595+00:00,PSX,66,68,43.6,14.0,22.8,18.3,0.98,1.35,-3.18,212.27,⏳,205.52000427246097,6.72,2.5,4.0,6.6>4.7>10.0>3.0,0.46,3.0,212.27,1.09,False
20260806,2026-08-07T00:02:37.126595+00:00,AMRX,67,69,43.3,6.0,12.6,36.5,1.01,1.46,-5.39,19.1,📊,18.06999969482422,0.67,2.5,1.0,3.6,,3.6,17.32,,False
20260806,2026-08-07T00:02:37.126595+00:00,CSCO,68,70,43.0,8.0,9.9,50.8,0.83,-0.69,-0.71,121.74,📊,120.87999725341795,3.66,2.5,3.0,3.7>7.7>9.6,2.6,9.6,121.31,1.13,False
20260806,2026-08-07T00:02:37.126595+00:00,OKTA,69,71,42.7,6.0,22.9,14.3,0.7,0.68,-7.19,154.62,⏳,143.50999450683594,6.32,2.5,1.0,12.0,,12.0,154.62,,False
20260806,2026-08-07T00:02:37.126595+00:00,BHP,70,72,42.3,16.0,17.3,15.9,0.91,-0.12,-5.64,93.15,⏳,87.9000015258789,2.25,2.5,6.0,4.3>9.8>11.2>12.7>6.4>5.8,1.34,5.8,85.48,1.21,False
20260806,2026-08-07T00:02:37.126595+00:00,HWM,71,73,42.0,25.0,23.5,18.3,0.71,0.09,-0.58,291.42,🔥,289.7200012207031,9.09,2.5,6.0,15.9>8.3>7.5>5.9>5.6>5.7,0.36,5.7,289.26,1.06,True
20260806,2026-08-07T00:02:37.126595+00:00,SCCO,72,74,41.7,17.0,18.7,13.5,0.84,-0.47,-4.14,201.37,⏳,193.02999877929688,8.35,2.5,5.0,15.3>11.9>16.7>14.0>10.2,0.67,10.2,195.48,0.87,False
20260806,2026-08-07T00:02:37.126595+00:00,PFG,73,75,41.6,14.0,14.5,28.6,1.26,0.93,0.0,115.41,📊,115.41000366210938,2.61,2.5,3.0,2.6>6.2>5.8,2.25,5.8,113.95,1.54,False
20260806,2026-08-07T00:02:37.126595+00:00,LUV,74,76,41.4,7.0,14.8,10.3,0.82,-1.7,-9.89,52.09,⏳,46.939998626708984,1.79,2.5,2.0,8.7>10.2,1.17,10.2,49.43,1.04,False
20260806,2026-08-07T00:02:37.126595+00:00,TXRH,75,77,41.3,12.0,23.4,70.6,0.7,1.55,-1.19,210.67,📊,208.1699981689453,4.87,2.5,4.0,5.3>11.1>7.6>3.4,0.64,3.4,197.55,0.69,False
20260806,2026-08-07T00:02:37.126595+00:00,JHX,76,78,40.6,7.0,12.8,43.7,1.02,1.08,1.19,27.67,📊,28.0,0.94,2.5,2.0,8.9>8.1,0.91,8.1,26.96,1.07,False
20260806,2026-08-07T00:02:37.126595+00:00,AXTA,77,79,40.5,8.0,12.7,88.9,0.68,0.59,3.47,36.28,📊,37.540000915527344,1.17,2.5,2.0,8.7>3.6,0.42,3.6,32.88,1.11,True
20260806,2026-08-07T00:02:37.126595+00:00,M,78,80,40.1,8.0,13.6,55.6,0.79,-0.0,-4.12,26.21,📊,25.1299991607666,0.93,2.5,1.0,12.8,,12.8,25.96,,False
20260807,2026-08-08T00:02:44.667404+00:00,CZR,1,2,88.4,6.0,2.6,2.4,0.53,-0.47,-0.85,30.41,🔥,30.149999618530273,0.25,2.5,2.0,2.5>1.7,0.7,1.7,30.13,0.77,False
20260807,2026-08-08T00:02:44.667404+00:00,IMVT,2,3,83.5,6.0,7.2,0.8,0.47,-0.21,-2.77,41.09,🔥,39.95000076293945,1.42,2.5,1.0,1.8,,1.8,38.85,,False
20260807,2026-08-08T00:02:44.667404+00:00,BNS,3,4,75.9,7.0,6.4,5.6,0.87,0.13,-1.59,90.29,🔥,88.8499984741211,1.4,2.5,3.0,2.0>2.2>4.7,2.37,4.7,90.29,0.59,False
20260807,2026-08-08T00:02:44.667404+00:00,RY,4,5,75.8,7.0,7.5,1.6,0.89,0.33,-2.53,216.57,🔥,211.0800018310547,3.21,2.5,1.0,4.7,,4.7,216.57,,False
20260807,2026-08-08T00:02:44.667404+00:00,CM,5,6,75.2,16.0,13.2,0.0,0.65,0.31,-2.1,121.24,🔥,118.6999969482422,2.13,2.5,2.0,8.5>4.1,0.49,4.1,121.24,0.66,True
20260807,2026-08-08T00:02:44.667404+00:00,ARMK,6,7,73.7,6.0,3.8,6.3,0.85,-0.29,-3.78,58.15,⏳,55.95000076293945,0.91,2.5,2.0,1.6>3.5,2.22,3.5,58.15,1.03,False
20260807,2026-08-08T00:02:44.667404+00:00,VOYA,7,8,69.3,8.0,11.8,5.6,0.75,1.4,-0.1,101.5,🔥,101.4000015258789,2.32,2.5,2.0,3.1>3.8,1.22,3.8,100.59,0.71,False
20260807,2026-08-08T00:02:44.667404+00:00,ROKU,8,9,68.7,7.0,8.6,8.7,0.62,0.89,3.92,147.33,📊,153.11000061035156,1.9,2.5,2.0,4.4>1.9,0.44,1.9,144.43,0.15,True
20260807,2026-08-08T00:02:44.667404+00:00,SMFG,9,10,67.8,8.0,11.0,1.6,0.89,0.73,-2.87,26.5,🔥,25.739999771118164,0.63,2.5,2.0,6.5>6.1,0.93,6.1,26.5,0.87,False
20260807,2026-08-08T00:02:44.667404+00:00,ROIV,10,11,67.2,6.0,10.7,3.2,0.8,-0.82,-1.28,36.81,🔥,36.34000015258789,1.3,2.5,2.0,7.8>6.4,0.81,6.4,35.1,0.97,False
20260807,2026-08-08T00:02:44.667404+00:00,KMX,11,12,67.2,7.0,15.1,9.5,0.79,1.93,-1.57,59.11,🔥,58.18000030517578,2.07,2.5,2.0,5.3>5.5,1.03,5.5,53.15,0.59,False
20260807,2026-08-08T00:02:44.667404+00:00,CGON,12,13,66.2,6.0,8.1,7.1,0.86,-0.12,-0.19,75.24,🔥,75.0999984741211,3.7,2.5,2.0,6.1>8.1,1.32,8.1,75.24,1.02,False
20260807,2026-08-08T00:02:44.667404+00:00,SYRE,13,14,64.7,7.0,17.8,9.5,0.71,1.97,-0.03,104.94,🔥,104.91000366210938,5.89,2.5,1.0,14.0,,14.0,100.32,,False
20260807,2026-08-08T00:02:44.667404+00:00,UBS,14,15,63.9,11.0,15.1,2.4,0.89,1.26,-2.38,55.07,🔥,53.7599983215332,1.03,2.5,3.0,2.9>4.0>6.5,2.25,6.5,55.07,0.81,False
20260807,2026-08-08T00:02:44.667404+00:00,NET,15,16,63.5,6.0,21.3,9.5,0.86,2.6,-0.35,301.33,🔥,300.2699890136719,16.48,2.5,1.0,7.0,,7.0,281.75,,False
20260807,2026-08-08T00:02:44.667404+00:00,TD,16,17,63.3,7.0,6.3,25.4,1.07,-0.18,-2.8,124.8,📊,121.30999755859376,2.04,2.5,2.0,3.0>6.3,2.07,6.3,124.8,0.69,False
20260807,2026-08-08T00:02:44.667404+00:00,ETSY,17,18,61.7,10.0,22.8,0.0,0.94,2.9,-1.06,86.47,🔥,85.55000305175781,3.41,2.5,3.0,4.1>8.6>6.1,1.49,6.1,85.74,0.96,False
20260807,2026-08-08T00:02:44.667404+00:00,BBIO,18,19,61.6,6.0,22.1,0.8,0.57,1.53,-6.31,90.17,⏳,84.4800033569336,2.51,2.5,1.0,10.9,,10.9,90.17,,False
20260807,2026-08-08T00:02:44.667404+00:00,MUFG,19,20,60.4,9.0,14.8,1.6,1.12,1.55,-2.64,23.1,📊,22.489999771118164,0.51,2.5,2.0,6.0>6.4,1.06,6.4,22.77,1.01,False
20260807,2026-08-08T00:02:44.667404+00:00,BWA,20,21,60.2,6.0,9.9,19.0,0.75,-0.52,0.0,68.42,🔥,68.41999816894531,2.44,2.5,1.0,9.5,,9.5,68.11,,False
20260807,2026-08-08T00:02:44.667404+00:00,RELY,21,22,59.4,6.0,13.7,12.7,0.64,0.34,-5.82,25.93,⏳,24.420000076293945,1.13,2.5,1.0,10.7,,10.7,25.23,,False
20260807,2026-08-08T00:02:44.667404+00:00,EC,22,23,58.6,10.0,18.2,7.1,0.75,0.68,-3.56,17.4,⏳,16.780000686645508,0.66,2.5,2.0,14.1>5.3,0.38,5.3,16.69,0.59,True
20260807,2026-08-08T00:02:44.667404+00:00,ORKA,23,24,58.2,6.0,16.0,32.5,0.47,1.44,0.0,98.82,📊,98.81999969482422,4.88,2.5,2.0,12.7>6.6,0.52,6.6,94.32,0.49,False
20260807,2026-08-08T00:02:44.667404+00:00,MFG,24,25,58.0,8.0,11.1,13.5,0.99,0.86,0.0,10.71,📊,10.710000038146973,0.29,2.5,3.0,7.2>7.7>7.7,1.07,7.7,10.63,1.22,False
20260807,2026-08-08T00:02:44.667404+00:00,STT,25,26,57.9,15.0,21.2,5.6,1.01,1.56,-1.27,187.05,📊,184.67999267578125,4.31,2.5,3.0,3.9>3.2>5.7,1.47,5.7,186.59,1.31,False
20260807,2026-08-08T00:02:44.667404+00:00,GSAT,26,27,57.0,16.0,6.9,48.4,0.76,-0.44,-1.22,84.43,📊,83.4000015258789,1.11,2.5,3.0,1.2>5.5>3.3,2.88,3.3,81.29,0.74,False
20260807,2026-08-08T00:02:44.667404+00:00,VLO,27,28,56.6,12.0,24.9,0.0,0.92,2.51,-4.87,313.59,⏳,298.30999755859375,11.53,2.5,3.0,8.0>9.6>5.1,0.63,5.1,313.59,0.85,False
20260807,2026-08-08T00:02:44.667404+00:00,VIK,28,29,56.6,7.0,10.5,43.7,0.6,0.3,-2.28,108.26,📊,105.79000091552734,3.04,2.5,1.0,7.7,,7.7,104.95,,False
20260807,2026-08-08T00:02:44.667404+00:00,DFTX,29,30,56.3,6.0,13.7,14.3,0.58,-1.19,-4.77,48.45,⏳,46.13999938964844,2.42,2.5,1.0,7.7,,7.7,47.04,,False
20260807,2026-08-08T00:02:44.667404+00:00,LLY,30,31,56.0,9.0,11.1,20.6,0.81,0.2,-4.03,1235.56,⏳,1185.7099609375,41.27,2.5,2.0,5.4>7.2,1.34,7.2,1235.56,0.86,False
20260807,2026-08-08T00:02:44.667404+00:00,GE,31,32,55.6,7.0,10.6,23.8,0.69,-0.46,-2.92,381.22,🔥,370.0799865722656,9.9,2.5,1.0,10.0,,10.0,378.68,,False
20260807,2026-08-08T00:02:44.667404+00:00,CNC,32,33,55.0,9.0,11.8,14.3,0.9,-0.12,-4.29,68.72,⏳,65.7699966430664,3.04,2.5,2.0,8.4>11.5,1.36,11.5,68.72,0.94,False
20260807,2026-08-08T00:02:44.667404+00:00,BAYRY,33,34,54.5,6.0,14.0,18.3,0.54,-0.55,-4.87,15.19,⏳,14.449999809265137,0.3,2.5,1.0,13.6,,13.6,15.19,,False
20260807,2026-08-08T00:02:44.667404+00:00,CROX,34,35,53.9,10.0,17.2,19.0,0.86,1.43,-3.24,141.19,⏳,136.6199951171875,6.39,2.5,2.0,7.0>11.0,1.58,11.0,138.91,0.84,False
20260807,2026-08-08T00:02:44.667404+00:00,COGT,35,36,52.7,6.0,12.6,59.5,0.77,0.94,-1.05,42.84,📊,42.38999938964844,2.0,2.5,1.0,7.5,,7.5,40.51,,False
20260807,2026-08-08T00:02:44.667404+00:00,RPRX,36,37,52.5,11.0,11.7,31.7,0.74,0.77,-5.34,59.97,📊,56.77000045776367,1.36,2.5,2.0,5.2>4.6,0.89,4.6,58.37,0.7,False
20260807,2026-08-08T00:02:44.667404+00:00,CFG,37,38,51.6,17.0,18.8,5.6,0.93,0.55,-1.69,73.92,🔥,72.66999816894531,1.61,2.5,5.0,3.0>7.9>4.5>4.9>4.4,1.48,4.4,73.92,1.01,False
20260807,2026-08-08T00:02:44.667404+00:00,EXEL,38,39,51.5,9.0,10.1,19.0,0.96,0.48,-5.31,57.1,⏳,54.06999969482422,1.99,2.5,2.0,4.0>3.7,0.92,3.7,57.1,0.84,False
20260807,2026-08-08T00:02:44.667404+00:00,CNI,39,40,50.8,17.0,18.0,0.0,1.15,0.63,-3.05,130.58,⏳,126.5999984741211,2.4,2.5,3.0,2.7>6.0>5.9,2.21,5.9,120.57,1.74,False
20260807,2026-08-08T00:02:44.667404+00:00,DNTH,40,41,50.8,6.0,19.9,29.4,0.92,2.68,-3.3,112.64,⏳,108.91999816894533,5.73,2.5,1.0,3.9,,3.9,105.72,,False
20260807,2026-08-08T00:02:44.667404+00:00,EBC,41,42,50.8,35.0,22.8,2.4,0.9,0.11,-3.01,23.55,⏳,22.84000015258789,0.49,2.5,9.0,3.3>7.2>15.0>5.5>5.3>4.6>2.9>4.6>3.8,1.13,3.8,23.46,0.79,False
20260807,2026-08-08T00:02:44.667404+00:00,PSX,42,43,50.7,14.0,21.7,3.2,0.99,1.28,-3.94,212.27,⏳,203.91000366210935,6.75,2.5,4.0,6.6>4.7>10.0>3.0,0.46,3.0,212.27,1.09,False
20260807,2026-08-08T00:02:44.667404+00:00,ALL,43,44,50.6,6.0,13.5,86.5,0.96,1.67,-2.95,275.11,📊,267.0,6.83,2.5,1.0,6.6,,6.6,256.45,,False
20260807,2026-08-08T00:02:44.667404+00:00,TVTX,44,45,50.6,6.0,6.9,40.5,0.7,-0.21,3.88,59.03,📊,61.31999969482422,3.15,2.5,2.0,4.6>5.5,1.2,5.5,58.47,0.44,False
20260807,2026-08-08T00:02:44.667404+00:00,LTH,45,46,49.7,6.0,12.4,40.5,0.93,1.45,-4.14,45.7,📊,43.810001373291016,1.77,2.5,1.0,2.1,,2.1,42.84,,False
20260807,2026-08-08T00:02:44.667404+00:00,LQDA,46,47,49.4,7.0,21.2,49.2,0.68,2.67,0.0,90.22,📊,90.22000122070312,5.14,2.5,1.0,12.6,,12.6,81.45,,False
20260807,2026-08-08T00:02:44.667404+00:00,OKTA,47,48,48.8,6.0,19.6,15.9,0.69,0.16,-4.07,154.62,⏳,148.32000732421875,6.35,2.5,1.0,12.0,,12.0,154.62,,False
20260807,2026-08-08T00:02:44.667404+00:00,DAL,48,49,48.5,8.0,12.6,38.1,0.74,0.21,-2.24,93.43,📊,91.33999633789062,2.64,2.5,1.0,12.3,,12.3,93.43,,False
20260807,2026-08-08T00:02:44.667404+00:00,NMR,49,50,48.3,20.0,24.9,11.1,0.65,0.54,-0.9,10.04,🔥,9.949999809265137,0.23,2.5,4.0,10.5>3.2>5.4>6.5,0.62,6.5,10.04,0.52,False
20260807,2026-08-08T00:02:44.667404+00:00,MPC,50,51,48.2,14.0,24.7,2.4,0.88,1.84,-6.74,319.76,⏳,298.20001220703125,10.48,2.5,4.0,7.0>5.7>9.1>4.3,0.61,4.3,319.76,0.87,False
20260807,2026-08-08T00:02:44.667404+00:00,BNY,51,52,47.5,16.0,19.6,28.6,0.94,1.01,-2.53,161.71,📊,157.61000061035156,2.84,2.5,4.0,5.0>3.0>2.5>5.7,1.14,5.7,161.71,1.2,False
20260807,2026-08-08T00:02:44.667404+00:00,FRO,52,53,47.3,18.0,23.7,7.9,0.61,0.26,-7.32,42.88,⏳,39.7400016784668,1.31,2.5,6.0,6.7>6.7>7.2>12.3>19.1>5.1,0.77,5.1,38.46,0.69,False
20260807,2026-08-08T00:02:44.667404+00:00,COMP,53,54,47.0,6.0,17.0,13.5,0.88,-0.58,-3.16,12.99,⏳,12.579999923706056,0.68,2.5,2.0,12.9>14.8,1.15,14.8,12.65,0.66,False
20260807,2026-08-08T00:02:44.667404+00:00,RVMD,54,55,45.9,6.0,12.4,49.2,0.57,0.65,6.04,193.46,📊,205.1499938964844,7.93,2.5,1.0,7.0,,7.0,192.62,,False
20260807,2026-08-08T00:02:44.667404+00:00,AMRX,55,56,45.4,8.0,15.7,31.0,0.99,1.6,-5.03,19.1,📊,18.13999938964844,0.64,2.5,2.0,1.4>3.6,2.58,3.6,17.32,1.08,False
20260807,2026-08-08T00:02:44.667404+00:00,WSM,56,57,45.1,8.0,14.2,65.9,0.76,0.56,0.0,251.78,📊,251.77999877929688,7.22,2.5,2.0,9.8>4.3,0.44,4.3,228.41,0.87,True
20260807,2026-08-08T00:02:44.667404+00:00,RYCEY,57,58,45.0,7.0,13.7,63.5,0.9,0.54,-1.9,21.02,📊,20.6200008392334,0.58,2.5,1.0,9.8,,9.8,20.1,,False
20260807,2026-08-08T00:02:44.667404+00:00,USB,58,59,44.9,34.0,23.2,3.2,0.93,0.13,-0.82,64.47,🔥,63.939998626708984,1.13,2.5,6.0,4.6>16.2>2.5>6.9>3.8>2.6,0.56,2.6,64.47,0.69,False
20260807,2026-08-08T00:02:44.667404+00:00,BHP,59,60,44.7,17.0,17.5,17.5,0.94,-0.09,-2.94,93.15,🔥,90.41000366210938,2.37,2.5,6.0,4.3>9.8>11.2>12.7>6.4>5.8,1.34,5.8,85.48,1.21,False
20260807,2026-08-08T00:02:44.667404+00:00,NTRS,60,61,44.5,15.0,16.7,23.0,1.01,0.71,-2.95,191.13,📊,185.5,4.09,2.5,5.0,4.6>2.6>3.6>1.4>7.1,1.52,7.1,191.13,1.03,False
20260807,2026-08-08T00:02:44.667404+00:00,SIRI,61,62,44.5,15.0,20.7,21.4,0.69,0.87,-8.22,32.59,⏳,29.90999984741211,1.07,2.5,4.0,6.4>4.2>9.6>9.1,1.42,9.1,32.59,0.73,False
20260807,2026-08-08T00:02:44.667404+00:00,FTNT,62,63,44.2,8.0,14.4,34.1,0.89,0.96,-5.14,168.29,📊,159.63999938964844,7.33,2.5,2.0,3.6>10.1,2.82,10.1,166.83,0.78,False
20260807,2026-08-08T00:02:44.667404+00:00,AXTA,63,64,43.9,9.0,17.0,88.9,0.69,0.79,0.0,38.19,📊,38.189998626708984,1.21,2.5,2.0,8.7>3.6,0.42,3.6,32.88,1.11,True
20260807,2026-08-08T00:02:44.667404+00:00,BCS,64,65,43.7,17.0,21.1,16.7,1.01,0.95,-2.21,28.56,📊,27.93000030517578,0.81,2.5,6.0,6.3>6.2>6.5>5.7>3.9>8.8,1.4,8.8,28.56,1.25,False
20260807,2026-08-08T00:02:44.667404+00:00,TRV,65,66,43.5,6.0,17.6,91.3,1.28,3.05,-3.25,397.22,📊,384.30999755859375,8.72,2.5,1.0,4.2,,4.2,343.73,,False
20260807,2026-08-08T00:02:44.667404+00:00,PFG,66,67,42.9,14.0,14.5,29.4,1.27,0.93,-1.74,115.41,📊,113.4000015258789,2.59,2.5,3.0,2.6>6.2>5.8,2.25,5.8,113.95,1.54,False
20260807,2026-08-08T00:02:44.667404+00:00,CSCO,67,68,42.4,8.0,9.9,51.6,0.81,-0.59,-0.25,121.74,📊,121.43000030517578,3.7,2.5,3.0,3.7>7.7>9.6,2.6,9.6,121.31,1.13,False
20260807,2026-08-08T00:02:44.667404+00:00,PANW,68,69,42.0,6.0,17.0,33.3,0.75,0.23,-0.68,366.34,📊,363.8599853515625,14.55,2.5,2.0,10.3>12.4,1.2,12.4,358.68,0.69,False
20260807,2026-08-08T00:02:44.667404+00:00,NTAP,69,70,41.9,9.0,20.6,81.0,0.75,1.14,-1.02,191.48,📊,189.52000427246097,7.28,2.5,2.0,14.8>8.5,0.58,8.5,174.55,0.95,False
20260807,2026-08-08T00:02:44.667404+00:00,M,70,71,41.9,8.0,13.6,42.9,0.77,-0.02,-3.09,26.21,📊,25.399999618530273,0.94,2.5,2.0,5.1>12.8,2.5,12.8,25.96,0.73,False
20260807,2026-08-08T00:02:44.667404+00:00,CRWD,71,72,41.8,11.0,24.8,46.0,0.65,1.91,0.0,214.42,📊,214.4199981689453,8.95,2.5,4.0,17.5>2.9>6.1>14.9,0.85,14.9,210.73,0.44,False
20260807,2026-08-08T00:02:44.667404+00:00,HWM,72,73,41.6,25.0,23.5,17.5,0.74,0.07,-3.27,291.42,⏳,281.8800048828125,9.58,2.5,6.0,15.9>8.3>7.5>5.9>5.6>5.7,0.36,5.7,289.26,1.06,True
20260807,2026-08-08T00:02:44.667404+00:00,LAUR,73,74,41.3,8.0,12.5,50.0,0.83,0.1,-5.24,40.46,📊,38.34000015258789,1.33,2.5,3.0,6.7>2.3>11.4,1.7,11.4,40.46,0.89,False
20260807,2026-08-08T00:02:44.667404+00:00,LUV,74,75,41.1,8.0,15.0,7.9,0.82,-0.95,-9.68,52.09,⏳,47.04999923706055,1.79,2.5,2.0,8.7>10.2,1.17,10.2,49.43,1.04,False
20260807,2026-08-08T00:02:44.667404+00:00,IRDM,75,76,40.9,11.0,24.9,0.0,0.5,-0.15,-10.39,55.72,📊,49.93000030517578,1.82,2.5,2.0,19.4>20.4,1.05,20.4,55.72,0.67,False
20260807,2026-08-08T00:02:44.667404+00:00,SCCO,76,77,40.5,18.0,18.7,17.5,0.86,-0.48,-1.15,201.37,🔥,199.05999755859375,8.57,2.5,5.0,15.3>11.9>16.7>14.0>10.2,0.67,10.2,195.48,0.87,False
20260807,2026-08-08T00:02:44.667404+00:00,RAL,77,78,40.5,8.0,11.5,11.1,1.11,-0.73,-8.39,73.63,⏳,67.44999694824219,3.09,2.5,1.0,9.1,,9.1,73.63,,False
20260807,2026-08-08T00:02:44.667404+00:00,MS,78,79,40.4,10.0,11.1,37.3,1.07,-0.03,-4.83,227.3,📊,216.3300018310547,5.96,2.5,3.0,5.3>7.9>11.1,2.09,11.1,227.3,1.09,False
20260807,2026-08-08T00:02:44.667404+00:00,APH,79,80,40.2,10.0,21.4,35.7,0.7,0.69,-4.05,176.32,📊,169.17999267578125,7.99,2.5,2.0,6.7>18.4,2.75,18.4,176.32,0.75,False
20260810,2026-08-11T00:02:43.338289+00:00,CZR,1,1,88.7,6.0,2.6,2.4,0.51,-0.45,-1.12,30.41,🔥,30.06999969482422,0.23,2.5,2.0,2.5>1.7,0.7,1.7,30.13,0.77,False
20260810,2026-08-11T00:02:43.338289+00:00,IMVT,2,3,83.4,6.0,7.2,0.8,0.48,-0.21,-2.92,41.09,🔥,39.88999938964844,1.41,2.5,1.0,6.3,,6.3,41.09,,False
20260810,2026-08-11T00:02:43.338289+00:00,RY,3,4,83.3,6.0,6.0,0.8,0.85,0.0,-2.67,216.57,🔥,210.7899932861328,3.23,2.5,1.0,4.7,,4.7,216.57,,False
20260810,2026-08-11T00:02:43.338289+00:00,BNS,4,5,79.4,7.0,6.4,7.9,0.87,0.07,-1.92,90.29,🔥,88.55999755859375,1.39,2.5,3.0,1.8>2.2>4.7,2.56,4.7,90.29,0.55,False
20260810,2026-08-11T00:02:43.338289+00:00,CM,5,6,75.7,16.0,13.2,0.0,0.63,0.31,-1.61,121.24,🔥,119.29000091552734,2.18,2.5,2.0,8.5>4.1,0.49,4.1,121.24,0.66,True
20260810,2026-08-11T00:02:43.338289+00:00,ARMK,6,7,72.1,6.0,4.2,4.8,0.88,-0.41,-4.2,58.15,⏳,55.709999084472656,0.93,2.5,2.0,1.6>3.5,2.22,3.5,58.15,1.03,False
20260810,2026-08-11T00:02:43.338289+00:00,VOYA,7,8,68.9,8.0,11.8,7.1,0.77,1.33,-1.25,101.5,🔥,100.2300033569336,2.36,2.5,2.0,3.1>3.8,1.22,3.8,100.59,0.71,False
20260810,2026-08-11T00:02:43.338289+00:00,STT,8,9,68.7,8.0,11.0,4.0,0.99,1.24,-0.2,187.05,📊,186.67999267578125,4.37,2.5,2.0,3.2>5.7,1.75,5.7,186.59,0.85,False
20260810,2026-08-11T00:02:43.338289+00:00,KMX,9,10,68.5,7.0,15.1,6.3,0.78,1.97,-0.56,59.11,🔥,58.779998779296875,2.03,2.5,1.0,5.5,,5.5,53.15,,False
20260810,2026-08-11T00:02:43.338289+00:00,ROKU,10,11,68.0,7.0,8.6,14.3,0.62,0.95,3.06,147.33,📊,151.83999633789062,1.96,2.5,2.0,2.4>1.9,0.79,1.9,144.43,0.19,False
20260810,2026-08-11T00:02:43.338289+00:00,BBIO,11,12,64.8,6.0,20.1,2.4,0.56,1.14,-6.1,90.17,⏳,84.66999816894531,2.56,2.5,2.0,10.9>6.5,0.6,6.5,85.55,0.33,False
20260810,2026-08-11T00:02:43.338289+00:00,SYRE,12,13,64.1,7.0,18.1,5.6,0.73,1.65,0.0,105.33,🔥,105.33000183105467,5.69,2.5,2.0,14.0>7.6,0.54,7.6,102.7,0.27,False
20260810,2026-08-11T00:02:43.338289+00:00,TD,13,14,63.9,8.0,6.6,23.8,1.1,-0.01,-2.98,124.8,📊,121.08000183105467,2.05,2.5,2.0,3.0>6.3,2.07,6.3,124.8,0.69,False
20260810,2026-08-11T00:02:43.338289+00:00,UBS,14,15,63.9,11.0,15.1,4.0,0.87,1.23,-2.02,55.07,🔥,53.959999084472656,1.01,2.5,3.0,2.9>4.0>6.5,2.25,6.5,55.07,0.81,False
20260810,2026-08-11T00:02:43.338289+00:00,MUFG,15,16,63.7,9.0,14.8,1.6,1.09,1.43,-3.72,23.1,⏳,22.239999771118164,0.48,2.5,2.0,6.0>6.4,1.06,6.4,22.77,1.01,False
20260810,2026-08-11T00:02:43.338289+00:00,GSAT,16,17,61.1,16.0,6.9,50.0,0.78,-0.43,-0.73,84.43,📊,83.81500244140625,1.1,2.5,3.0,1.2>5.5>3.3,2.88,3.3,81.29,0.74,False
20260810,2026-08-11T00:02:43.338289+00:00,MFG,17,18,59.9,8.0,10.7,13.5,0.99,0.75,-2.33,10.71,📊,10.460000038146973,0.27,2.5,3.0,7.2>7.7>7.7,1.07,7.7,10.63,1.22,False
20260810,2026-08-11T00:02:43.338289+00:00,EC,18,19,58.8,10.0,18.2,9.5,0.75,0.65,-2.01,17.4,🔥,17.049999237060547,0.66,2.5,2.0,14.1>5.3,0.38,5.3,16.69,0.59,True
20260810,2026-08-11T00:02:43.338289+00:00,NET,19,20,57.9,6.0,22.0,13.5,0.94,2.63,0.0,310.59,🚀,310.5899963378906,17.47,2.5,1.0,7.0,,7.0,281.75,,False
20260810,2026-08-11T00:02:43.338289+00:00,CNC,20,21,57.8,9.0,11.8,10.3,0.91,-0.2,-3.13,68.72,⏳,66.56999969482422,3.0,2.5,2.0,8.4>11.5,1.36,11.5,68.72,0.94,False
20260810,2026-08-11T00:02:43.338289+00:00,RPRX,21,22,56.9,11.0,11.7,27.0,0.77,0.71,-3.34,59.97,⏳,57.970001220703125,1.35,2.5,2.0,5.2>4.6,0.89,4.6,58.37,0.7,False
20260810,2026-08-11T00:02:43.338289+00:00,PFG,22,23,56.9,9.0,9.0,30.2,1.28,0.32,-1.39,115.41,📊,113.80999755859376,2.42,2.5,2.0,6.2>5.8,0.94,5.8,113.95,0.88,False
20260810,2026-08-11T00:02:43.338289+00:00,CGON,23,24,56.1,6.0,8.7,18.3,0.85,-0.04,1.75,75.24,📊,76.55999755859375,3.7,2.5,2.0,6.1>8.1,1.32,8.1,75.24,1.02,False
20260810,2026-08-11T00:02:43.338289+00:00,CFG,24,25,56.0,18.0,19.2,5.6,0.91,0.47,-1.69,73.92,🔥,72.66999816894531,1.48,2.5,5.0,3.0>7.9>4.5>4.9>4.4,1.48,4.4,73.92,1.01,False
20260810,2026-08-11T00:02:43.338289+00:00,VLO,25,26,55.6,12.0,24.9,0.8,0.94,2.35,0.43,313.59,📊,314.95001220703125,12.2,2.5,3.0,8.0>9.6>5.1,0.63,5.1,313.59,0.85,False
20260810,2026-08-11T00:02:43.338289+00:00,CROX,26,27,54.8,10.0,17.2,17.5,0.87,1.38,-2.12,141.19,🔥,138.19000244140625,6.57,2.5,2.0,7.0>11.0,1.58,11.0,138.91,0.84,False
20260810,2026-08-11T00:02:43.338289+00:00,VIK,27,28,54.0,7.0,10.5,38.9,0.61,0.15,-4.12,108.26,📊,103.8000030517578,3.07,2.5,1.0,7.7,,7.7,104.95,,False
20260810,2026-08-11T00:02:43.338289+00:00,ROIV,28,29,53.9,14.0,24.4,8.7,0.83,1.81,-2.8,36.81,🔥,35.779998779296875,1.29,2.5,3.0,12.8>7.8>6.4,0.49,6.4,35.1,0.56,True
20260810,2026-08-11T00:02:43.338289+00:00,MPC,29,30,53.6,14.0,24.7,2.4,0.9,1.86,0.0,320.32,🔥,320.32000732421875,11.66,2.5,4.0,7.0>5.7>9.1>4.3,0.61,4.3,319.76,0.87,False
20260810,2026-08-11T00:02:43.338289+00:00,FDX,30,31,53.1,26.0,18.7,8.7,0.69,-0.19,-3.68,337.48,⏳,325.0799865722656,6.72,2.5,6.0,9.6>5.1>11.3>5.7>9.3>4.2,0.44,4.2,321.02,0.75,False
20260810,2026-08-11T00:02:43.338289+00:00,COGT,31,32,52.6,6.0,12.6,55.6,0.77,0.94,-3.06,42.84,📊,41.529998779296875,2.07,2.5,1.0,7.5,,7.5,40.51,,False
20260810,2026-08-11T00:02:43.338289+00:00,ETSY,32,33,52.4,10.0,22.7,1.6,0.97,2.67,-7.02,86.47,⏳,80.4000015258789,3.51,2.5,3.0,4.1>8.6>6.1,1.49,6.1,85.74,0.96,False
20260810,2026-08-11T00:02:43.338289+00:00,RVMD,33,34,52.3,6.0,13.4,63.5,0.6,0.34,0.0,206.97,📊,206.97000122070312,7.95,2.5,2.0,2.8>6.3,2.26,6.3,191.13,0.4,False
20260810,2026-08-11T00:02:43.338289+00:00,EBC,34,35,51.9,35.0,22.8,0.0,0.91,0.12,-2.59,23.55,🔥,22.940000534057617,0.48,2.5,8.0,7.2>15.0>5.5>5.3>4.6>2.9>4.6>3.8,0.52,3.8,23.46,1.12,False
20260810,2026-08-11T00:02:43.338289+00:00,OKTA,35,36,51.6,6.0,15.1,19.8,0.69,-0.14,-2.49,154.62,🔥,150.77000427246094,6.08,2.5,1.0,12.0,,12.0,154.62,,False
20260810,2026-08-11T00:02:43.338289+00:00,DFTX,36,37,51.4,6.0,13.7,15.1,0.58,-1.09,-6.81,48.45,⏳,45.150001525878906,2.35,2.5,2.0,7.7>13.7,1.78,13.7,48.45,0.48,False
20260810,2026-08-11T00:02:43.338289+00:00,BNY,37,38,50.9,16.0,19.6,11.1,0.96,1.0,-1.41,161.71,📊,159.42999267578125,2.84,2.5,4.0,5.0>3.0>2.5>5.7,1.14,5.7,161.71,1.2,False
20260810,2026-08-11T00:02:43.338289+00:00,TVTX,38,39,50.7,7.0,12.4,45.2,0.74,-0.03,-2.98,62.76,📊,60.88999938964844,3.16,2.5,3.0,4.6>5.5>4.1,0.91,4.1,57.36,0.54,False
20260810,2026-08-11T00:02:43.338289+00:00,MFC,39,40,50.6,16.0,16.9,27.0,0.91,0.73,-1.38,44.77,📊,44.150001525878906,0.86,2.5,4.0,1.6>6.2>2.6>3.5,2.09,3.5,41.12,1.17,False
20260810,2026-08-11T00:02:43.338289+00:00,NMR,40,41,49.8,20.0,24.9,10.3,0.63,0.55,-2.19,10.04,🔥,9.81999969482422,0.21,2.5,4.0,10.5>3.2>5.4>6.5,0.62,6.5,10.04,0.52,False
20260810,2026-08-11T00:02:43.338289+00:00,RELY,41,42,49.7,6.0,13.6,13.5,0.67,0.07,-10.76,25.93,📊,23.13999938964844,1.25,2.5,1.0,10.7,,10.7,25.23,,False
20260810,2026-08-11T00:02:43.338289+00:00,PSX,42,43,49.5,14.0,22.9,4.0,0.97,1.31,0.0,215.52,📊,215.52000427246097,7.35,2.5,4.0,6.6>4.7>10.0>3.0,0.46,3.0,212.27,1.09,False
20260810,2026-08-11T00:02:43.338289+00:00,BAYRY,43,44,49.4,6.0,14.0,19.8,0.52,-0.65,-6.52,15.19,⏳,14.199999809265137,0.31,2.5,1.0,13.6,,13.6,15.19,,False
20260810,2026-08-11T00:02:43.338289+00:00,ALL,44,45,49.2,6.0,13.5,87.3,0.97,1.65,-1.98,275.11,📊,269.6700134277344,7.22,2.5,1.0,6.6,,6.6,256.45,,False
20260810,2026-08-11T00:02:43.338289+00:00,HWM,45,46,49.0,25.0,23.5,12.7,0.75,0.05,-2.6,291.28,🔥,283.7099914550781,9.36,2.5,6.0,15.9>8.3>7.5>5.9>5.6>5.7,0.36,5.7,289.12,1.06,True
20260810,2026-08-11T00:02:43.338289+00:00,OXY,46,47,48.9,17.0,20.7,5.6,0.76,-0.74,-3.03,60.48,⏳,58.650001525878906,1.91,2.5,5.0,8.1>12.7>6.7>19.2>6.4,0.79,6.4,57.6,0.57,False
20260810,2026-08-11T00:02:43.338289+00:00,LQDA,47,48,48.5,7.0,21.8,40.5,0.66,2.4,0.0,91.03,📊,91.02999877929688,5.19,2.5,2.0,12.6>5.8,0.46,5.8,89.03,0.95,True
20260810,2026-08-11T00:02:43.338289+00:00,NOV,48,49,47.9,27.0,16.7,15.1,0.8,-0.36,-3.08,21.36,⏳,20.700000762939453,0.79,2.5,8.0,3.6>11.4>6.8>3.1>7.5>5.7>16.7>8.2,2.28,8.2,20.76,0.9,False
20260810,2026-08-11T00:02:43.338289+00:00,BAC,49,50,47.8,17.0,21.7,3.2,0.92,0.84,0.96,63.25,📊,63.86000061035156,0.98,2.5,2.0,4.2>7.1,1.71,7.1,53.32,0.89,False
20260810,2026-08-11T00:02:43.338289+00:00,MGA,50,51,47.8,11.0,12.6,31.0,0.99,0.35,-2.61,71.76,📊,69.88999938964844,2.28,2.5,3.0,6.1>6.5>0.0,0.01,0.0,65.68,1.22,True
20260810,2026-08-11T00:02:43.338289+00:00,SMFG,51,52,47.6,18.0,24.2,4.0,0.86,0.94,-4.45,26.5,⏳,25.31999969482422,0.59,2.5,4.0,7.2>4.2>6.5>6.1,0.84,6.1,26.5,0.92,False
20260810,2026-08-11T00:02:43.338289+00:00,MNST,52,53,47.5,6.0,6.5,99.2,1.05,1.45,82.97,49.97,📊,91.43000030517578,4.53,2.5,2.0,2.6>6.5,2.53,6.5,49.97,1.1,False
20260810,2026-08-11T00:02:43.338289+00:00,DNTH,53,54,47.2,7.0,22.4,29.4,0.94,3.16,-0.75,112.64,📊,111.8000030517578,5.77,2.5,1.0,3.9,,3.9,105.72,,False
20260810,2026-08-11T00:02:43.338289+00:00,RAL,54,55,47.1,8.0,11.5,11.9,1.12,-0.84,-5.76,73.63,⏳,69.38999938964844,3.07,2.5,2.0,9.1>8.2,0.9,8.2,71.0,1.6,False
20260810,2026-08-11T00:02:43.338289+00:00,WSM,55,56,46.7,8.0,14.2,65.9,0.75,0.59,-0.38,251.78,📊,250.82000732421875,7.03,2.5,2.0,9.8>4.3,0.44,4.3,228.41,0.87,True
20260810,2026-08-11T00:02:43.338289+00:00,AXTA,56,57,46.1,9.0,17.0,88.9,0.66,0.74,-1.96,38.19,📊,37.439998626708984,1.21,2.5,2.0,8.7>3.6,0.42,3.6,32.88,1.11,True
20260810,2026-08-11T00:02:43.338289+00:00,DAL,57,58,46.0,8.0,12.3,38.1,0.71,0.07,-4.52,93.43,📊,89.20999908447266,2.7,2.5,1.0,12.3,,12.3,93.43,,False
20260810,2026-08-11T00:02:43.338289+00:00,LLY,58,59,45.9,9.0,11.1,39.7,0.85,0.15,-0.29,1235.56,📊,1231.93994140625,42.07,2.5,2.0,5.4>7.2,1.34,7.2,1235.56,0.86,False
20260810,2026-08-11T00:02:43.338289+00:00,FTNT,59,60,44.9,8.0,14.4,38.9,0.9,0.89,-2.42,168.29,📊,164.2100067138672,7.34,2.5,2.0,3.6>10.1,2.82,10.1,166.83,0.78,False
20260810,2026-08-11T00:02:43.338289+00:00,COMP,60,61,44.7,6.0,17.0,13.5,0.86,-0.59,-4.54,12.99,⏳,12.399999618530272,0.68,2.5,2.0,12.9>14.8,1.15,14.8,12.65,0.66,False
20260810,2026-08-11T00:02:43.338289+00:00,USB,61,62,44.6,34.0,22.7,3.2,0.94,0.12,-0.43,64.47,🔥,64.19000244140625,1.12,2.5,6.0,4.6>16.2>2.5>6.9>3.8>2.6,0.56,2.6,64.47,0.69,False
20260810,2026-08-11T00:02:43.338289+00:00,AMRX,62,63,44.5,8.0,15.7,28.6,0.93,1.5,-6.39,19.1,⏳,17.8799991607666,0.62,2.5,1.0,3.6,,3.6,17.32,,False
20260810,2026-08-11T00:02:43.338289+00:00,PAGP,63,64,44.5,22.0,16.6,13.5,0.93,-0.16,-4.48,26.33,⏳,25.149999618530273,0.46,2.5,4.0,3.7>7.2>4.3>10.4,2.78,10.4,25.54,0.56,False
20260810,2026-08-11T00:02:43.338289+00:00,GGB,64,65,44.3,17.0,21.8,22.2,0.82,0.11,-3.5,5.14,⏳,4.960000038146973,0.15,2.5,3.0,6.8>5.3>17.8,2.62,17.8,4.89,1.01,False
20260810,2026-08-11T00:02:43.338289+00:00,RYCEY,65,66,43.5,7.0,13.7,66.7,0.9,0.59,-1.81,21.02,📊,20.63999938964844,0.56,2.5,1.0,9.8,,9.8,20.1,,False
20260810,2026-08-11T00:02:43.338289+00:00,SN,66,67,43.4,6.0,21.7,94.4,0.88,3.05,0.0,186.17,📊,186.1699981689453,6.89,2.5,2.0,3.8>5.6,1.48,5.6,154.53,1.09,False
20260810,2026-08-11T00:02:43.338289+00:00,YPF,67,68,43.0,15.0,24.8,2.4,0.57,0.55,-9.6,56.35,⏳,50.939998626708984,1.68,2.5,2.0,6.2>21.2,3.43,21.2,56.35,1.0,False
20260810,2026-08-11T00:02:43.338289+00:00,LTH,68,69,42.9,6.0,12.4,38.1,0.97,1.3,-7.09,45.7,📊,42.459999084472656,1.74,2.5,1.0,2.1,,2.1,42.84,,False
20260810,2026-08-11T00:02:43.338289+00:00,ORKA,69,70,42.9,6.0,16.3,39.7,0.48,1.86,7.14,98.13,📊,105.13999938964844,5.28,2.5,2.0,12.7>6.6,0.52,6.6,94.32,0.49,False
20260810,2026-08-11T00:02:43.338289+00:00,BCS,70,71,42.6,17.0,21.1,19.0,1.0,1.0,-0.93,28.24,📊,27.979999542236328,0.75,2.5,6.0,6.3>6.2>6.5>5.7>3.9>8.8,1.4,8.8,28.24,1.25,False
20260810,2026-08-11T00:02:43.338289+00:00,FRO,71,72,42.4,18.0,23.7,0.0,0.59,0.28,-10.33,42.88,📊,38.45000076293945,1.29,2.5,6.0,6.7>6.7>7.2>12.3>19.1>5.1,0.77,5.1,38.46,0.69,False
20260810,2026-08-11T00:02:43.338289+00:00,ALKS,72,73,42.2,6.0,12.5,25.4,0.78,-1.99,-10.54,55.22,📊,49.400001525878906,1.9,2.5,2.0,6.6>8.7,1.33,8.7,52.97,1.33,False
20260810,2026-08-11T00:02:43.338289+00:00,BHP,73,74,41.7,17.0,17.5,23.8,0.95,-0.08,-2.73,93.15,📊,90.61000061035156,2.27,2.5,6.0,4.3>9.8>11.2>12.7>6.4>5.8,1.34,5.8,85.48,1.21,False
20260810,2026-08-11T00:02:43.338289+00:00,M,74,75,41.7,8.0,13.6,34.9,0.77,0.03,-5.0,26.21,📊,24.899999618530273,0.96,2.5,2.0,5.1>12.8,2.5,12.8,25.96,0.73,False
20260810,2026-08-11T00:02:43.338289+00:00,CSCO,75,76,41.3,8.0,9.9,54.0,0.81,-0.59,0.68,121.74,📊,122.56999969482422,3.76,2.5,3.0,3.7>7.7>9.6,2.6,9.6,121.31,1.13,False
20260810,2026-08-11T00:02:43.338289+00:00,BBVA,76,77,40.5,13.0,23.7,83.3,0.96,2.02,-0.04,28.36,📊,28.350000381469727,0.67,2.5,4.0,2.9>5.9>2.8>3.9,1.34,3.9,26.14,0.8,False
20260810,2026-08-11T00:02:43.338289+00:00,HUM,77,78,40.4,8.0,12.5,23.8,0.95,-0.21,-5.79,409.42,⏳,385.7000122070313,15.63,2.5,2.0,5.6>5.6,1.01,5.6,409.42,0.72,False
20260810,2026-08-11T00:02:43.338289+00:00,GKOS,78,79,40.4,6.0,19.5,46.0,0.87,3.21,6.14,170.93,📊,181.4199981689453,7.9,2.5,1.0,3.5,,3.5,156.84,,False
20260810,2026-08-11T00:02:43.338289+00:00,TRV,79,80,40.2,6.0,17.1,89.7,1.29,2.86,-5.44,397.22,📊,375.6199951171875,8.87,2.5,2.0,4.2>5.9,1.39,5.9,397.22,1.65,False
20260811,2026-08-12T00:02:30.331704+00:00,RY,1,2,83.2,6.0,6.0,0.0,0.83,-0.12,-2.91,216.57,🔥,210.2599945068359,3.28,2.5,1.0,4.7,,4.7,216.57,,False
20260811,2026-08-12T00:02:30.331704+00:00,IMVT,2,3,81.2,6.0,7.2,2.4,0.5,-0.2,-0.39,41.09,🔥,40.93000030517578,1.5,2.5,1.0,6.3,,6.3,41.09,,False
20260811,2026-08-12T00:02:30.331704+00:00,BNS,3,4,78.9,8.0,7.1,6.3,0.91,0.19,-1.58,90.29,🔥,88.86000061035156,1.37,2.5,3.0,2.0>2.2>4.7,2.37,4.7,90.29,0.59,False
20260811,2026-08-12T00:02:30.331704+00:00,CM,4,5,74.8,16.0,13.2,0.8,0.64,0.31,-1.88,121.24,🔥,118.95999908447266,2.18,2.5,2.0,8.5>4.1,0.49,4.1,121.24,0.66,True
20260811,2026-08-12T00:02:30.331704+00:00,FITB,5,6,73.9,6.0,6.1,3.2,0.85,-0.43,-2.98,59.37,🔥,57.599998474121094,1.12,2.5,2.0,3.7>4.8,1.3,4.8,59.37,0.92,False
20260811,2026-08-12T00:02:30.331704+00:00,DLTR,6,7,73.3,6.0,10.1,11.9,0.62,0.68,-2.17,130.9,🔥,128.05999755859375,3.67,2.5,1.0,8.4,,8.4,128.45,,False
20260811,2026-08-12T00:02:30.331704+00:00,UBS,7,8,72.2,8.0,10.9,4.0,0.83,0.67,-2.51,55.07,🔥,53.689998626708984,1.0,2.5,2.0,4.0>6.5,1.62,6.5,55.07,1.11,False
20260811,2026-08-12T00:02:30.331704+00:00,ROKU,8,9,71.6,7.0,10.2,16.7,0.63,0.94,0.56,150.07,📊,150.91000366210938,1.98,2.5,2.0,2.4>1.9,0.79,1.9,144.43,0.19,False
20260811,2026-08-12T00:02:30.331704+00:00,KMX,9,10,69.5,7.0,15.1,4.8,0.78,1.88,-1.57,59.11,🔥,58.18000030517578,1.97,2.5,1.0,5.5,,5.5,53.15,,False
20260811,2026-08-12T00:02:30.331704+00:00,SYRE,10,11,69.2,7.0,18.1,5.6,0.65,1.85,-2.46,105.33,🔥,102.73999786376952,5.86,2.5,2.0,11.1>7.6,0.68,7.6,102.7,0.26,False
20260811,2026-08-12T00:02:30.331704+00:00,VOYA,11,12,66.0,9.0,12.8,8.7,0.77,1.27,-3.23,101.5,⏳,98.22000122070312,2.43,2.5,2.0,3.1>3.8,1.22,3.8,100.59,0.71,False
20260811,2026-08-12T00:02:30.331704+00:00,TD,12,13,65.6,8.0,6.6,22.2,1.06,-0.08,-2.75,124.8,📊,121.37000274658205,2.05,2.5,2.0,3.0>6.3,2.07,6.3,124.8,0.69,False
20260811,2026-08-12T00:02:30.331704+00:00,STT,13,14,63.1,8.0,11.0,5.6,0.96,1.2,0.0,187.22,📊,187.22000122070312,4.31,2.5,2.0,3.2>5.7,1.75,5.7,186.59,0.85,False
20260811,2026-08-12T00:02:30.331704+00:00,RPRX,14,15,62.4,11.0,11.7,15.1,0.77,0.65,-3.64,59.97,⏳,57.790000915527344,1.37,2.5,2.0,5.2>4.6,0.89,4.6,58.37,0.7,False
20260811,2026-08-12T00:02:30.331704+00:00,BBIO,15,16,61.7,6.0,17.4,2.4,0.56,0.72,-7.18,90.17,⏳,83.69999694824219,2.87,2.5,2.0,10.9>6.5,0.6,6.5,85.55,0.33,False
20260811,2026-08-12T00:02:30.331704+00:00,ZION,16,17,61.2,7.0,6.8,17.5,1.06,-0.24,-3.15,73.31,⏳,71.0,1.3,2.5,2.0,2.9>6.5,2.24,6.5,73.31,1.32,False
20260811,2026-08-12T00:02:30.331704+00:00,MFG,17,18,61.0,8.0,10.7,11.9,0.96,0.68,-2.52,10.71,📊,10.4399995803833,0.27,2.5,3.0,7.2>7.7>7.7,1.07,7.7,10.63,1.22,False
20260811,2026-08-12T00:02:30.331704+00:00,GSAT,18,19,60.9,16.0,6.9,50.8,0.8,-0.42,-1.03,84.43,📊,83.55999755859375,1.11,2.5,3.0,1.2>5.5>3.3,2.88,3.3,81.29,0.74,False
20260811,2026-08-12T00:02:30.331704+00:00,EC,19,20,60.8,10.0,18.2,14.3,0.74,0.53,-2.24,17.4,🔥,17.010000228881836,0.65,2.5,3.0,6.8>14.1>5.3,0.79,5.3,16.69,0.65,False
20260811,2026-08-12T00:02:30.331704+00:00,NET,20,21,57.6,6.0,22.0,16.7,0.97,2.63,-1.17,310.59,📊,306.9700012207031,18.24,2.5,1.0,7.0,,7.0,281.75,,False
20260811,2026-08-12T00:02:30.331704+00:00,OKTA,21,22,57.5,6.0,12.0,13.5,0.66,-0.32,-2.77,154.62,🔥,150.3300018310547,5.93,2.5,1.0,12.0,,12.0,154.62,,False
20260811,2026-08-12T00:02:30.331704+00:00,CNI,22,23,56.6,17.0,17.7,0.0,1.15,0.63,-3.29,130.58,⏳,126.27999877929688,2.39,2.5,3.0,2.7>6.0>5.9,2.21,5.9,120.57,1.74,False
20260811,2026-08-12T00:02:30.331704+00:00,MUFG,23,24,55.6,12.0,19.0,2.4,1.01,1.61,-4.24,23.1,⏳,22.1200008392334,0.47,2.5,4.0,4.5>6.0>6.4>5.5,1.21,5.5,23.1,1.21,False
20260811,2026-08-12T00:02:30.331704+00:00,CNC,24,25,55.5,9.0,11.8,5.6,0.92,-0.27,-5.59,68.72,⏳,64.87999725341797,3.07,2.5,2.0,8.4>11.5,1.36,11.5,68.72,0.94,False
20260811,2026-08-12T00:02:30.331704+00:00,MRK,25,26,55.4,30.0,20.1,5.6,0.83,-0.01,-1.06,131.82,🔥,130.4199981689453,3.12,2.5,8.0,3.8>7.2>11.4>2.0>6.3>5.1>6.8>3.1,0.81,3.1,131.82,0.92,False
20260811,2026-08-12T00:02:30.331704+00:00,BNY,26,27,53.1,16.0,19.6,7.9,0.92,1.03,-0.86,161.71,🔥,160.32000732421875,2.79,2.5,4.0,5.0>3.0>2.5>5.7,1.14,5.7,161.71,1.2,False
20260811,2026-08-12T00:02:30.331704+00:00,CFG,27,28,52.5,18.0,18.8,4.0,0.9,0.48,-1.26,73.92,🔥,72.98999786376953,1.5,2.5,5.0,3.0>7.9>4.5>4.9>4.4,1.48,4.4,73.92,1.01,False
20260811,2026-08-12T00:02:30.331704+00:00,EBC,28,29,52.3,35.0,22.8,0.0,0.9,0.12,-1.78,23.55,🔥,23.1299991607666,0.46,2.5,8.0,7.2>15.0>5.5>5.3>4.6>2.9>4.6>3.8,0.52,3.8,23.46,1.12,False
20260811,2026-08-12T00:02:30.331704+00:00,RVMD,29,30,51.5,6.0,9.9,65.1,0.59,0.56,3.91,197.81,📊,205.5500030517578,8.02,2.5,1.0,7.0,,7.0,192.62,,False
20260811,2026-08-12T00:02:30.331704+00:00,ROIV,30,31,51.2,14.0,24.4,10.3,0.84,1.86,-4.24,36.81,⏳,35.25,1.35,2.5,3.0,12.8>7.8>6.4,0.49,6.4,35.1,0.56,True
20260811,2026-08-12T00:02:30.331704+00:00,RELY,31,32,50.8,6.0,13.6,13.5,0.68,-0.12,-8.95,25.93,⏳,23.61000061035156,1.26,2.5,1.0,10.7,,10.7,25.23,,False
20260811,2026-08-12T00:02:30.331704+00:00,ETSY,32,33,50.1,8.0,16.5,4.8,1.0,1.67,-8.08,86.47,⏳,79.4800033569336,3.49,2.5,2.0,8.6>6.1,0.72,6.1,85.74,0.75,False
20260811,2026-08-12T00:02:30.331704+00:00,LQDA,33,34,50.0,7.0,21.8,37.3,0.68,2.34,-3.27,91.03,📊,88.05000305175781,4.83,2.5,2.0,12.6>5.8,0.46,5.8,89.03,0.95,True
20260811,2026-08-12T00:02:30.331704+00:00,NMR,34,35,49.8,20.0,24.9,11.1,0.61,0.55,-2.59,10.04,🔥,9.779999732971191,0.21,2.5,4.0,10.5>3.2>5.4>6.5,0.62,6.5,10.04,0.52,False
20260811,2026-08-12T00:02:30.331704+00:00,FDX,35,36,49.6,26.0,18.7,11.9,0.72,-0.2,-4.46,337.48,⏳,322.42999267578125,6.65,2.5,6.0,9.6>5.1>11.3>5.7>9.3>4.2,0.44,4.2,321.02,0.75,False
20260811,2026-08-12T00:02:30.331704+00:00,LTH,36,37,49.4,6.0,12.4,32.5,1.03,1.25,-4.14,45.7,📊,43.810001373291016,1.77,2.5,1.0,2.1,,2.1,42.84,,False
20260811,2026-08-12T00:02:30.331704+00:00,VIK,37,38,49.2,7.0,10.5,36.5,0.64,0.04,-6.2,108.26,📊,101.5500030517578,3.18,2.5,1.0,7.7,,7.7,104.95,,False
20260811,2026-08-12T00:02:30.331704+00:00,CGON,38,39,48.9,6.0,8.1,34.1,0.84,0.02,2.38,75.24,📊,77.02999877929688,3.66,2.5,2.0,6.1>8.1,1.32,8.1,75.24,1.02,False
20260811,2026-08-12T00:02:30.331704+00:00,HWM,39,40,48.8,25.0,23.5,11.1,0.74,0.03,-3.41,291.28,⏳,281.3399963378906,9.49,2.5,6.0,15.9>8.3>7.5>5.9>5.6>5.7,0.36,5.7,289.12,1.06,True
20260811,2026-08-12T00:02:30.331704+00:00,VLO,40,41,48.8,12.0,24.9,4.0,0.92,2.42,3.29,313.59,📊,323.9200134277344,12.09,2.5,3.0,8.0>9.6>5.1,0.63,5.1,313.59,0.85,False
20260811,2026-08-12T00:02:30.331704+00:00,DNTH,41,42,48.7,7.0,22.3,27.8,0.9,2.87,-3.68,112.64,⏳,108.48999786376952,5.77,2.5,1.0,3.9,,3.9,105.72,,False
20260811,2026-08-12T00:02:30.331704+00:00,RAL,42,43,48.6,8.0,11.5,15.9,1.15,-0.86,-2.87,73.63,📊,71.5199966430664,3.16,2.5,2.0,9.1>8.2,0.9,8.2,71.0,1.6,False
20260811,2026-08-12T00:02:30.331704+00:00,SMFG,43,44,48.5,18.0,24.2,1.6,0.83,0.96,-5.09,26.5,⏳,25.149999618530273,0.6,2.5,5.0,7.2>4.2>6.5>6.1>5.6,0.78,5.6,26.34,1.03,False
20260811,2026-08-12T00:02:30.331704+00:00,FTNT,44,45,48.3,10.0,17.8,31.0,0.91,1.1,-3.8,168.29,📊,161.88999938964844,7.26,2.5,2.0,7.5>10.1,1.34,10.1,166.83,0.73,False
20260811,2026-08-12T00:02:30.331704+00:00,BAC,45,46,48.2,17.0,21.7,4.0,0.88,0.87,1.19,63.25,📊,64.0,0.96,2.5,2.0,4.2>7.1,1.71,7.1,53.32,0.89,False
20260811,2026-08-12T00:02:30.331704+00:00,LLY,46,47,48.1,9.0,11.1,39.7,0.83,0.14,-1.66,1235.56,📊,1215.02001953125,42.54,2.5,3.0,5.4>7.2>8.6,1.6,8.6,1220.66,1.0,False
20260811,2026-08-12T00:02:30.331704+00:00,OXY,47,48,47.7,17.0,20.7,9.5,0.74,-0.69,-2.35,60.48,🔥,59.060001373291016,1.9,2.5,5.0,7.4>12.7>6.7>19.2>6.4,0.87,6.4,57.6,0.54,False
20260811,2026-08-12T00:02:30.331704+00:00,AXTA,48,49,47.7,9.0,17.0,87.3,0.66,0.78,-2.38,38.19,📊,37.279998779296875,1.17,2.5,2.0,8.7>3.6,0.42,3.6,32.88,1.11,True
20260811,2026-08-12T00:02:30.331704+00:00,WSM,49,50,47.3,8.0,14.2,66.7,0.75,0.68,-0.47,251.78,📊,250.58999633789065,7.18,2.5,2.0,9.8>4.3,0.44,4.3,228.41,0.87,True
20260811,2026-08-12T00:02:30.331704+00:00,RYCEY,50,51,47.1,8.0,13.7,70.6,0.84,0.76,-1.57,20.94,📊,20.61000061035156,0.56,2.5,1.0,9.8,,9.8,20.02,,False
20260811,2026-08-12T00:02:30.331704+00:00,CROX,51,52,46.7,10.0,17.2,16.7,0.88,1.27,-6.71,141.19,⏳,131.7100067138672,6.87,2.5,2.0,7.0>11.0,1.58,11.0,138.91,0.84,False
20260811,2026-08-12T00:02:30.331704+00:00,TVTX,52,53,46.7,7.0,12.4,47.6,0.76,-0.07,-4.06,62.76,📊,60.209999084472656,3.19,2.5,3.0,4.6>5.5>4.1,0.91,4.1,57.36,0.54,False
20260811,2026-08-12T00:02:30.331704+00:00,DAL,53,54,46.5,8.0,12.3,38.9,0.69,-0.03,-3.23,93.43,📊,90.41000366210938,2.72,2.5,1.0,12.3,,12.3,93.43,,False
20260811,2026-08-12T00:02:30.331704+00:00,PFG,54,55,46.4,15.0,14.6,31.0,1.28,0.84,-2.06,115.41,📊,113.02999877929688,2.49,2.5,3.0,2.6>6.2>5.8,2.25,5.8,113.95,1.54,False
20260811,2026-08-12T00:02:30.331704+00:00,ARMK,55,56,46.4,10.0,9.2,24.6,0.93,0.67,3.99,58.15,🚀,60.470001220703125,1.27,2.5,4.0,2.9>2.2>1.6>3.5,1.22,3.5,58.15,0.93,False
20260811,2026-08-12T00:02:30.331704+00:00,BAYRY,56,57,46.1,6.0,13.6,23.8,0.62,-0.8,-6.19,15.19,⏳,14.25,0.3,2.5,1.0,13.6,,13.6,15.19,,False
20260811,2026-08-12T00:02:30.331704+00:00,PNC,57,58,45.8,33.0,22.6,4.8,0.84,0.13,-0.45,255.37,🔥,254.22999572753903,3.99,2.5,4.0,2.9>17.2>8.0>1.9,0.64,1.9,253.18,0.66,False
20260811,2026-08-12T00:02:30.331704+00:00,USB,58,59,45.8,34.0,22.7,0.0,0.93,0.12,-0.28,64.47,🔥,64.29000091552734,1.09,2.5,6.0,4.6>16.2>2.5>6.9>3.8>2.6,0.56,2.6,64.47,0.69,False
20260811,2026-08-12T00:02:30.331704+00:00,PAGP,59,60,45.7,22.0,16.6,11.1,0.92,-0.16,-4.63,26.33,⏳,25.11000061035156,0.46,2.5,4.0,3.7>7.2>4.3>10.4,2.78,10.4,25.54,0.56,False
20260811,2026-08-12T00:02:30.331704+00:00,COMP,60,61,45.4,6.0,17.0,18.3,0.87,-0.4,-2.31,12.99,🔥,12.6899995803833,0.69,2.5,2.0,12.9>14.8,1.15,14.8,12.65,0.66,False
20260811,2026-08-12T00:02:30.331704+00:00,BCS,61,62,44.1,17.0,21.1,19.0,0.96,1.01,-1.43,28.24,📊,27.84000015258789,0.75,2.5,6.0,6.3>6.2>6.5>5.7>3.9>8.8,1.4,8.8,28.24,1.25,False
20260811,2026-08-12T00:02:30.331704+00:00,ORKA,62,63,44.1,6.0,15.6,42.1,0.48,1.85,6.36,98.42,📊,104.6750030517578,5.44,2.5,2.0,12.7>6.6,0.52,6.6,94.32,0.49,False
20260811,2026-08-12T00:02:30.331704+00:00,ALL,63,64,44.0,6.0,13.5,84.9,1.02,1.51,-4.68,275.11,📊,262.2300109863281,7.59,2.5,1.0,6.6,,6.6,256.45,,False
20260811,2026-08-12T00:02:30.331704+00:00,OC,64,65,43.4,6.0,14.2,48.4,0.76,0.1,0.0,158.92,📊,158.9199981689453,5.67,2.5,2.0,13.5>5.2,0.38,5.2,143.79,0.6,True
20260811,2026-08-12T00:02:30.331704+00:00,MGA,65,66,42.8,16.0,17.7,27.0,0.97,0.46,-2.08,71.76,📊,70.2699966430664,2.28,2.5,4.0,6.5>6.1>6.5>0.0,0.0,0.0,65.68,0.37,True
20260811,2026-08-12T00:02:30.331704+00:00,INCY,66,67,42.7,6.0,12.8,61.1,1.13,0.67,-6.82,129.93,📊,121.06999969482422,4.41,2.5,1.0,3.6,,3.6,118.52,,False
20260811,2026-08-12T00:02:30.331704+00:00,CSCO,67,68,42.3,9.0,11.3,55.6,0.8,-0.6,-2.63,123.69,📊,120.43000030517578,3.81,2.5,3.0,5.5>7.7>9.6,1.75,9.6,121.31,1.09,False
20260811,2026-08-12T00:02:30.331704+00:00,VSXY,68,69,42.3,9.0,21.9,49.2,0.76,2.01,0.68,93.52,📊,94.16000366210938,4.43,2.5,2.0,7.4>13.9,1.87,13.9,88.5,0.41,False
20260811,2026-08-12T00:02:30.331704+00:00,AVT,69,70,42.1,13.0,16.3,74.6,0.87,0.4,-1.48,97.4,📊,95.95999908447266,4.11,2.5,4.0,8.1>11.9>2.7>7.3,0.89,7.3,90.13,0.63,False
20260811,2026-08-12T00:02:30.331704+00:00,ILMN,70,71,41.7,10.0,22.9,20.6,1.07,2.41,-5.98,205.1,⏳,192.83999633789065,8.35,2.5,3.0,7.5>4.7>5.0,0.66,5.0,194.33,0.76,False
20260811,2026-08-12T00:02:30.331704+00:00,FRO,71,72,41.7,18.0,23.7,0.8,0.58,0.27,-11.05,42.88,📊,38.13999938964844,1.31,2.5,6.0,6.7>6.7>7.2>12.3>19.1>5.1,0.77,5.1,38.46,0.69,False
20260811,2026-08-12T00:02:30.331704+00:00,M,72,73,41.4,8.0,13.6,30.2,0.76,0.08,-6.45,26.21,📊,24.520000457763672,0.95,2.5,1.0,12.8,,12.8,25.96,,False
20260811,2026-08-12T00:02:30.331704+00:00,MTB,73,74,41.0,33.0,23.3,0.0,1.08,0.11,-0.74,254.04,📊,252.16000366210935,4.22,2.5,7.0,2.1>17.0>2.7>7.1>2.9>3.0>3.2,1.52,3.2,254.04,1.04,False
20260811,2026-08-12T00:02:30.331704+00:00,AMRX,74,75,40.5,7.0,12.8,19.8,0.95,0.84,-10.47,19.1,📊,17.100000381469727,0.65,2.5,1.0,3.6,,3.6,17.32,,False
20260811,2026-08-12T00:02:30.331704+00:00,TRV,75,76,40.2,6.0,17.1,81.0,1.27,2.68,-5.44,397.22,📊,375.6099853515625,8.63,2.5,2.0,4.2>5.9,1.39,5.9,397.22,1.65,False
20260811,2026-08-12T00:02:30.331704+00:00,XENE,76,77,40.0,6.0,15.0,34.1,0.48,-0.68,-10.91,70.96,📊,63.220001220703125,2.06,2.5,1.0,12.3,,12.3,70.96,,False
20260817,2026-08-18T00:04:12.917195+00:00,SYRE,1,2,83.1,6.0,11.0,0.0,0.59,0.78,-0.69,105.33,🔥,104.5999984741211,5.69,2.5,1.0,7.6,,7.6,102.7,,False
20260817,2026-08-18T00:04:12.917195+00:00,UBS,2,3,82.8,6.0,7.2,1.6,0.77,-0.09,-2.96,55.07,🔥,53.439998626708984,0.89,2.5,2.0,2.0>6.5,3.31,6.5,55.07,1.09,False
20260817,2026-08-18T00:04:12.917195+00:00,VOYA,3,4,82.2,6.0,5.3,12.7,0.73,0.11,-1.36,101.52,🔥,100.13999938964844,2.29,2.5,1.0,3.8,,3.8,100.59,,False
20260817,2026-08-18T00:04:12.917195+00:00,FITB,4,5,77.3,7.0,6.1,1.6,0.75,-0.44,-2.98,59.37,🔥,57.599998474121094,1.01,2.5,2.0,3.7>4.8,1.3,4.8,59.37,0.92,False
20260817,2026-08-18T00:04:12.917195+00:00,SMFG,5,6,75.4,6.0,6.2,0.0,0.78,-0.59,-0.98,26.5,🔥,26.239999771118164,0.57,2.5,2.0,6.1>5.6,0.92,5.6,26.34,1.13,False
20260817,2026-08-18T00:04:12.917195+00:00,DLTR,6,7,75.4,7.0,10.1,15.9,0.53,0.43,-1.04,130.9,🔥,129.5399932861328,3.16,2.5,1.0,8.4,,8.4,128.45,,False
20260817,2026-08-18T00:04:12.917195+00:00,RY,7,8,72.7,7.0,6.0,7.9,0.86,-0.07,-0.17,216.57,🔥,216.19000244140625,2.96,2.5,1.0,4.7,,4.7,216.57,,False
20260817,2026-08-18T00:04:12.917195+00:00,MUFG,8,9,70.4,6.0,8.7,0.0,0.96,0.28,-0.3,23.1,📊,23.030000686645508,0.46,2.5,2.0,6.4>5.5,0.86,5.5,23.1,1.06,False
20260817,2026-08-18T00:04:12.917195+00:00,ZION,9,10,69.3,7.0,6.5,9.5,0.94,-0.26,-1.7,72.82,🔥,71.58000183105469,1.2,2.5,2.0,2.9>6.5,2.24,6.5,72.82,1.32,False
20260817,2026-08-18T00:04:12.917195+00:00,GE,10,11,68.2,8.0,10.6,13.5,0.64,-0.53,-3.09,381.22,⏳,369.4299926757813,9.06,2.5,1.0,10.0,,10.0,378.68,,False
20260817,2026-08-18T00:04:12.917195+00:00,BCS,11,12,68.1,8.0,8.8,20.6,0.81,0.01,-1.57,28.24,🔥,27.799999237060547,0.52,2.5,3.0,5.7>3.9>8.8,1.54,8.8,28.24,2.18,False
20260817,2026-08-18T00:04:12.917195+00:00,MFG,12,13,66.2,9.0,13.0,11.1,0.87,0.7,-1.46,10.99,🔥,10.829999923706056,0.26,2.5,3.0,7.2>7.7>7.7,1.07,7.7,10.63,1.22,False
20260817,2026-08-18T00:04:12.917195+00:00,KMX,13,14,66.2,8.0,16.4,6.3,0.74,1.59,-2.53,60.05,🔥,58.529998779296875,1.89,2.5,2.0,5.5>4.1,0.75,4.1,59.11,0.83,False
20260817,2026-08-18T00:04:12.917195+00:00,MS,14,15,66.1,11.0,11.1,9.5,0.82,-0.23,-4.0,227.3,⏳,218.2100067138672,5.03,2.5,3.0,5.3>7.9>11.1,2.09,11.1,227.3,1.09,False
20260817,2026-08-18T00:04:12.917195+00:00,RPRX,15,16,64.2,12.0,11.7,9.5,0.75,0.58,-0.47,59.73,🔥,59.45000076293945,1.44,2.5,3.0,5.2>4.6>5.3,1.02,5.3,59.73,0.79,False
20260817,2026-08-18T00:04:12.917195+00:00,GSAT,16,17,62.8,17.0,6.9,50.0,0.75,-0.4,-1.66,84.43,📊,83.02999877929688,1.15,2.5,3.0,1.2>5.5>3.3,2.88,3.3,81.29,0.74,False
20260817,2026-08-18T00:04:12.917195+00:00,TD,17,18,61.3,9.0,6.6,25.4,0.94,-0.05,-0.37,124.8,📊,124.33999633789062,1.92,2.5,2.0,3.0>6.3,2.07,6.3,124.8,0.69,False
20260817,2026-08-18T00:04:12.917195+00:00,LYG,18,19,61.3,19.0,19.8,6.3,0.65,0.43,-0.97,6.21,🔥,6.150000095367432,0.12,2.5,5.0,8.6>7.2>6.2>4.7>4.2,0.49,4.2,6.05,0.99,True
20260817,2026-08-18T00:04:12.917195+00:00,RVTY,19,20,60.0,7.0,9.7,18.3,1.03,0.12,-1.45,117.88,📊,116.16999816894533,3.49,2.5,1.0,6.4,,6.4,113.69,,False
20260817,2026-08-18T00:04:12.917195+00:00,ILMN,20,21,59.5,6.0,10.0,4.0,1.03,-0.19,-5.83,205.1,⏳,193.1349945068359,7.81,2.5,2.0,4.7>8.4,1.78,8.4,205.1,2.08,False
20260817,2026-08-18T00:04:12.917195+00:00,MFC,21,22,59.3,17.0,16.9,0.8,1.04,0.69,-1.21,44.77,📊,44.22999954223633,0.83,2.5,4.0,1.6>6.2>2.6>3.5,2.09,3.5,41.12,1.17,False
20260817,2026-08-18T00:04:12.917195+00:00,BAYRY,22,23,58.6,6.0,9.1,21.4,0.66,-0.7,-4.29,14.45,⏳,13.829999923706056,0.3,2.5,1.0,9.1,,9.1,14.45,,False
20260817,2026-08-18T00:04:12.917195+00:00,ROKU,23,24,57.2,8.0,12.0,31.0,0.6,1.04,3.4,153.11,📊,158.30999755859375,2.12,2.5,2.0,2.4>1.9,0.79,1.9,144.43,0.19,False
20260817,2026-08-18T00:04:12.917195+00:00,BNS,24,25,56.5,8.0,6.4,38.9,0.83,0.14,1.13,90.33,📊,91.3499984741211,1.22,2.5,3.0,2.0>2.2>4.7,2.37,4.7,90.29,0.59,False
20260817,2026-08-18T00:04:12.917195+00:00,CM,25,26,55.0,16.0,13.2,21.4,0.6,0.33,1.82,121.24,📊,123.4499969482422,2.03,2.5,2.0,8.5>4.1,0.49,4.1,121.24,0.66,True
20260817,2026-08-18T00:04:12.917195+00:00,HSBC,26,27,53.9,18.0,20.1,12.7,0.81,0.55,-3.3,107.34,⏳,103.8000030517578,1.77,2.5,4.0,5.2>9.5>2.9>4.9,0.95,4.9,107.34,1.04,False
20260817,2026-08-18T00:04:12.917195+00:00,IMVT,27,28,53.6,7.0,11.7,39.7,0.56,0.29,2.61,42.6,📊,43.709999084472656,1.62,2.5,2.0,1.8>6.3,3.44,6.3,41.09,0.49,False
20260817,2026-08-18T00:04:12.917195+00:00,PFG,28,29,52.6,10.0,9.0,36.5,1.15,0.16,-2.11,115.41,📊,112.97000122070312,2.17,2.5,2.0,6.2>5.8,0.94,5.8,113.95,0.88,False
20260817,2026-08-18T00:04:12.917195+00:00,RELY,29,30,52.5,7.0,14.8,32.5,0.66,0.43,0.0,26.3,📊,26.299999237060547,1.33,2.5,2.0,10.7>10.8,1.01,10.8,25.93,2.05,False
20260817,2026-08-18T00:04:12.917195+00:00,HUM,30,31,52.2,9.0,12.5,14.3,0.85,-0.36,-6.13,409.42,⏳,384.30999755859375,15.73,2.5,2.0,5.6>11.5,2.08,11.5,409.42,0.77,False
20260817,2026-08-18T00:04:12.917195+00:00,RVMD,31,32,52.1,7.0,15.5,69.0,0.58,0.73,0.0,212.0,📊,212.0,7.77,2.5,1.0,7.0,,7.0,192.62,,False
20260817,2026-08-18T00:04:12.917195+00:00,LLY,32,33,52.0,10.0,11.1,38.1,0.8,0.07,-4.1,1233.79,📊,1183.1600341796875,43.6,2.5,3.0,5.4>7.2>8.6,1.6,8.6,1218.91,1.0,False
20260817,2026-08-18T00:04:12.917195+00:00,LTH,33,34,51.9,6.0,9.3,27.8,1.01,0.71,-0.79,45.7,📊,45.34000015258789,1.68,2.5,3.0,1.1>2.1>7.1,6.2,7.1,45.7,1.87,False
20260817,2026-08-18T00:04:12.917195+00:00,XENE,34,35,51.9,6.0,12.3,7.1,0.43,-2.27,-12.12,70.96,📊,62.36000061035156,2.11,2.5,1.0,12.3,,12.3,70.96,,False
20260817,2026-08-18T00:04:12.917195+00:00,ROIV,35,36,51.8,7.0,10.7,35.7,0.9,-0.49,-1.55,36.81,📊,36.2400016784668,1.32,2.5,2.0,7.8>6.4,0.81,6.4,35.1,0.97,False
20260817,2026-08-18T00:04:12.917195+00:00,DNTH,36,37,51.7,7.0,22.2,27.8,0.82,2.49,-0.95,115.96,📊,114.86000061035156,5.93,2.5,1.0,3.9,,3.9,105.72,,False
20260817,2026-08-18T00:04:12.917195+00:00,CFG,37,38,51.1,18.0,18.8,10.3,0.75,0.5,0.53,73.92,📊,74.30999755859375,1.41,2.5,5.0,3.0>7.9>4.5>4.9>4.4,1.48,4.4,73.92,1.01,False
20260817,2026-08-18T00:04:12.917195+00:00,CGON,38,39,50.3,7.0,10.4,44.4,0.77,0.2,0.0,77.11,📊,77.11000061035156,3.51,2.5,2.0,6.1>8.1,1.32,8.1,75.24,1.02,False
20260817,2026-08-18T00:04:12.917195+00:00,AMRX,39,40,50.2,9.0,15.7,19.0,0.98,0.93,-3.56,19.1,⏳,18.420000076293945,0.75,2.5,1.0,3.6,,3.6,17.32,,False
20260817,2026-08-18T00:04:12.917195+00:00,PAGP,40,41,49.5,23.0,16.6,3.2,1.02,-0.14,-2.05,26.33,📊,25.790000915527344,0.48,2.5,5.0,3.7>7.2>4.3>10.4>6.0,1.61,6.0,26.33,0.65,False
20260817,2026-08-18T00:04:12.917195+00:00,MTB,41,42,49.4,34.0,23.3,3.2,0.89,0.13,-0.48,254.09,🔥,252.86000061035156,3.64,2.5,7.0,2.1>17.0>2.7>7.1>2.9>3.0>3.2,1.52,3.2,254.04,1.04,False
20260817,2026-08-18T00:04:12.917195+00:00,EC,42,43,49.3,11.0,18.2,22.2,0.7,0.8,1.55,17.4,📊,17.670000076293945,0.64,2.5,2.0,14.1>5.3,0.38,5.3,16.69,0.59,True
20260817,2026-08-18T00:04:12.917195+00:00,MGA,43,44,48.5,12.0,12.7,27.8,0.97,0.38,0.0,71.29,📊,71.29000091552734,2.04,2.5,4.0,6.1>6.5>0.0>5.5,0.91,5.5,71.25,1.58,False
20260817,2026-08-18T00:04:12.917195+00:00,USFD,44,45,48.0,9.0,17.8,78.6,0.86,1.04,-2.1,110.94,📊,108.61000061035156,3.28,2.5,2.0,9.1>3.2,0.35,3.2,102.35,1.0,True
20260817,2026-08-18T00:04:12.917195+00:00,CRWD,45,46,47.7,7.0,20.5,83.3,0.61,1.4,-5.16,225.53,📊,213.8999938964844,8.86,2.5,2.0,6.1>14.9,2.43,14.9,210.73,0.98,False
20260817,2026-08-18T00:04:12.917195+00:00,CNQ,46,47,47.6,25.0,21.5,7.1,0.69,-0.79,-0.6,49.57,🔥,49.27000045776367,1.31,2.5,5.0,14.2>6.9>8.2>17.5>6.1,0.43,6.1,47.68,0.48,False
20260817,2026-08-18T00:04:12.917195+00:00,SN,47,48,47.6,7.0,23.1,99.2,0.9,3.36,-2.64,188.59,📊,183.6199951171875,7.17,2.5,2.0,3.8>5.6,1.48,5.6,154.53,1.09,False
20260817,2026-08-18T00:04:12.917195+00:00,BAC,48,49,47.5,19.0,24.4,10.3,0.8,0.83,-1.42,64.81,🔥,63.88999938964844,1.01,2.5,2.0,4.2>7.1,1.71,7.1,53.32,0.89,False
20260817,2026-08-18T00:04:12.917195+00:00,PNC,49,50,47.3,34.0,23.1,11.1,0.67,0.15,-0.94,256.97,🔥,254.5500030517578,3.65,2.5,5.0,1.3>2.9>17.2>8.0>1.9,1.42,1.9,253.18,1.11,False
20260817,2026-08-18T00:04:12.917195+00:00,DAL,50,51,47.0,9.0,12.3,29.4,0.64,-0.05,-6.25,93.43,⏳,87.58999633789062,2.38,2.5,1.0,12.3,,12.3,93.43,,False
20260817,2026-08-18T00:04:12.917195+00:00,FRO,51,52,46.9,19.0,23.7,15.9,0.63,0.31,-1.63,42.88,🔥,42.18000030517578,1.4,2.5,7.0,6.7>6.7>7.2>12.3>19.1>5.1>4.9,0.73,4.9,39.91,0.63,False
20260817,2026-08-18T00:04:12.917195+00:00,OKTA,52,53,46.8,6.0,12.2,13.5,0.69,-0.62,-7.56,154.95,⏳,143.24000549316406,6.86,2.5,1.0,12.0,,12.0,154.62,,False
20260817,2026-08-18T00:04:12.917195+00:00,HWM,53,54,46.6,26.0,23.5,5.6,0.75,0.06,-0.74,291.28,🔥,289.1199951171875,8.64,2.5,6.0,15.9>8.3>7.5>5.9>5.6>5.7,0.36,5.7,289.12,1.06,True
20260817,2026-08-18T00:04:12.917195+00:00,ARWR,54,55,46.6,16.0,21.7,15.9,0.82,0.74,-0.99,89.59,🔥,88.69999694824219,3.25,2.5,7.0,5.7>8.2>8.2>10.5>3.8>17.9>4.6,0.8,4.6,88.7,1.4,False
20260817,2026-08-18T00:04:12.917195+00:00,TVTX,55,56,46.3,8.0,13.5,65.9,0.78,0.4,0.0,63.53,📊,63.529998779296875,3.03,2.5,3.0,4.6>5.5>4.1,0.91,4.1,57.36,0.54,False
20260817,2026-08-18T00:04:12.917195+00:00,TRGP,56,57,46.1,13.0,10.7,55.6,0.93,-0.08,-2.22,284.25,📊,277.94000244140625,7.66,2.5,4.0,7.8>5.1>5.7>9.6,1.23,9.6,284.25,1.01,False
20260817,2026-08-18T00:04:12.917195+00:00,JNJ,57,58,45.8,28.0,17.7,28.6,0.87,-0.24,-1.82,267.24,📊,262.3699951171875,5.45,2.5,6.0,5.3>9.5>4.3>5.2>7.6>4.6,0.86,4.6,266.73,0.99,False
20260817,2026-08-18T00:04:12.917195+00:00,USB,58,59,45.7,35.0,23.8,7.9,0.76,0.14,-0.84,65.42,🔥,64.87000274658203,0.99,2.5,6.0,4.6>16.2>2.5>6.9>3.8>2.6,0.56,2.6,64.47,0.69,False
20260817,2026-08-18T00:04:12.917195+00:00,VIK,59,60,45.4,8.0,10.5,28.6,0.74,-0.05,-7.76,108.26,⏳,99.86000061035156,3.46,2.5,1.0,7.7,,7.7,104.95,,False
20260817,2026-08-18T00:04:12.917195+00:00,XPO,60,61,45.4,19.0,14.2,15.1,0.67,-0.74,-7.61,228.37,⏳,210.9900054931641,6.78,2.5,3.0,14.2>13.8>10.5,0.74,10.5,219.29,0.84,False
20260817,2026-08-18T00:04:12.917195+00:00,ETSY,61,62,45.2,8.0,16.1,7.9,0.94,0.83,-9.32,86.47,⏳,78.41000366210938,3.56,2.5,2.0,8.6>6.1,0.72,6.1,85.74,0.75,False
20260817,2026-08-18T00:04:12.917195+00:00,GKOS,62,63,44.6,6.0,21.5,78.6,0.91,3.63,-2.02,189.45,📊,185.6199951171875,8.24,2.5,1.0,3.5,,3.5,156.84,,False
20260817,2026-08-18T00:04:12.917195+00:00,YPF,63,64,44.5,16.0,24.8,8.7,0.58,0.42,-6.48,56.35,⏳,52.70000076293945,1.95,2.5,3.0,6.2>21.2>7.4,1.19,7.4,52.54,0.65,False
20260817,2026-08-18T00:04:12.917195+00:00,WSM,64,65,44.3,9.0,14.2,53.2,0.72,0.59,-4.51,251.78,📊,240.4199981689453,6.51,2.5,2.0,9.8>4.3,0.44,4.3,228.41,0.87,True
20260817,2026-08-18T00:04:12.917195+00:00,OC,65,66,43.8,7.0,14.2,60.3,0.68,0.18,-3.22,158.92,📊,153.80999755859375,5.58,2.5,2.0,13.5>5.2,0.38,5.2,143.79,0.6,True
20260817,2026-08-18T00:04:12.917195+00:00,EBC,66,67,43.8,36.0,23.2,4.8,0.86,0.13,0.0,23.65,🔥,23.649999618530273,0.41,2.5,10.0,3.3>7.2>15.0>5.5>5.3>4.6>2.9>4.6>3.8>3.0,0.9,3.0,23.55,1.11,False
20260817,2026-08-18T00:04:12.917195+00:00,MT,67,68,43.7,14.0,21.5,39.7,0.71,0.66,-1.86,75.2,📊,73.80000305175781,2.02,2.5,4.0,8.2>10.9>16.3>2.9,0.35,2.9,67.49,0.78,False
20260817,2026-08-18T00:04:12.917195+00:00,STT,68,69,43.2,16.0,22.5,27.8,0.7,1.45,1.54,190.11,📊,193.0399932861328,4.14,2.5,3.0,3.9>3.2>5.7,1.47,5.7,186.59,1.31,False
20260817,2026-08-18T00:04:12.917195+00:00,CSX,69,70,42.8,16.0,16.8,26.2,1.03,0.61,-4.98,53.23,⏳,50.58000183105469,0.9,2.5,5.0,3.2>2.6>3.7>4.2>6.4,1.97,6.4,53.23,0.98,False
20260817,2026-08-18T00:04:12.917195+00:00,TGT,70,71,42.8,13.0,22.4,92.1,0.7,1.59,-2.89,155.51,📊,151.00999450683594,3.77,2.5,4.0,4.7>5.5>10.7>4.1,0.86,4.1,139.14,0.77,False
20260817,2026-08-18T00:04:12.917195+00:00,BEN,71,72,42.7,14.0,15.9,38.9,0.93,0.58,-4.42,35.77,📊,34.189998626708984,0.93,2.5,4.0,4.8>4.1>4.3>6.4,1.33,6.4,34.44,1.13,False
20260817,2026-08-18T00:04:12.917195+00:00,IBKR,72,73,42.6,14.0,17.0,22.2,1.01,0.4,-3.16,97.41,⏳,94.33000183105467,3.04,2.5,4.0,8.3>4.9>10.1>11.7,1.41,11.7,97.41,0.9,False
20260817,2026-08-18T00:04:12.917195+00:00,RYCEY,73,74,42.3,8.0,13.7,66.7,0.86,0.83,0.77,20.94,📊,21.100000381469727,0.5,2.5,1.0,9.8,,9.8,20.02,,False
20260817,2026-08-18T00:04:12.917195+00:00,C,74,75,42.1,18.0,17.6,27.8,0.76,0.08,-4.43,144.93,⏳,138.50999450683594,3.26,2.5,2.0,9.4>12.7,1.35,12.7,144.93,1.24,False
20260817,2026-08-18T00:04:12.917195+00:00,ORKA,75,76,41.9,7.0,23.6,55.6,0.41,2.77,4.9,107.4,📊,112.66000366210938,5.72,2.5,2.0,12.7>6.6,0.52,6.6,94.32,0.49,False
20260817,2026-08-18T00:04:12.917195+00:00,VIRT,76,77,41.7,9.0,17.0,3.2,0.77,-1.19,-10.95,66.82,📊,59.5,2.45,2.5,3.0,8.3>16.6>7.0,0.84,7.0,59.74,0.77,False
20260817,2026-08-18T00:04:12.917195+00:00,INCY,77,78,41.5,7.0,12.8,54.0,1.05,0.4,-4.95,129.93,📊,123.5,3.68,2.5,2.0,3.6>8.9,2.46,8.9,129.93,1.76,False
20260817,2026-08-18T00:04:12.917195+00:00,DXCM,78,79,41.4,6.0,23.0,96.8,0.94,3.6,-2.97,91.48,📊,88.76000213623047,3.15,2.5,1.0,9.6,,9.6,77.98,,False
20260817,2026-08-18T00:04:12.917195+00:00,BNY,79,80,40.8,17.0,20.9,37.3,0.69,0.99,0.0,164.27,📊,164.27000427246094,2.71,2.5,4.0,5.0>3.0>2.5>5.7,1.14,5.7,161.71,1.2,False
20260817,2026-08-18T00:04:12.917195+00:00,ING,80,81,40.8,18.0,23.5,72.2,0.71,0.95,-0.2,35.7,📊,35.630001068115234,0.59,2.5,5.0,4.3>2.9>8.3>4.4>2.3,0.53,2.3,32.54,0.98,False
20260817,2026-08-18T00:04:12.917195+00:00,CROX,81,82,40.7,11.0,17.2,19.8,0.88,0.99,-7.95,141.19,⏳,129.97000122070312,6.59,2.5,2.0,7.0>11.0,1.58,11.0,138.91,0.84,False
20260817,2026-08-18T00:04:12.917195+00:00,IRDM,82,83,40.6,12.0,24.9,8.7,0.48,-0.16,-10.18,55.72,📊,50.04999923706055,1.67,2.5,2.0,19.4>20.4,1.05,20.4,55.72,0.67,False
20260817,2026-08-18T00:04:12.917195+00:00,RAL,83,84,40.4,9.0,11.5,35.7,1.03,-0.49,-2.25,73.63,📊,71.97000122070312,3.03,2.5,2.0,9.1>8.2,0.9,8.2,71.0,1.6,False
20260817,2026-08-18T00:04:12.917195+00:00,CMBT,84,85,40.3,13.0,16.5,42.1,0.53,0.56,3.7,16.75,📊,17.3700008392334,0.46,2.5,3.0,13.0>12.3>5.2,0.4,5.2,15.78,0.46,True
20260817,2026-08-18T00:04:12.917195+00:00,BHP,85,86,40.2,18.0,17.5,17.5,0.96,-0.06,-5.13,93.15,⏳,88.37000274658203,2.3,2.5,6.0,4.3>9.8>11.2>12.7>6.4>5.8,1.34,5.8,85.48,1.21,False
20260817,2026-08-18T00:04:12.917195+00:00,UGP,86,87,40.1,6.0,16.9,37.3,0.91,0.31,-1.22,6.56,📊,6.480000019073486,0.21,2.5,1.0,5.0,,5.0,6.56,,False
20260818,2026-08-19T00:03:42.768672+00:00,UBS,1,2,81.5,6.0,7.2,0.0,0.79,-0.16,-3.81,55.07,⏳,52.970001220703125,0.84,2.5,1.0,6.5,,6.5,55.07,,False
20260818,2026-08-19T00:03:42.768672+00:00,VOYA,2,3,81.4,6.0,5.3,11.1,0.76,-0.01,-1.34,101.52,🔥,100.16000366210938,2.31,2.5,1.0,3.8,,3.8,100.59,,False
20260818,2026-08-19T00:03:42.768672+00:00,CRNX,3,4,79.3,6.0,1.5,7.9,0.74,-0.49,-0.04,84.75,🔥,84.72000122070312,0.28,2.5,1.0,0.5,,0.5,83.91,,False
20260818,2026-08-19T00:03:42.768672+00:00,FITB,4,5,76.3,7.0,6.1,0.8,0.77,-0.49,-3.5,59.37,⏳,57.290000915527344,0.96,2.5,2.0,3.7>4.8,1.3,4.8,59.37,0.92,False
20260818,2026-08-19T00:03:42.768672+00:00,SMFG,5,6,75.7,6.0,6.2,0.0,0.78,-0.65,-2.6,26.5,🔥,25.809999465942383,0.56,2.5,2.0,6.1>5.6,0.92,5.6,26.34,1.13,False
20260818,2026-08-19T00:03:42.768672+00:00,RY,6,7,73.3,7.0,6.0,9.5,0.85,-0.12,-1.65,216.57,🔥,212.9900054931641,2.88,2.5,1.0,4.7,,4.7,216.57,,False
20260818,2026-08-19T00:03:42.768672+00:00,ZION,7,8,73.3,8.0,6.8,7.1,0.83,-0.21,-2.6,72.82,🔥,70.93000030517578,1.22,2.5,2.0,2.9>6.5,2.24,6.5,72.82,1.32,False
20260818,2026-08-19T00:03:42.768672+00:00,SYRE,8,9,72.9,6.0,13.1,4.0,0.6,0.77,0.0,107.82,🔥,107.81999969482422,5.75,2.5,1.0,7.6,,7.6,102.7,,False
20260818,2026-08-19T00:03:42.768672+00:00,MUFG,9,10,71.2,6.0,8.7,0.0,0.95,0.17,-1.65,23.1,📊,22.719999313354492,0.45,2.5,2.0,6.4>5.5,0.86,5.5,23.1,1.06,False
20260818,2026-08-19T00:03:42.768672+00:00,MS,10,11,67.7,12.0,12.0,11.1,0.78,0.03,-4.29,227.3,⏳,217.5500030517578,4.59,2.5,3.0,5.3>7.9>11.1,2.09,11.1,227.3,1.09,False
20260818,2026-08-19T00:03:42.768672+00:00,GE,11,12,67.1,9.0,10.6,9.5,0.65,-0.23,-1.61,381.22,🔥,375.0899963378906,8.76,2.5,1.0,10.0,,10.0,378.68,,False
20260818,2026-08-19T00:03:42.768672+00:00,IRDM,12,13,64.9,6.0,12.3,8.7,0.48,-0.3,-3.12,50.61,⏳,49.029998779296875,1.67,2.5,1.0,12.3,,12.3,50.61,,False
20260818,2026-08-19T00:03:42.768672+00:00,KMX,13,14,63.8,8.0,16.4,7.1,0.7,1.48,-4.41,60.05,⏳,57.400001525878906,1.85,2.5,2.0,5.5>4.1,0.75,4.1,59.11,0.83,False
20260818,2026-08-19T00:03:42.768672+00:00,TD,14,15,63.6,9.0,6.6,26.2,0.88,-0.09,-2.27,124.8,📊,121.97000122070312,1.91,2.5,2.0,3.0>6.3,2.07,6.3,124.8,0.69,False
20260818,2026-08-19T00:03:42.768672+00:00,GSAT,15,16,62.8,17.0,6.9,50.0,0.75,-0.4,-1.82,84.43,📊,82.88999938964844,1.12,2.5,3.0,1.2>5.5>3.3,2.88,3.3,81.29,0.74,False
20260818,2026-08-19T00:03:42.768672+00:00,MFG,16,17,61.2,9.0,13.0,10.3,0.88,0.67,-3.09,10.99,⏳,10.649999618530272,0.26,2.5,3.0,7.2>7.7>7.7,1.07,7.7,10.63,1.22,False
20260818,2026-08-19T00:03:42.768672+00:00,BAYRY,17,18,60.7,6.0,9.1,23.0,0.66,-0.53,-2.21,14.45,🔥,14.130000114440918,0.3,2.5,1.0,9.1,,9.1,14.45,,False
20260818,2026-08-19T00:03:42.768672+00:00,RPRX,18,19,59.9,12.0,11.7,19.0,0.72,0.56,-0.07,59.73,🔥,59.689998626708984,1.42,2.5,3.0,5.2>4.6>5.3,1.02,5.3,59.73,0.79,False
20260818,2026-08-19T00:03:42.768672+00:00,ARWR,19,20,59.0,17.0,22.7,0.8,0.81,0.79,-1.89,89.59,🔥,87.9000015258789,3.19,2.5,7.0,5.7>8.2>8.2>10.5>3.8>17.9>4.6,0.8,4.6,88.7,1.4,False
20260818,2026-08-19T00:03:42.768672+00:00,LAUR,20,21,58.7,9.0,12.5,9.5,0.71,-0.16,-5.59,40.46,⏳,38.20000076293945,1.17,2.5,2.0,2.3>11.4,4.88,11.4,40.46,0.74,False
20260818,2026-08-19T00:03:42.768672+00:00,MFC,21,22,58.4,17.0,16.9,0.0,1.14,0.72,-1.65,44.77,📊,44.029998779296875,0.8,2.5,4.0,1.6>6.2>2.6>3.5,2.09,3.5,41.12,1.17,False
20260818,2026-08-19T00:03:42.768672+00:00,CNC,22,23,58.1,10.0,11.8,5.6,0.87,-0.29,-5.09,68.72,⏳,65.22000122070312,2.59,2.5,2.0,8.4>11.5,1.36,11.5,68.72,0.94,False
20260818,2026-08-19T00:03:42.768672+00:00,PFG,23,24,57.7,10.0,9.0,26.2,1.1,0.11,-1.97,115.41,📊,113.13999938964844,2.08,2.5,2.0,6.2>5.8,0.94,5.8,113.95,0.88,False
20260818,2026-08-19T00:03:42.768672+00:00,ROKU,24,25,57.5,8.0,12.6,33.3,0.61,1.1,2.4,154.08,📊,157.77999877929688,2.17,2.5,2.0,2.4>1.9,0.79,1.9,144.43,0.19,False
20260818,2026-08-19T00:03:42.768672+00:00,BNS,25,26,57.4,9.0,8.4,41.3,0.8,0.2,-1.54,91.54,📊,90.12999725341795,1.19,2.5,3.0,2.0>2.2>4.7,2.37,4.7,90.29,0.59,False
20260818,2026-08-19T00:03:42.768672+00:00,BBIO,26,27,57.4,6.0,13.6,7.1,0.57,-0.85,-7.97,90.17,⏳,82.9800033569336,2.84,2.5,2.0,10.9>6.5,0.6,6.5,85.55,0.33,False
20260818,2026-08-19T00:03:42.768672+00:00,CM,27,28,55.8,17.0,14.9,22.2,0.63,0.33,-1.7,123.74,🔥,121.63999938964844,1.95,2.5,2.0,8.5>4.1,0.49,4.1,121.24,0.66,True
20260818,2026-08-19T00:03:42.768672+00:00,XENE,28,29,54.5,6.0,12.3,3.2,0.43,-2.27,-10.96,70.96,📊,63.18000030517578,2.05,2.5,1.0,12.3,,12.3,70.96,,False
20260818,2026-08-19T00:03:42.768672+00:00,HSBC,29,30,54.2,18.0,20.1,10.3,0.82,0.58,-3.88,107.34,⏳,103.18000030517578,1.75,2.5,4.0,5.2>9.5>2.9>4.9,0.95,4.9,107.34,1.04,False
20260818,2026-08-19T00:03:42.768672+00:00,LTH,30,31,53.3,6.0,9.3,24.6,1.02,0.74,-0.66,45.7,📊,45.400001525878906,1.63,2.5,2.0,2.1>7.1,3.34,7.1,45.7,1.48,False
20260818,2026-08-19T00:03:42.768672+00:00,CFG,31,32,52.9,19.0,20.0,9.5,0.74,0.49,-1.7,74.73,🔥,73.45999908447266,1.4,2.5,5.0,3.0>7.9>4.5>4.9>4.4,1.48,4.4,73.92,1.01,False
20260818,2026-08-19T00:03:42.768672+00:00,RELY,32,33,52.7,7.0,14.8,34.9,0.66,0.48,-3.27,26.3,📊,25.440000534057617,1.36,2.5,2.0,10.7>10.8,1.01,10.8,25.93,2.05,False
20260818,2026-08-19T00:03:42.768672+00:00,CGON,33,34,52.6,7.0,10.4,44.4,0.75,0.35,-1.06,77.11,📊,76.29000091552734,3.42,2.5,2.0,6.1>8.1,1.32,8.1,75.24,1.02,False
20260818,2026-08-19T00:03:42.768672+00:00,BEN,34,35,52.3,9.0,10.1,38.1,0.89,-0.11,-4.98,35.77,📊,33.9900016784668,0.89,2.5,3.0,4.3>6.4>6.7,1.57,6.7,35.77,0.76,False
20260818,2026-08-19T00:03:42.768672+00:00,AMRX,35,36,52.3,8.0,12.8,19.0,0.97,0.43,-4.76,19.1,⏳,18.190000534057617,0.77,2.5,2.0,3.6>10.5,2.88,10.5,19.1,0.78,False
20260818,2026-08-19T00:03:42.768672+00:00,IMVT,36,37,51.3,7.0,10.5,49.2,0.58,0.42,3.99,42.6,📊,44.29999923706055,1.62,2.5,2.0,1.8>6.3,3.44,6.3,41.09,0.49,False
20260818,2026-08-19T00:03:42.768672+00:00,ILMN,37,38,51.2,6.0,10.0,6.3,1.03,-0.32,-8.2,205.1,⏳,188.2899932861328,7.7,2.5,2.0,4.7>8.4,1.78,8.4,205.1,2.08,False
20260818,2026-08-19T00:03:42.768672+00:00,MTB,38,39,50.3,34.0,23.3,3.2,0.88,0.13,-1.02,254.09,🔥,251.5,3.66,2.5,7.0,2.1>17.0>2.7>7.1>2.9>3.0>3.2,1.52,3.2,254.04,1.04,False
20260818,2026-08-19T00:03:42.768672+00:00,OKTA,39,40,50.1,6.0,12.2,9.5,0.7,-0.58,-7.12,154.95,⏳,143.9199981689453,6.58,2.5,1.0,12.0,,12.0,154.62,,False
20260818,2026-08-19T00:03:42.768672+00:00,RVMD,40,41,49.4,6.0,13.4,70.6,0.58,1.18,4.36,206.97,📊,216.0,7.79,2.5,1.0,6.3,,6.3,191.13,,False
20260818,2026-08-19T00:03:42.768672+00:00,HUM,41,42,49.1,10.0,13.3,9.5,0.86,-0.15,-6.7,409.42,⏳,382.0,13.74,2.5,2.0,5.6>11.5,2.08,11.5,409.42,0.77,False
20260818,2026-08-19T00:03:42.768672+00:00,DNTH,42,43,49.1,7.0,19.9,27.0,0.79,2.69,2.57,112.64,📊,115.54000091552734,5.82,2.5,1.0,3.9,,3.9,105.72,,False
20260818,2026-08-19T00:03:42.768672+00:00,RYCEY,43,44,49.0,9.0,14.5,61.1,0.86,0.93,-1.37,21.12,📊,20.829999923706055,0.49,2.5,1.0,9.8,,9.8,20.02,,False
20260818,2026-08-19T00:03:42.768672+00:00,EC,44,45,48.7,11.0,18.2,23.8,0.68,0.82,1.61,17.4,📊,17.68000030517578,0.61,2.5,2.0,14.1>5.3,0.38,5.3,16.69,0.59,True
20260818,2026-08-19T00:03:42.768672+00:00,BAC,45,46,48.6,19.0,24.2,8.7,0.79,0.86,-0.89,64.81,🔥,64.2300033569336,0.95,2.5,2.0,4.2>7.1,1.71,7.1,53.32,0.89,False
20260818,2026-08-19T00:03:42.768672+00:00,ETSY,46,47,48.3,6.0,10.7,8.7,0.97,-0.48,-7.53,86.47,⏳,79.95999908447266,3.56,2.5,1.0,6.1,,6.1,85.74,,False
20260818,2026-08-19T00:03:42.768672+00:00,VLO,47,48,48.1,6.0,20.1,81.0,0.85,2.18,0.0,350.05,📊,350.04998779296875,11.94,2.5,2.0,5.1>4.7,0.92,4.7,312.9,1.23,False
20260818,2026-08-19T00:03:42.768672+00:00,PNC,48,49,47.7,34.0,23.1,11.1,0.66,0.15,-1.05,256.97,🔥,254.27999877929688,3.62,2.5,4.0,2.9>17.2>8.0>1.9,0.64,1.9,253.18,0.66,False
20260818,2026-08-19T00:03:42.768672+00:00,SN,49,50,47.5,7.0,22.7,97.6,0.91,3.53,-3.06,188.59,📊,182.82000732421875,7.01,2.5,2.0,3.8>5.6,1.48,5.6,154.53,1.09,False
20260818,2026-08-19T00:03:42.768672+00:00,FTNT,50,51,47.1,7.0,10.9,35.7,0.86,-0.4,-6.11,168.29,📊,158.00999450683594,6.86,2.5,2.0,10.1>5.1,0.51,5.1,168.29,1.11,False
20260818,2026-08-19T00:03:42.768672+00:00,NTAP,51,52,47.1,6.0,22.9,82.5,0.74,4.04,-1.14,207.08,📊,204.7100067138672,7.6,2.5,1.0,8.5,,8.5,174.55,,False
20260818,2026-08-19T00:03:42.768672+00:00,MGA,52,53,47.0,17.0,17.7,30.2,0.97,0.47,-1.43,71.29,📊,70.2699966430664,2.02,2.5,5.0,6.5>6.1>6.5>0.0>5.5,0.85,5.5,71.25,0.48,False
20260818,2026-08-19T00:03:42.768672+00:00,LLY,53,54,46.7,10.0,11.1,42.1,0.8,0.07,-0.65,1233.79,📊,1225.72998046875,45.1,2.5,3.0,5.4>7.2>8.6,1.6,8.6,1218.91,1.0,False
20260818,2026-08-19T00:03:42.768672+00:00,PAGP,54,55,46.5,23.0,16.6,4.8,1.04,-0.13,-0.11,26.33,📊,26.299999237060547,0.49,2.5,5.0,3.7>7.2>4.3>10.4>6.0,1.61,6.0,26.33,0.65,False
20260818,2026-08-19T00:03:42.768672+00:00,USB,55,56,45.4,35.0,23.8,9.5,0.74,0.14,-0.96,65.42,🔥,64.79000091552734,0.93,2.5,6.0,4.6>16.2>2.5>6.9>3.8>2.6,0.56,2.6,64.47,0.69,False
20260818,2026-08-19T00:03:42.768672+00:00,GKOS,56,57,45.2,6.0,20.5,78.6,0.92,3.64,-2.8,189.45,📊,184.1499938964844,7.98,2.5,1.0,3.5,,3.5,156.84,,False
20260818,2026-08-19T00:03:42.768672+00:00,WSM,57,58,44.6,9.0,14.2,45.2,0.72,0.59,-4.13,251.78,📊,241.38999938964844,6.58,2.5,2.0,9.8>4.3,0.44,4.3,228.41,0.87,True
20260818,2026-08-19T00:03:42.768672+00:00,EBC,58,59,44.4,36.0,23.2,4.8,0.85,0.14,-0.17,23.65,🔥,23.61000061035156,0.44,2.5,9.0,7.2>15.0>5.5>5.3>4.6>2.9>4.6>3.8>3.0,0.42,3.0,23.55,1.58,False
20260818,2026-08-19T00:03:42.768672+00:00,HWM,59,60,43.8,26.0,23.5,7.1,0.78,0.1,0.47,291.28,📊,292.6499938964844,8.36,2.5,6.0,15.9>8.3>7.5>5.9>5.6>5.7,0.36,5.7,289.12,1.06,True
20260818,2026-08-19T00:03:42.768672+00:00,TVTX,60,61,43.6,8.0,14.0,65.9,0.8,0.47,0.0,63.9,📊,63.900001525878906,2.98,2.5,3.0,4.6>5.5>4.1,0.91,4.1,57.36,0.54,False
20260818,2026-08-19T00:03:42.768672+00:00,USFD,61,62,42.9,9.0,17.2,73.8,0.85,0.98,-3.63,110.94,📊,106.91000366210938,3.24,2.5,2.0,9.1>3.2,0.35,3.2,102.35,1.0,True
20260818,2026-08-19T00:03:42.768672+00:00,STT,62,63,42.7,16.0,22.5,31.7,0.69,1.42,0.93,190.11,📊,191.8699951171875,3.7,2.5,3.0,3.9>3.2>5.7,1.47,5.7,186.59,1.31,False
20260818,2026-08-19T00:03:42.768672+00:00,ATI,63,64,42.5,11.0,23.4,94.4,0.88,1.35,-2.3,231.78,📊,226.4600067138672,10.28,2.5,2.0,10.2>11.0,1.07,11.0,199.84,0.85,False
20260818,2026-08-19T00:03:42.768672+00:00,INCY,64,65,42.4,7.0,12.8,52.4,1.04,0.42,-4.97,129.93,📊,123.47000122070312,3.49,2.5,2.0,3.6>8.9,2.46,8.9,129.93,1.76,False
20260818,2026-08-19T00:03:42.768672+00:00,CNQ,65,66,42.3,26.0,21.5,14.3,0.7,-0.67,0.0,49.59,🔥,49.59000015258789,1.2,2.5,5.0,14.2>6.9>8.2>17.5>6.1,0.43,6.1,47.68,0.48,False
20260818,2026-08-19T00:03:42.768672+00:00,TGT,66,67,42.1,13.0,22.4,91.3,0.74,1.61,-1.95,155.51,📊,152.47999572753906,3.6,2.5,4.0,4.7>5.5>10.7>4.1,0.86,4.1,139.14,0.77,False
20260818,2026-08-19T00:03:42.768672+00:00,DXCM,67,68,42.1,6.0,23.0,95.2,0.93,3.72,-2.06,91.48,📊,89.5999984741211,3.15,2.5,1.0,9.6,,9.6,77.98,,False
20260818,2026-08-19T00:03:42.768672+00:00,BHP,68,69,42.0,18.0,17.5,17.5,0.96,-0.05,-4.36,93.15,⏳,89.08999633789062,2.26,2.5,6.0,4.3>9.8>11.2>12.7>6.4>5.8,1.34,5.8,85.48,1.21,False
20260818,2026-08-19T00:03:42.768672+00:00,OC,69,70,42.0,7.0,14.2,58.7,0.67,0.39,-5.23,158.92,📊,150.61000061035156,5.31,2.5,2.0,13.5>5.2,0.38,5.2,143.79,0.6,True
20260818,2026-08-19T00:03:42.768672+00:00,ING,70,71,41.8,18.0,23.5,70.6,0.7,0.98,-0.59,35.7,📊,35.4900016784668,0.55,2.5,5.0,4.3>2.9>8.3>4.4>2.3,0.53,2.3,32.54,0.98,False
20260818,2026-08-19T00:03:42.768672+00:00,CSX,71,72,41.8,16.0,16.8,25.4,1.04,0.64,-5.62,53.23,⏳,50.2400016784668,0.91,2.5,6.0,1.7>2.6>3.7>4.2>6.4>2.3,1.35,2.3,51.12,0.88,False
20260818,2026-08-19T00:03:42.768672+00:00,CRWD,72,73,41.7,7.0,20.5,82.5,0.6,1.36,-5.59,225.53,📊,212.9199981689453,8.65,2.5,2.0,6.1>14.9,2.43,14.9,210.73,0.98,False
20260818,2026-08-19T00:03:42.768672+00:00,ORKA,73,74,41.7,7.0,23.2,58.7,0.42,2.8,4.59,108.12,📊,113.08000183105467,5.49,2.5,2.0,12.7>6.6,0.52,6.6,94.32,0.49,False
20260818,2026-08-19T00:03:42.768672+00:00,UGP,74,75,41.6,6.0,13.6,38.9,0.9,-0.09,-3.51,6.56,📊,6.329999923706055,0.22,2.5,1.0,5.0,,5.0,6.56,,False
20260818,2026-08-19T00:03:42.768672+00:00,MPC,75,76,41.0,6.0,23.4,88.9,1.01,2.64,0.0,366.21,📊,366.2099914550781,12.75,2.5,2.0,4.3>5.9,1.38,5.9,316.47,1.03,False
20260818,2026-08-19T00:03:42.768672+00:00,ROIV,76,77,41.0,7.0,10.7,44.4,0.91,-0.27,1.52,36.81,📊,37.369998931884766,1.34,2.5,2.0,7.8>6.4,0.81,6.4,35.1,0.97,False
20260818,2026-08-19T00:03:42.768672+00:00,DFTX,77,78,41.0,7.0,15.6,30.2,0.77,-1.03,-4.69,48.45,📊,46.18000030517578,2.98,2.5,3.0,7.7>13.7>11.3,1.46,11.3,46.14,0.67,False
20260818,2026-08-19T00:03:42.768672+00:00,SON,78,79,41.0,30.0,23.4,5.6,0.83,-0.13,-4.66,60.0,⏳,57.20000076293945,1.44,2.5,7.0,3.8>11.3>17.1>10.4>4.6>7.3>6.9,1.84,6.9,60.0,1.36,False
20260818,2026-08-19T00:03:42.768672+00:00,BNY,79,80,40.4,17.0,20.5,42.1,0.65,0.98,0.61,162.93,📊,163.92999267578125,2.45,2.5,4.0,5.0>3.0>2.5>5.7,1.14,5.7,161.71,1.2,False
20260818,2026-08-19T00:03:42.768672+00:00,MT,80,81,40.3,14.0,21.5,32.5,0.7,0.65,-4.25,75.2,📊,72.0,2.03,2.5,4.0,8.2>10.9>16.3>2.9,0.35,2.9,67.49,0.78,False
20260819,2026-08-20T00:03:49.877188+00:00,UBS,1,2,79.9,6.0,7.2,0.0,0.84,-0.26,-3.52,55.07,⏳,53.130001068115234,0.84,2.5,1.0,6.5,,6.5,55.07,,False
20260819,2026-08-20T00:03:49.877188+00:00,CRNX,2,3,79.1,6.0,1.5,8.7,0.73,-0.5,-0.07,84.75,🔥,84.69000244140625,0.27,2.5,1.0,0.5,,0.5,83.91,,False
20260819,2026-08-20T00:03:49.877188+00:00,CNI,3,4,76.6,6.0,5.0,1.6,1.01,-0.64,-2.25,130.58,📊,127.63999938964844,1.92,2.5,1.0,4.2,,4.2,130.58,,False
20260819,2026-08-20T00:03:49.877188+00:00,VOYA,4,5,73.4,6.0,5.3,11.9,0.79,-0.17,-3.37,101.52,⏳,98.0999984741211,2.4,2.5,1.0,3.8,,3.8,100.59,,False
20260819,2026-08-20T00:03:49.877188+00:00,KMX,5,6,67.5,8.0,16.4,5.6,0.68,1.47,-1.83,60.05,🔥,58.95000076293945,1.86,2.5,2.0,5.5>4.1,0.75,4.1,59.11,0.83,False
20260819,2026-08-20T00:03:49.877188+00:00,RY,6,7,66.2,6.0,4.7,15.1,0.89,-0.57,-4.13,216.57,⏳,207.6199951171875,3.07,2.5,1.0,4.7,,4.7,216.57,,False
20260819,2026-08-20T00:03:49.877188+00:00,GSAT,7,8,62.0,17.0,6.9,48.4,0.78,-0.39,-2.33,84.43,📊,82.45999908447266,1.07,2.5,3.0,1.2>5.5>3.3,2.88,3.3,81.29,0.74,False
20260819,2026-08-20T00:03:49.877188+00:00,BAYRY,8,9,61.4,6.0,9.1,22.2,0.66,-0.3,-0.48,14.44,🔥,14.369999885559082,0.3,2.5,1.0,9.1,,9.1,14.44,,False
20260819,2026-08-20T00:03:49.877188+00:00,PFG,9,10,59.7,10.0,8.6,14.3,1.08,0.02,-3.27,115.41,⏳,111.63999938964844,2.13,2.5,2.0,6.2>5.8,0.94,5.8,113.95,0.88,False
20260819,2026-08-20T00:03:49.877188+00:00,BBIO,10,11,59.1,6.0,13.1,9.5,0.59,-1.02,-6.9,90.17,⏳,83.94999694824219,2.86,2.5,2.0,10.9>6.5,0.6,6.5,85.55,0.33,False
20260819,2026-08-20T00:03:49.877188+00:00,ROKU,11,12,58.5,9.0,14.9,34.9,0.6,1.12,-0.95,158.31,📊,156.8000030517578,2.2,2.5,2.0,2.4>1.9,0.79,1.9,144.43,0.19,False
20260819,2026-08-20T00:03:49.877188+00:00,SYRE,12,13,57.4,8.0,18.1,10.3,0.61,1.68,3.41,105.33,📊,108.91999816894533,5.85,2.5,2.0,14.0>7.6,0.54,7.6,102.7,0.27,False
20260819,2026-08-20T00:03:49.877188+00:00,DNTH,13,14,57.1,6.0,17.8,29.4,0.79,2.3,-1.95,115.96,📊,113.6999969482422,5.79,2.5,1.0,3.9,,3.9,105.72,,False
20260819,2026-08-20T00:03:49.877188+00:00,ILMN,14,15,56.7,7.0,10.3,14.3,1.04,-0.03,-0.05,205.1,📊,205.0,8.12,2.5,2.0,5.0>8.4,1.68,8.4,205.1,1.75,False
20260819,2026-08-20T00:03:49.877188+00:00,ARWR,15,16,56.6,17.0,22.7,1.6,0.65,0.8,-0.2,89.59,🔥,89.41000366210938,3.15,2.5,7.0,5.7>8.2>8.2>10.5>3.8>17.9>4.6,0.8,4.6,88.7,1.4,False
20260819,2026-08-20T00:03:49.877188+00:00,LTH,16,17,56.3,6.0,9.3,20.6,1.02,0.67,-2.3,45.7,📊,44.650001525878906,1.53,2.5,2.0,2.1>7.1,3.34,7.1,45.7,1.48,False
20260819,2026-08-20T00:03:49.877188+00:00,BNS,17,18,55.9,9.0,7.7,40.5,0.79,0.1,-4.21,91.54,📊,87.69000244140625,1.28,2.5,3.0,2.0>2.2>4.7,2.37,4.7,90.29,0.59,False
20260819,2026-08-20T00:03:49.877188+00:00,RVTY,18,19,55.9,7.0,9.7,19.8,1.01,0.08,1.33,117.88,📊,119.4499969482422,3.75,2.5,1.0,6.4,,6.4,113.69,,False
20260819,2026-08-20T00:03:49.877188+00:00,XENE,19,20,54.9,6.0,12.3,2.4,0.43,-2.18,-12.18,70.96,📊,62.31999969482422,2.1,2.5,1.0,12.3,,12.3,70.96,,False
20260819,2026-08-20T00:03:49.877188+00:00,HSBC,20,21,52.9,18.0,20.1,11.9,0.79,0.6,-4.7,107.34,⏳,102.3000030517578,1.52,2.5,4.0,5.2>9.5>2.9>4.9,0.95,4.9,107.34,1.04,False
20260819,2026-08-20T00:03:49.877188+00:00,BEN,21,22,52.9,9.0,10.1,35.7,0.91,-0.18,-5.0,35.77,📊,33.97999954223633,0.87,2.5,3.0,4.3>6.4>6.7,1.57,6.7,35.77,0.76,False
20260819,2026-08-20T00:03:49.877188+00:00,CM,22,23,52.3,17.0,14.9,22.2,0.65,0.32,-4.77,123.74,⏳,117.83999633789062,2.14,2.5,2.0,8.5>4.1,0.49,4.1,121.24,0.66,True
20260819,2026-08-20T00:03:49.877188+00:00,AMRX,23,24,51.7,8.0,12.6,18.3,0.98,0.35,-5.18,19.1,⏳,18.11000061035156,0.71,2.5,2.0,3.6>10.5,2.88,10.5,19.1,0.78,False
20260819,2026-08-20T00:03:49.877188+00:00,MFC,24,25,51.4,18.0,17.5,0.0,1.17,0.63,-3.02,44.77,⏳,43.41999816894531,0.82,2.5,4.0,1.6>6.2>2.6>3.5,2.09,3.5,41.12,1.17,False
20260819,2026-08-20T00:03:49.877188+00:00,BAC,25,26,51.3,19.0,23.6,7.9,0.75,0.87,-2.53,64.81,🔥,63.16999816894531,0.99,2.5,2.0,4.2>7.1,1.71,7.1,53.32,0.89,False
20260819,2026-08-20T00:03:49.877188+00:00,IMVT,26,27,50.6,7.0,10.5,54.8,0.59,0.61,5.54,42.6,📊,44.959999084472656,1.59,2.5,2.0,1.8>6.3,3.44,6.3,41.09,0.49,False
20260819,2026-08-20T00:03:49.877188+00:00,SON,27,28,50.3,30.0,23.4,1.6,0.82,-0.13,-3.49,60.0,⏳,57.900001525878906,1.31,2.5,8.0,3.3>3.0>11.3>17.1>10.4>4.6>7.3>6.9,2.11,6.9,60.0,1.22,False
20260819,2026-08-20T00:03:49.877188+00:00,RYCEY,28,29,50.2,9.0,14.5,56.3,0.8,0.86,-2.65,21.12,📊,20.559999465942383,0.43,2.5,1.0,9.8,,9.8,20.02,,False
20260819,2026-08-20T00:03:49.877188+00:00,USFD,29,30,50.0,9.0,17.2,70.6,0.83,0.99,-3.08,110.94,📊,107.5199966430664,3.17,2.5,2.0,9.1>3.2,0.35,3.2,102.35,1.0,True
20260819,2026-08-20T00:03:49.877188+00:00,ABBV,30,31,49.9,7.0,8.3,69.0,0.76,-0.43,1.01,263.3,📊,265.9700012207031,6.71,2.5,2.0,6.2>7.4,1.19,7.4,263.3,1.06,False
20260819,2026-08-20T00:03:49.877188+00:00,RELY,31,32,49.6,7.0,14.3,34.1,0.66,0.39,-4.71,26.3,📊,25.059999465942383,1.37,2.5,2.0,10.7>10.8,1.01,10.8,25.93,2.05,False
20260819,2026-08-20T00:03:49.877188+00:00,RVMD,32,33,49.1,7.0,13.9,71.4,0.57,1.11,3.72,206.97,📊,214.66000366210935,7.87,2.5,1.0,7.0,,7.0,192.62,,False
20260819,2026-08-20T00:03:49.877188+00:00,VLO,33,34,48.6,6.0,20.1,83.3,0.83,2.28,-1.08,350.05,📊,346.260009765625,11.07,2.5,2.0,5.1>4.7,0.92,4.7,312.9,1.23,False
20260819,2026-08-20T00:03:49.877188+00:00,SW,34,35,48.6,9.0,17.2,19.8,0.92,0.74,-3.24,50.34,⏳,48.709999084472656,1.54,2.5,2.0,10.4>9.5,0.91,9.5,50.34,1.05,False
20260819,2026-08-20T00:03:49.877188+00:00,CFG,35,36,48.3,19.0,19.7,11.9,0.72,0.49,-5.31,74.73,⏳,70.76000213623047,1.52,2.5,5.0,3.0>7.9>4.5>4.9>4.4,1.48,4.4,73.92,1.01,False
20260819,2026-08-20T00:03:49.877188+00:00,ETSY,36,37,48.2,6.0,10.7,9.5,0.95,-0.77,-6.95,86.47,⏳,80.45999908447266,3.54,2.5,1.0,6.1,,6.1,85.74,,False
20260819,2026-08-20T00:03:49.877188+00:00,OKTA,37,38,47.7,7.0,12.2,9.5,0.69,-0.4,-8.87,154.95,⏳,141.2100067138672,6.79,2.5,1.0,12.0,,12.0,154.62,,False
20260819,2026-08-20T00:03:49.877188+00:00,PAGP,38,39,47.0,23.0,16.6,5.6,1.05,-0.13,-0.89,26.33,📊,26.094999313354492,0.49,2.5,5.0,3.7>7.2>4.3>10.4>6.0,1.61,6.0,26.33,0.65,False
20260819,2026-08-20T00:03:49.877188+00:00,WSM,39,40,46.6,9.0,14.2,35.7,0.72,0.55,-3.76,251.78,📊,242.30999755859375,6.87,2.5,2.0,9.8>4.3,0.44,4.3,228.41,0.87,True
20260819,2026-08-20T00:03:49.877188+00:00,EBC,40,41,45.1,36.0,23.2,4.8,0.87,0.14,-2.71,23.65,🔥,23.010000228881836,0.48,2.5,9.0,7.2>15.0>5.5>5.3>4.6>2.9>4.6>3.8>3.0,0.42,3.0,23.55,1.58,False
20260819,2026-08-20T00:03:49.877188+00:00,HWM,41,42,44.5,26.0,23.9,6.3,0.8,0.03,-3.13,292.65,⏳,283.4800109863281,8.44,2.5,7.0,15.9>8.3>7.5>5.9>5.6>5.7>3.4,0.21,3.4,291.28,0.94,False
20260819,2026-08-20T00:03:49.877188+00:00,INCY,42,43,44.5,7.0,12.4,57.1,1.05,0.47,-1.12,129.93,📊,128.47000122070312,3.54,2.5,2.0,3.6>8.9,2.46,8.9,129.93,1.76,False
20260819,2026-08-20T00:03:49.877188+00:00,CSX,43,44,44.4,16.0,16.8,25.4,1.01,0.65,-4.79,53.23,⏳,50.68000030517578,0.88,2.5,6.0,1.7>2.6>3.7>4.2>6.4>2.3,1.35,2.3,51.12,0.88,False
20260819,2026-08-20T00:03:49.877188+00:00,STT,44,45,44.3,17.0,23.7,31.0,0.67,1.42,-3.75,193.04,📊,185.80999755859375,3.76,2.5,3.0,3.9>3.2>5.7,1.47,5.7,186.59,1.31,False
20260819,2026-08-20T00:03:49.877188+00:00,GKOS,45,46,44.1,6.0,20.2,78.6,0.92,3.76,0.0,189.55,📊,189.5500030517578,7.41,2.5,1.0,3.5,,3.5,156.84,,False
20260819,2026-08-20T00:03:49.877188+00:00,USB,46,47,43.6,35.0,23.7,11.9,0.72,0.14,-3.97,65.42,⏳,62.81999969482422,1.02,2.5,6.0,4.6>16.2>2.5>6.9>3.8>2.6,0.56,2.6,64.47,0.69,False
20260819,2026-08-20T00:03:49.877188+00:00,ALKS,47,48,43.4,8.0,12.5,12.7,0.73,-1.82,-9.13,55.22,⏳,50.18000030517578,1.67,2.5,2.0,6.6>8.7,1.33,8.7,52.97,1.33,False
20260819,2026-08-20T00:03:49.877188+00:00,MT,48,49,43.2,14.0,21.5,27.8,0.74,0.66,-0.81,75.2,📊,74.58999633789062,1.98,2.5,4.0,8.2>10.9>16.3>2.9,0.35,2.9,67.49,0.78,False
20260819,2026-08-20T00:03:49.877188+00:00,MPC,49,50,43.0,6.0,22.6,92.9,1.01,2.71,-1.49,366.21,📊,360.75,12.44,2.5,2.0,4.3>5.9,1.38,5.9,316.47,1.03,False
20260819,2026-08-20T00:03:49.877188+00:00,UGP,50,51,42.9,6.0,11.4,40.5,0.88,-0.24,-0.15,6.56,📊,6.550000190734863,0.22,2.5,2.0,5.0>10.0,1.99,10.0,6.5,1.13,False
20260819,2026-08-20T00:03:49.877188+00:00,RPRX,51,52,42.7,12.0,11.7,44.4,0.73,0.62,3.35,59.73,📊,61.72999954223633,1.48,2.5,3.0,5.2>4.6>5.3,1.02,5.3,59.73,0.79,False
20260819,2026-08-20T00:03:49.877188+00:00,CGON,52,53,42.6,7.0,10.2,50.8,0.76,0.34,4.79,76.99,📊,80.68000030517578,3.35,2.5,2.0,6.1>8.1,1.32,8.1,75.24,1.02,False
20260819,2026-08-20T00:03:49.877188+00:00,SN,53,54,42.3,7.0,22.7,96.0,0.88,3.48,-3.9,188.59,📊,181.2400054931641,7.0,2.5,2.0,3.8>5.6,1.48,5.6,154.53,1.09,False
20260819,2026-08-20T00:03:49.877188+00:00,EC,54,55,42.2,11.0,18.2,32.5,0.68,0.87,2.82,17.4,📊,17.889999389648438,0.59,2.5,2.0,14.1>5.3,0.38,5.3,16.69,0.59,True
20260819,2026-08-20T00:03:49.877188+00:00,EXPD,55,56,42.1,13.0,17.2,82.5,0.84,1.11,-0.97,188.27,📊,186.44000244140625,5.18,2.5,3.0,3.9>8.6>2.4,0.61,2.4,181.48,0.95,False
20260819,2026-08-20T00:03:49.877188+00:00,BHP,56,57,41.2,18.0,17.3,21.4,1.0,-0.03,-0.92,93.15,📊,92.29000091552734,2.38,2.5,6.0,4.3>9.8>11.2>12.7>6.4>5.8,1.34,5.8,85.48,1.21,False
20260819,2026-08-20T00:03:49.877188+00:00,OC,57,58,41.2,8.0,16.0,56.3,0.67,0.48,-4.84,158.92,📊,151.22999572753906,5.25,2.5,2.0,13.5>5.2,0.38,5.2,143.79,0.6,True
20260819,2026-08-20T00:03:49.877188+00:00,BNY,58,59,40.8,18.0,22.0,42.9,0.64,0.96,-2.75,164.27,📊,159.75999450683594,2.51,2.5,4.0,5.0>3.0>2.5>5.7,1.14,5.7,161.71,1.2,False
20260819,2026-08-20T00:03:49.877188+00:00,NTAP,59,60,40.8,6.0,22.9,80.2,0.76,3.9,-6.08,207.08,📊,194.47999572753903,8.18,2.5,1.0,8.5,,8.5,174.55,,False
20260819,2026-08-20T00:03:49.877188+00:00,ROIV,60,61,40.8,7.0,10.7,63.5,0.93,-0.2,1.6,36.81,📊,37.400001525878906,1.32,2.5,2.0,7.8>6.4,0.81,6.4,35.1,0.97,False
20260819,2026-08-20T00:03:49.877188+00:00,PSX,61,62,40.7,6.0,23.3,92.1,1.03,2.96,-0.49,243.49,📊,242.2899932861328,7.7,2.5,2.0,3.0>4.3,1.43,4.3,210.56,1.28,False
20260819,2026-08-20T00:03:49.877188+00:00,ARMK,62,63,40.6,12.0,16.2,76.2,0.97,0.81,-4.18,62.39,📊,59.779998779296875,1.49,2.5,5.0,2.9>2.2>1.6>3.5>3.8,1.32,3.8,57.92,0.88,False
20260819,2026-08-20T00:03:49.877188+00:00,MGA,63,64,40.4,17.0,17.7,31.7,0.97,0.47,-0.39,71.29,📊,71.01000213623047,2.03,2.5,5.0,6.5>6.1>6.5>0.0>5.5,0.85,5.5,71.25,0.48,False
20260820,2026-08-21T00:03:50.412310+00:00,UBS,1,2,80.1,6.0,6.5,0.0,0.85,-0.34,-3.4,55.07,⏳,53.20000076293945,0.77,2.5,1.0,6.5,,6.5,55.07,,False
20260820,2026-08-21T00:03:50.412310+00:00,BAYRY,2,4,69.7,6.0,9.1,12.7,0.64,-0.11,-2.22,14.44,🔥,14.119999885559082,0.3,2.5,2.0,8.1>4.2,0.52,4.2,14.44,2.01,False
20260820,2026-08-21T00:03:50.412310+00:00,VOYA,3,5,69.0,6.0,4.9,16.7,0.81,-0.33,-3.97,101.52,⏳,97.48999786376952,2.39,2.5,1.0,3.8,,3.8,100.59,,False
20260820,2026-08-21T00:03:50.412310+00:00,SYRE,4,6,66.3,6.0,11.0,14.3,0.62,1.08,2.34,105.33,📊,107.79000091552734,5.72,2.5,1.0,7.6,,7.6,102.7,,False
20260820,2026-08-21T00:03:50.412310+00:00,ARWR,5,7,64.7,17.0,21.7,2.4,0.61,0.77,-2.37,89.59,🔥,87.47000122070312,3.2,2.5,8.0,5.7>8.2>8.2>10.5>3.8>17.9>4.6>4.5,0.78,4.5,89.59,0.68,False
20260820,2026-08-21T00:03:50.412310+00:00,ROKU,6,8,59.1,9.0,14.9,33.3,0.61,1.16,-0.75,158.31,📊,157.1199951171875,2.23,2.5,2.0,2.4>1.9,0.79,1.9,144.43,0.19,False
20260820,2026-08-21T00:03:50.412310+00:00,KMX,7,9,58.9,8.0,16.4,13.5,0.66,1.46,1.67,60.05,📊,61.04999923706055,2.03,2.5,2.0,5.5>4.1,0.75,4.1,59.11,0.83,False
20260820,2026-08-21T00:03:50.412310+00:00,BBIO,8,10,58.7,6.0,11.4,10.3,0.61,-1.04,-8.02,90.17,⏳,82.94000244140625,2.7,2.5,2.0,10.9>6.5,0.6,6.5,85.55,0.33,False
20260820,2026-08-21T00:03:50.412310+00:00,LTH,9,11,57.9,7.0,10.7,14.3,1.02,0.83,-2.14,45.7,📊,44.720001220703125,1.42,2.5,2.0,2.1>7.1,3.34,7.1,45.7,1.48,False
20260820,2026-08-21T00:03:50.412310+00:00,GSAT,10,12,57.5,18.0,6.9,47.6,0.75,-0.39,-2.88,84.43,📊,82.0,0.86,2.5,3.0,1.2>5.5>3.3,2.88,3.3,81.29,0.74,False
20260820,2026-08-21T00:03:50.412310+00:00,EQNR,11,13,56.6,6.0,19.7,13.5,0.78,2.9,2.49,41.82,📊,42.86000061035156,1.09,2.5,1.0,7.2,,7.2,40.7,,False
20260820,2026-08-21T00:03:50.412310+00:00,SW,12,14,55.7,9.0,17.2,0.0,0.95,0.73,-4.27,50.34,⏳,48.189998626708984,1.45,2.5,2.0,10.4>9.5,0.91,9.5,50.34,1.05,False
20260820,2026-08-21T00:03:50.412310+00:00,IMVT,13,15,54.8,7.0,12.7,57.1,0.59,0.76,1.46,43.71,📊,44.349998474121094,1.61,2.5,2.0,1.8>6.3,3.44,6.3,41.09,0.49,False
20260820,2026-08-21T00:03:50.412310+00:00,HSBC,14,16,54.0,18.0,20.1,10.3,0.79,0.63,-4.67,107.34,⏳,102.33000183105467,1.49,2.5,4.0,5.2>9.5>2.9>4.9,0.95,4.9,107.34,1.04,False
20260820,2026-08-21T00:03:50.412310+00:00,CSX,15,17,53.1,16.0,16.8,6.3,0.9,0.67,-4.25,53.23,⏳,50.970001220703125,0.91,2.5,5.0,2.6>3.7>4.2>6.4>2.3,0.88,2.3,51.12,0.69,False
20260820,2026-08-21T00:03:50.412310+00:00,SON,16,18,52.8,31.0,24.2,0.0,0.76,-0.07,-2.78,60.0,🔥,58.33000183105469,1.34,2.5,7.0,3.8>11.3>17.1>10.4>4.6>7.3>6.9,1.84,6.9,60.0,1.36,False
20260820,2026-08-21T00:03:50.412310+00:00,RVMD,17,19,52.4,7.0,17.0,71.4,0.59,1.43,-1.97,216.0,📊,211.73500061035156,7.51,2.5,1.0,6.3,,6.3,191.13,,False
20260820,2026-08-21T00:03:50.412310+00:00,MGA,18,20,51.8,17.0,17.7,22.2,0.95,0.49,-1.26,71.29,📊,70.38999938964844,1.87,2.5,5.0,6.5>6.1>6.5>0.0>5.5,0.85,5.5,71.25,0.48,False
20260820,2026-08-21T00:03:50.412310+00:00,CGON,19,21,51.5,7.0,10.4,50.0,0.76,0.51,0.65,77.11,📊,77.61000061035156,3.16,2.5,2.0,6.1>8.1,1.32,8.1,75.24,1.02,False
20260820,2026-08-21T00:03:50.412310+00:00,DNTH,20,22,51.5,8.0,22.2,22.2,0.77,2.55,-5.56,115.96,⏳,109.51000213623048,5.61,2.5,1.0,3.9,,3.9,105.72,,False
20260820,2026-08-21T00:03:50.412310+00:00,AMRX,21,23,50.8,8.0,12.6,19.8,0.95,0.34,-6.28,19.1,⏳,17.899999618530273,0.7,2.5,2.0,3.6>10.5,2.88,10.5,19.1,0.78,False
20260820,2026-08-21T00:03:50.412310+00:00,USFD,22,24,50.5,8.0,14.6,66.7,0.82,0.61,-2.24,110.94,📊,108.45999908447266,3.18,2.5,2.0,9.1>3.2,0.35,3.2,102.35,1.0,True
20260820,2026-08-21T00:03:50.412310+00:00,ETSY,23,25,50.3,6.0,10.1,9.5,0.97,-1.02,-6.08,86.47,⏳,81.20999908447266,3.55,2.5,1.0,6.1,,6.1,85.74,,False
20260820,2026-08-21T00:03:50.412310+00:00,VLO,24,26,48.5,6.0,20.1,83.3,0.84,2.25,-2.44,350.05,📊,341.510009765625,11.28,2.5,2.0,5.1>4.7,0.92,4.7,312.9,1.23,False
20260820,2026-08-21T00:03:50.412310+00:00,SSL,25,27,48.4,9.0,21.8,23.8,0.69,1.28,0.0,12.27,🔥,12.270000457763672,0.34,2.5,2.0,15.1>9.2,0.61,9.2,12.05,0.65,False
20260820,2026-08-21T00:03:50.412310+00:00,WSM,26,28,48.3,9.0,14.2,20.6,0.73,0.52,-6.39,251.78,⏳,235.6999969482422,7.05,2.5,2.0,9.8>4.3,0.44,4.3,228.41,0.87,True
20260820,2026-08-21T00:03:50.412310+00:00,RELY,27,29,47.3,7.0,14.3,31.0,0.68,0.33,-6.05,26.3,📊,24.709999084472656,1.35,2.5,3.0,4.7>10.7>10.8,2.31,10.8,25.93,2.4,False
20260820,2026-08-21T00:03:50.412310+00:00,PCVX,28,30,45.9,8.0,14.4,57.1,0.6,0.24,1.1,60.67,📊,61.34000015258789,2.3,2.5,1.0,12.7,,12.7,60.67,,False
20260820,2026-08-21T00:03:50.412310+00:00,RPRX,29,31,45.7,12.0,11.7,56.3,0.75,0.62,1.42,59.73,📊,60.58000183105469,1.54,2.5,3.0,5.2>4.6>5.3,1.02,5.3,59.73,0.79,False
20260820,2026-08-21T00:03:50.412310+00:00,GKOS,30,32,45.3,6.0,20.2,73.8,0.94,3.88,-2.46,189.55,📊,184.88999938964844,6.39,2.5,1.0,3.5,,3.5,156.84,,False
20260820,2026-08-21T00:03:50.412310+00:00,RYCEY,31,33,45.2,9.0,14.5,44.4,0.76,0.86,-3.69,21.12,📊,20.34000015258789,0.41,2.5,1.0,9.8,,9.8,20.02,,False
20260820,2026-08-21T00:03:50.412310+00:00,BEN,32,34,45.0,15.0,15.9,31.0,0.92,0.54,-5.03,35.77,📊,33.970001220703125,0.79,2.5,5.0,4.8>4.1>4.3>6.4>6.7,1.4,6.7,35.77,1.05,False
20260820,2026-08-21T00:03:50.412310+00:00,INCY,33,35,44.9,7.0,12.1,57.1,1.07,0.51,-2.09,129.93,📊,127.22000122070312,3.43,2.5,2.0,3.6>8.9,2.46,8.9,129.93,1.76,False
20260820,2026-08-21T00:03:50.412310+00:00,TVTX,34,36,44.9,8.0,13.5,67.5,0.82,0.78,1.46,63.53,📊,64.45999908447266,2.94,2.5,3.0,4.6>5.5>4.1,0.91,4.1,57.36,0.54,False
20260820,2026-08-21T00:03:50.412310+00:00,EC,35,37,44.6,12.0,20.4,38.1,0.67,0.9,-1.34,17.89,📊,17.649999618530273,0.59,2.5,2.0,14.1>5.3,0.38,5.3,16.69,0.59,True
20260820,2026-08-21T00:03:50.412310+00:00,ROIV,36,38,43.6,8.0,12.1,68.3,0.94,-0.09,-1.5,37.4,📊,36.84000015258789,1.27,2.5,2.0,7.8>6.4,0.81,6.4,35.1,0.97,False
20260820,2026-08-21T00:03:50.412310+00:00,EBC,37,39,43.4,36.0,23.2,4.0,0.9,0.13,-3.85,23.65,⏳,22.739999771118164,0.47,2.5,9.0,7.2>15.0>5.5>5.3>4.6>2.9>4.6>3.8>3.0,0.42,3.0,23.55,1.58,False
20260820,2026-08-21T00:03:50.412310+00:00,LLY,38,40,43.0,10.0,11.1,50.0,0.89,0.19,0.86,1233.79,📊,1244.4000244140625,45.91,2.5,3.0,5.4>7.2>8.6,1.6,8.6,1218.91,1.0,False
20260820,2026-08-21T00:03:50.412310+00:00,EXPD,39,41,42.5,13.0,16.9,83.3,0.84,1.11,-0.99,188.27,📊,186.3999938964844,5.17,2.5,3.0,3.9>8.6>2.4,0.61,2.4,181.48,0.95,False
20260820,2026-08-21T00:03:50.412310+00:00,UGP,40,42,42.5,6.0,10.8,40.5,0.9,-0.32,-0.15,6.56,📊,6.550000190734863,0.22,2.5,2.0,5.0>10.0,1.99,10.0,6.5,1.13,False
20260820,2026-08-21T00:03:50.412310+00:00,UNP,41,43,42.3,28.0,24.3,8.7,0.95,0.17,-1.09,307.32,📊,303.9700012207031,5.81,2.5,5.0,12.3>2.9>5.7>5.8>5.8,0.47,5.8,307.32,1.27,False
20260820,2026-08-21T00:03:50.412310+00:00,CF,42,44,41.7,18.0,21.3,13.5,0.82,-0.48,-2.7,129.19,🔥,125.6999969482422,5.21,2.5,3.0,13.5>13.1>10.2,0.76,10.2,126.7,0.73,False
20260820,2026-08-21T00:03:50.412310+00:00,CMBT,43,45,41.6,14.0,19.5,56.3,0.56,0.73,1.44,17.37,📊,17.6200008392334,0.46,2.5,3.0,13.0>12.3>5.2,0.4,5.2,15.78,0.46,True
20260820,2026-08-21T00:03:50.412310+00:00,SN,44,46,41.4,7.0,22.7,89.7,0.87,3.6,-4.57,188.59,📊,179.97999572753906,6.9,2.5,2.0,3.5>5.6,1.6,5.6,154.53,1.08,False
20260820,2026-08-21T00:03:50.412310+00:00,YPF,45,47,41.2,17.0,24.8,2.4,0.6,0.42,-9.64,56.35,⏳,50.91999816894531,2.0,2.5,3.0,6.2>21.2>7.4,1.19,7.4,52.54,0.65,False
20260820,2026-08-21T00:03:50.412310+00:00,MT,46,48,41.1,15.0,23.0,19.8,0.76,0.74,-5.43,75.2,⏳,71.11000061035156,2.23,2.5,4.0,8.2>10.9>16.3>2.9,0.35,2.9,67.49,0.78,False
20260820,2026-08-21T00:03:50.412310+00:00,ARMK,47,49,41.1,12.0,15.3,75.4,0.95,0.77,-4.65,62.27,📊,59.369998931884766,1.55,2.5,5.0,2.9>2.2>1.6>3.5>3.8,1.32,3.8,57.81,0.88,False
20260820,2026-08-21T00:03:50.412310+00:00,STT,48,50,41.0,17.0,23.7,31.7,0.67,1.38,-5.16,193.04,📊,183.07000732421875,3.82,2.5,3.0,3.9>3.2>5.7,1.47,5.7,186.59,1.31,False
20260820,2026-08-21T00:03:50.412310+00:00,OII,49,51,40.6,6.0,22.2,61.1,1.03,3.66,-2.99,54.11,📊,52.4900016784668,1.99,2.5,1.0,9.0,,9.0,52.73,,False
20260820,2026-08-21T00:03:50.412310+00:00,RVTY,50,52,40.4,7.0,9.7,35.7,1.04,0.33,5.3,117.88,🚀,124.12999725341795,4.06,2.5,1.0,6.4,,6.4,113.69,,False
20260820,2026-08-21T00:03:50.412310+00:00,MPC,51,53,40.3,6.0,22.5,93.7,1.02,2.77,-1.91,365.21,📊,358.2300109863281,12.7,2.5,2.0,4.3>5.9,1.38,5.9,315.61,1.03,False
20260820,2026-08-21T00:03:50.412310+00:00,DXCM,52,54,40.3,7.0,23.0,84.1,0.99,3.63,-1.38,91.48,📊,90.22000122070312,2.63,2.5,1.0,9.6,,9.6,77.98,,False
20260820,2026-08-21T00:03:50.412310+00:00,BNY,53,55,40.1,18.0,21.2,43.7,0.63,0.96,-4.28,164.27,📊,157.24000549316406,2.75,2.5,4.0,5.0>3.0>2.5>5.7,1.14,5.7,161.71,1.2,False
20260820,2026-08-21T00:03:50.412310+00:00,SAN,54,56,40.0,9.0,10.9,49.2,2.13,0.43,-4.12,14.82,📊,14.210000038146973,0.25,2.5,1.0,8.1,,8.1,14.37,,False
20260820,2026-08-21T00:03:50.412310+00:00,XYZ,55,57,40.0,17.0,21.3,19.8,0.84,0.66,-5.39,84.64,⏳,80.08000183105469,2.73,2.5,5.0,6.0>9.0>12.4>6.5>7.5,1.25,7.5,84.64,1.43,False
20260820,2026-08-21T00:03:50.412310+00:00,JHX,56,58,40.0,9.0,21.9,69.0,0.94,2.15,-3.38,31.08,📊,30.030000686645508,1.04,2.5,2.0,8.9>8.1,0.91,8.1,26.96,1.07,False
20260821,2026-08-22T00:03:36.350916+00:00,UBS,1,2,82.7,7.0,7.2,0.0,0.78,-0.14,-3.23,55.07,⏳,53.290000915527344,0.73,2.5,2.0,2.0>6.5,3.31,6.5,55.07,1.09,False
20260821,2026-08-22T00:03:36.350916+00:00,YPF,2,4,77.5,6.0,8.1,2.4,0.6,-0.73,-2.88,52.7,🔥,51.18000030517578,1.98,2.5,1.0,7.4,,7.4,52.54,,False
20260821,2026-08-22T00:03:36.350916+00:00,CNI,3,5,74.4,6.0,5.0,0.8,0.89,-0.73,-0.57,130.58,🔥,129.83999633789062,1.96,2.5,1.0,4.2,,4.2,130.58,,False
20260821,2026-08-22T00:03:36.350916+00:00,VOYA,4,6,71.8,7.0,5.3,13.5,0.8,-0.19,-3.7,101.52,⏳,97.76000213623048,2.38,2.5,2.0,3.8>3.2,0.86,3.2,101.5,1.12,False
20260821,2026-08-22T00:03:36.350916+00:00,BBIO,5,7,71.2,6.0,6.7,11.1,0.66,-0.81,-4.73,85.55,⏳,81.5,2.9,2.5,3.0,4.5>6.5>5.7,1.26,5.7,84.67,0.96,False
20260821,2026-08-22T00:03:36.350916+00:00,KMX,6,8,67.7,6.0,11.7,19.0,0.62,0.13,0.0,62.13,🔥,62.130001068115234,2.08,2.5,1.0,4.1,,4.1,59.11,,False
20260821,2026-08-22T00:03:36.350916+00:00,BAYRY,7,9,66.6,7.0,9.8,5.6,0.64,-0.52,-3.57,14.55,⏳,14.029999732971191,0.29,2.5,2.0,9.8>4.2,0.43,4.2,14.44,1.93,True
20260821,2026-08-22T00:03:36.350916+00:00,ARWR,8,10,65.3,17.0,21.7,1.6,0.59,0.76,-2.77,89.59,🔥,87.11000061035156,3.07,2.5,8.0,5.7>8.2>8.2>10.5>3.8>17.9>4.6>4.5,0.78,4.5,89.59,0.68,False
20260821,2026-08-22T00:03:36.350916+00:00,STT,9,11,65.1,7.0,8.8,31.7,0.65,0.22,-3.06,193.04,📊,187.1300048828125,3.88,2.5,1.0,5.7,,5.7,186.59,,False
20260821,2026-08-22T00:03:36.350916+00:00,GSAT,10,12,63.4,18.0,6.9,46.8,0.73,-0.38,-2.45,84.43,📊,82.36000061035156,0.77,2.5,3.0,1.2>5.5>3.3,2.88,3.3,81.29,0.74,False
20260821,2026-08-22T00:03:36.350916+00:00,MUFG,11,13,61.7,7.0,8.7,7.9,0.98,0.03,-4.59,23.1,⏳,22.040000915527344,0.5,2.5,2.0,6.4>5.5,0.86,5.5,23.1,1.06,False
20260821,2026-08-22T00:03:36.350916+00:00,LTH,12,14,60.9,7.0,10.0,7.9,1.02,0.78,-1.29,45.7,📊,45.11000061035156,1.27,2.5,2.0,2.1>7.1,3.34,7.1,45.7,1.48,False
20260821,2026-08-22T00:03:36.350916+00:00,SYRE,13,15,60.7,9.0,20.8,17.5,0.63,1.7,-2.23,108.92,🔥,106.48999786376952,5.54,2.5,3.0,14.0>7.6>3.3,0.24,3.3,105.33,0.25,True
20260821,2026-08-22T00:03:36.350916+00:00,EQNR,14,16,60.1,6.0,17.7,19.0,0.73,2.07,0.0,42.86,🔥,42.86000061035156,1.02,2.5,1.0,7.2,,7.2,40.7,,False
20260821,2026-08-22T00:03:36.350916+00:00,SW,15,17,59.8,10.0,17.2,0.8,0.89,0.83,-1.89,50.34,🔥,49.38999938964844,1.44,2.5,2.0,10.4>9.5,0.91,9.5,50.34,1.05,False
20260821,2026-08-22T00:03:36.350916+00:00,ROKU,16,18,59.0,9.0,14.9,32.5,0.6,1.22,-0.52,158.31,📊,157.49000549316406,2.19,2.5,2.0,2.4>1.9,0.79,1.9,144.43,0.19,False
20260821,2026-08-22T00:03:36.350916+00:00,CSX,17,19,58.4,16.0,16.8,0.0,0.89,0.69,-3.08,53.23,⏳,51.59000015258789,0.88,2.5,5.0,2.6>3.7>4.2>6.4>2.3,0.88,2.3,51.12,0.69,False
20260821,2026-08-22T00:03:36.350916+00:00,BNS,18,20,58.3,9.0,7.7,37.3,0.73,-0.01,-4.34,91.54,📊,87.56999969482422,1.41,2.5,3.0,2.0>2.2>4.7,2.37,4.7,90.29,0.59,False
20260821,2026-08-22T00:03:36.350916+00:00,RYCEY,19,21,57.9,9.0,14.5,28.6,0.72,0.85,-2.84,21.12,📊,20.520000457763672,0.4,2.5,1.0,9.8,,9.8,20.02,,False
20260821,2026-08-22T00:03:36.350916+00:00,CNC,20,22,57.3,11.0,11.8,4.8,0.91,-0.25,-5.38,68.72,⏳,65.0199966430664,2.39,2.5,2.0,8.4>11.5,1.36,11.5,68.72,0.94,False
20260821,2026-08-22T00:03:36.350916+00:00,DNTH,21,23,56.4,8.0,22.2,15.1,0.75,2.2,-4.19,115.96,⏳,111.0999984741211,5.23,2.5,2.0,3.9>3.7,0.95,3.7,112.64,1.03,False
20260821,2026-08-22T00:03:36.350916+00:00,HSBC,22,24,56.0,19.0,20.1,10.3,0.78,0.51,-2.97,107.34,🔥,104.1500015258789,1.53,2.5,4.0,5.2>9.5>2.9>4.9,0.95,4.9,107.34,1.04,False
20260821,2026-08-22T00:03:36.350916+00:00,GM,23,25,55.2,37.0,20.0,8.7,0.71,-0.28,-2.62,90.3,🔥,87.93000030517578,2.08,2.5,8.0,8.6>7.6>13.3>5.3>10.7>5.7>10.2>2.6,0.31,2.6,77.85,0.62,False
20260821,2026-08-22T00:03:36.350916+00:00,BWA,24,26,54.7,8.0,11.8,42.9,0.71,0.1,-3.03,69.9,📊,67.77999877929688,2.55,2.5,1.0,9.5,,9.5,68.11,,False
20260821,2026-08-22T00:03:36.350916+00:00,IMVT,25,27,52.1,8.0,15.2,58.7,0.62,0.85,-1.31,44.96,📊,44.369998931884766,1.51,2.5,2.0,1.8>6.3,3.44,6.3,41.09,0.49,False
20260821,2026-08-22T00:03:36.350916+00:00,MT,26,28,50.5,15.0,21.5,9.5,0.76,0.67,-3.98,75.2,⏳,72.19999694824219,2.29,2.5,4.0,8.2>10.9>16.3>2.9,0.35,2.9,67.49,0.78,False
20260821,2026-08-22T00:03:36.350916+00:00,IBKR,27,29,50.2,15.0,17.0,8.7,0.95,0.3,-3.63,97.41,⏳,93.87000274658205,2.82,2.5,5.0,3.8>8.3>4.9>10.1>11.7,3.06,11.7,97.41,1.08,False
20260821,2026-08-22T00:03:36.350916+00:00,USFD,28,30,50.2,10.0,17.8,61.9,0.81,1.13,-1.19,110.94,📊,109.62000274658205,3.23,2.5,2.0,9.1>3.2,0.35,3.2,102.35,1.0,True
20260821,2026-08-22T00:03:36.350916+00:00,EC,29,31,49.9,12.0,20.4,28.6,0.66,0.92,-2.01,17.89,📊,17.530000686645508,0.57,2.5,2.0,14.1>5.3,0.38,5.3,16.69,0.59,True
20260821,2026-08-22T00:03:36.350916+00:00,RELY,30,32,49.2,8.0,16.1,34.1,0.7,0.7,0.0,26.67,📊,26.670000076293945,1.41,2.5,2.0,10.7>10.8,1.01,10.8,25.93,2.05,False
20260821,2026-08-22T00:03:36.350916+00:00,RVMD,31,33,49.1,8.0,17.0,72.2,0.62,1.23,-3.03,216.0,📊,209.4600067138672,7.42,2.5,1.0,7.0,,7.0,192.62,,False
20260821,2026-08-22T00:03:36.350916+00:00,XYZ,32,34,49.0,18.0,21.3,9.5,0.85,0.66,-2.93,84.64,🔥,82.16000366210938,2.75,2.5,5.0,6.0>9.0>12.4>6.5>7.5,1.25,7.5,84.64,1.34,False
20260821,2026-08-22T00:03:36.350916+00:00,ETSY,33,35,48.8,6.0,9.3,9.5,1.02,-1.46,-6.29,86.47,⏳,81.02999877929688,3.57,2.5,1.0,6.1,,6.1,85.74,,False
20260821,2026-08-22T00:03:36.350916+00:00,VLO,34,36,48.7,6.0,16.7,84.1,0.83,2.08,-0.34,350.05,📊,348.8599853515625,11.13,2.5,2.0,5.1>4.7,0.92,4.7,312.9,1.23,False
20260821,2026-08-22T00:03:36.350916+00:00,AMRX,35,37,48.3,10.0,15.7,20.6,0.95,0.77,-6.23,19.1,⏳,17.90999984741211,0.68,2.5,3.0,1.4>3.6>10.5,7.44,10.5,19.1,0.84,False
20260821,2026-08-22T00:03:36.350916+00:00,SON,36,38,47.4,31.0,23.4,3.2,0.74,-0.08,-0.86,60.0,🔥,59.47999954223633,1.32,2.5,7.0,3.8>11.3>17.1>10.4>4.6>7.3>6.9,1.84,6.9,60.0,1.36,False
20260821,2026-08-22T00:03:36.350916+00:00,OII,37,39,47.3,6.0,21.9,61.9,0.84,3.38,-2.05,54.11,📊,53.0,1.97,2.5,1.0,9.0,,9.0,52.73,,False
20260821,2026-08-22T00:03:36.350916+00:00,CGON,38,40,46.6,7.0,10.4,49.2,0.76,0.89,3.5,77.11,📊,79.80999755859375,3.02,2.5,2.0,2.6>8.1,3.12,8.1,75.24,1.04,False
20260821,2026-08-22T00:03:36.350916+00:00,ROIV,39,41,46.4,8.0,12.1,72.2,0.97,-0.1,-2.94,37.4,📊,36.29999923706055,1.27,2.5,2.0,7.8>6.4,0.81,6.4,35.1,0.97,False
20260821,2026-08-22T00:03:36.350916+00:00,CVE,40,42,46.1,6.0,17.3,74.6,0.9,2.07,0.0,32.93,📊,32.93000030517578,0.91,2.5,1.0,8.5,,8.5,30.32,,False
20260821,2026-08-22T00:03:36.350916+00:00,DFTX,41,43,44.7,6.0,11.4,34.1,0.81,-0.48,-2.75,46.18,📊,44.90999984741211,2.93,2.5,2.0,9.1>11.3,1.24,11.3,46.14,1.53,False
20260821,2026-08-22T00:03:36.350916+00:00,MPC,42,44,44.5,6.0,18.9,93.7,1.02,2.62,-1.23,365.21,📊,360.7200012207031,12.39,2.5,2.0,4.3>5.9,1.38,5.9,315.61,1.03,False
20260821,2026-08-22T00:03:36.350916+00:00,RPRX,43,45,43.0,12.0,11.7,67.5,0.76,0.62,2.65,59.73,📊,61.310001373291016,1.52,2.5,3.0,5.2>4.6>5.3,1.02,5.3,59.73,0.79,False
20260821,2026-08-22T00:03:36.350916+00:00,INCY,44,46,43.0,8.0,12.8,58.7,1.09,0.64,-1.63,129.93,📊,127.80999755859376,3.44,2.5,2.0,3.6>8.9,2.46,8.9,129.93,1.76,False
20260821,2026-08-22T00:03:36.350916+00:00,BEN,45,47,43.0,15.0,15.9,27.0,0.96,0.53,-4.08,35.77,⏳,34.310001373291016,0.73,2.5,5.0,4.8>4.1>4.3>6.4>6.7,1.4,6.7,35.77,1.05,False
20260821,2026-08-22T00:03:36.350916+00:00,GKOS,46,48,43.0,7.0,21.6,57.1,0.96,3.65,-2.46,189.55,📊,184.88999938964844,6.11,2.5,1.0,3.5,,3.5,156.84,,False
20260821,2026-08-22T00:03:36.350916+00:00,ARMK,47,49,42.9,12.0,15.3,75.4,0.94,0.77,-4.01,62.27,📊,59.77000045776367,1.51,2.5,5.0,2.9>2.2>1.6>3.5>3.8,1.32,3.8,57.81,0.88,False
20260821,2026-08-22T00:03:36.350916+00:00,MFG,48,50,42.8,10.0,13.4,28.6,0.9,0.51,-6.46,10.99,⏳,10.279999732971191,0.24,2.5,3.0,7.2>7.7>7.7,1.07,7.7,10.63,1.22,False
20260821,2026-08-22T00:03:36.350916+00:00,BNY,49,51,41.9,18.0,20.9,43.7,0.62,0.96,-3.52,164.27,📊,158.49000549316406,2.75,2.5,4.0,5.0>3.0>2.5>5.7,1.14,5.7,161.71,1.2,False
20260821,2026-08-22T00:03:36.350916+00:00,SN,50,52,41.9,8.0,23.1,73.8,0.86,3.29,-4.15,188.59,📊,180.7599945068359,7.05,2.5,2.0,3.8>5.6,1.48,5.6,154.53,1.09,False
20260821,2026-08-22T00:03:36.350916+00:00,EXPD,51,53,41.8,13.0,16.9,85.7,0.84,1.14,-0.24,188.27,📊,187.80999755859375,5.04,2.5,3.0,3.9>8.6>2.4,0.61,2.4,181.48,0.95,False
20260821,2026-08-22T00:03:36.350916+00:00,PSX,52,54,41.4,6.0,19.9,94.4,1.05,2.8,-0.25,243.49,📊,242.8699951171875,7.52,2.5,2.0,3.0>4.3,1.43,4.3,210.56,1.28,False
20260821,2026-08-22T00:03:36.350916+00:00,LLY,53,55,40.8,10.0,11.1,55.6,0.89,0.22,1.75,1233.79,📊,1255.4000244140625,45.09,2.5,3.0,5.4>7.2>8.6,1.6,8.6,1218.91,1.0,False
20260821,2026-08-22T00:03:36.350916+00:00,EMBJ,54,56,40.8,9.0,22.2,44.4,0.98,2.36,-2.32,77.75,📊,75.94999694824219,2.59,2.5,1.0,4.7,,4.7,67.24,,False
20260821,2026-08-22T00:03:36.350916+00:00,MGA,55,57,40.2,17.0,17.7,22.2,0.94,0.51,2.47,71.29,📊,73.05000305175781,1.92,2.5,5.0,6.5>6.1>6.5>0.0>5.5,0.85,5.5,71.25,0.48,False
20260821,2026-08-22T00:03:36.350916+00:00,JHX,56,58,40.2,10.0,23.1,65.1,0.9,2.1,-2.09,31.08,📊,30.43000030517578,1.0,2.5,2.0,8.9>8.1,0.91,8.1,26.96,1.07,False
20260821,2026-08-22T00:03:36.350916+00:00,PCVX,57,59,40.2,8.0,14.4,65.1,0.6,0.24,3.21,60.67,📊,62.619998931884766,2.37,2.5,1.0,12.7,,12.7,60.67,,False
20260824,2026-08-25T00:04:39.599319+00:00,UBS,1,2,83.0,7.0,7.2,0.0,0.79,-0.14,-2.47,55.07,🔥,53.709999084472656,0.69,2.5,1.0,6.5,,6.5,55.07,,False
20260824,2026-08-25T00:04:39.599319+00:00,NMR,2,3,82.4,7.0,6.5,7.9,0.61,-0.35,-2.79,10.04,🔥,9.760000228881836,0.16,2.5,1.0,6.5,,6.5,10.04,,False
20260824,2026-08-25T00:04:39.599319+00:00,YPF,3,5,75.7,6.0,8.1,4.0,0.62,-0.74,-2.69,52.7,🔥,51.279998779296875,1.97,2.5,1.0,7.4,,7.4,52.54,,False
20260824,2026-08-25T00:04:39.599319+00:00,VOYA,4,6,72.6,7.0,5.3,13.5,0.8,-0.27,-2.34,101.52,🔥,99.13999938964844,2.39,2.5,2.0,3.8>3.2,0.86,3.2,101.5,1.12,False
20260824,2026-08-25T00:04:39.599319+00:00,BAYRY,5,7,71.8,7.0,9.1,2.4,0.63,-0.38,-2.42,14.45,🔥,14.100000381469728,0.27,2.5,2.0,9.1>4.2,0.45,4.2,14.44,1.87,True
20260824,2026-08-25T00:04:39.599319+00:00,BBIO,6,8,69.7,6.0,6.7,11.1,0.65,-0.83,-5.24,85.55,⏳,81.06999969482422,2.84,2.5,3.0,4.5>6.5>5.7,1.26,5.7,84.67,0.96,False
20260824,2026-08-25T00:04:39.599319+00:00,PFG,7,9,69.4,11.0,9.0,1.6,0.92,0.03,-3.05,115.41,⏳,111.88999938964844,2.07,2.5,2.0,6.2>5.8,0.94,5.8,113.95,0.88,False
20260824,2026-08-25T00:04:39.599319+00:00,ARWR,8,10,66.2,17.0,21.7,0.8,0.56,0.76,-3.19,89.59,⏳,86.7300033569336,2.92,2.5,8.0,5.7>8.2>8.2>10.5>3.8>17.9>4.6>4.5,0.78,4.5,89.59,0.68,False
20260824,2026-08-25T00:04:39.599319+00:00,KMX,9,11,65.9,6.0,11.3,23.0,0.62,0.19,0.0,62.8,🔥,62.79999923706055,2.06,2.5,1.0,4.1,,4.1,59.11,,False
20260824,2026-08-25T00:04:39.599319+00:00,SYRE,10,12,65.2,7.0,13.9,17.5,0.64,1.12,-2.08,108.92,🔥,106.6500015258789,5.02,2.5,2.0,7.6>3.3,0.44,3.3,105.33,0.93,True
20260824,2026-08-25T00:04:39.599319+00:00,LTH,11,13,64.9,7.0,9.3,8.7,1.03,0.75,0.0,45.73,📊,45.72999954223633,1.21,2.5,3.0,1.1>2.1>7.1,6.2,7.1,45.7,1.87,False
20260824,2026-08-25T00:04:39.599319+00:00,SW,12,14,64.7,10.0,17.2,0.0,0.86,0.81,-3.28,50.34,⏳,48.689998626708984,1.42,2.5,2.0,10.4>9.5,0.91,9.5,50.34,1.05,False
20260824,2026-08-25T00:04:39.599319+00:00,STT,13,15,64.2,7.0,8.8,32.5,0.66,0.17,-1.1,193.04,📊,190.9199981689453,3.93,2.5,1.0,5.7,,5.7,186.59,,False
20260824,2026-08-25T00:04:39.599319+00:00,GSAT,14,16,63.6,18.0,6.9,45.2,0.72,-0.37,-2.75,84.43,📊,82.11000061035156,0.76,2.5,3.0,1.2>5.5>3.3,2.88,3.3,81.29,0.74,False
20260824,2026-08-25T00:04:39.599319+00:00,ROKU,15,17,62.4,10.0,14.9,32.5,0.58,1.04,-0.08,158.31,📊,158.17999267578125,2.14,2.5,2.0,6.2>1.9,0.31,1.9,144.43,0.15,True
20260824,2026-08-25T00:04:39.599319+00:00,EQNR,16,18,62.0,6.0,17.7,18.3,0.71,2.01,-1.14,42.86,🔥,42.369998931884766,0.99,2.5,1.0,7.2,,7.2,40.7,,False
20260824,2026-08-25T00:04:39.599319+00:00,MUFG,17,19,61.3,7.0,8.7,7.9,0.95,-0.13,-4.94,23.1,⏳,21.959999084472656,0.47,2.5,2.0,6.4>5.5,0.86,5.5,23.1,1.06,False
20260824,2026-08-25T00:04:39.599319+00:00,DNTH,18,20,59.8,7.0,17.8,12.7,0.75,1.97,-5.08,115.96,⏳,110.06999969482422,5.31,2.5,2.0,3.9>3.7,0.95,3.7,112.64,1.03,False
20260824,2026-08-25T00:04:39.599319+00:00,CNC,19,21,59.2,11.0,11.8,5.6,0.91,-0.29,-4.47,68.72,⏳,65.6500015258789,2.4,2.5,2.0,8.4>11.5,1.36,11.5,68.72,0.94,False
20260824,2026-08-25T00:04:39.599319+00:00,CSX,20,22,58.4,17.0,16.8,0.0,0.85,0.58,-3.36,53.23,⏳,51.439998626708984,0.82,2.5,6.0,3.2>2.6>3.7>4.2>6.4>2.3,0.71,2.3,51.12,0.6,False
20260824,2026-08-25T00:04:39.599319+00:00,RYCEY,21,23,57.2,9.0,14.5,19.0,0.72,0.85,-3.36,21.12,⏳,20.40999984741211,0.39,2.5,1.0,9.8,,9.8,20.02,,False
20260824,2026-08-25T00:04:39.599319+00:00,HSBC,22,24,55.2,19.0,20.1,11.1,0.8,0.55,-3.03,107.34,⏳,104.08999633789062,1.51,2.5,4.0,5.2>9.5>2.9>4.9,0.95,4.9,107.34,1.04,False
20260824,2026-08-25T00:04:39.599319+00:00,MT,23,25,54.6,15.0,21.5,4.0,0.75,0.7,-3.4,75.2,⏳,72.63999938964844,2.16,2.5,4.0,8.2>10.9>16.3>2.9,0.35,2.9,67.49,0.78,False
20260824,2026-08-25T00:04:39.599319+00:00,EC,24,26,54.5,12.0,20.4,19.8,0.63,0.92,-3.13,17.89,⏳,17.329999923706055,0.57,2.5,2.0,14.1>5.3,0.38,5.3,16.69,0.59,True
20260824,2026-08-25T00:04:39.599319+00:00,RELY,25,27,54.1,8.0,16.0,33.3,0.73,0.8,-0.3,26.67,📊,26.59000015258789,1.38,2.5,2.0,10.7>10.8,1.01,10.8,25.93,2.05,False
20260824,2026-08-25T00:04:39.599319+00:00,WSM,26,28,53.0,10.0,14.2,13.5,0.75,0.5,-5.56,251.78,⏳,237.77000427246097,6.03,2.5,2.0,9.8>4.3,0.44,4.3,228.41,0.87,True
20260824,2026-08-25T00:04:39.599319+00:00,HUM,27,29,52.0,10.0,12.5,4.0,0.95,-0.4,-5.57,409.42,⏳,386.6099853515625,13.26,2.5,2.0,5.6>11.5,2.08,11.5,409.42,0.77,False
20260824,2026-08-25T00:04:39.599319+00:00,USFD,28,30,50.7,10.0,17.2,57.9,0.82,1.1,-1.42,110.94,📊,109.37000274658205,3.24,2.5,2.0,9.1>3.2,0.35,3.2,102.35,1.0,True
20260824,2026-08-25T00:04:39.599319+00:00,IBKR,29,31,50.5,12.0,13.4,11.9,0.95,-0.18,-4.48,97.41,⏳,93.0500030517578,2.8,2.5,3.0,4.9>10.1>11.7,2.4,11.7,97.41,0.84,False
20260824,2026-08-25T00:04:39.599319+00:00,CVE,30,32,50.3,6.0,17.3,72.2,0.86,2.17,-2.31,32.93,📊,32.16999816894531,0.9,2.5,1.0,8.5,,8.5,30.32,,False
20260824,2026-08-25T00:04:39.599319+00:00,VLO,31,33,50.0,6.0,16.7,84.1,0.83,2.14,-1.16,350.05,📊,346.0,10.97,2.5,2.0,5.1>4.7,0.92,4.7,312.9,1.23,False
20260824,2026-08-25T00:04:39.599319+00:00,RVMD,32,34,50.0,8.0,17.0,70.6,0.62,1.29,-2.05,216.0,📊,211.5800018310547,6.96,2.5,2.0,2.8>6.3,2.26,6.3,191.13,0.4,False
20260824,2026-08-25T00:04:39.599319+00:00,IMVT,33,35,49.9,9.0,16.3,59.5,0.63,0.89,-3.65,44.96,📊,43.31999969482422,1.51,2.5,2.0,1.8>6.3,3.44,6.3,41.09,0.49,False
20260824,2026-08-25T00:04:39.599319+00:00,ETSY,34,36,49.0,7.0,11.3,15.1,1.09,-0.46,0.0,87.03,📊,87.02999877929688,3.77,2.5,2.0,6.1>9.3,1.52,9.3,86.47,1.28,False
20260824,2026-08-25T00:04:39.599319+00:00,EMBJ,35,37,47.6,9.0,21.9,38.1,0.96,2.35,-1.92,77.75,📊,76.26000213623047,2.57,2.5,1.0,4.7,,4.7,67.24,,False
20260824,2026-08-25T00:04:39.599319+00:00,XYZ,36,38,47.5,18.0,21.3,10.3,0.85,0.66,-3.85,84.64,⏳,81.37999725341797,2.76,2.5,5.0,6.0>9.0>12.4>6.5>7.5,1.25,7.5,84.64,1.34,False
20260824,2026-08-25T00:04:39.599319+00:00,CGON,37,39,47.2,8.0,14.3,51.6,0.76,0.78,-3.04,80.68,📊,78.2300033569336,2.93,2.5,2.0,6.1>8.1,1.32,8.1,75.24,1.02,False
20260824,2026-08-25T00:04:39.599319+00:00,ROIV,38,40,47.0,8.0,12.1,73.8,0.98,-0.07,-2.78,37.4,📊,36.36000061035156,1.23,2.5,2.0,7.8>6.4,0.81,6.4,35.1,0.97,False
20260824,2026-08-25T00:04:39.599319+00:00,EXPD,39,41,46.9,13.0,16.9,84.9,0.84,1.17,-0.23,188.27,📊,187.8300018310547,4.24,2.5,3.0,3.9>8.6>2.4,0.61,2.4,181.48,0.95,False
20260824,2026-08-25T00:04:39.599319+00:00,MFC,40,42,46.7,18.0,16.9,10.3,1.54,0.64,-3.56,44.4,⏳,42.81999969482422,0.89,2.5,4.0,1.6>6.2>2.6>3.5,2.09,3.5,40.78,1.17,False
20260824,2026-08-25T00:04:39.599319+00:00,PCVX,41,43,46.7,9.0,17.9,70.6,0.59,0.44,-2.26,63.3,📊,61.869998931884766,2.38,2.5,1.0,12.7,,12.7,60.67,,False
20260824,2026-08-25T00:04:39.599319+00:00,RPRX,42,44,46.1,13.0,14.6,74.6,0.78,0.66,-0.65,61.73,📊,61.33000183105469,1.46,2.5,3.0,5.2>4.6>5.3,1.02,5.3,59.73,0.79,False
20260824,2026-08-25T00:04:39.599319+00:00,INCY,43,45,45.2,8.0,12.8,59.5,1.03,0.73,-1.5,129.93,📊,127.9800033569336,3.37,2.5,2.0,3.6>8.9,2.46,8.9,129.93,1.76,False
20260824,2026-08-25T00:04:39.599319+00:00,SN,44,46,44.5,8.0,22.7,61.1,0.84,3.38,-2.97,188.59,📊,182.9900054931641,6.64,2.5,2.0,3.8>5.6,1.48,5.6,154.53,1.09,False
20260824,2026-08-25T00:04:39.599319+00:00,MPC,45,47,44.3,6.0,18.7,94.4,1.02,2.71,-0.74,365.21,📊,362.5199890136719,12.11,2.5,2.0,4.3>5.9,1.38,5.9,315.61,1.03,False
20260824,2026-08-25T00:04:39.599319+00:00,BEN,46,48,44.3,15.0,15.9,27.0,0.97,0.54,-3.21,35.77,⏳,34.619998931884766,0.72,2.5,5.0,4.8>4.1>4.3>6.4>6.7,1.4,6.7,35.77,1.05,False
20260824,2026-08-25T00:04:39.599319+00:00,EBC,47,49,44.3,37.0,23.2,7.9,0.77,0.14,-4.27,23.65,⏳,22.63999938964844,0.43,2.5,9.0,7.2>15.0>5.5>5.3>4.6>2.9>4.6>3.8>3.0,0.42,3.0,23.55,1.58,False
20260824,2026-08-25T00:04:39.599319+00:00,BAX,48,50,43.6,8.0,24.8,19.0,1.16,3.21,-6.56,28.35,⏳,26.489999771118164,0.85,2.5,3.0,4.6>7.2>8.6,1.86,8.6,28.35,1.34,False
20260824,2026-08-25T00:04:39.599319+00:00,TVTX,49,51,43.0,9.0,16.6,68.3,0.8,0.95,-1.12,65.96,📊,65.22000122070312,2.84,2.5,3.0,4.6>5.5>4.1,0.91,4.1,57.36,0.54,False
20260824,2026-08-25T00:04:39.599319+00:00,BNY,50,52,42.7,18.0,20.9,46.8,0.62,0.96,-1.3,164.27,📊,162.13999938964844,2.83,2.5,4.0,5.0>3.0>2.5>5.7,1.14,5.7,161.71,1.2,False
20260824,2026-08-25T00:04:39.599319+00:00,ING,51,53,42.7,19.0,23.5,30.2,0.69,0.96,-1.88,35.7,📊,35.029998779296875,0.42,2.5,5.0,4.3>2.9>8.3>4.4>2.3,0.53,2.3,32.54,0.98,False
20260824,2026-08-25T00:04:39.599319+00:00,MGA,52,54,42.6,13.0,14.8,19.8,0.98,0.45,-7.19,73.05,⏳,67.80000305175781,2.12,2.5,4.0,6.1>6.5>0.0>5.5,0.91,5.5,71.25,1.58,False
20260824,2026-08-25T00:04:39.599319+00:00,UGP,53,55,42.1,6.0,11.4,54.8,0.84,0.29,2.44,6.56,📊,6.71999979019165,0.23,2.5,2.0,5.0>10.0,1.99,10.0,6.5,1.13,False
20260824,2026-08-25T00:04:39.599319+00:00,LLY,54,56,41.7,11.0,14.3,57.1,0.91,0.26,-2.61,1280.34,📊,1246.9300537109375,45.41,2.5,4.0,5.4>7.2>8.6>4.1,0.76,4.1,1230.18,0.77,False
20260824,2026-08-25T00:04:39.599319+00:00,PSX,55,57,41.1,6.0,19.9,94.4,1.08,2.92,-0.63,243.49,📊,241.9600067138672,7.53,2.5,2.0,3.0>4.3,1.43,4.3,210.56,1.28,False
20260824,2026-08-25T00:04:39.599319+00:00,FRO,56,58,40.6,10.0,21.9,59.5,0.68,0.53,-0.9,44.45,📊,44.04999923706055,1.48,2.5,3.0,19.1>5.1>4.9,0.25,4.9,39.91,0.6,True
20260824,2026-08-25T00:04:39.599319+00:00,JHX,57,59,40.5,10.0,22.4,61.9,0.91,2.11,-2.83,31.08,📊,30.200000762939453,0.98,2.5,2.0,8.9>8.1,0.91,8.1,26.96,1.07,False
20260824,2026-08-25T00:04:39.599319+00:00,GH,58,60,40.1,8.0,15.9,28.6,0.88,-0.11,-4.44,170.77,⏳,163.17999267578125,7.11,2.5,2.0,15.9>6.7,0.42,6.7,168.48,0.83,True
20260824,2026-08-25T00:04:39.599319+00:00,AMRX,59,61,40.1,10.0,15.7,23.0,0.97,0.72,-6.91,19.1,⏳,17.780000686645508,0.63,2.5,2.0,3.6>10.5,2.88,10.5,19.1,0.78,False
20260824,2026-08-25T00:04:39.599319+00:00,OII,60,62,40.1,6.0,21.9,61.1,0.8,3.11,-6.75,54.11,📊,50.459999084472656,2.06,2.5,1.0,9.0,,9.0,52.73,,False
20260825,2026-08-26T00:04:22.496035+00:00,NMR,1,3,77.9,7.0,6.5,9.5,0.59,-0.38,-1.29,10.04,🔥,9.90999984741211,0.16,2.5,1.0,6.5,,6.5,10.04,,False
20260825,2026-08-26T00:04:22.496035+00:00,UBS,2,4,77.6,7.0,7.2,0.0,0.8,-0.15,-1.53,55.07,🔥,54.22999954223633,0.68,2.5,2.0,6.5>1.8,0.28,1.8,53.96,0.6,True
20260825,2026-08-26T00:04:22.496035+00:00,BAC,3,5,72.8,6.0,6.8,7.9,0.74,-0.13,-3.67,64.81,⏳,62.43000030517578,1.06,2.5,0.0,,,,,,False
20260825,2026-08-26T00:04:22.496035+00:00,YPF,4,6,72.8,6.0,8.1,2.4,0.62,-0.83,-5.1,52.7,⏳,50.0099983215332,1.99,2.5,1.0,7.4,,7.4,52.54,,False
20260825,2026-08-26T00:04:22.496035+00:00,BAYRY,5,7,71.8,7.0,9.1,2.4,0.65,-0.23,-0.97,14.45,🔥,14.3100004196167,0.25,2.5,2.0,9.1>4.2,0.45,4.2,14.44,1.87,True
20260825,2026-08-26T00:04:22.496035+00:00,VOYA,6,8,71.1,7.0,5.3,15.1,0.8,-0.3,-0.95,101.52,🔥,100.55999755859376,2.11,2.5,2.0,3.8>3.2,0.86,3.2,101.5,1.12,False
20260825,2026-08-26T00:04:22.496035+00:00,BBIO,7,9,70.0,6.0,6.7,6.3,0.64,-0.87,-6.02,85.55,⏳,80.4000015258789,2.86,2.5,3.0,2.9>6.5>5.7,1.99,5.7,84.67,0.96,False
20260825,2026-08-26T00:04:22.496035+00:00,SYRE,8,10,67.0,7.0,13.9,16.7,0.61,1.06,-1.43,108.92,🔥,107.36000061035156,4.75,2.5,2.0,7.6>3.3,0.44,3.3,105.33,0.93,True
20260825,2026-08-26T00:04:22.496035+00:00,SW,9,11,66.8,10.0,17.2,0.0,0.81,0.81,-1.81,50.34,🔥,49.43000030517578,1.45,2.5,3.0,10.4>9.5>4.6,0.44,4.6,49.57,0.61,True
20260825,2026-08-26T00:04:22.496035+00:00,MS,10,12,66.3,13.0,12.0,12.7,0.77,-0.07,-4.63,227.3,⏳,216.77000427246097,4.6,2.5,3.0,5.3>7.9>11.1,2.09,11.1,227.3,1.09,False
20260825,2026-08-26T00:04:22.496035+00:00,MFC,11,13,64.4,6.0,5.1,10.3,1.51,-0.68,-2.77,44.4,📊,43.16999816894531,0.73,2.5,0.0,,,,,,False
20260825,2026-08-26T00:04:22.496035+00:00,DNTH,12,14,64.2,7.0,17.8,8.7,0.73,1.78,-3.32,115.96,⏳,112.11000061035156,5.27,2.5,2.0,3.9>3.7,0.95,3.7,112.64,1.03,False
20260825,2026-08-26T00:04:22.496035+00:00,GSAT,13,15,63.8,18.0,6.9,40.5,0.71,-0.37,-2.84,84.43,📊,82.02999877929688,0.77,2.5,3.0,1.2>5.5>3.3,2.88,3.3,81.29,0.74,False
20260825,2026-08-26T00:04:22.496035+00:00,MUFG,14,16,63.7,7.0,8.7,8.7,0.92,-0.24,-3.77,23.1,⏳,22.229999542236328,0.43,2.5,2.0,6.4>5.5,0.86,5.5,23.1,1.06,False
20260825,2026-08-26T00:04:22.496035+00:00,LTH,15,17,63.0,7.0,9.3,6.3,1.01,0.71,-2.58,45.73,📊,44.54999923706055,1.25,2.5,2.0,2.1>7.1,3.34,7.1,45.7,1.48,False
20260825,2026-08-26T00:04:22.496035+00:00,STT,16,18,62.8,7.0,8.8,33.3,0.66,0.21,-0.05,193.04,📊,192.9499969482422,3.97,2.5,1.0,5.7,,5.7,186.59,,False
20260825,2026-08-26T00:04:22.496035+00:00,ROKU,17,19,62.2,10.0,15.7,31.0,0.58,1.19,0.0,159.76,📊,159.75999450683594,2.16,2.5,2.0,4.4>1.9,0.44,1.9,144.43,0.15,True
20260825,2026-08-26T00:04:22.496035+00:00,EQNR,18,20,61.8,6.0,17.7,12.7,0.73,1.81,-3.85,42.86,⏳,41.209999084472656,0.96,2.5,1.0,7.2,,7.2,40.7,,False
20260825,2026-08-26T00:04:22.496035+00:00,RYCEY,19,21,61.7,10.0,14.5,12.7,0.71,0.94,-1.14,21.12,🔥,20.8799991607666,0.39,2.5,1.0,9.8,,9.8,20.02,,False
20260825,2026-08-26T00:04:22.496035+00:00,ARWR,20,22,60.2,18.0,22.7,1.6,0.54,0.82,-0.79,89.59,🔥,88.87999725341797,2.83,2.5,8.0,5.7>8.2>8.2>10.5>3.8>17.9>4.6>4.5,0.78,4.5,89.59,0.68,False
20260825,2026-08-26T00:04:22.496035+00:00,CSX,21,23,59.1,17.0,16.8,1.6,0.81,0.62,-3.23,53.23,⏳,51.5099983215332,0.83,2.5,6.0,1.7>2.6>3.7>4.2>6.4>2.3,1.35,2.3,51.12,0.88,False
20260825,2026-08-26T00:04:22.496035+00:00,MT,22,24,56.0,15.0,21.5,2.4,0.75,0.7,-2.1,75.2,🔥,73.62000274658203,2.12,2.5,4.0,8.2>10.9>16.3>2.9,0.35,2.9,67.49,0.78,False
20260825,2026-08-26T00:04:22.496035+00:00,HSBC,23,25,55.2,19.0,20.1,11.9,0.8,0.57,-2.76,107.34,🔥,104.37999725341795,1.32,2.5,4.0,5.2>9.5>2.9>4.9,0.95,4.9,107.34,1.04,False
20260825,2026-08-26T00:04:22.496035+00:00,XYZ,24,26,54.9,18.0,21.3,9.5,0.83,0.65,-2.27,84.64,🔥,82.72000122070312,2.67,2.5,5.0,6.0>9.0>12.4>6.5>7.5,1.25,7.5,84.64,1.34,False
20260825,2026-08-26T00:04:22.496035+00:00,HUM,25,27,54.8,11.0,13.3,4.8,0.91,-0.2,-4.81,409.42,⏳,389.7099914550781,12.89,2.5,2.0,5.6>11.5,2.08,11.5,409.42,0.77,False
20260825,2026-08-26T00:04:22.496035+00:00,EC,26,28,53.8,12.0,20.4,8.7,0.64,0.77,-6.15,17.89,⏳,16.790000915527344,0.56,2.5,3.0,6.8>14.1>5.3,0.79,5.3,16.69,0.65,False
20260825,2026-08-26T00:04:22.496035+00:00,BEN,27,29,53.6,10.0,10.1,30.2,0.96,-0.02,-2.07,35.77,📊,35.029998779296875,0.66,2.5,3.0,4.3>6.4>6.7,1.57,6.7,35.77,0.76,False
20260825,2026-08-26T00:04:22.496035+00:00,AMRX,28,30,52.9,9.0,12.8,13.5,0.96,0.27,-6.18,19.1,⏳,17.920000076293945,0.62,2.5,2.0,3.6>10.5,2.88,10.5,19.1,0.78,False
20260825,2026-08-26T00:04:22.496035+00:00,BNS,29,31,52.2,9.0,7.7,58.7,0.81,0.03,1.7,91.54,🚀,93.0999984741211,1.78,2.5,3.0,2.0>2.2>4.7,2.37,4.7,90.29,0.59,False
20260825,2026-08-26T00:04:22.496035+00:00,MFG,30,32,52.1,10.0,13.0,21.4,0.85,0.37,-5.28,10.99,⏳,10.40999984741211,0.22,2.5,3.0,7.2>7.7>7.7,1.07,7.7,10.63,1.22,False
20260825,2026-08-26T00:04:22.496035+00:00,KMX,31,33,52.0,6.0,12.4,37.3,0.61,0.78,5.19,61.05,📊,64.22000122070312,1.99,2.5,1.0,4.1,,4.1,59.11,,False
20260825,2026-08-26T00:04:22.496035+00:00,ABBV,32,34,51.7,8.0,8.6,74.6,0.76,-0.11,-0.07,265.97,📊,265.7900085449219,5.4,2.5,2.0,6.2>7.4,1.19,7.4,263.3,1.06,False
20260825,2026-08-26T00:04:22.496035+00:00,RVMD,33,35,51.7,8.0,17.0,68.3,0.61,1.5,-2.14,216.0,📊,211.3800048828125,7.02,2.5,1.0,6.3,,6.3,191.13,,False
20260825,2026-08-26T00:04:22.496035+00:00,ING,34,36,51.6,19.0,23.5,11.9,0.69,0.98,-1.12,35.7,🔥,35.29999923706055,0.39,2.5,5.0,4.3>2.9>8.3>4.4>2.3,0.53,2.3,32.54,0.98,False
20260825,2026-08-26T00:04:22.496035+00:00,RELY,35,37,51.6,8.0,16.0,32.5,0.72,0.89,-1.69,26.67,📊,26.219999313354492,1.35,2.5,2.0,10.7>10.8,1.01,10.8,25.93,2.05,False
20260825,2026-08-26T00:04:22.496035+00:00,USFD,36,38,51.4,9.0,15.3,57.1,0.8,0.83,-1.85,110.94,📊,108.88999938964844,3.27,2.5,3.0,9.1>3.2>3.6,0.4,3.6,110.94,0.83,True
20260825,2026-08-26T00:04:22.496035+00:00,VLO,37,39,51.1,6.0,16.7,81.0,0.82,2.26,-2.75,350.05,📊,340.4100036621094,10.48,2.5,2.0,5.1>4.7,0.92,4.7,312.9,1.23,False
20260825,2026-08-26T00:04:22.496035+00:00,SAN,38,40,50.8,10.0,11.3,31.0,2.34,0.56,-1.28,14.82,📊,14.630000114440918,0.26,2.5,1.0,8.1,,8.1,14.37,,False
20260825,2026-08-26T00:04:22.496035+00:00,GH,39,41,50.2,8.0,15.9,11.9,0.88,-0.1,-3.43,170.77,⏳,164.9199981689453,7.16,2.5,2.0,15.9>6.7,0.42,6.7,168.48,0.83,True
20260825,2026-08-26T00:04:22.496035+00:00,DFTX,40,42,49.6,6.0,11.4,27.8,0.8,-0.33,-2.97,46.18,📊,44.810001373291016,3.07,2.5,2.0,8.5>11.3,1.34,11.3,46.14,1.51,False
20260825,2026-08-26T00:04:22.496035+00:00,IMVT,41,43,49.2,9.0,16.3,57.9,0.65,0.93,-3.25,44.96,📊,43.5,1.51,2.5,2.0,1.8>6.3,3.44,6.3,41.09,0.49,False
20260825,2026-08-26T00:04:22.496035+00:00,ETSY,42,44,48.9,7.0,11.3,13.5,1.12,-0.54,-2.99,87.03,📊,84.43000030517578,3.73,2.5,2.0,6.1>9.3,1.52,9.3,86.47,1.28,False
20260825,2026-08-26T00:04:22.496035+00:00,CGON,43,45,48.9,8.0,14.3,53.2,0.73,0.99,-2.14,80.68,📊,78.94999694824219,2.9,2.5,2.0,2.6>8.1,3.12,8.1,75.24,1.04,False
20260825,2026-08-26T00:04:22.496035+00:00,BDX,44,46,48.4,8.0,19.8,80.2,0.7,2.69,1.15,187.62,📊,189.77999877929688,4.59,2.5,2.0,4.8>4.4,0.91,4.4,159.93,0.85,False
20260825,2026-08-26T00:04:22.496035+00:00,NWG,45,47,48.3,20.0,23.6,11.1,0.74,0.63,-1.2,19.1,🔥,18.8700008392334,0.25,2.5,4.0,12.9>5.4>3.7>6.2,0.48,6.2,18.06,0.96,False
20260825,2026-08-26T00:04:22.496035+00:00,INCY,46,48,47.4,8.0,12.8,57.9,0.87,0.83,-0.16,129.93,📊,129.72000122070312,3.24,2.5,2.0,3.6>8.9,2.46,8.9,129.93,1.76,False
20260825,2026-08-26T00:04:22.496035+00:00,CAH,47,49,45.9,40.0,24.2,0.8,0.81,-0.08,-0.97,240.26,🔥,237.9199981689453,6.82,2.5,8.0,7.4>3.5>3.1>5.3>10.3>15.4>2.9>8.0,1.08,8.0,239.71,1.11,False
20260825,2026-08-26T00:04:22.496035+00:00,ROIV,48,50,45.7,8.0,12.1,65.9,0.99,-0.03,-2.49,37.4,📊,36.470001220703125,1.21,2.5,2.0,7.8>6.4,0.81,6.4,35.1,0.97,False
20260825,2026-08-26T00:04:22.496035+00:00,SN,49,51,45.1,8.0,22.7,50.8,0.83,3.3,-2.54,188.59,📊,183.8000030517578,5.69,2.5,2.0,3.8>5.6,1.48,5.6,154.53,1.09,False
20260825,2026-08-26T00:04:22.496035+00:00,MPC,50,52,44.5,6.0,18.7,93.7,1.03,2.83,-2.83,365.21,📊,354.8800048828125,11.38,2.5,2.0,4.3>5.9,1.38,5.9,315.61,1.03,False
20260825,2026-08-26T00:04:22.496035+00:00,RPRX,51,53,44.3,13.0,15.0,86.5,0.76,0.67,0.0,62.07,📊,62.06999969482422,1.42,2.5,3.0,5.2>4.6>5.3,1.02,5.3,59.73,0.79,False
20260825,2026-08-26T00:04:22.496035+00:00,PCVX,52,54,44.0,9.0,17.9,64.3,0.59,0.39,-3.49,63.3,📊,61.09000015258789,2.45,2.5,1.0,12.7,,12.7,60.67,,False
20260825,2026-08-26T00:04:22.496035+00:00,BAX,53,55,43.4,8.0,24.8,6.3,1.18,3.28,-7.27,28.35,⏳,26.290000915527344,0.8,2.5,3.0,4.6>7.2>8.6,1.86,8.6,28.35,1.34,False
20260825,2026-08-26T00:04:22.496035+00:00,CM,54,56,43.2,18.0,14.9,38.1,0.72,0.27,-4.37,123.74,📊,118.33000183105467,2.39,2.5,2.0,8.5>4.1,0.49,4.1,121.24,0.66,True
20260825,2026-08-26T00:04:22.496035+00:00,BBVA,55,57,42.7,14.0,24.9,23.8,1.29,2.08,0.52,28.8,📊,28.950000762939453,0.37,2.5,3.0,5.9>2.8>3.9,0.67,3.9,26.14,0.77,False
20260825,2026-08-26T00:04:22.496035+00:00,UGP,56,58,42.6,6.0,10.8,57.1,0.86,0.23,2.13,6.56,📊,6.699999809265137,0.23,2.5,2.0,5.0>10.0,1.99,10.0,6.5,1.13,False
20260825,2026-08-26T00:04:22.496035+00:00,BNY,57,59,42.5,18.0,20.9,49.2,0.6,0.99,-0.38,164.27,📊,163.64999389648438,2.82,2.5,4.0,5.0>3.0>2.5>5.7,1.14,5.7,161.71,1.2,False
20260825,2026-08-26T00:04:22.496035+00:00,JHX,58,60,42.3,10.0,21.9,54.8,0.87,2.08,-2.38,31.08,📊,30.34000015258789,0.99,2.5,3.0,8.9>8.1>5.8,0.65,5.8,31.08,0.84,False
20260825,2026-08-26T00:04:22.496035+00:00,CVE,59,61,42.0,6.0,17.3,65.9,0.87,2.04,-6.59,32.93,📊,30.760000228881836,0.92,2.5,1.0,8.5,,8.5,30.32,,False
20260825,2026-08-26T00:04:22.496035+00:00,PSX,60,62,41.4,6.0,19.9,93.7,1.09,3.08,-2.71,243.49,📊,236.8999938964844,7.13,2.5,2.0,3.0>4.3,1.43,4.3,210.56,1.28,False
20260825,2026-08-26T00:04:22.496035+00:00,FRO,61,63,40.8,10.0,21.9,60.3,0.71,0.66,-2.23,44.45,📊,43.459999084472656,1.47,2.5,3.0,19.1>5.1>4.9,0.25,4.9,39.91,0.6,True
20260825,2026-08-26T00:04:22.496035+00:00,INGM,62,64,40.8,19.0,20.1,11.1,0.61,-0.42,-8.0,31.54,⏳,29.020000457763672,0.86,2.5,5.0,17.9>10.1>14.8>3.6>8.8,0.49,8.8,30.31,0.62,False
20260826,2026-08-27T00:03:27.113771+00:00,UBS,1,3,79.4,6.0,5.5,0.0,0.74,-0.2,0.0,54.52,🔥,54.52000045776367,0.64,2.5,2.0,3.7>1.8,0.49,1.8,53.96,0.64,True
20260826,2026-08-27T00:03:27.113771+00:00,BAYRY,2,4,74.8,7.0,9.1,0.8,0.64,-0.07,-1.32,14.44,🔥,14.25,0.24,2.5,2.0,9.1>4.2,0.46,4.2,14.44,2.06,True
20260826,2026-08-27T00:03:27.113771+00:00,BAC,3,5,74.2,6.0,6.8,4.0,0.72,-0.22,-3.98,64.81,⏳,62.22999954223633,1.03,2.5,0.0,,,,,,False
20260826,2026-08-27T00:03:27.113771+00:00,NMR,4,6,73.8,7.0,6.6,16.7,0.54,-0.36,0.0,10.05,🔥,10.050000190734863,0.16,2.5,1.0,6.5,,6.5,10.04,,False
20260826,2026-08-27T00:03:27.113771+00:00,YPF,5,7,73.5,6.0,8.1,2.4,0.63,-0.91,-4.61,52.7,⏳,50.27000045776367,1.96,2.5,1.0,7.4,,7.4,52.54,,False
20260826,2026-08-27T00:03:27.113771+00:00,PFG,6,8,73.0,11.0,8.6,5.6,0.77,-0.08,-2.77,115.41,🔥,112.20999908447266,1.93,2.5,2.0,6.2>5.8,0.94,5.8,113.95,0.88,False
20260826,2026-08-27T00:03:27.113771+00:00,STT,7,9,70.1,7.0,8.8,20.6,0.64,0.36,0.3,193.04,📊,193.6199951171875,3.92,2.5,1.0,5.7,,5.7,186.59,,False
20260826,2026-08-27T00:03:27.113771+00:00,LTH,8,10,69.6,7.0,9.3,4.8,0.97,0.66,-2.03,45.73,📊,44.79999923706055,1.11,2.5,2.0,2.1>7.1,3.34,7.1,45.7,1.48,False
20260826,2026-08-27T00:03:27.113771+00:00,MET,9,11,69.5,6.0,8.0,1.6,0.96,-0.22,-3.43,99.95,⏳,96.5199966430664,1.63,2.5,0.0,,,,,,False
20260826,2026-08-27T00:03:27.113771+00:00,VOYA,10,12,69.2,7.0,4.9,17.5,0.79,-0.32,0.0,101.54,🔥,101.54000091552734,2.12,2.5,2.0,3.8>3.2,0.86,3.2,101.5,1.12,False
20260826,2026-08-27T00:03:27.113771+00:00,RYCEY,11,13,67.7,10.0,14.5,0.0,0.7,0.9,-0.76,21.12,🔥,20.959999084472656,0.38,2.5,1.0,9.8,,9.8,20.02,,False
20260826,2026-08-27T00:03:27.113771+00:00,GSAT,12,14,67.7,18.0,6.9,31.7,0.71,-0.37,-3.09,84.43,📊,81.81999969482422,0.79,2.5,3.0,1.2>5.5>3.3,2.88,3.3,81.29,0.74,False
20260826,2026-08-27T00:03:27.113771+00:00,ERAS,13,15,67.6,6.0,12.5,4.0,0.6,-1.93,-1.85,19.51,🔥,19.149999618530273,1.11,2.5,1.0,9.2,,9.2,19.51,,False
20260826,2026-08-27T00:03:27.113771+00:00,MUFG,14,16,67.4,7.0,8.0,7.1,0.88,-0.35,-2.86,23.1,🔥,22.440000534057617,0.43,2.5,3.0,6.4>5.5>6.7,1.05,6.7,23.1,0.87,False
20260826,2026-08-27T00:03:27.113771+00:00,SW,15,17,67.3,10.0,17.2,0.8,0.78,0.83,-1.55,50.34,🔥,49.560001373291016,1.41,2.5,3.0,10.4>9.5>4.6,0.44,4.6,49.57,0.61,True
20260826,2026-08-27T00:03:27.113771+00:00,SMFG,16,18,67.2,7.0,7.4,11.9,0.71,-0.92,-4.08,26.5,⏳,25.420000076293945,0.48,2.5,2.0,6.1>5.6,0.92,5.6,26.34,1.13,False
20260826,2026-08-27T00:03:27.113771+00:00,SAN,17,19,65.7,10.0,10.9,0.0,2.37,0.51,-0.81,14.82,📊,14.699999809265137,0.25,2.5,2.0,8.1>4.4,0.54,4.4,14.82,3.19,False
20260826,2026-08-27T00:03:27.113771+00:00,MFC,18,20,64.1,6.0,5.1,11.1,1.46,-0.76,-2.63,44.4,📊,43.22999954223633,0.7,2.5,0.0,,,,,,False
20260826,2026-08-27T00:03:27.113771+00:00,CNC,19,21,64.1,11.0,11.8,1.6,0.78,-0.31,-4.73,68.72,⏳,65.47000122070312,2.08,2.5,2.0,8.4>11.5,1.36,11.5,68.72,0.94,False
20260826,2026-08-27T00:03:27.113771+00:00,DNTH,20,22,63.8,9.0,22.2,1.6,0.7,2.18,-4.48,115.96,⏳,110.76000213623048,4.94,2.5,2.0,3.9>3.7,0.95,3.7,112.64,1.03,False
20260826,2026-08-27T00:03:27.113771+00:00,BBVA,21,23,63.5,10.0,17.3,0.0,1.27,1.72,-0.62,29.21,📊,29.030000686645508,0.35,2.5,2.0,2.8>3.9,1.41,3.9,26.14,0.7,False
20260826,2026-08-27T00:03:27.113771+00:00,EQNR,22,24,63.3,6.0,17.7,13.5,0.7,1.53,-3.62,42.86,⏳,41.310001373291016,0.92,2.5,1.0,7.2,,7.2,40.7,,False
20260826,2026-08-27T00:03:27.113771+00:00,LAUR,23,25,63.3,10.0,11.7,4.8,0.76,-0.3,-4.42,40.46,⏳,38.66999816894531,0.88,2.5,3.0,2.3>11.4>4.5,1.93,4.5,38.41,0.64,False
20260826,2026-08-27T00:03:27.113771+00:00,ROKU,24,26,62.6,10.0,15.7,31.0,0.59,1.26,-0.73,159.76,📊,158.60000610351562,1.99,2.5,2.0,2.4>1.9,0.79,1.9,144.43,0.19,False
20260826,2026-08-27T00:03:27.113771+00:00,MFG,25,27,61.5,12.0,15.6,0.0,0.76,0.64,-4.91,10.99,⏳,10.449999809265137,0.22,2.5,4.0,4.5>7.2>7.7>7.7,1.72,7.7,10.63,1.18,False
20260826,2026-08-27T00:03:27.113771+00:00,AMRX,26,28,60.9,9.0,12.6,3.2,0.93,0.2,-5.81,19.1,⏳,17.989999771118164,0.57,2.5,2.0,3.6>10.5,2.88,10.5,19.1,0.78,False
20260826,2026-08-27T00:03:27.113771+00:00,CSX,27,29,60.1,17.0,16.8,2.4,0.78,0.64,-2.76,53.23,🔥,51.7599983215332,0.84,2.5,6.0,1.7>2.6>3.7>4.2>6.4>2.3,1.35,2.3,51.12,0.88,False
20260826,2026-08-27T00:03:27.113771+00:00,BEN,28,30,59.8,10.0,10.1,17.5,0.93,-0.03,-2.12,35.77,🔥,35.0099983215332,0.61,2.5,3.0,4.3>6.4>6.7,1.57,6.7,35.77,0.76,False
20260826,2026-08-27T00:03:27.113771+00:00,HUM,29,31,59.6,11.0,12.5,4.8,0.78,-0.25,-4.48,409.42,⏳,391.05999755859375,13.03,2.5,3.0,5.6>11.5>2.8,0.51,2.8,389.05,0.43,False
20260826,2026-08-27T00:03:27.113771+00:00,ARWR,30,32,59.5,18.0,22.7,2.4,0.52,0.83,-0.52,89.59,🔥,89.12000274658203,2.85,2.5,8.0,5.7>8.2>8.2>10.5>3.8>17.9>4.6>4.5,0.78,4.5,89.59,0.68,False
20260826,2026-08-27T00:03:27.113771+00:00,ING,31,33,57.4,19.0,23.5,0.0,0.67,1.0,-0.36,35.7,🔥,35.56999969482422,0.38,2.5,5.0,4.3>2.9>8.3>4.4>2.3,0.53,2.3,32.54,0.98,False
20260826,2026-08-27T00:03:27.113771+00:00,KMX,32,34,57.0,6.0,11.7,42.1,0.56,0.74,2.75,62.13,📊,63.84000015258789,1.89,2.5,1.0,4.1,,4.1,59.11,,False
20260826,2026-08-27T00:03:27.113771+00:00,MT,33,35,56.7,15.0,21.5,0.0,0.74,0.71,-0.89,75.2,🔥,74.52999877929688,2.13,2.5,4.0,8.2>10.9>16.3>2.9,0.35,2.9,67.49,0.78,False
20260826,2026-08-27T00:03:27.113771+00:00,HSBC,34,36,55.9,19.0,20.1,9.5,0.8,0.6,-3.44,107.34,⏳,103.6500015258789,1.31,2.5,4.0,5.2>9.5>2.9>4.9,0.95,4.9,107.34,1.04,False
20260826,2026-08-27T00:03:27.113771+00:00,GH,35,37,54.9,8.0,16.0,1.6,0.85,-0.07,0.0,170.92,🔥,170.9199981689453,7.36,2.5,2.0,15.9>6.7,0.42,6.7,168.48,0.83,True
20260826,2026-08-27T00:03:27.113771+00:00,XYZ,36,38,54.0,18.0,21.3,11.9,0.82,0.65,-1.82,84.64,🔥,83.0999984741211,2.4,2.5,5.0,6.0>9.0>12.4>6.5>7.5,1.25,7.5,84.64,1.34,False
20260826,2026-08-27T00:03:27.113771+00:00,BAX,37,39,53.0,8.0,23.6,3.2,1.15,3.08,-6.53,28.35,⏳,26.5,0.76,2.5,3.0,4.6>7.2>8.6,1.86,8.6,28.35,1.34,False
20260826,2026-08-27T00:03:27.113771+00:00,VLO,38,40,52.1,6.0,14.9,78.6,0.82,2.17,-0.58,350.05,📊,348.0299987792969,10.73,2.5,2.0,5.1>4.7,0.92,4.7,312.9,1.23,False
20260826,2026-08-27T00:03:27.113771+00:00,EC,39,41,52.1,13.0,20.4,5.6,0.63,0.89,-7.66,17.89,⏳,16.520000457763672,0.51,2.5,2.0,14.1>5.3,0.38,5.3,16.69,0.59,True
20260826,2026-08-27T00:03:27.113771+00:00,USFD,40,42,51.9,9.0,14.6,54.8,0.77,0.79,-2.24,110.94,📊,108.45999908447266,2.67,2.5,3.0,9.1>3.2>3.6,0.4,3.6,110.94,0.83,True
20260826,2026-08-27T00:03:27.113771+00:00,IMVT,41,43,51.8,9.0,15.2,54.8,0.62,0.97,-2.38,44.96,📊,43.88999938964844,1.48,2.5,2.0,1.8>6.3,3.44,6.3,41.09,0.49,False
20260826,2026-08-27T00:03:27.113771+00:00,RELY,42,44,51.7,8.0,15.5,29.4,0.73,0.84,-3.45,26.67,⏳,25.75,1.21,2.5,2.0,10.7>10.8,1.01,10.8,25.93,2.05,False
20260826,2026-08-27T00:03:27.113771+00:00,INCY,43,45,50.9,8.0,12.4,59.5,0.79,0.83,-1.39,129.93,📊,128.1199951171875,3.06,2.5,2.0,3.6>8.9,2.46,8.9,129.93,1.76,False
20260826,2026-08-27T00:03:27.113771+00:00,EMBJ,44,46,50.7,10.0,23.2,27.0,0.97,2.36,-3.19,77.75,⏳,75.2699966430664,2.54,2.5,1.0,4.7,,4.7,67.24,,False
20260826,2026-08-27T00:03:27.113771+00:00,RVMD,45,47,50.6,8.0,17.0,63.5,0.63,1.62,-0.26,216.0,📊,215.44000244140625,7.86,2.5,1.0,6.3,,6.3,191.13,,False
20260826,2026-08-27T00:03:27.113771+00:00,BNS,46,48,50.2,9.0,7.7,60.3,0.85,0.08,2.24,91.54,🚀,93.58999633789062,1.87,2.5,3.0,2.0>2.2>4.7,2.37,4.7,90.29,0.59,False
20260826,2026-08-27T00:03:27.113771+00:00,SWK,47,49,50.0,9.0,17.2,8.7,1.14,1.22,-4.08,104.0,⏳,99.76000213623048,2.59,2.5,3.0,8.5>4.3>5.4,0.64,5.4,104.0,0.92,False
20260826,2026-08-27T00:03:27.113771+00:00,BDX,48,50,48.2,9.0,23.0,80.2,0.69,2.73,-0.93,192.0,📊,190.2100067138672,4.21,2.5,2.0,4.8>4.4,0.91,4.4,159.93,0.85,False
20260826,2026-08-27T00:03:27.113771+00:00,CGON,49,51,48.0,9.0,14.8,46.8,0.7,0.75,-2.8,80.68,📊,78.41999816894531,2.71,2.5,2.0,6.1>8.1,1.32,8.1,75.24,1.02,False
20260826,2026-08-27T00:03:27.113771+00:00,FTNT,50,52,47.2,8.0,10.9,25.4,0.75,-0.78,-6.39,168.29,⏳,157.5399932861328,5.47,2.5,2.0,10.1>5.1,0.51,5.1,168.29,1.11,False
20260826,2026-08-27T00:03:27.113771+00:00,NTRS,51,53,46.6,18.0,17.3,18.3,0.97,0.63,-1.99,191.47,📊,187.66000366210935,3.69,2.5,5.0,6.8>2.6>3.6>1.4>7.1,1.03,7.1,191.13,0.95,False
20260826,2026-08-27T00:03:27.113771+00:00,CVE,52,54,46.5,6.0,17.3,64.3,0.85,1.93,-4.4,32.93,📊,31.479999542236328,1.0,2.5,1.0,8.5,,8.5,30.32,,False
20260826,2026-08-27T00:03:27.113771+00:00,CAH,53,55,46.4,40.0,24.2,0.8,0.78,-0.08,-0.77,240.26,🔥,238.3999938964844,6.36,2.5,8.0,7.4>3.5>3.1>5.3>10.3>15.4>2.9>8.0,1.08,8.0,239.71,1.11,False
20260826,2026-08-27T00:03:27.113771+00:00,PCVX,54,56,46.4,9.0,16.3,50.8,0.58,0.33,-3.49,63.3,📊,61.09000015258789,2.24,2.5,1.0,12.7,,12.7,60.67,,False
20260826,2026-08-27T00:03:27.113771+00:00,RPRX,55,57,46.1,13.0,15.0,92.1,0.74,0.7,-0.43,62.07,📊,61.79999923706055,1.3,2.5,3.0,5.2>4.6>5.3,1.02,5.3,59.73,0.79,False
20260826,2026-08-27T00:03:27.113771+00:00,ETSY,56,58,45.9,7.0,10.7,8.7,1.14,-0.71,-6.08,87.03,⏳,81.73999786376953,3.39,2.5,2.0,6.1>9.3,1.52,9.3,86.47,1.28,False
20260826,2026-08-27T00:03:27.113771+00:00,CM,57,59,44.2,18.0,14.9,35.7,0.72,0.27,-4.48,123.74,📊,118.1999969482422,2.31,2.5,2.0,8.5>4.1,0.49,4.1,121.24,0.66,True
20260826,2026-08-27T00:03:27.113771+00:00,MPC,58,60,43.9,6.0,18.7,91.3,1.04,2.8,-0.81,365.21,📊,362.2699890136719,11.95,2.5,2.0,4.3>5.9,1.38,5.9,315.61,1.03,False
20260826,2026-08-27T00:03:27.113771+00:00,SN,59,61,43.8,8.0,22.7,42.9,0.82,3.43,-0.02,188.59,📊,188.5500030517578,5.5,2.5,2.0,3.5>5.6,1.6,5.6,154.53,1.08,False
20260826,2026-08-27T00:03:27.113771+00:00,JHX,60,62,43.4,10.0,21.9,43.7,0.81,2.06,-2.99,31.08,📊,30.149999618530273,0.97,2.5,3.0,8.9>8.1>5.8,0.65,5.8,31.08,0.84,False
20260826,2026-08-27T00:03:27.113771+00:00,PSX,61,63,43.3,6.0,17.8,92.1,1.09,2.99,-0.52,243.49,📊,242.22999572753903,7.25,2.5,2.0,3.0>4.3,1.43,4.3,210.56,1.28,False
20260826,2026-08-27T00:03:27.113771+00:00,BNY,62,64,42.5,19.0,22.0,38.1,0.59,0.94,-0.72,164.27,📊,163.0800018310547,2.83,2.5,4.0,5.0>3.0>2.5>5.7,1.14,5.7,161.71,1.2,False
20260826,2026-08-27T00:03:27.113771+00:00,INGM,63,65,42.5,20.0,21.0,6.3,0.63,-0.4,-7.55,31.54,⏳,29.15999984741211,0.86,2.5,6.0,17.9>10.1>14.8>3.6>8.8>5.2,0.29,5.2,28.55,0.36,False
20260826,2026-08-27T00:03:27.113771+00:00,ALL,64,66,41.7,8.0,13.0,37.3,0.97,0.27,-4.83,275.11,📊,261.80999755859375,6.22,2.5,2.0,6.6>7.0,1.06,7.0,275.11,1.19,False
20260826,2026-08-27T00:03:27.113771+00:00,ROIV,65,67,41.7,9.0,12.1,43.7,0.99,0.04,-1.74,37.4,📊,36.75,1.09,2.5,2.0,7.8>6.4,0.81,6.4,35.1,0.97,False
20260826,2026-08-27T00:03:27.113771+00:00,UGP,66,68,41.6,7.0,13.8,56.3,0.86,0.41,-4.3,6.74,📊,6.449999809265137,0.25,2.5,2.0,5.0>10.0,1.99,10.0,6.5,1.13,False
20260826,2026-08-27T00:03:27.113771+00:00,NTAP,67,69,41.2,7.0,22.9,57.9,0.72,2.95,-6.39,207.08,📊,193.8500061035156,7.21,2.5,1.0,8.5,,8.5,174.55,,False
20260826,2026-08-27T00:03:27.113771+00:00,EXPD,68,70,40.7,14.0,18.0,83.3,0.82,1.17,0.0,190.18,📊,190.17999267578125,3.65,2.5,3.0,3.9>8.6>2.4,0.61,2.4,181.48,0.95,False
20260826,2026-08-27T00:03:27.113771+00:00,ARMK,69,71,40.7,13.0,16.2,71.4,0.93,0.78,-4.41,62.27,📊,59.52000045776367,1.48,2.5,5.0,2.9>2.2>1.6>3.5>3.8,1.32,3.8,57.81,0.88,False
20260826,2026-08-27T00:03:27.113771+00:00,ANET,70,72,40.4,8.0,25.0,31.0,0.81,1.69,-3.92,210.5,📊,202.25,8.24,2.5,2.0,9.8>10.6,1.07,10.6,176.61,0.82,False
20260826,2026-08-27T00:03:27.113771+00:00,TGT,71,73,40.2,7.0,22.7,99.2,0.98,3.0,-3.44,169.89,📊,164.0399932861328,5.46,2.5,1.0,4.1,,4.1,139.14,,False
20260826,2026-08-27T00:03:27.113771+00:00,XENE,72,74,40.1,8.0,15.8,24.6,0.48,-1.49,-10.1,70.96,📊,63.790000915527344,2.31,2.5,1.0,12.3,,12.3,70.96,,False
20260827,2026-08-28T00:02:33.777703+00:00,UBS,1,3,80.6,8.0,7.3,0.8,0.71,0.02,-1.29,55.07,🔥,54.36000061035156,0.6,2.5,2.0,6.5>1.8,0.28,1.8,53.96,0.6,True
20260827,2026-08-28T00:02:33.777703+00:00,RYCEY,2,4,77.4,10.0,14.5,0.0,0.55,0.9,-1.66,21.12,🔥,20.770000457763672,0.37,2.5,2.0,9.8>3.7,0.38,3.7,21.12,0.66,True
20260827,2026-08-28T00:02:33.777703+00:00,BAYRY,3,5,77.1,7.0,9.1,0.8,0.61,0.04,-2.22,14.44,🔥,14.119999885559082,0.24,2.5,2.0,8.1>4.2,0.52,4.2,14.44,2.01,False
20260827,2026-08-28T00:02:33.777703+00:00,YPF,4,6,77.1,6.0,7.6,0.0,0.62,-1.04,-4.21,52.7,⏳,50.47999954223633,1.99,2.5,1.0,7.4,,7.4,52.54,,False
20260827,2026-08-28T00:02:33.777703+00:00,GSAT,5,7,74.6,19.0,6.9,20.6,0.67,-0.37,-2.82,84.43,🔥,82.05000305175781,0.78,2.5,3.0,1.2>5.5>3.3,2.88,3.3,81.29,0.74,False
20260827,2026-08-28T00:02:33.777703+00:00,PFG,6,8,73.0,11.0,8.6,6.3,0.76,-0.12,-2.81,115.41,🔥,112.16999816894533,1.91,2.5,3.0,6.2>5.8>4.2,0.69,4.2,115.41,0.48,False
20260827,2026-08-28T00:02:33.777703+00:00,DNTH,7,9,71.2,6.0,12.9,1.6,0.67,0.84,-3.81,115.96,⏳,111.54000091552734,4.65,2.5,3.0,3.9>3.7>5.6,1.43,5.6,115.96,0.87,False
20260827,2026-08-28T00:02:33.777703+00:00,MET,8,10,71.1,7.0,8.9,2.4,0.89,0.13,-3.7,99.95,⏳,96.25,1.52,2.5,1.0,6.5,,6.5,99.95,,False
20260827,2026-08-28T00:02:33.777703+00:00,STT,9,11,70.7,7.0,9.1,19.8,0.61,0.22,-0.13,193.62,🔥,193.3699951171875,3.89,2.5,2.0,5.7>5.2,0.91,5.2,193.04,0.53,False
20260827,2026-08-28T00:02:33.777703+00:00,NMR,10,12,70.1,7.0,6.5,22.2,0.49,-0.17,0.8,10.04,📊,10.119999885559082,0.16,2.5,1.0,6.5,,6.5,10.04,,False
20260827,2026-08-28T00:02:33.777703+00:00,MUFG,11,13,69.4,7.0,7.7,7.1,0.83,-0.47,-2.86,23.1,🔥,22.440000534057617,0.44,2.5,3.0,6.4>5.5>6.7,1.05,6.7,23.1,0.87,False
20260827,2026-08-28T00:02:33.777703+00:00,SMFG,12,14,68.7,8.0,7.4,11.9,0.68,-0.65,-4.04,26.5,⏳,25.43000030517578,0.47,2.5,3.0,6.1>5.6>6.8,1.11,6.8,26.32,0.64,False
20260827,2026-08-28T00:02:33.777703+00:00,EQNR,13,15,67.6,6.0,13.7,14.3,0.69,1.14,-3.06,42.86,⏳,41.54999923706055,0.96,2.5,1.0,7.2,,7.2,40.7,,False
20260827,2026-08-28T00:02:33.777703+00:00,CNC,14,16,65.8,11.0,11.8,0.0,0.74,-0.29,-4.93,68.72,⏳,65.33000183105469,2.0,2.5,3.0,7.2>11.5>4.9,0.69,4.9,67.47,0.52,False
20260827,2026-08-28T00:02:33.777703+00:00,SAN,15,17,65.7,10.0,10.9,0.0,2.36,0.47,-1.82,14.82,📊,14.550000190734863,0.25,2.5,2.0,8.1>4.4,0.54,4.4,14.82,3.19,False
20260827,2026-08-28T00:02:33.777703+00:00,LTH,16,18,65.3,7.0,9.3,4.8,0.94,0.54,-3.02,45.73,⏳,44.349998474121094,1.08,2.5,2.0,2.1>7.1,3.34,7.1,45.7,1.48,False
20260827,2026-08-28T00:02:33.777703+00:00,VOYA,17,19,65.3,7.0,5.1,24.6,0.81,-0.35,-0.37,101.54,🔥,101.16000366210938,1.98,2.5,3.0,3.8>3.2>4.0,1.05,4.0,101.05,0.82,False
20260827,2026-08-28T00:02:33.777703+00:00,MFC,18,20,64.4,6.0,5.1,10.3,1.46,-0.82,-2.81,44.4,📊,43.150001525878906,0.66,2.5,1.0,5.1,,5.1,44.4,,False
20260827,2026-08-28T00:02:33.777703+00:00,AMRX,19,21,64.2,9.0,12.6,0.8,0.89,0.19,-5.71,19.1,⏳,18.010000228881836,0.59,2.5,2.0,3.6>10.5,2.88,10.5,19.1,0.78,False
20260827,2026-08-28T00:02:33.777703+00:00,BBVA,20,22,64.0,10.0,17.3,0.0,1.18,1.66,-1.78,29.21,📊,28.690000534057617,0.34,2.5,2.0,2.8>3.9,1.41,3.9,26.14,0.7,False
20260827,2026-08-28T00:02:33.777703+00:00,ROKU,21,23,64.0,10.0,15.7,29.4,0.58,1.25,-2.2,159.76,📊,156.25,1.92,2.5,2.0,2.4>1.9,0.79,1.9,144.43,0.19,False
20260827,2026-08-28T00:02:33.777703+00:00,ERAS,22,24,63.4,6.0,12.5,8.7,0.61,-1.64,-0.1,19.51,🔥,19.489999771118164,1.13,2.5,1.0,12.5,,12.5,19.51,,False
20260827,2026-08-28T00:02:33.777703+00:00,MFG,23,25,62.9,12.0,14.9,0.0,0.72,0.54,-5.0,10.99,⏳,10.4399995803833,0.22,2.5,5.0,4.5>7.2>7.7>7.7>7.8,1.74,7.8,10.99,0.76,False
20260827,2026-08-28T00:02:33.777703+00:00,LAUR,24,26,62.8,11.0,12.5,8.7,0.72,-0.18,-3.51,40.46,⏳,39.040000915527344,0.86,2.5,4.0,6.7>2.3>11.4>4.5,0.67,4.5,38.41,0.77,False
20260827,2026-08-28T00:02:33.777703+00:00,HUM,25,27,61.4,11.0,12.5,4.8,0.72,-0.28,-4.1,409.42,⏳,392.6300048828125,12.25,2.5,3.0,5.6>11.5>2.8,0.51,2.8,389.05,0.43,False
20260827,2026-08-28T00:02:33.777703+00:00,ARWR,26,28,60.4,18.0,21.7,4.0,0.5,0.79,-1.12,89.59,🔥,88.58999633789062,2.76,2.5,8.0,5.7>8.2>8.2>10.5>3.8>17.9>4.6>4.5,0.78,4.5,89.59,0.68,False
20260827,2026-08-28T00:02:33.777703+00:00,CSX,27,29,60.2,17.0,16.8,3.2,0.75,0.65,-3.17,53.23,⏳,51.540000915527344,0.82,2.5,5.0,2.6>3.7>4.2>6.4>2.3,0.88,2.3,51.12,0.69,False
20260827,2026-08-28T00:02:33.777703+00:00,KMX,28,30,59.9,6.0,12.9,45.2,0.55,0.73,-2.46,64.22,📊,62.63999938964844,1.92,2.5,1.0,4.1,,4.1,59.11,,False
20260827,2026-08-28T00:02:33.777703+00:00,ING,29,31,59.3,19.0,23.5,0.0,0.65,1.02,-1.68,35.7,🔥,35.099998474121094,0.4,2.5,6.0,4.3>2.9>8.3>4.4>2.3>3.4,0.78,3.4,35.7,0.76,False
20260827,2026-08-28T00:02:33.777703+00:00,GH,30,32,59.0,9.0,16.4,1.6,0.83,0.26,-1.4,170.92,🔥,168.52000427246094,6.88,2.5,2.0,15.9>6.7,0.42,6.7,168.48,0.83,True
20260827,2026-08-28T00:02:33.777703+00:00,MT,31,33,57.2,15.0,21.5,0.0,0.72,0.72,-0.75,75.2,🔥,74.62999725341797,2.07,2.5,5.0,8.2>10.9>16.3>2.9>5.4,0.66,5.4,75.2,0.73,False
20260827,2026-08-28T00:02:33.777703+00:00,HSBC,32,34,56.2,19.0,20.1,8.7,0.77,0.62,-4.18,107.34,⏳,102.8499984741211,1.27,2.5,4.0,5.2>9.5>2.9>4.9,0.95,4.9,107.34,1.04,False
20260827,2026-08-28T00:02:33.777703+00:00,TD,33,35,54.5,10.0,6.6,50.8,0.87,-0.4,-2.97,124.8,📊,121.08999633789062,2.09,2.5,2.0,3.0>6.3,2.07,6.3,124.8,0.69,False
20260827,2026-08-28T00:02:33.777703+00:00,RELY,34,36,53.9,8.0,15.5,23.8,0.74,0.82,-2.57,26.67,🔥,25.98500061035156,1.12,2.5,3.0,4.7>10.7>10.8,2.31,10.8,25.93,2.4,False
20260827,2026-08-28T00:02:33.777703+00:00,SWK,35,37,53.8,9.0,17.2,0.8,1.06,1.18,-4.58,104.0,⏳,99.23999786376952,2.4,2.5,3.0,8.5>4.3>5.4,0.64,5.4,104.0,0.92,False
20260827,2026-08-28T00:02:33.777703+00:00,INCY,36,38,52.9,8.0,12.1,61.1,0.73,0.81,-1.69,129.93,📊,127.73999786376952,2.96,2.5,2.0,3.6>8.9,2.46,8.9,129.93,1.76,False
20260827,2026-08-28T00:02:33.777703+00:00,BEN,37,39,52.8,16.0,15.9,15.1,0.88,0.54,-2.66,35.77,🔥,34.81999969482422,0.6,2.5,5.0,4.8>4.1>4.3>6.4>6.7,1.4,6.7,35.77,1.05,False
20260827,2026-08-28T00:02:33.777703+00:00,VLO,38,40,52.1,6.0,14.9,77.8,0.82,2.09,-0.99,350.05,📊,346.5899963378906,10.6,2.5,2.0,5.1>4.7,0.92,4.7,312.9,1.23,False
20260827,2026-08-28T00:02:33.777703+00:00,ETSY,39,41,51.6,7.0,9.9,8.7,1.17,-0.83,-4.7,87.03,⏳,82.94000244140625,3.3,2.5,2.0,6.1>9.3,1.52,9.3,86.47,1.28,False
20260827,2026-08-28T00:02:33.777703+00:00,BNS,40,42,51.5,9.0,7.7,63.5,0.87,0.11,1.52,91.54,📊,92.93000030517578,1.92,2.5,3.0,1.8>2.2>4.7,2.56,4.7,90.29,0.55,False
20260827,2026-08-28T00:02:33.777703+00:00,IMVT,41,43,51.4,9.0,15.2,53.2,0.63,1.02,-2.54,44.96,📊,43.81999969482422,1.44,2.5,2.0,1.8>6.3,3.44,6.3,41.09,0.49,False
20260827,2026-08-28T00:02:33.777703+00:00,BDX,42,44,50.7,9.0,21.6,76.2,0.68,2.7,-2.02,192.0,📊,188.1300048828125,4.1,2.5,2.0,4.8>4.4,0.91,4.4,159.93,0.85,False
20260827,2026-08-28T00:02:33.777703+00:00,EC,43,45,50.5,13.0,20.4,9.5,0.62,0.84,-7.43,17.89,⏳,16.559999465942383,0.48,2.5,2.0,14.1>5.3,0.38,5.3,16.69,0.59,True
20260827,2026-08-28T00:02:33.777703+00:00,NTRS,44,46,49.8,18.0,16.8,11.9,0.97,0.57,-2.72,191.47,📊,186.27000427246097,3.65,2.5,6.0,6.8>2.6>3.6>1.4>7.1>4.7,0.69,4.7,191.47,0.7,False
20260827,2026-08-28T00:02:33.777703+00:00,ANET,45,47,48.6,8.0,25.0,15.1,0.8,1.76,-4.47,210.5,⏳,201.08999633789065,7.98,2.5,3.0,9.8>10.6>12.7,1.29,12.7,210.5,0.87,False
20260827,2026-08-28T00:02:33.777703+00:00,CGON,46,48,48.6,9.0,14.3,47.6,0.69,0.73,-2.07,80.68,📊,79.01000213623047,2.65,2.5,2.0,6.1>8.1,1.32,8.1,75.24,1.02,False
20260827,2026-08-28T00:02:33.777703+00:00,JHX,47,49,48.3,10.0,21.9,28.6,0.8,2.15,-4.21,31.08,⏳,29.770000457763672,0.81,2.5,3.0,8.9>8.1>5.8,0.65,5.8,31.08,0.84,False
20260827,2026-08-28T00:02:33.777703+00:00,CVE,48,50,48.2,6.0,16.0,65.9,0.84,1.72,-3.7,32.93,📊,31.709999084472656,0.99,2.5,1.0,8.5,,8.5,30.32,,False
20260827,2026-08-28T00:02:33.777703+00:00,CAH,49,51,47.6,40.0,24.2,0.0,0.78,-0.08,-2.14,240.26,🔥,235.1300048828125,6.41,2.5,9.0,7.4>3.5>3.1>5.3>10.3>15.4>2.9>8.0>4.9,0.66,4.9,240.26,0.88,False
20260827,2026-08-28T00:02:33.777703+00:00,DXCM,50,52,47.6,8.0,23.7,23.0,0.98,3.46,-3.3,92.34,⏳,89.29000091552734,2.47,2.5,1.0,9.6,,9.6,77.98,,False
20260827,2026-08-28T00:02:33.777703+00:00,ASX,51,53,47.4,6.0,23.1,6.3,0.63,-0.68,-3.93,40.49,⏳,38.900001525878906,1.64,2.5,2.0,23.1>10.6,0.46,10.6,39.91,1.04,False
20260827,2026-08-28T00:02:33.777703+00:00,PCVX,52,54,46.8,9.0,16.3,46.8,0.57,0.34,-3.39,63.3,📊,61.154998779296875,2.12,2.5,1.0,12.7,,12.7,60.67,,False
20260827,2026-08-28T00:02:33.777703+00:00,INGM,53,55,46.8,20.0,20.1,0.8,0.64,-0.39,-7.14,31.54,⏳,29.290000915527344,0.82,2.5,6.0,17.9>10.1>14.8>3.6>8.8>5.2,0.29,5.2,28.55,0.36,False
20260827,2026-08-28T00:02:33.777703+00:00,RPRX,54,56,46.3,13.0,14.6,95.2,0.73,0.71,0.31,61.73,📊,61.91999816894531,1.33,2.5,3.0,5.2>4.6>5.3,1.02,5.3,59.73,0.79,False
20260827,2026-08-28T00:02:33.777703+00:00,USFD,55,57,46.2,9.0,14.6,50.8,0.76,0.76,-2.85,110.94,📊,107.77999877929688,2.48,2.5,3.0,9.1>3.2>3.6,0.4,3.6,110.94,0.83,True
20260827,2026-08-28T00:02:33.777703+00:00,BAX,56,58,45.7,9.0,24.8,4.0,0.97,2.78,-8.54,28.35,⏳,25.93000030517578,0.72,2.5,3.0,4.6>7.2>8.6,1.86,8.6,28.35,1.34,False
20260827,2026-08-28T00:02:33.777703+00:00,BNY,57,59,45.2,19.0,21.2,35.7,0.59,0.95,-1.24,164.27,📊,162.24000549316406,2.9,2.5,5.0,5.0>3.0>2.5>5.7>4.3,0.86,4.3,164.27,0.61,False
20260827,2026-08-28T00:02:33.777703+00:00,UGP,58,60,45.2,7.0,13.2,58.7,0.85,0.37,-1.92,6.55,📊,6.420000076293945,0.21,2.5,2.0,5.0>10.0,1.99,10.0,6.31,1.13,False
20260827,2026-08-28T00:02:33.777703+00:00,UNM,59,61,45.0,14.0,12.4,57.9,0.92,0.17,-0.94,93.33,📊,92.4499969482422,2.14,2.5,5.0,2.4>4.4>5.2>6.1>6.8,2.79,6.8,93.33,1.17,False
20260827,2026-08-28T00:02:33.777703+00:00,PSX,60,62,44.5,6.0,17.3,90.5,1.1,2.88,-1.51,243.49,📊,239.80999755859375,7.39,2.5,2.0,3.0>4.3,1.43,4.3,210.56,1.28,False
20260827,2026-08-28T00:02:33.777703+00:00,TRV,61,63,44.3,6.0,8.8,34.9,0.88,-1.42,-7.02,397.22,📊,369.3299865722656,6.75,2.5,2.0,5.9>6.2,1.05,6.2,386.0,0.67,False
20260827,2026-08-28T00:02:33.777703+00:00,XYZ,62,64,44.0,19.0,22.0,15.9,0.84,0.68,0.0,84.85,🔥,84.8499984741211,2.52,2.5,5.0,6.0>9.0>12.4>6.5>7.5,1.25,7.5,84.64,1.34,False
20260827,2026-08-28T00:02:33.777703+00:00,RVMD,63,65,43.4,8.0,17.0,64.3,0.66,1.47,2.38,216.0,🚀,221.1499938964844,7.82,2.5,2.0,2.8>6.3,2.26,6.3,191.13,0.4,False
20260827,2026-08-28T00:02:33.777703+00:00,OII,64,66,43.3,7.0,22.2,49.2,0.78,2.79,-5.36,54.11,📊,51.209999084472656,2.11,2.5,1.0,9.0,,9.0,52.73,,False
20260827,2026-08-28T00:02:33.777703+00:00,PANW,65,67,43.2,8.0,20.7,33.3,0.68,0.75,-3.32,396.0,📊,382.8500061035156,17.53,2.5,2.0,10.3>12.4,1.2,12.4,358.68,0.69,False
20260827,2026-08-28T00:02:33.777703+00:00,MPC,66,68,42.6,6.0,18.7,90.5,1.07,2.8,-0.46,365.21,📊,363.5400085449219,11.89,2.5,2.0,4.3>5.9,1.38,5.9,315.61,1.03,False
20260827,2026-08-28T00:02:33.777703+00:00,TSM,67,69,42.5,17.0,21.5,0.0,0.71,-0.17,-10.53,477.57,📊,427.2999877929687,10.32,2.5,5.0,6.4>8.5>7.6>16.6>11.8,1.83,11.8,424.61,1.02,False
20260827,2026-08-28T00:02:33.777703+00:00,HNGE,68,70,42.1,9.0,20.2,13.5,0.91,0.17,0.0,92.85,🔥,92.8499984741211,4.12,2.5,2.0,17.7>6.5,0.37,6.5,91.57,0.91,True
20260827,2026-08-28T00:02:33.777703+00:00,TGT,69,71,41.8,7.0,21.7,99.2,1.0,2.98,-2.33,169.89,📊,165.92999267578125,5.54,2.5,1.0,4.1,,4.1,139.14,,False
20260827,2026-08-28T00:02:33.777703+00:00,ORKA,70,72,41.8,6.0,22.1,31.0,0.56,2.33,-14.63,113.08,📊,96.54000091552734,5.77,2.5,1.0,6.6,,6.6,94.32,,False
20260827,2026-08-28T00:02:33.777703+00:00,FRO,71,73,41.0,11.0,21.9,61.1,0.74,0.81,-1.57,44.45,📊,43.75,1.57,2.5,3.0,19.1>5.1>4.9,0.25,4.9,39.91,0.6,True
20260827,2026-08-28T00:02:33.777703+00:00,ALL,72,74,40.8,6.0,9.2,38.1,0.96,-0.77,-6.36,275.11,📊,257.6199951171875,5.98,2.5,1.0,7.0,,7.0,275.11,,False
20260827,2026-08-28T00:02:33.777703+00:00,EXPD,73,75,40.7,14.0,18.0,77.8,0.82,1.16,0.0,190.72,📊,190.72000122070312,3.69,2.5,3.0,3.9>8.6>2.4,0.61,2.4,181.48,0.95,False
20260827,2026-08-28T00:02:33.777703+00:00,FTNT,74,76,40.1,8.0,10.9,48.4,0.7,-0.5,2.67,168.29,📊,172.77999877929688,6.14,2.5,2.0,10.1>5.1,0.51,5.1,168.29,1.11,False
20260828,2026-08-29T00:02:26.704082+00:00,UBS,1,3,78.6,8.0,7.2,2.4,0.7,0.02,-0.31,55.07,🔥,54.900001525878906,0.6,2.5,3.0,2.0>6.5>1.8,0.94,1.8,53.96,0.65,False
20260828,2026-08-29T00:02:26.704082+00:00,RYCEY,2,4,77.3,10.0,14.5,0.0,0.49,0.88,-2.27,21.12,🔥,20.63999938964844,0.36,2.5,2.0,9.8>3.7,0.38,3.7,21.12,0.66,True
20260828,2026-08-29T00:02:26.704082+00:00,YPF,3,5,76.1,7.0,8.1,0.0,0.62,-0.61,-4.74,52.7,⏳,50.20000076293945,1.89,2.5,1.0,7.4,,7.4,52.54,,False
20260828,2026-08-29T00:02:26.704082+00:00,GSAT,4,6,74.8,19.0,6.9,23.0,0.61,-0.37,-3.16,84.43,⏳,81.76000213623047,0.77,2.5,3.0,1.2>5.5>3.3,2.88,3.3,81.29,0.74,False
20260828,2026-08-29T00:02:26.704082+00:00,MET,5,7,74.6,7.0,8.3,0.0,0.84,0.02,-3.44,99.95,⏳,96.51000213623048,1.52,2.5,1.0,6.5,,6.5,99.95,,False
20260828,2026-08-29T00:02:26.704082+00:00,LAUR,6,8,71.8,6.0,6.7,9.5,0.7,0.02,1.02,38.41,📊,38.79999923706055,0.83,2.5,2.0,3.8>4.5,1.18,4.5,38.41,0.69,False
20260828,2026-08-29T00:02:26.704082+00:00,BAYRY,7,9,71.1,8.0,9.8,0.8,0.62,-0.33,-3.64,14.55,⏳,14.020000457763672,0.24,2.5,2.0,9.8>4.2,0.43,4.2,14.44,1.93,True
20260828,2026-08-29T00:02:26.704082+00:00,SMFG,8,10,70.9,8.0,7.4,12.7,0.67,-0.68,-2.19,26.5,🔥,25.920000076293945,0.47,2.5,3.0,6.1>5.6>6.8,1.11,6.8,26.32,0.64,False
20260828,2026-08-29T00:02:26.704082+00:00,STT,9,11,70.8,8.0,9.1,20.6,0.58,0.41,-0.15,193.62,🔥,193.3300018310547,3.78,2.5,2.0,5.7>5.2,0.91,5.2,193.04,0.53,False
20260828,2026-08-29T00:02:26.704082+00:00,BAC,10,12,70.6,6.0,6.8,6.3,0.77,-0.43,-3.84,64.81,⏳,62.31999969482422,1.08,2.5,0.0,,,,,,False
20260828,2026-08-29T00:02:26.704082+00:00,NTRS,11,13,69.6,8.0,7.2,7.9,0.94,-0.12,-2.44,191.47,🔥,186.7899932861328,3.54,2.5,2.0,7.1>4.7,0.66,4.7,191.47,0.73,False
20260828,2026-08-29T00:02:26.704082+00:00,MFG,12,14,69.0,11.0,13.4,0.8,0.71,0.38,-3.18,10.99,⏳,10.640000343322754,0.22,2.5,4.0,7.2>7.7>7.7>7.8,1.09,7.8,10.99,0.79,False
20260828,2026-08-29T00:02:26.704082+00:00,MUFG,13,15,67.9,8.0,8.7,11.1,0.79,-0.02,-0.87,23.1,🔥,22.899999618530273,0.45,2.5,3.0,6.4>5.5>6.7,1.05,6.7,23.1,0.87,False
20260828,2026-08-29T00:02:26.704082+00:00,NMR,14,16,66.1,7.0,6.5,24.6,0.49,-0.13,2.59,10.04,📊,10.300000190734863,0.17,2.5,1.0,6.5,,6.5,10.04,,False
20260828,2026-08-29T00:02:26.704082+00:00,EQNR,15,17,66.0,6.0,13.7,15.1,0.68,0.99,-3.43,42.86,⏳,41.38999938964844,0.82,2.5,1.0,7.2,,7.2,40.7,,False
20260828,2026-08-29T00:02:26.704082+00:00,SAN,16,18,65.2,10.0,10.9,0.0,2.32,0.46,-1.01,14.82,📊,14.670000076293944,0.25,2.5,3.0,2.5>8.1>4.4,1.77,4.4,14.82,4.32,False
20260828,2026-08-29T00:02:26.704082+00:00,ROKU,17,19,64.9,10.0,15.7,27.0,0.56,1.28,-1.31,159.76,📊,157.6750030517578,1.94,2.5,2.0,2.4>1.9,0.79,1.9,144.43,0.19,False
20260828,2026-08-29T00:02:26.704082+00:00,BBVA,18,20,63.3,10.0,17.3,0.0,1.15,1.67,-0.72,29.21,📊,29.0,0.35,2.5,2.0,2.8>3.9,1.41,3.9,26.14,0.7,False
20260828,2026-08-29T00:02:26.704082+00:00,MFC,19,21,61.8,6.0,5.1,13.5,1.45,-0.89,-3.69,44.4,⏳,42.7599983215332,0.67,2.5,1.0,5.1,,5.1,44.4,,False
20260828,2026-08-29T00:02:26.704082+00:00,CSX,20,22,60.7,17.0,16.8,4.0,0.7,0.66,-3.66,53.23,⏳,51.279998779296875,0.85,2.5,5.0,2.6>3.7>4.2>6.4>2.3,0.88,2.3,51.12,0.69,False
20260828,2026-08-29T00:02:26.704082+00:00,RELY,21,23,60.6,9.0,16.1,19.0,0.76,0.99,-0.45,26.67,🔥,26.549999237060547,1.07,2.5,2.0,10.7>10.8,1.01,10.8,25.93,2.05,False
20260828,2026-08-29T00:02:26.704082+00:00,LTH,22,24,60.5,8.0,10.1,7.1,0.92,0.61,-4.85,45.73,⏳,43.5099983215332,1.08,2.5,2.0,2.1>7.1,3.34,7.1,45.7,1.48,False
20260828,2026-08-29T00:02:26.704082+00:00,VOYA,23,25,60.5,7.0,5.3,27.0,0.85,-0.15,1.49,101.05,📊,102.5500030517578,1.96,2.5,2.0,3.8>3.2,0.86,3.2,101.03,1.12,False
20260828,2026-08-29T00:02:26.704082+00:00,HSBC,24,26,60.1,20.0,20.1,0.8,0.78,0.51,-3.55,107.34,⏳,103.52999877929688,1.31,2.5,4.0,5.2>9.5>2.9>4.9,0.95,4.9,107.34,1.04,False
20260828,2026-08-29T00:02:26.704082+00:00,HUM,25,27,59.7,11.0,12.5,3.2,0.7,-0.31,-5.83,409.42,⏳,385.5400085449219,12.46,2.5,3.0,5.6>11.5>2.8,0.51,2.8,389.05,0.43,False
20260828,2026-08-29T00:02:26.704082+00:00,DNTH,26,28,59.1,6.0,12.9,6.3,0.63,0.7,-8.73,115.96,⏳,105.83999633789062,4.68,2.5,3.0,3.9>3.7>5.6,1.43,5.6,115.96,0.87,False
20260828,2026-08-29T00:02:26.704082+00:00,ING,27,29,58.4,20.0,24.1,0.0,0.63,0.96,-1.29,35.7,🔥,35.2400016784668,0.4,2.5,6.0,4.3>2.9>8.3>4.4>2.3>3.4,0.78,3.4,35.7,0.76,False
20260828,2026-08-29T00:02:26.704082+00:00,MT,28,30,57.8,16.0,21.5,0.0,0.71,0.73,-1.07,75.2,🔥,74.38999938964844,2.07,2.5,5.0,8.2>10.9>16.3>2.9>5.4,0.66,5.4,75.2,0.73,False
20260828,2026-08-29T00:02:26.704082+00:00,KMX,29,31,57.4,7.0,14.6,44.4,0.53,0.83,-3.29,64.22,📊,62.11000061035156,1.88,2.5,1.0,4.1,,4.1,59.11,,False
20260828,2026-08-29T00:02:26.704082+00:00,ARWR,30,32,57.2,18.0,21.7,2.4,0.5,0.76,-5.22,89.59,⏳,84.91000366210938,2.9,2.5,8.0,5.7>8.2>8.2>10.5>3.8>17.9>4.6>4.5,0.78,4.5,89.59,0.68,False
20260828,2026-08-29T00:02:26.704082+00:00,DXCM,31,33,57.0,8.0,23.7,11.1,0.88,3.41,-1.65,92.34,🔥,90.81999969482422,2.35,2.5,1.0,9.6,,9.6,77.98,,False
20260828,2026-08-29T00:02:26.704082+00:00,BEN,32,34,56.7,16.0,15.9,13.5,0.77,0.53,-3.13,35.77,⏳,34.650001525878906,0.61,2.5,5.0,4.8>4.1>4.3>6.4>6.7,1.4,6.7,35.77,1.05,False
20260828,2026-08-29T00:02:26.704082+00:00,JHX,33,35,56.4,11.0,23.1,11.1,0.78,2.07,-3.7,31.08,⏳,29.93000030517578,0.81,2.5,3.0,8.9>8.1>5.8,0.65,5.8,31.08,0.84,False
20260828,2026-08-29T00:02:26.704082+00:00,GH,34,36,55.5,9.0,16.0,2.4,0.76,0.13,-5.51,170.92,⏳,161.5,7.07,2.5,2.0,15.9>6.7,0.42,6.7,168.48,0.83,True
20260828,2026-08-29T00:02:26.704082+00:00,TD,35,37,55.0,10.0,6.6,50.0,0.85,-0.42,-2.84,124.8,📊,121.25,2.15,2.5,2.0,3.0>6.3,2.07,6.3,124.8,0.69,False
20260828,2026-08-29T00:02:26.704082+00:00,NWG,36,38,54.8,21.0,23.6,0.8,0.64,0.6,-3.77,19.1,⏳,18.3799991607666,0.24,2.5,5.0,12.9>5.4>3.7>6.2>4.1,0.32,4.1,19.1,0.79,False
20260828,2026-08-29T00:02:26.704082+00:00,ETSY,37,39,51.8,7.0,9.9,11.1,1.17,-0.87,-3.95,87.03,⏳,83.58999633789062,3.07,2.5,2.0,6.1>9.3,1.52,9.3,86.47,1.28,False
20260828,2026-08-29T00:02:26.704082+00:00,SN,38,40,51.6,9.0,24.8,19.8,0.85,3.29,-0.85,192.86,🔥,191.22999572753903,5.31,2.5,3.0,3.8>5.6>4.6,1.2,4.6,188.59,0.87,False
20260828,2026-08-29T00:02:26.704082+00:00,BNS,39,41,51.5,10.0,9.7,64.3,0.86,0.15,-1.28,93.59,📊,92.38999938964844,2.02,2.5,4.0,2.0>2.2>4.7>5.6,2.8,5.6,91.54,0.35,False
20260828,2026-08-29T00:02:26.704082+00:00,BDX,40,42,50.5,9.0,21.6,71.4,0.68,2.66,-1.29,192.0,📊,189.52000427246097,4.01,2.5,2.0,4.8>4.4,0.91,4.4,159.93,0.85,False
20260828,2026-08-29T00:02:26.704082+00:00,SWK,41,43,50.5,11.0,20.7,0.0,1.0,1.48,-5.96,104.0,⏳,97.8000030517578,2.54,2.5,3.0,8.5>4.3>5.4,0.64,5.4,104.0,0.92,False
20260828,2026-08-29T00:02:26.704082+00:00,WSM,42,44,50.4,11.0,14.2,4.8,0.91,0.41,-6.63,251.78,⏳,235.08999633789065,8.2,2.5,2.0,9.8>4.3,0.44,4.3,228.41,0.87,True
20260828,2026-08-29T00:02:26.704082+00:00,INCY,43,45,49.4,9.0,12.8,58.7,0.71,0.78,-4.28,129.93,📊,124.37000274658205,3.14,2.5,2.0,3.6>8.9,2.46,8.9,129.93,1.76,False
20260828,2026-08-29T00:02:26.704082+00:00,VLO,44,46,49.1,7.0,17.3,77.8,0.81,2.25,0.0,352.36,📊,352.3599853515625,9.9,2.5,2.0,5.1>4.7,0.92,4.7,312.9,1.23,False
20260828,2026-08-29T00:02:26.704082+00:00,EC,45,47,48.9,13.0,20.4,12.7,0.6,0.8,-7.77,17.89,⏳,16.5,0.46,2.5,2.0,14.1>5.3,0.38,5.3,16.69,0.59,True
20260828,2026-08-29T00:02:26.704082+00:00,BNY,46,48,47.8,19.0,20.9,31.0,0.59,0.95,-1.08,164.27,📊,162.5,2.84,2.5,5.0,5.0>3.0>2.5>5.7>4.3,0.86,4.3,164.27,0.61,False
20260828,2026-08-29T00:02:26.704082+00:00,BAX,47,49,47.7,9.0,24.8,4.8,0.93,2.62,-7.83,28.35,⏳,26.1299991607666,0.67,2.5,3.0,4.6>7.2>8.6,1.86,8.6,28.35,1.34,False
20260828,2026-08-29T00:02:26.704082+00:00,IVZ,48,50,47.6,17.0,23.2,11.1,0.81,1.08,0.43,32.72,📊,32.86000061035156,0.81,2.5,5.0,6.0>5.3>11.4>8.0>2.0,0.34,2.0,31.8,1.01,False
20260828,2026-08-29T00:02:26.704082+00:00,CAH,49,51,47.5,40.0,24.2,0.0,0.78,-0.08,-2.38,240.26,🔥,234.5500030517578,6.28,2.5,9.0,7.4>3.5>3.1>5.3>10.3>15.4>2.9>8.0>4.9,0.66,4.9,240.26,0.88,False
20260828,2026-08-29T00:02:26.704082+00:00,RPRX,50,52,46.9,14.0,15.0,96.0,0.74,0.72,-1.97,62.07,📊,60.849998474121094,1.31,2.5,3.0,5.2>4.6>5.3,1.02,5.3,59.73,0.79,False
20260828,2026-08-29T00:02:26.704082+00:00,CVE,51,53,46.2,7.0,17.3,65.9,0.85,1.92,-4.1,32.93,📊,31.579999923706055,0.94,2.5,1.0,8.5,,8.5,30.32,,False
20260828,2026-08-29T00:02:26.704082+00:00,UGP,52,54,46.2,7.0,13.2,59.5,0.82,0.32,-1.46,6.55,📊,6.449999809265137,0.21,2.5,2.0,5.0>10.0,1.99,10.0,6.31,1.13,False
20260828,2026-08-29T00:02:26.704082+00:00,USFD,53,55,45.2,11.0,17.8,45.2,0.74,1.11,-3.31,110.94,📊,107.2699966430664,2.47,2.5,3.0,9.1>3.2>3.6,0.4,3.6,110.94,0.83,True
20260828,2026-08-29T00:02:26.704082+00:00,TRV,54,56,45.0,6.0,8.8,35.7,0.85,-1.49,-6.88,397.22,📊,369.8999938964844,6.31,2.5,2.0,5.9>6.2,1.05,6.2,386.0,0.67,False
20260828,2026-08-29T00:02:26.704082+00:00,PCVX,55,57,44.9,9.0,16.3,35.7,0.58,0.28,-5.47,63.3,📊,59.834999084472656,2.17,2.5,1.0,12.7,,12.7,60.67,,False
20260828,2026-08-29T00:02:26.704082+00:00,ALL,56,58,44.5,6.0,8.5,37.3,0.96,-0.88,-5.28,275.11,📊,260.5799865722656,5.59,2.5,1.0,7.7,,7.7,275.11,,False
20260828,2026-08-29T00:02:26.704082+00:00,ANET,57,59,44.2,8.0,25.0,8.7,0.78,1.51,-7.18,210.5,⏳,195.3800048828125,7.83,2.5,3.0,9.8>10.6>12.7,1.29,12.7,210.5,0.87,False
20260828,2026-08-29T00:02:26.704082+00:00,HNGE,58,60,43.9,9.0,20.2,7.1,0.97,0.05,-5.92,92.85,⏳,87.3499984741211,4.27,2.5,2.0,17.7>6.5,0.37,6.5,91.57,0.91,True
20260828,2026-08-29T00:02:26.704082+00:00,INGM,59,61,43.6,20.0,20.1,3.2,0.6,-0.39,-9.01,31.54,⏳,28.700000762939453,0.79,2.5,6.0,17.9>10.1>14.8>3.6>8.8>5.2,0.29,5.2,28.55,0.36,False
20260828,2026-08-29T00:02:26.704082+00:00,FTNT,60,62,43.4,9.0,13.2,53.2,0.7,-0.38,-3.92,172.78,📊,166.0,6.32,2.5,3.0,10.1>5.1>8.9,0.88,8.9,165.44,0.85,False
20260828,2026-08-29T00:02:26.704082+00:00,TVTX,61,63,42.4,10.0,18.6,60.3,0.82,1.3,-2.74,67.52,📊,65.66999816894531,2.14,2.5,3.0,4.6>5.5>4.1,0.91,4.1,57.36,0.54,False
20260828,2026-08-29T00:02:26.704082+00:00,RVMD,62,64,41.1,9.0,19.0,60.3,0.68,1.45,-6.0,221.15,📊,207.8800048828125,8.56,2.5,1.0,7.0,,7.0,192.62,,False
20260828,2026-08-29T00:02:26.704082+00:00,OII,63,65,40.8,7.0,21.9,46.8,0.77,2.41,-6.51,54.11,📊,50.59000015258789,2.01,2.5,1.0,9.0,,9.0,52.73,,False
20260828,2026-08-29T00:02:26.704082+00:00,TGT,64,66,40.5,7.0,21.7,96.0,1.01,2.96,-3.95,169.89,📊,163.17999267578125,5.41,2.5,1.0,4.1,,4.1,139.14,,False
20260828,2026-08-29T00:02:26.704082+00:00,PANW,65,67,40.4,9.0,23.2,22.2,0.68,0.86,-6.16,396.0,⏳,371.5899963378906,17.89,2.5,2.0,10.3>12.4,1.2,12.4,358.68,0.69,False
20260828,2026-08-29T00:02:26.704082+00:00,MPC,66,68,40.4,7.0,19.7,89.7,1.08,2.91,0.0,368.83,📊,368.8299865722656,10.73,2.5,2.0,4.3>5.9,1.38,5.9,315.61,1.03,False
20260828,2026-08-29T00:02:26.704082+00:00,PSX,67,69,40.3,7.0,20.0,88.9,1.07,3.01,0.0,244.01,📊,244.0099945068359,6.89,2.5,2.0,3.0>4.3,1.43,4.3,210.56,1.28,False
20260831,2026-09-01T00:02:28.818796+00:00,YPF,1,3,78.1,7.0,8.1,0.0,0.63,-0.54,-2.13,52.7,🔥,51.58000183105469,1.95,2.5,1.0,7.4,,7.4,52.54,,False
20260831,2026-09-01T00:02:28.818796+00:00,BAYRY,2,4,77.6,8.0,9.8,0.8,0.62,-0.29,-2.06,14.55,🔥,14.25,0.24,2.5,2.0,9.8>4.2,0.43,4.2,14.44,1.93,True
20260831,2026-09-01T00:02:28.818796+00:00,GSAT,3,5,74.8,19.0,6.9,23.0,0.6,-0.37,-3.41,84.43,⏳,81.55000305175781,0.75,2.5,3.0,1.2>5.5>3.3,2.88,3.3,81.29,0.74,False
20260831,2026-09-01T00:02:28.818796+00:00,UBS,4,6,74.1,7.0,7.2,4.0,0.75,0.0,1.18,55.07,🚀,55.720001220703125,0.66,2.5,2.0,6.5>1.8,0.28,1.8,53.96,0.6,True
20260831,2026-09-01T00:02:28.818796+00:00,NTRS,5,7,73.9,8.0,7.2,7.9,0.95,-0.12,-3.09,191.47,⏳,185.55999755859375,3.52,2.5,2.0,7.1>4.7,0.66,4.7,191.47,0.73,False
20260831,2026-09-01T00:02:28.818796+00:00,BAC,6,8,73.8,6.0,6.8,7.1,0.78,-0.44,-4.43,64.81,⏳,61.939998626708984,1.07,2.5,0.0,,,,,,False
20260831,2026-09-01T00:02:28.818796+00:00,STT,7,9,72.9,8.0,9.1,17.5,0.6,0.39,-1.16,193.62,🔥,191.3800048828125,3.88,2.5,2.0,5.7>5.2,0.91,5.2,193.04,0.53,False
20260831,2026-09-01T00:02:28.818796+00:00,SMFG,8,10,71.2,8.0,7.4,11.9,0.67,-0.68,-2.49,26.5,🔥,25.84000015258789,0.48,2.5,3.0,6.1>5.6>6.8,1.11,6.8,26.32,0.64,False
20260831,2026-09-01T00:02:28.818796+00:00,RYCEY,9,11,70.7,10.0,14.5,0.0,0.49,0.86,-3.84,21.12,⏳,20.309999465942383,0.38,2.5,2.0,9.8>3.7,0.38,3.7,21.12,0.66,True
20260831,2026-09-01T00:02:28.818796+00:00,MET,10,12,70.6,7.0,8.3,3.2,0.84,-0.01,-4.78,99.95,⏳,95.16999816894533,1.53,2.5,1.0,6.5,,6.5,99.95,,False
20260831,2026-09-01T00:02:28.818796+00:00,MUFG,11,13,69.1,8.0,8.7,9.5,0.79,-0.03,-1.52,23.1,🔥,22.75,0.46,2.5,3.0,6.4>5.5>6.7,1.05,6.7,23.1,0.87,False
20260831,2026-09-01T00:02:28.818796+00:00,MFG,12,14,68.7,11.0,13.4,0.8,0.72,0.38,-3.18,10.99,⏳,10.640000343322754,0.23,2.5,4.0,7.2>7.7>7.7>7.8,1.09,7.8,10.99,0.79,False
20260831,2026-09-01T00:02:28.818796+00:00,NMR,13,15,68.6,7.0,6.5,24.6,0.48,-0.15,1.39,10.04,📊,10.18000030517578,0.16,2.5,1.0,6.5,,6.5,10.04,,False
20260831,2026-09-01T00:02:28.818796+00:00,SAN,14,16,65.6,10.0,10.9,0.0,2.32,0.45,-1.75,14.82,📊,14.5600004196167,0.25,2.5,3.0,2.5>8.1>4.4,1.77,4.4,14.82,4.32,False
20260831,2026-09-01T00:02:28.818796+00:00,ROKU,15,17,64.8,10.0,15.7,27.0,0.57,1.28,-1.77,159.76,📊,156.92999267578125,1.9,2.5,2.0,2.4>1.9,0.79,1.9,144.43,0.19,False
20260831,2026-09-01T00:02:28.818796+00:00,EQNR,16,18,64.1,6.0,13.7,19.0,0.69,1.12,-0.14,42.86,🔥,42.79999923706055,0.9,2.5,1.0,7.2,,7.2,40.7,,False
20260831,2026-09-01T00:02:28.818796+00:00,VOYA,17,19,63.9,8.0,5.7,27.0,0.85,-0.07,-0.22,101.54,📊,101.31999969482422,1.91,2.5,3.0,3.8>3.2>4.0,1.05,4.0,101.05,0.82,False
20260831,2026-09-01T00:02:28.818796+00:00,BBVA,18,20,63.5,10.0,17.3,0.0,1.11,1.67,-0.86,29.21,📊,28.959999084472656,0.36,2.5,2.0,2.8>3.9,1.41,3.9,26.14,0.7,False
20260831,2026-09-01T00:02:28.818796+00:00,ING,19,21,63.3,20.0,24.1,0.0,0.63,0.96,-1.06,35.7,🔥,35.31999969482422,0.42,2.5,6.0,4.3>2.9>8.3>4.4>2.3>3.4,0.78,3.4,35.7,0.76,False
20260831,2026-09-01T00:02:28.818796+00:00,HSBC,20,22,60.1,20.0,20.1,0.8,0.76,0.51,-3.91,107.34,⏳,103.13999938964844,1.29,2.5,4.0,5.2>9.5>2.9>4.9,0.95,4.9,107.34,1.04,False
20260831,2026-09-01T00:02:28.818796+00:00,MFC,21,23,60.1,6.0,5.1,14.3,1.45,-0.91,-4.48,44.4,⏳,42.40999984741211,0.67,2.5,1.0,5.1,,5.1,44.4,,False
20260831,2026-09-01T00:02:28.818796+00:00,DNTH,22,24,58.5,6.0,12.9,6.3,0.64,0.7,-8.93,115.96,⏳,105.61000061035156,4.91,2.5,3.0,3.9>3.7>5.6,1.43,5.6,115.96,0.87,False
20260831,2026-09-01T00:02:28.818796+00:00,CSX,23,25,57.8,17.0,16.8,3.2,0.72,0.66,-5.11,53.23,⏳,50.5099983215332,0.87,2.5,5.0,2.6>3.7>4.2>6.4>2.3,0.88,2.3,51.12,0.69,False
20260831,2026-09-01T00:02:28.818796+00:00,MT,24,26,57.6,16.0,21.5,0.0,0.71,0.74,-0.79,75.2,🔥,74.5999984741211,2.07,2.5,5.0,8.2>10.9>16.3>2.9>5.4,0.66,5.4,75.2,0.73,False
20260831,2026-09-01T00:02:28.818796+00:00,DXCM,25,27,56.1,8.0,23.7,12.7,0.88,3.42,-1.39,92.34,🔥,91.05999755859376,2.36,2.5,1.0,9.6,,9.6,77.98,,False
20260831,2026-09-01T00:02:28.818796+00:00,RELY,26,28,55.4,9.0,16.3,19.0,0.74,1.01,0.0,26.74,🔥,26.739999771118164,1.04,2.5,2.0,10.7>10.8,1.01,10.8,25.93,2.05,False
20260831,2026-09-01T00:02:28.818796+00:00,KMX,27,29,55.3,7.0,14.6,44.4,0.54,0.81,-4.5,64.22,📊,61.33000183105469,1.88,2.5,1.0,4.1,,4.1,59.11,,False
20260831,2026-09-01T00:02:28.818796+00:00,TD,28,30,54.8,10.0,6.6,50.0,0.85,-0.42,-3.12,124.8,📊,120.91000366210938,2.11,2.5,2.0,3.0>6.3,2.07,6.3,124.8,0.69,False
20260831,2026-09-01T00:02:28.818796+00:00,BEN,29,31,54.2,16.0,15.9,13.5,0.78,0.53,-4.53,35.77,⏳,34.150001525878906,0.62,2.5,5.0,4.8>4.1>4.3>6.4>6.7,1.4,6.7,35.77,1.05,False
20260831,2026-09-01T00:02:28.818796+00:00,BNS,30,32,52.1,10.0,9.7,63.5,0.86,0.14,-2.06,93.59,📊,91.66000366210938,1.97,2.5,4.0,2.0>2.2>4.7>5.6,2.8,5.6,91.54,0.35,False
20260831,2026-09-01T00:02:28.818796+00:00,GH,31,33,52.1,9.0,16.0,2.4,0.76,0.11,-6.96,170.92,⏳,159.02000427246094,7.32,2.5,2.0,15.9>6.7,0.42,6.7,168.48,0.83,True
20260831,2026-09-01T00:02:28.818796+00:00,JHX,32,34,52.1,11.0,23.1,11.9,0.88,2.07,-4.41,31.08,⏳,29.709999084472656,0.8,2.5,3.0,8.9>8.1>5.8,0.65,5.8,31.08,0.84,False
20260831,2026-09-01T00:02:28.818796+00:00,EC,33,35,51.6,13.0,20.4,10.3,0.63,0.81,-6.82,17.89,⏳,16.670000076293945,0.48,2.5,2.0,14.1>5.3,0.38,5.3,16.69,0.59,True
20260831,2026-09-01T00:02:28.818796+00:00,RPRX,34,36,50.7,14.0,15.0,97.6,0.77,0.73,-1.06,62.07,📊,61.40999984741211,1.33,2.5,3.0,5.2>4.6>5.3,1.02,5.3,59.73,0.79,False
20260831,2026-09-01T00:02:28.818796+00:00,BDX,35,37,50.2,9.0,21.6,70.6,0.7,2.65,-2.03,192.0,📊,188.11000061035156,3.97,2.5,2.0,4.8>4.4,0.91,4.4,159.93,0.85,False
20260831,2026-09-01T00:02:28.818796+00:00,SN,36,38,49.4,9.0,24.8,21.4,0.87,3.31,-0.19,192.86,🔥,192.4900054931641,5.34,2.5,3.0,3.8>5.6>4.6,1.2,4.6,188.59,0.87,False
20260831,2026-09-01T00:02:28.818796+00:00,CVE,37,39,48.5,7.0,17.3,66.7,0.85,1.97,-2.37,32.93,📊,32.150001525878906,0.96,2.5,1.0,8.5,,8.5,30.32,,False
20260831,2026-09-01T00:02:28.818796+00:00,BNY,38,40,48.0,19.0,20.9,28.6,0.64,0.95,-1.82,164.27,📊,161.27999877929688,2.83,2.5,5.0,5.0>3.0>2.5>5.7>4.3,0.86,4.3,164.27,0.61,False
20260831,2026-09-01T00:02:28.818796+00:00,CAH,39,41,47.7,40.0,24.2,0.0,0.77,-0.08,-2.35,240.26,🔥,234.6199951171875,6.33,2.5,9.0,7.4>3.5>3.1>5.3>10.3>15.4>2.9>8.0>4.9,0.66,4.9,240.26,0.88,False
20260831,2026-09-01T00:02:28.818796+00:00,IVZ,40,42,47.7,18.0,24.9,10.3,0.83,1.06,-1.59,33.31,🔥,32.779998779296875,0.81,2.5,6.0,6.0>5.3>11.4>8.0>2.0>3.7,0.62,3.7,32.57,0.82,False
20260831,2026-09-01T00:02:28.818796+00:00,INCY,41,43,47.3,9.0,12.8,58.7,0.72,0.78,-5.16,129.93,📊,123.22000122070312,3.24,2.5,2.0,3.6>8.9,2.46,8.9,129.93,1.76,False
20260831,2026-09-01T00:02:28.818796+00:00,SWK,42,44,47.1,11.0,20.7,0.0,1.01,1.47,-7.34,104.0,⏳,96.37000274658205,2.47,2.5,3.0,8.5>4.3>5.4,0.64,5.4,104.0,0.92,False
20260831,2026-09-01T00:02:28.818796+00:00,BAX,43,45,46.9,9.0,24.8,4.8,0.93,2.62,-8.25,28.34,⏳,26.0,0.67,2.5,3.0,4.6>7.2>8.6,1.86,8.6,28.34,1.34,False
20260831,2026-09-01T00:02:28.818796+00:00,VLO,44,46,46.8,7.0,18.8,79.4,0.84,2.31,0.0,358.92,📊,358.9200134277344,10.51,2.5,2.0,5.1>4.7,0.92,4.7,312.9,1.23,False
20260831,2026-09-01T00:02:28.818796+00:00,PCVX,45,47,46.7,9.0,16.3,36.5,0.61,0.3,-4.04,63.3,📊,60.7400016784668,2.22,2.5,1.0,12.7,,12.7,60.67,,False
20260831,2026-09-01T00:02:28.818796+00:00,ETSY,46,48,46.7,7.0,9.9,10.3,1.18,-0.93,-6.55,87.03,⏳,81.33000183105469,3.12,2.5,2.0,6.1>9.3,1.52,9.3,86.47,1.28,False
20260831,2026-09-01T00:02:28.818796+00:00,OII,47,49,45.4,7.0,21.9,46.8,0.79,2.48,-4.34,54.11,📊,51.7599983215332,1.99,2.5,1.0,9.0,,9.0,52.73,,False
20260831,2026-09-01T00:02:28.818796+00:00,PANW,48,50,45.1,9.0,23.2,23.0,0.7,0.92,-3.5,396.0,⏳,382.1300048828125,16.92,2.5,2.0,10.3>12.4,1.2,12.4,358.68,0.69,False
20260831,2026-09-01T00:02:28.818796+00:00,ANET,49,51,44.3,8.0,25.0,8.7,0.79,1.52,-7.04,210.5,⏳,195.69000244140625,7.88,2.5,3.0,9.8>10.6>12.7,1.29,12.7,210.5,0.87,False
20260831,2026-09-01T00:02:28.818796+00:00,FRO,50,52,43.7,11.0,21.9,62.7,0.76,0.82,-1.51,44.45,📊,43.779998779296875,1.57,2.5,3.0,19.1>5.1>4.9,0.25,4.9,39.91,0.6,True
20260831,2026-09-01T00:02:28.818796+00:00,SM,51,53,43.7,7.0,23.8,85.7,1.01,2.54,-1.22,37.64,📊,37.18000030517578,1.4,2.5,1.0,14.4,,14.4,33.51,,False
20260831,2026-09-01T00:02:28.818796+00:00,HNGE,52,54,43.2,9.0,20.2,8.7,0.97,0.14,-0.31,92.85,📊,92.55999755859376,4.36,2.5,2.0,17.7>6.5,0.37,6.5,91.57,0.91,True
20260831,2026-09-01T00:02:28.818796+00:00,UGP,53,55,42.5,7.0,14.7,61.9,0.85,0.42,0.0,6.66,📊,6.659999847412109,0.23,2.5,2.0,5.0>10.0,1.99,10.0,6.31,1.13,False
20260831,2026-09-01T00:02:28.818796+00:00,FTNT,54,56,42.4,8.0,10.9,56.3,0.71,-0.41,1.57,168.29,📊,170.92999267578125,6.1,2.5,2.0,10.1>5.1,0.51,5.1,168.29,1.11,False
20260831,2026-09-01T00:02:28.818796+00:00,TVTX,55,57,41.9,10.0,18.6,60.3,0.85,1.32,-1.84,67.52,📊,66.27999877929688,2.16,2.5,3.0,4.6>5.5>4.1,0.91,4.1,57.36,0.54,False
20260831,2026-09-01T00:02:28.818796+00:00,USFD,56,58,40.8,11.0,17.8,46.8,0.75,1.09,-5.5,110.94,📊,104.83999633789062,2.62,2.5,3.0,9.1>3.2>3.6,0.4,3.6,110.94,0.83,True
20260831,2026-09-01T00:02:28.818796+00:00,TRV,57,59,40.6,6.0,8.8,38.1,0.87,-1.51,-7.88,397.22,📊,365.9299926757813,6.36,2.5,2.0,5.9>6.2,1.05,6.2,386.0,0.67,False
20260831,2026-09-01T00:02:28.818796+00:00,WELL,58,60,40.3,28.0,22.9,15.1,0.85,0.12,-5.93,251.12,⏳,236.2400054931641,4.59,2.5,8.0,4.9>8.5>6.9>2.0>11.3>3.6>2.5>10.3,2.13,10.3,251.12,1.06,False
20260831,2026-09-01T00:02:28.818796+00:00,ALL,59,61,40.2,6.0,8.5,39.7,0.99,-0.91,-6.29,275.11,📊,257.79998779296875,5.57,2.5,1.0,7.7,,7.7,275.11,,False
20260831,2026-09-01T00:02:28.818796+00:00,CGON,60,62,40.2,9.0,14.3,42.9,0.71,0.77,-6.84,80.68,📊,75.16000366210938,2.99,2.5,2.0,6.1>8.1,1.32,8.1,75.24,1.02,False
20260901,2026-09-02T00:02:56.768370+00:00,YPF,1,3,75.8,7.0,8.1,1.6,0.63,-0.48,-0.46,52.7,🔥,52.459999084472656,1.71,2.5,1.0,7.4,,7.4,52.54,,False
20260901,2026-09-02T00:02:56.768370+00:00,GSAT,2,4,75.6,19.0,6.9,23.0,0.56,-0.36,-3.62,84.43,⏳,81.37000274658203,0.75,2.5,3.0,1.2>5.5>3.3,2.88,3.3,81.29,0.74,False
20260901,2026-09-02T00:02:56.768370+00:00,UBS,3,5,75.4,8.0,8.2,4.0,0.77,0.06,-2.84,55.72,🔥,54.13999938964844,0.77,2.5,2.0,6.5>1.8,0.28,1.8,53.96,0.6,True
20260901,2026-09-02T00:02:56.768370+00:00,BAC,4,6,75.3,6.0,5.8,8.7,0.78,-0.51,-4.35,64.81,⏳,61.9900016784668,1.11,2.5,0.0,,,,,,False
20260901,2026-09-02T00:02:56.768370+00:00,STT,5,7,74.4,8.0,9.1,13.5,0.61,0.31,-3.01,193.62,⏳,187.7899932861328,4.05,2.5,2.0,5.7>5.2,0.91,5.2,193.04,0.53,False
20260901,2026-09-02T00:02:56.768370+00:00,BNY,6,8,73.9,7.0,7.2,16.7,0.65,-0.09,-2.29,164.27,🔥,160.50999450683594,2.89,2.5,2.0,5.7>4.3,0.75,4.3,164.27,0.51,False
20260901,2026-09-02T00:02:56.768370+00:00,SMFG,7,9,71.1,8.0,7.4,14.3,0.63,-0.66,-1.77,26.5,🔥,26.030000686645508,0.49,2.5,3.0,6.1>5.6>6.8,1.11,6.8,26.32,0.64,False
20260901,2026-09-02T00:02:56.768370+00:00,MFG,8,10,71.0,11.0,13.0,0.0,0.7,0.36,-2.27,10.99,🔥,10.739999771118164,0.23,2.5,4.0,7.2>7.7>7.7>7.8,1.09,7.8,10.99,0.79,False
20260901,2026-09-02T00:02:56.768370+00:00,NMR,9,11,68.8,7.0,6.6,25.4,0.48,-0.11,1.19,10.05,🚀,10.170000076293944,0.16,2.5,1.0,6.5,,6.5,10.04,,False
20260901,2026-09-02T00:02:56.768370+00:00,MUFG,10,12,68.3,8.0,8.7,11.9,0.76,-0.07,-1.17,23.1,🔥,22.829999923706055,0.46,2.5,3.0,6.4>5.5>6.7,1.05,6.7,23.1,0.87,False
20260901,2026-09-02T00:02:56.768370+00:00,MET,11,13,67.6,7.0,8.3,7.1,0.82,-0.08,-5.53,99.95,⏳,94.41999816894533,1.64,2.5,1.0,6.5,,6.5,99.95,,False
20260901,2026-09-02T00:02:56.768370+00:00,BBVA,12,14,67.0,9.0,15.4,0.0,1.08,1.67,-1.95,29.21,📊,28.63999938964844,0.36,2.5,1.0,3.9,,3.9,26.14,,False
20260901,2026-09-02T00:02:56.768370+00:00,ROKU,13,15,65.8,11.0,15.7,23.8,0.55,1.08,-2.65,159.76,🔥,155.52999877929688,1.93,2.5,2.0,6.2>1.9,0.31,1.9,144.43,0.15,True
20260901,2026-09-02T00:02:56.768370+00:00,ING,14,16,64.8,20.0,23.5,0.0,0.61,0.97,-1.26,35.7,🔥,35.25,0.43,2.5,6.0,4.3>2.9>8.3>4.4>2.3>3.4,0.78,3.4,35.7,0.76,False
20260901,2026-09-02T00:02:56.768370+00:00,SAN,15,17,64.1,10.0,10.9,0.8,2.28,0.42,-2.97,14.82,📊,14.380000114440918,0.26,2.5,3.0,2.5>8.1>4.4,1.77,4.4,14.82,4.32,False
20260901,2026-09-02T00:02:56.768370+00:00,HUM,16,18,63.7,11.0,12.5,4.0,0.7,-0.31,-3.55,409.42,⏳,394.8800048828125,12.17,2.5,3.0,5.6>11.5>2.8,0.51,2.8,389.05,0.43,False
20260901,2026-09-02T00:02:56.768370+00:00,VOYA,17,19,63.5,8.0,5.7,27.8,0.86,-0.08,-0.48,101.54,📊,101.0500030517578,1.9,2.5,3.0,3.8>3.2>4.0,1.05,4.0,101.05,0.82,False
20260901,2026-09-02T00:02:56.768370+00:00,RYCEY,18,20,62.7,10.0,14.5,1.6,0.48,0.81,-7.1,21.12,⏳,19.6200008392334,0.41,2.5,2.0,9.8>3.7,0.38,3.7,21.12,0.66,True
20260901,2026-09-02T00:02:56.768370+00:00,HSBC,19,21,61.1,20.0,20.1,0.0,0.76,0.54,-3.67,107.34,⏳,103.4000015258789,1.29,2.5,4.0,5.2>9.5>2.9>4.9,0.95,4.9,107.34,1.04,False
20260901,2026-09-02T00:02:56.768370+00:00,EC,20,22,60.3,13.0,20.4,7.1,0.64,0.81,-2.46,17.89,🔥,17.450000762939453,0.51,2.5,2.0,14.1>5.3,0.38,5.3,16.69,0.59,True
20260901,2026-09-02T00:02:56.768370+00:00,DXCM,21,23,58.9,8.0,23.7,11.1,0.81,3.33,-2.38,92.34,🔥,90.13999938964844,2.35,2.5,1.0,9.6,,9.6,77.98,,False
20260901,2026-09-02T00:02:56.768370+00:00,GH,22,24,58.6,9.0,16.0,1.6,0.76,0.1,-3.81,170.92,⏳,164.41000366210938,7.6,2.5,2.0,15.9>6.7,0.42,6.7,168.48,0.83,True
20260901,2026-09-02T00:02:56.768370+00:00,DNTH,23,25,58.6,6.0,12.4,6.3,0.62,0.42,-8.05,115.96,⏳,106.62000274658205,4.88,2.5,3.0,3.9>3.7>5.6,1.43,5.6,115.96,0.87,False
20260901,2026-09-02T00:02:56.768370+00:00,MT,24,26,58.1,16.0,21.5,0.0,0.72,0.77,-2.51,75.2,🔥,73.30999755859375,2.11,2.5,5.0,8.2>10.9>16.3>2.9>5.4,0.66,5.4,75.2,0.73,False
20260901,2026-09-02T00:02:56.768370+00:00,EQNR,25,27,57.8,6.0,15.8,27.8,0.68,1.23,0.0,44.23,📊,44.22999954223633,0.99,2.5,1.0,7.2,,7.2,40.7,,False
20260901,2026-09-02T00:02:56.768370+00:00,ABBV,26,28,55.7,9.0,8.6,70.6,0.68,-0.05,-2.25,265.97,📊,259.989990234375,5.52,2.5,2.0,6.2>7.4,1.19,7.4,263.3,1.06,False
20260901,2026-09-02T00:02:56.768370+00:00,KMX,27,29,55.5,7.0,13.2,44.4,0.54,0.72,-5.01,64.22,📊,61.0,1.88,2.5,1.0,4.1,,4.1,59.11,,False
20260901,2026-09-02T00:02:56.768370+00:00,NWG,28,30,55.2,21.0,23.6,2.4,0.58,0.59,-4.03,19.1,⏳,18.329999923706055,0.26,2.5,5.0,12.9>5.4>3.7>6.2>4.1,0.32,4.1,19.1,0.79,False
20260901,2026-09-02T00:02:56.768370+00:00,RELY,29,31,54.5,9.0,16.2,19.0,0.77,1.02,-3.85,26.74,⏳,25.709999084472656,1.05,2.5,2.0,10.7>10.8,1.01,10.8,25.93,2.05,False
20260901,2026-09-02T00:02:56.768370+00:00,PCVX,30,32,52.2,10.0,17.9,21.4,0.64,0.6,-3.93,63.3,⏳,60.810001373291016,2.24,2.5,1.0,12.7,,12.7,60.67,,False
20260901,2026-09-02T00:02:56.768370+00:00,BNS,31,33,51.3,10.0,9.7,63.5,0.86,0.16,-2.56,93.59,📊,91.19000244140624,2.0,2.5,4.0,1.8>2.2>4.7>5.6,3.03,5.6,91.54,0.33,False
20260901,2026-09-02T00:02:56.768370+00:00,VG,32,34,51.0,7.0,19.7,4.8,0.87,0.52,-0.33,15.16,🔥,15.109999656677246,0.62,2.5,1.0,19.7,,19.7,15.16,,False
20260901,2026-09-02T00:02:56.768370+00:00,VOD,33,35,50.8,34.0,21.6,5.6,0.87,-0.12,-2.25,16.42,🔥,16.049999237060547,0.23,2.5,10.0,5.7>6.9>9.8>2.8>4.2>10.0>1.2>16.2>3.7>6.6,1.17,6.6,16.39,1.33,False
20260901,2026-09-02T00:02:56.768370+00:00,IVZ,34,36,50.8,17.0,23.4,4.8,0.83,1.08,-3.96,33.31,⏳,31.989999771118164,0.87,2.5,6.0,6.0>5.3>11.4>8.0>2.0>3.7,0.62,3.7,32.57,0.82,False
20260901,2026-09-02T00:02:56.768370+00:00,INCY,35,37,50.3,9.0,12.8,52.4,0.71,0.8,-3.79,129.93,📊,125.01000213623048,3.27,2.5,2.0,3.6>8.9,2.46,8.9,129.93,1.76,False
20260901,2026-09-02T00:02:56.768370+00:00,HPQ,36,38,50.1,7.0,24.2,24.6,0.8,3.35,0.0,31.32,🔥,31.31999969482422,1.48,2.5,1.0,8.7,,8.7,31.3,,False
20260901,2026-09-02T00:02:56.768370+00:00,BDX,37,39,50.0,9.0,21.6,62.7,0.7,2.81,-2.54,192.0,📊,187.1199951171875,4.09,2.5,2.0,4.8>4.4,0.91,4.4,159.93,0.85,False
20260901,2026-09-02T00:02:56.768370+00:00,ADM,38,40,49.0,16.0,14.0,16.7,1.06,-0.07,-2.56,86.77,📊,84.55000305175781,2.55,2.5,4.0,6.3>10.7>12.3>4.6,0.72,4.6,81.93,0.96,False
20260901,2026-09-02T00:02:56.768370+00:00,JHX,39,41,49.0,11.0,22.4,3.2,0.88,2.0,-8.08,31.08,⏳,28.56999969482422,0.84,2.5,3.0,8.9>8.1>5.8,0.65,5.8,31.08,0.84,False
20260901,2026-09-02T00:02:56.768370+00:00,ETSY,40,42,48.5,8.0,11.3,8.7,1.18,-0.39,-6.07,87.03,⏳,81.75,3.11,2.5,2.0,6.1>9.3,1.52,9.3,86.47,1.28,False
20260901,2026-09-02T00:02:56.768370+00:00,CAH,41,43,46.2,40.0,24.2,0.8,0.77,-0.08,-0.38,240.26,🔥,239.3500061035156,5.21,2.5,9.0,7.4>3.5>3.1>5.3>10.3>15.4>2.9>8.0>4.9,0.66,4.9,240.26,0.88,False
20260901,2026-09-02T00:02:56.768370+00:00,CVE,42,44,46.1,7.0,17.8,69.0,0.86,2.1,0.0,33.13,📊,33.130001068115234,0.99,2.5,1.0,8.5,,8.5,30.32,,False
20260901,2026-09-02T00:02:56.768370+00:00,HNGE,43,45,45.7,9.0,20.2,4.0,1.0,0.17,-3.05,92.85,⏳,90.0199966430664,4.3,2.5,2.0,17.7>6.5,0.37,6.5,91.57,0.91,True
20260901,2026-09-02T00:02:56.768370+00:00,VLO,44,46,45.5,6.0,14.9,78.6,0.83,2.43,3.41,350.05,📊,361.989990234375,10.38,2.5,2.0,5.1>4.7,0.92,4.7,312.9,1.23,False
20260901,2026-09-02T00:02:56.768370+00:00,TGT,45,47,45.4,7.0,21.7,95.2,1.01,2.98,-3.61,169.89,📊,163.75,5.51,2.5,1.0,4.1,,4.1,139.14,,False
20260901,2026-09-02T00:02:56.768370+00:00,BAX,46,48,45.4,9.0,24.8,5.6,0.88,2.59,-10.09,28.34,📊,25.479999542236328,0.72,2.5,3.0,4.6>7.2>8.6,1.86,8.6,28.34,1.34,False
20260901,2026-09-02T00:02:56.768370+00:00,USFD,47,49,45.0,11.0,17.2,38.1,0.75,1.03,-3.86,110.94,📊,106.66000366210938,2.59,2.5,3.0,9.1>3.2>3.6,0.4,3.6,110.94,0.83,True
20260901,2026-09-02T00:02:56.768370+00:00,EXPD,48,50,44.3,14.0,18.0,46.8,0.76,1.21,-1.58,190.72,📊,187.6999969482422,3.74,2.5,3.0,3.9>8.6>2.4,0.61,2.4,181.48,0.95,False
20260901,2026-09-02T00:02:56.768370+00:00,RPRX,49,51,43.9,14.0,15.4,97.6,0.77,0.74,0.0,62.32,📊,62.31999969482422,1.35,2.5,3.0,5.2>4.6>5.3,1.02,5.3,59.73,0.79,False
20260901,2026-09-02T00:02:56.768370+00:00,SN,50,52,43.5,9.0,24.4,11.1,0.9,3.26,-9.3,192.86,⏳,174.9199981689453,6.09,2.5,3.0,3.8>5.6>4.6,1.2,4.6,188.59,0.87,False
20260901,2026-09-02T00:02:56.768370+00:00,WELL,51,53,43.3,28.0,22.9,16.7,0.84,0.12,-4.26,251.12,⏳,240.4199981689453,4.41,2.5,8.0,4.9>8.5>6.9>2.0>11.3>3.6>2.5>10.3,2.13,10.3,251.12,1.06,False
20260901,2026-09-02T00:02:56.768370+00:00,APH,52,54,42.9,13.0,21.4,17.5,0.6,0.22,-7.45,176.32,⏳,163.17999267578125,5.51,2.5,3.0,6.7>18.4>11.1,1.66,11.1,172.24,0.6,False
20260901,2026-09-02T00:02:56.768370+00:00,RVMD,53,55,42.6,9.0,19.0,42.1,0.69,1.43,-5.1,221.15,📊,209.8699951171875,9.04,2.5,2.0,2.8>6.3,2.26,6.3,191.13,0.4,False
20260901,2026-09-02T00:02:56.768370+00:00,TVTX,54,56,42.5,10.0,18.6,51.6,0.83,1.35,-2.68,67.52,📊,65.70999908447266,2.12,2.5,3.0,4.6>5.5>4.1,0.91,4.1,57.36,0.54,False
20260901,2026-09-02T00:02:56.768370+00:00,IFF,55,57,42.2,34.0,24.8,10.3,0.78,0.04,-2.6,88.07,🔥,85.77999877929688,1.91,2.5,9.0,6.0>19.3>9.2>13.2>7.0>4.2>10.9>5.7>8.0,1.34,8.0,88.07,0.94,False
20260901,2026-09-02T00:02:56.768370+00:00,UNM,56,58,41.9,17.0,14.5,50.0,0.88,0.42,-1.76,93.33,📊,91.69000244140624,2.23,2.5,5.0,2.4>4.4>5.2>6.1>6.8,2.79,6.8,93.33,1.17,False
20260901,2026-09-02T00:02:56.768370+00:00,FRO,57,59,41.9,11.0,21.9,64.3,0.76,0.79,-0.29,44.45,📊,44.31999969482422,1.58,2.5,3.0,19.1>5.1>4.9,0.25,4.9,39.91,0.6,True
20260901,2026-09-02T00:02:56.768370+00:00,AMGN,58,60,41.7,12.0,24.4,85.7,0.95,2.07,-1.29,443.84,📊,438.1199951171875,9.27,2.5,2.0,5.0>5.1,1.02,5.1,371.98,0.46,False
20260901,2026-09-02T00:02:56.768370+00:00,ANET,59,61,41.0,9.0,25.0,7.1,0.8,1.66,-10.09,210.5,📊,189.2599945068359,7.84,2.5,3.0,9.8>10.6>12.7,1.29,12.7,210.5,0.87,False
20260901,2026-09-02T00:02:56.768370+00:00,ALL,60,62,40.8,6.0,8.5,40.5,0.99,-0.99,-6.27,275.11,📊,257.8699951171875,5.29,2.5,1.0,7.7,,7.7,275.11,,False
20260901,2026-09-02T00:02:56.768370+00:00,OII,61,63,40.5,6.0,17.5,43.7,0.79,1.05,-5.16,54.11,📊,51.31999969482422,2.0,2.5,1.0,9.0,,9.0,52.73,,False
20260901,2026-09-02T00:02:56.768370+00:00,CMBT,62,64,40.3,16.0,23.5,64.3,0.78,1.02,-0.05,18.28,📊,18.270000457763672,0.51,2.5,3.0,13.0>12.3>5.2,0.4,5.2,15.78,0.46,True
20260903,2026-09-04T00:02:22.455152+00:00,HSBC,1,2,85.2,6.0,5.7,0.8,0.68,-0.64,-2.24,107.34,🔥,104.94000244140625,1.34,2.5,1.0,4.9,,4.9,107.34,,False
20260903,2026-09-04T00:02:22.455152+00:00,BNY,2,3,77.6,7.0,7.2,8.7,0.65,-0.07,-1.36,164.27,🔥,162.0399932861328,2.88,2.5,2.0,4.8>4.3,0.89,4.3,164.27,0.56,False
20260903,2026-09-04T00:02:22.455152+00:00,LYG,3,4,77.3,9.0,6.7,9.5,0.51,-0.2,-3.7,6.21,⏳,5.980000019073486,0.09,2.5,3.0,4.7>4.2>5.0,1.06,5.0,6.21,0.62,False
20260903,2026-09-04T00:02:22.455152+00:00,STT,4,5,75.6,8.0,9.1,13.5,0.56,0.29,-1.85,193.62,🔥,190.0399932861328,4.17,2.5,2.0,5.7>5.2,0.91,5.2,193.04,0.53,False
20260903,2026-09-04T00:02:22.455152+00:00,BAC,5,6,75.3,6.0,5.8,11.9,0.8,-0.6,-3.41,64.81,⏳,62.599998474121094,1.1,2.5,0.0,,,,,,False
20260903,2026-09-04T00:02:22.455152+00:00,GSAT,6,7,74.8,19.0,6.9,25.4,0.53,-0.36,-3.52,84.43,⏳,81.45999908447266,0.7,2.5,3.0,1.2>5.5>3.3,2.88,3.3,81.29,0.74,False
20260903,2026-09-04T00:02:22.455152+00:00,UBS,7,8,74.3,8.0,7.6,7.1,0.79,0.06,-1.47,55.72,🔥,54.900001525878906,0.81,2.5,2.0,6.5>1.8,0.28,1.8,53.96,0.6,True
20260903,2026-09-04T00:02:22.455152+00:00,ROKU,8,9,73.9,11.0,15.7,7.9,0.48,1.22,-1.29,159.76,🔥,157.6999969482422,2.05,2.5,2.0,2.4>1.9,0.79,1.9,144.43,0.19,False
20260903,2026-09-04T00:02:22.455152+00:00,MET,9,10,72.8,7.0,8.0,7.9,0.74,-0.24,-3.53,99.95,⏳,96.41999816894531,1.79,2.5,1.0,6.5,,6.5,99.95,,False
20260903,2026-09-04T00:02:22.455152+00:00,NTRS,10,11,70.8,8.0,7.2,4.0,0.9,-0.24,-3.91,191.47,⏳,183.97999572753906,3.38,2.5,2.0,7.1>4.7,0.66,4.7,191.47,0.73,False
20260903,2026-09-04T00:02:22.455152+00:00,CNC,11,12,69.8,12.0,11.8,0.8,0.71,-0.29,-2.01,68.72,🔥,67.33999633789062,1.85,2.5,3.0,8.4>11.5>4.9,0.59,4.9,67.47,0.53,False
20260903,2026-09-04T00:02:22.455152+00:00,EQNR,12,13,67.6,6.0,13.7,10.3,0.64,1.35,1.68,42.86,📊,43.58000183105469,0.98,2.5,1.0,7.2,,7.2,40.7,,False
20260903,2026-09-04T00:02:22.455152+00:00,AEG,13,14,67.6,7.0,5.8,9.5,0.85,-0.49,-2.94,9.53,🔥,9.25,0.14,2.5,1.0,5.7,,5.7,9.53,,False
20260903,2026-09-04T00:02:22.455152+00:00,YPF,14,15,67.5,7.0,8.1,12.7,0.63,-0.27,2.3,52.7,📊,53.90999984741211,1.72,2.5,1.0,7.4,,7.4,52.54,,False
20260903,2026-09-04T00:02:22.455152+00:00,BBVA,15,16,67.2,11.0,17.3,0.0,0.92,1.62,-0.17,29.21,🔥,29.15999984741211,0.37,2.5,2.0,2.8>3.9,1.41,3.9,26.14,0.7,False
20260903,2026-09-04T00:02:22.455152+00:00,HUM,16,17,67.2,12.0,12.5,2.4,0.66,-0.18,-2.06,409.42,🔥,400.9700012207031,11.61,2.5,3.0,5.6>11.5>2.8,0.51,2.8,389.05,0.43,False
20260903,2026-09-04T00:02:22.455152+00:00,NMR,17,18,66.3,8.0,8.8,30.2,0.48,0.05,-0.49,10.3,📊,10.25,0.17,2.5,2.0,6.5>5.5,0.85,5.5,10.0,0.62,False
20260903,2026-09-04T00:02:22.455152+00:00,EC,18,19,65.5,14.0,20.4,0.0,0.58,0.83,-2.12,17.89,🔥,17.510000228881836,0.5,2.5,2.0,14.1>5.3,0.38,5.3,16.69,0.59,True
20260903,2026-09-04T00:02:22.455152+00:00,RYCEY,19,20,65.4,11.0,14.5,4.8,0.5,0.76,-5.02,21.12,⏳,20.059999465942383,0.39,2.5,2.0,9.8>3.7,0.38,3.7,21.12,0.66,True
20260903,2026-09-04T00:02:22.455152+00:00,DXCM,20,21,65.0,8.0,23.7,3.2,0.72,3.34,-2.87,92.34,🔥,89.69000244140625,2.36,2.5,2.0,9.6>3.7,0.38,3.7,92.34,0.92,True
20260903,2026-09-04T00:02:22.455152+00:00,PCVX,21,22,64.9,10.0,16.3,1.6,0.66,0.47,-2.72,63.3,🔥,61.58000183105469,2.36,2.5,1.0,12.7,,12.7,60.67,,False
20260903,2026-09-04T00:02:22.455152+00:00,SMFG,22,23,64.0,8.0,7.4,22.2,0.63,-0.49,0.83,26.5,📊,26.719999313354492,0.46,2.5,3.0,6.1>5.6>6.8,1.11,6.8,26.32,0.64,False
20260903,2026-09-04T00:02:22.455152+00:00,MFG,23,24,63.8,11.0,13.4,7.9,0.69,0.43,0.73,10.99,📊,11.069999694824219,0.22,2.5,4.0,7.2>7.7>7.7>7.8,1.09,7.8,10.99,0.79,False
20260903,2026-09-04T00:02:22.455152+00:00,SAN,24,25,63.0,11.0,10.9,2.4,1.98,0.49,-0.47,14.82,📊,14.75,0.27,2.5,2.0,8.1>4.4,0.54,4.4,14.82,3.19,False
20260903,2026-09-04T00:02:22.455152+00:00,NWG,25,26,62.6,21.0,23.6,3.2,0.55,0.64,-2.67,19.1,🔥,18.59000015258789,0.27,2.5,5.0,12.9>5.4>3.7>6.2>4.1,0.32,4.1,19.1,0.79,False
20260903,2026-09-04T00:02:22.455152+00:00,MFC,26,27,62.6,7.0,5.1,14.3,1.33,-0.75,-2.5,44.4,📊,43.290000915527344,0.74,2.5,1.0,5.1,,5.1,44.4,,False
20260903,2026-09-04T00:02:22.455152+00:00,VOYA,27,28,62.1,8.0,6.3,33.3,0.77,-0.07,-0.16,102.55,📊,102.38999938964844,1.99,2.5,3.0,3.8>3.2>4.0,1.05,4.0,101.05,0.82,False
20260903,2026-09-04T00:02:22.455152+00:00,MUFG,28,29,61.8,8.0,8.7,19.8,0.74,0.1,1.39,23.1,🚀,23.420000076293945,0.44,2.5,3.0,6.4>5.5>6.7,1.05,6.7,23.1,0.87,False
20260903,2026-09-04T00:02:22.455152+00:00,KMX,29,30,61.2,7.0,12.9,39.7,0.5,0.72,-4.34,64.22,📊,61.43000030517578,1.84,2.5,2.0,4.4>4.1,0.94,4.1,59.11,1.16,False
20260903,2026-09-04T00:02:22.455152+00:00,AMRX,30,31,60.2,10.0,12.6,0.0,0.87,0.06,-5.45,19.1,⏳,18.059999465942383,0.55,2.5,2.0,3.6>10.5,2.88,10.5,19.1,0.78,False
20260903,2026-09-04T00:02:22.455152+00:00,GH,31,32,59.1,9.0,16.0,2.4,0.75,0.01,-4.6,170.92,⏳,163.05999755859375,7.73,2.5,2.0,15.9>6.7,0.42,6.7,168.48,0.83,True
20260903,2026-09-04T00:02:22.455152+00:00,RELY,32,33,58.7,9.0,16.0,19.0,0.8,1.08,0.0,26.82,🔥,26.81999969482422,1.06,2.5,2.0,10.7>10.8,1.01,10.8,25.93,2.05,False
20260903,2026-09-04T00:02:22.455152+00:00,RVMD,33,34,58.0,9.0,19.0,20.6,0.68,1.58,-5.39,221.15,⏳,209.22999572753906,8.94,2.5,1.0,6.3,,6.3,191.13,,False
20260903,2026-09-04T00:02:22.455152+00:00,TD,34,35,57.9,11.0,6.6,49.2,0.77,-0.33,-2.67,124.8,📊,121.47000122070312,2.29,2.5,3.0,3.0>6.3>6.3,2.08,6.3,124.36,0.5,False
20260903,2026-09-04T00:02:22.455152+00:00,VOD,35,36,57.3,34.0,21.2,0.0,0.75,-0.14,-2.13,16.42,🔥,16.06999969482422,0.22,2.5,10.0,5.7>6.9>9.8>2.8>4.2>10.0>1.2>16.2>3.7>6.6,1.17,6.6,16.39,1.33,False
20260903,2026-09-04T00:02:22.455152+00:00,MT,36,37,56.9,16.0,21.5,0.0,0.71,0.78,-0.09,75.2,🔥,75.12999725341797,2.16,2.5,5.0,8.2>10.9>16.3>2.9>5.4,0.66,5.4,75.2,0.73,False
20260903,2026-09-04T00:02:22.455152+00:00,USFD,37,38,56.5,10.0,14.6,15.9,0.65,0.68,-5.54,110.94,⏳,104.79000091552734,2.5,2.5,3.0,9.1>3.2>3.6,0.4,3.6,110.94,0.83,True
20260903,2026-09-04T00:02:22.455152+00:00,VTRS,38,39,54.4,16.0,13.9,14.3,0.89,0.0,-3.59,17.73,⏳,17.09000015258789,0.4,2.5,5.0,6.9>6.5>6.7>4.1>10.2,1.48,10.2,17.73,1.1,False
20260903,2026-09-04T00:02:22.455152+00:00,TVTX,39,40,53.9,10.0,18.6,26.2,0.64,1.38,-0.43,67.52,📊,67.2300033569336,2.06,2.5,3.0,4.6>5.5>4.1,0.91,4.1,57.36,0.54,False
20260903,2026-09-04T00:02:22.455152+00:00,ING,40,41,53.7,20.0,24.1,3.2,0.49,0.97,1.88,35.7,📊,36.369998931884766,0.47,2.5,6.0,4.3>2.9>8.3>4.4>2.3>3.4,0.78,3.4,35.7,0.76,False
20260903,2026-09-04T00:02:22.455152+00:00,DNTH,41,42,53.2,6.0,12.4,13.5,0.56,-0.01,-8.38,115.96,⏳,106.23999786376953,4.84,2.5,2.0,3.7>5.6,1.51,5.6,115.96,0.84,False
20260903,2026-09-04T00:02:22.455152+00:00,INCY,42,43,52.7,9.0,12.4,47.6,0.64,0.8,-0.85,129.93,📊,128.8300018310547,3.32,2.5,2.0,3.6>8.9,2.46,8.9,129.93,1.76,False
20260903,2026-09-04T00:02:22.455152+00:00,ARWR,43,44,52.7,19.0,22.7,11.1,0.5,0.76,-4.71,89.59,⏳,85.37000274658203,2.95,2.5,8.0,5.7>8.2>8.2>10.5>3.8>17.9>4.6>4.5,0.78,4.5,89.59,0.68,False
20260903,2026-09-04T00:02:22.455152+00:00,JHX,44,45,52.5,11.0,21.9,0.0,0.77,1.83,-8.43,31.08,⏳,28.459999084472656,0.82,2.5,3.0,8.9>8.1>5.8,0.65,5.8,31.08,0.84,False
20260903,2026-09-04T00:02:22.455152+00:00,BNS,45,46,52.2,11.0,9.7,64.3,0.77,0.24,-0.3,93.59,📊,93.30999755859375,2.14,2.5,4.0,2.0>2.2>4.7>5.6,2.8,5.6,91.54,0.35,False
20260903,2026-09-04T00:02:22.455152+00:00,APH,46,47,51.8,14.0,21.4,3.2,0.61,0.3,-6.91,88.16,⏳,82.06999969482422,2.83,2.5,3.0,6.7>18.4>11.1,1.66,11.1,86.12,0.6,False
20260903,2026-09-04T00:02:22.455152+00:00,IVZ,47,48,51.7,17.0,22.9,7.1,0.73,1.11,-4.77,33.31,⏳,31.719999313354492,0.88,2.5,6.0,6.0>5.3>11.4>8.0>2.0>3.7,0.62,3.7,32.57,0.82,False
20260903,2026-09-04T00:02:22.455152+00:00,ETSY,48,49,51.7,8.0,10.7,4.0,1.03,-0.59,-6.1,87.03,⏳,81.72000122070312,3.09,2.5,2.0,6.1>9.3,1.52,9.3,86.47,1.28,False
20260903,2026-09-04T00:02:22.455152+00:00,BAX,49,50,51.3,9.0,23.6,3.2,0.77,2.39,-9.31,28.34,⏳,25.700000762939453,0.69,2.5,3.0,4.6>7.2>8.6,1.86,8.6,28.34,1.34,False
20260903,2026-09-04T00:02:22.455152+00:00,HSIC,50,51,50.5,40.0,24.0,1.6,0.63,0.01,-0.39,90.74,🔥,90.38999938964844,1.68,2.5,10.0,5.1>2.6>4.0>8.6>6.0>13.5>12.8>3.2>4.2>2.5,0.5,2.5,90.74,0.9,False
20260903,2026-09-04T00:02:22.455152+00:00,HNGE,51,52,49.8,9.0,20.2,0.0,0.94,0.23,-1.08,92.85,🔥,91.8499984741211,4.52,2.5,2.0,17.7>6.5,0.37,6.5,91.57,0.91,True
20260903,2026-09-04T00:02:22.455152+00:00,CVE,52,53,49.6,7.0,17.8,50.0,0.76,2.02,-0.97,33.13,📊,32.810001373291016,0.97,2.5,2.0,8.5>6.6,0.77,6.6,32.93,1.02,False
20260903,2026-09-04T00:02:22.455152+00:00,BDX,53,54,49.4,10.0,23.0,40.5,0.66,2.66,-2.33,192.0,📊,187.52000427246094,3.91,2.5,2.0,4.8>4.4,0.91,4.4,159.93,0.85,False
20260903,2026-09-04T00:02:22.455152+00:00,SN,54,55,48.9,9.0,24.4,9.5,0.74,3.13,-9.13,192.86,⏳,175.25,5.83,2.5,3.0,3.5>5.6>4.6,1.3,4.6,188.59,0.87,False
20260903,2026-09-04T00:02:22.455152+00:00,LTH,55,56,48.9,8.0,9.3,23.8,0.99,0.2,-4.9,45.73,⏳,43.4900016784668,1.15,2.5,2.0,2.1>7.1,3.34,7.1,45.7,1.48,False
20260903,2026-09-04T00:02:22.455152+00:00,OII,56,57,48.8,6.0,13.9,31.7,0.76,0.39,-4.58,54.11,📊,51.630001068115234,2.06,2.5,2.0,11.7>8.3,0.71,8.3,54.11,0.52,False
20260903,2026-09-04T00:02:22.455152+00:00,TEVA,57,58,48.2,20.0,20.9,4.8,0.89,0.02,-1.6,38.1,🔥,37.4900016784668,0.98,2.5,5.0,5.4>6.4>7.0>9.1>14.6,2.68,14.6,35.29,1.17,False
20260903,2026-09-04T00:02:22.455152+00:00,EXPD,58,59,48.0,15.0,18.3,46.8,0.6,1.17,-2.52,190.97,📊,186.16000366210938,3.4,2.5,3.0,3.9>8.6>2.4,0.61,2.4,181.48,0.95,False
20260903,2026-09-04T00:02:22.455152+00:00,ALL,59,60,47.9,6.0,7.7,37.3,0.94,-1.16,-5.34,273.97,📊,259.3399963378906,4.78,2.5,1.0,7.7,,7.7,273.97,,False
20260903,2026-09-04T00:02:22.455152+00:00,SWK,60,61,47.7,10.0,17.2,9.5,0.88,0.92,-6.84,104.0,⏳,96.88999938964844,2.61,2.5,3.0,8.5>4.3>5.4,0.64,5.4,104.0,0.92,False
20260903,2026-09-04T00:02:22.455152+00:00,IFF,61,62,47.6,34.0,24.8,4.8,0.68,0.04,-1.28,88.07,🔥,86.94000244140625,1.99,2.5,9.0,6.0>19.3>9.2>13.2>7.0>4.2>10.9>5.7>8.0,1.34,8.0,88.07,0.94,False
20260903,2026-09-04T00:02:22.455152+00:00,UNM,62,63,45.2,15.0,12.4,57.9,0.88,0.23,-0.57,93.33,📊,92.80000305175781,2.15,2.5,5.0,2.4>4.4>5.2>6.1>6.8,2.79,6.8,93.33,1.17,False
20260903,2026-09-04T00:02:22.455152+00:00,WELL,63,64,44.9,28.0,22.9,14.3,0.77,0.11,-4.99,251.12,⏳,238.58999633789062,4.1,2.5,9.0,3.5>2.8>8.5>6.9>2.0>11.3>3.6>2.5>10.3,2.98,10.3,251.12,0.89,False
20260903,2026-09-04T00:02:22.455152+00:00,PBF,64,65,44.3,7.0,19.6,36.5,0.94,2.22,0.0,75.48,📊,75.4800033569336,4.11,2.5,3.0,7.6>16.3>11.6,1.51,11.6,75.2,0.77,False
20260903,2026-09-04T00:02:22.455152+00:00,TRV,65,66,44.1,6.0,8.8,32.5,0.8,-1.66,-7.81,397.22,📊,366.17999267578125,5.97,2.5,2.0,5.9>6.2,1.05,6.2,386.0,0.67,False
20260903,2026-09-04T00:02:22.455152+00:00,HPQ,66,67,43.9,7.0,24.1,27.0,0.82,3.3,2.2,31.3,📊,31.989999771118164,1.42,2.5,0.0,,,,,,False
20260903,2026-09-04T00:02:22.455152+00:00,TGT,67,68,43.6,8.0,22.7,87.3,1.02,2.94,-3.84,169.89,📊,163.36000061035156,5.36,2.5,1.0,4.1,,4.1,139.14,,False
20260903,2026-09-04T00:02:22.455152+00:00,VLO,68,69,42.9,7.0,17.3,71.4,0.8,2.53,3.9,352.36,📊,366.0899963378906,9.38,2.5,2.0,5.1>4.7,0.92,4.7,312.9,1.23,False
20260903,2026-09-04T00:02:22.455152+00:00,SIRI,69,70,42.9,19.0,20.7,6.3,0.74,0.31,-8.04,32.3,⏳,29.700000762939453,0.74,2.5,3.0,7.0>9.6>13.3,1.9,13.3,32.3,0.86,False
20260903,2026-09-04T00:02:22.455152+00:00,ADM,70,71,42.7,17.0,14.0,34.1,0.97,-0.04,-1.6,86.77,📊,85.37999725341797,2.75,2.5,4.0,6.3>10.7>12.3>4.6,0.72,4.6,81.93,0.96,False
20260903,2026-09-04T00:02:22.455152+00:00,ANET,71,72,42.3,9.0,25.0,8.7,0.66,1.5,-11.59,210.5,📊,186.10000610351562,7.03,2.5,3.0,9.8>10.6>12.7,1.29,12.7,210.5,0.87,False
20260903,2026-09-04T00:02:22.455152+00:00,RPRX,72,73,41.7,14.0,15.0,96.0,0.75,0.76,1.68,62.07,📊,63.11000061035156,1.28,2.5,3.0,5.2>4.6>5.3,1.02,5.3,59.73,0.79,False
20260903,2026-09-04T00:02:22.455152+00:00,SJM,73,74,41.4,12.0,19.8,79.4,0.78,0.9,-0.68,132.34,📊,131.44000244140625,3.59,2.5,3.0,8.4>6.4>7.1,0.85,7.1,125.18,0.72,False
20260903,2026-09-04T00:02:22.455152+00:00,BBY,74,75,40.7,8.0,11.3,44.4,0.96,-0.46,-3.52,90.17,📊,87.0,3.85,2.5,1.0,11.3,,11.3,90.17,,False
20260903,2026-09-04T00:02:22.455152+00:00,AMGN,75,76,40.2,12.0,24.4,77.8,0.81,2.18,-0.23,443.84,📊,442.8399963378906,9.24,2.5,2.0,5.0>5.1,1.02,5.1,371.98,0.46,False
