run_id,run_date,ticker,rank,score_rank,score,rsi2,dist_5dma_pct,dist_50dma_pct,dist_200dma_pct,last_close,target_price,stop_price,signal,freq_60d
20260514,2026-05-14T15:13:56.381290+00:00,ZTO,1,1,57.6,0.91,-4.15,-3.75,10.71,23.62,24.64,22.3,🔵,2
20260514,2026-05-14T15:13:56.381290+00:00,MFC,2,2,51.3,2.33,-5.22,2.28,9.09,37.4,39.45,35.33,🔵,0
20260514,2026-05-14T15:13:56.381290+00:00,CIG,3,3,46.9,1.64,-3.94,-7.37,5.63,2.24,2.34,2.08,🔵,3
20260514,2026-05-14T15:13:56.381290+00:00,EA,4,4,46.7,0.75,-0.1,-0.86,2.55,200.0,200.21,197.83,🔵,2
20260514,2026-05-14T15:13:56.381290+00:00,FORM,5,5,42.1,9.49,-6.99,8.57,83.78,128.11,137.74,96.78,🟡,1
20260514,2026-05-14T15:13:56.381290+00:00,ALB,6,6,42.0,8.5,-6.0,4.03,40.71,189.85,201.96,159.25,🟡,0
20260514,2026-05-14T15:13:56.381290+00:00,SQM,7,7,39.0,8.86,-5.43,4.43,36.64,86.55,91.52,76.61,🟡,1
20260514,2026-05-14T15:13:56.381290+00:00,ZM,8,8,36.4,4.14,-4.64,14.19,17.86,99.38,104.22,88.66,🟢,2
20260514,2026-05-14T15:13:56.381290+00:00,USAR,9,9,36.4,5.0,-5.08,20.57,30.25,24.42,25.73,18.4,🟡,2
20260514,2026-05-14T15:13:56.381290+00:00,ENTG,10,10,36.2,4.85,-3.46,7.4,35.56,140.85,145.89,120.48,🟢,1
20260514,2026-05-14T15:13:56.381290+00:00,CTRA,11,11,31.8,5.41,-5.34,-1.78,19.64,32.56,34.4,29.9,🟡,2
20260514,2026-05-14T15:13:56.381290+00:00,MCHP,12,12,29.2,6.92,-1.5,25.55,40.35,96.3,97.77,85.57,🟡,2
20260514,2026-05-14T15:13:56.381290+00:00,CCJ,13,13,27.8,8.37,-4.37,-3.19,11.92,110.96,116.03,94.24,🟡,1
20260514,2026-05-14T15:13:56.381290+00:00,BG,14,14,23.3,8.27,-1.68,-0.93,21.14,123.19,125.3,113.03,🟡,3
20260514,2026-05-14T15:13:56.381290+00:00,SAN,15,15,20.6,8.95,-1.54,2.58,8.82,11.86,12.05,11.17,🟡,1
20260514,2026-05-14T15:13:56.381290+00:00,RTO,16,16,18.4,6.77,-1.47,-0.8,12.09,32.26,32.74,30.82,🟡,3
20260514,2026-05-14T15:13:56.381290+00:00,DOV,17,17,14.7,6.55,-1.15,-0.32,9.84,214.67,217.16,202.24,🟡,4
20260514,2026-05-14T15:13:56.381290+00:00,WEC,18,18,11.6,7.49,-1.06,-3.74,0.21,110.82,112.01,106.26,🟡,3
20260514,2026-05-14T15:13:56.381290+00:00,POR,19,19,9.1,5.62,-0.36,-6.49,1.75,48.15,48.33,45.84,🟡,4
20260523,2026-05-23T14:03:08.119254+00:00,CE,1,1,52.0,0.91,-2.27,-15.25,6.93,52.39,53.61,45.08,🔵,2
20260523,2026-05-23T14:03:08.119254+00:00,GOOG,2,2,50.3,2.02,-1.5,11.96,28.26,379.38,385.15,355.52,🔵,3
20260523,2026-05-23T14:03:08.119254+00:00,GLNG,3,3,43.8,3.44,-3.95,-2.3,20.6,52.36,54.51,47.9,🟢,1
20260523,2026-05-23T14:03:08.119254+00:00,LYB,4,4,41.6,3.76,-2.7,-5.76,26.22,69.72,71.65,62.96,🟢,1
20260523,2026-05-23T14:03:08.119254+00:00,IBRX,5,5,40.0,9.6,-6.89,-6.65,53.67,7.22,7.75,5.54,🟡,2
20260523,2026-05-23T14:03:08.119254+00:00,SBUX,6,6,38.7,3.24,-2.12,4.63,14.57,103.11,105.34,96.81,🟢,1
20260523,2026-05-23T14:03:08.119254+00:00,WMT,7,7,35.9,3.75,-6.04,-5.13,5.22,120.27,128.0,112.09,🟢,2
20260523,2026-05-23T14:03:08.119254+00:00,LBRT,8,8,35.4,7.72,-2.7,3.84,52.43,31.84,32.72,28.36,🟡,0
20260523,2026-05-23T14:03:08.119254+00:00,NE,9,9,35.2,9.36,-2.6,4.65,43.81,52.0,53.39,47.75,🟡,0
20260523,2026-05-23T14:03:08.119254+00:00,PRM,10,10,34.8,4.67,-4.71,12.91,22.96,31.1,32.64,26.32,🟢,2
20260523,2026-05-23T14:03:08.119254+00:00,TTE,11,11,31.7,9.71,-1.04,1.8,29.26,91.6,92.56,87.18,🟡,0
20260523,2026-05-23T14:03:08.119254+00:00,GOOGL,12,12,29.0,6.3,-1.51,12.26,29.4,382.97,388.83,358.24,🟡,2
20260523,2026-05-23T14:03:08.119254+00:00,AMX,13,13,28.6,4.41,-1.55,1.05,15.31,26.14,26.55,24.65,🟢,1
20260523,2026-05-23T14:03:08.119254+00:00,VNOM,14,14,27.5,6.9,-2.07,0.43,16.75,46.89,47.88,43.66,🟡,0
20260523,2026-05-23T14:03:08.119254+00:00,IBKR,15,15,27.0,5.25,-2.82,6.99,16.38,81.35,83.71,74.38,🟡,1
20260523,2026-05-23T14:03:08.119254+00:00,LTH,16,16,25.9,7.12,-2.28,12.21,16.39,32.07,32.82,27.68,🟡,1
20260523,2026-05-23T14:03:08.119254+00:00,ALKS,17,17,25.5,6.45,-0.5,9.94,19.09,36.8,36.98,33.42,🟡,0
20260523,2026-05-23T14:03:08.119254+00:00,DE,18,18,22.0,4.21,-3.56,-8.12,2.09,529.15,548.7,488.71,🟢,4
20260523,2026-05-23T14:03:08.119254+00:00,TSN,19,19,22.0,8.72,-1.7,0.95,10.88,65.05,66.18,60.77,🟡,1
20260523,2026-05-23T14:03:08.119254+00:00,TAK,20,20,15.4,7.81,-1.59,-6.46,1.91,16.25,16.51,15.56,🟡,2
20260526,2026-05-27T02:14:59.644426+00:00,NE,1,1,60.3,2.41,-4.76,0.51,37.87,50.02,52.52,45.64,🔵,0
20260526,2026-05-27T02:14:59.644426+00:00,VNOM,2,2,55.4,1.62,-3.36,-2.44,13.37,45.59,47.17,42.4,🔵,0
20260526,2026-05-27T02:14:59.644426+00:00,CVS,3,3,55.3,1.21,-2.39,12.55,18.0,90.73,92.95,83.69,🔵,2
20260526,2026-05-27T02:14:59.644426+00:00,LYB,4,4,53.8,2.04,-2.29,-6.63,24.69,69.01,70.63,62.33,🔵,1
20260526,2026-05-27T02:14:59.644426+00:00,SBUX,5,5,52.5,1.32,-2.77,2.85,12.61,101.42,104.31,94.86,🔵,2
20260526,2026-05-27T02:14:59.644426+00:00,TTE,6,6,52.0,2.56,-2.01,-0.12,26.77,90.04,91.89,85.62,🟢,0
20260526,2026-05-27T02:14:59.644426+00:00,GLNG,7,7,51.7,2.18,-3.18,-3.63,19.2,51.82,53.52,47.3,🔵,1
20260526,2026-05-27T02:14:59.644426+00:00,CVE,8,8,50.7,3.57,-4.62,5.97,42.3,28.92,30.32,26.23,🟢,0
20260526,2026-05-27T02:14:59.644426+00:00,OVV,9,9,50.3,3.14,-4.13,-2.82,24.34,56.47,58.9,51.28,🟢,0
20260526,2026-05-27T02:14:59.644426+00:00,RIG,10,10,50.1,4.27,-7.16,-1.29,35.3,6.48,6.98,5.59,🟢,0
20260526,2026-05-27T02:14:59.644426+00:00,CE,11,11,49.8,0.88,-1.06,-15.14,6.85,52.37,52.93,45.23,🔵,2
20260526,2026-05-27T02:14:59.644426+00:00,SU,12,12,49.1,3.38,-3.05,0.58,30.73,65.56,67.62,60.68,🟢,0
20260526,2026-05-27T02:14:59.644426+00:00,VAL,13,13,48.6,4.27,-7.31,-1.39,40.29,96.33,103.92,83.37,🟢,1
20260526,2026-05-27T02:14:59.644426+00:00,CNQ,14,14,44.8,3.71,-3.38,-0.67,25.57,46.83,48.47,43.61,🟢,0
20260526,2026-05-27T02:14:59.644426+00:00,PR,15,15,44.3,3.69,-4.35,-4.82,23.95,19.63,20.52,17.87,🟢,1
20260526,2026-05-27T02:14:59.644426+00:00,WMT,16,16,43.3,2.52,-5.18,-6.36,3.66,118.57,125.05,110.08,🟢,2
20260526,2026-05-27T02:14:59.644426+00:00,FANG,17,17,42.0,3.79,-3.3,0.3,21.5,195.13,201.78,179.0,🟢,0
20260526,2026-05-27T02:14:59.644426+00:00,AMX,18,18,41.2,2.54,-1.49,0.2,14.43,25.98,26.37,24.58,🟢,2
20260526,2026-05-27T02:14:59.644426+00:00,MGY,19,19,40.8,3.26,-3.96,-5.06,11.72,28.15,29.31,25.69,🟢,1
20260526,2026-05-27T02:14:59.644426+00:00,BP,20,20,39.6,3.69,-4.44,-5.48,14.2,42.65,44.63,39.99,🟢,1
20260526,2026-05-27T02:14:59.644426+00:00,DVN,21,21,38.1,3.79,-5.02,-6.42,14.3,45.14,47.52,40.65,🟢,2
20260526,2026-05-27T02:14:59.644426+00:00,CHRD,22,22,37.9,9.02,-4.08,0.29,29.55,137.86,143.72,123.6,🟡,0
20260526,2026-05-27T02:14:59.644426+00:00,WDS,23,23,37.4,4.13,-3.69,-6.48,19.83,21.75,22.58,20.28,🟢,1
20260526,2026-05-27T02:14:59.644426+00:00,COP,24,24,37.2,3.57,-3.67,-5.09,14.32,116.57,121.01,107.95,🟢,2
20260526,2026-05-27T02:14:59.644426+00:00,CF,25,25,33.0,6.18,-2.92,-3.93,24.24,119.16,122.74,105.27,🟡,0
20260526,2026-05-27T02:14:59.644426+00:00,MTDR,26,26,32.0,8.96,-6.55,-9.52,11.64,53.78,57.55,47.63,🟡,1
20260526,2026-05-27T02:14:59.644426+00:00,CGON,27,27,31.9,7.32,-2.93,-7.98,25.93,61.89,63.76,53.54,🟡,1
20260526,2026-05-27T02:14:59.644426+00:00,PBR-A,28,28,31.7,8.68,-3.14,-7.11,24.57,17.25,17.81,15.87,🟡,1
20260526,2026-05-27T02:14:59.644426+00:00,DOW,29,29,30.6,4.76,-2.65,-8.72,24.21,35.28,36.24,31.64,🟢,2
20260526,2026-05-27T02:14:59.644426+00:00,MUR,30,30,30.5,7.08,-4.79,-6.37,15.66,36.48,38.31,32.4,🟡,1
20260526,2026-05-27T02:14:59.644426+00:00,HAL,31,31,30.4,6.63,-2.09,4.36,34.46,41.08,41.96,37.95,🟡,2
20260526,2026-05-27T02:14:59.644426+00:00,SGHC,32,32,30.1,4.95,-4.23,8.97,12.46,12.94,13.51,11.48,🟢,0
20260526,2026-05-27T02:14:59.644426+00:00,PM,33,33,28.3,4.63,-3.36,7.5,11.08,181.53,187.84,168.57,🟢,1
20260526,2026-05-27T02:14:59.644426+00:00,EPD,34,34,27.7,9.69,-2.38,1.64,15.94,38.4,39.34,36.39,🟡,0
20260526,2026-05-27T02:14:59.644426+00:00,XOM,35,35,27.6,4.89,-3.83,-3.12,15.58,149.81,155.77,138.45,🟢,2
20260526,2026-05-27T02:14:59.644426+00:00,COST,36,36,26.4,4.78,-4.48,-0.4,5.01,1002.93,1049.99,942.3,🟢,1
20260526,2026-05-27T02:14:59.644426+00:00,ET,37,37,26.2,8.05,-2.22,2.26,13.56,19.6,20.05,18.49,🟡,0
20260526,2026-05-27T02:14:59.644426+00:00,CVX,38,38,25.4,7.68,-3.37,-3.53,11.09,184.71,191.15,172.89,🟡,1
20260526,2026-05-27T02:14:59.644426+00:00,RRC,39,39,24.8,4.48,-3.47,-6.69,4.99,40.05,41.49,37.19,🟢,2
20260526,2026-05-27T02:14:59.644426+00:00,OXY,40,40,24.3,6.86,-2.5,-2.42,19.85,57.46,58.93,52.48,🟡,3
20260526,2026-05-27T02:14:59.644426+00:00,AR,41,41,24.0,4.31,-4.05,-8.59,1.89,35.8,37.31,32.96,🟢,3
20260526,2026-05-27T02:14:59.644426+00:00,BGC,42,42,23.4,7.9,-3.13,0.04,11.8,10.78,11.13,9.88,🟡,2
20260526,2026-05-27T02:14:59.644426+00:00,DE,43,43,19.6,4.2,-2.31,-7.97,2.05,529.12,541.63,490.0,🟢,4
20260526,2026-05-27T02:14:59.644426+00:00,LNG,44,44,18.9,4.92,-2.95,-10.93,2.14,234.05,241.16,213.73,🟢,2
20260526,2026-05-27T02:14:59.644426+00:00,NTR,45,45,18.5,9.93,-0.66,-4.77,8.21,69.94,70.4,64.57,🟡,1
20260530,2026-05-30T04:14:08.914527+00:00,NE,1,1,71.9,0.44,-4.4,-6.62,26.98,46.48,48.62,42.36,🔵,1
20260530,2026-05-30T04:14:08.914527+00:00,CVE,2,2,69.1,0.74,-3.45,0.07,34.34,27.57,28.55,25.1,🔵,1
20260530,2026-05-30T04:14:08.914527+00:00,SU,3,3,67.5,0.5,-3.33,-4.49,23.44,62.36,64.51,58.15,🔵,1
20260530,2026-05-30T04:14:08.914527+00:00,HAL,4,4,63.2,0.66,-3.03,-1.89,26.0,38.85,40.07,35.78,🔵,3
20260530,2026-05-30T04:14:08.914527+00:00,KGS,5,5,60.8,2.52,-5.46,2.39,47.8,66.85,70.71,59.36,🟢,0
20260530,2026-05-30T04:14:08.914527+00:00,AXTI,6,6,60.0,8.45,-16.14,21.09,218.69,103.16,123.01,60.46,🟡,0
20260530,2026-05-30T04:14:08.914527+00:00,AMX,7,7,58.8,0.22,-1.83,-2.58,11.3,25.38,25.85,23.9,🔵,2
20260530,2026-05-30T04:14:08.914527+00:00,UGP,8,8,58.1,1.17,-4.67,-9.43,13.64,5.18,5.43,4.68,🔵,2
20260530,2026-05-30T04:14:08.914527+00:00,SGHC,9,9,57.0,0.9,-3.55,3.74,7.93,12.45,12.91,10.97,🔵,1
20260530,2026-05-30T04:14:08.914527+00:00,BTI,10,10,54.0,1.06,-3.17,3.45,9.86,61.79,63.81,57.73,🔵,2
20260530,2026-05-30T04:14:08.914527+00:00,EPD,11,11,54.0,1.39,-3.34,-2.72,10.7,36.79,38.06,34.82,🔵,1
20260530,2026-05-30T04:14:08.914527+00:00,CF,12,12,53.5,2.02,-4.15,-9.05,16.51,112.35,117.21,99.15,🔵,1
20260530,2026-05-30T04:14:08.914527+00:00,PR,13,13,52.7,1.57,-1.84,-6.73,20.68,19.23,19.59,17.81,🔵,2
20260530,2026-05-30T04:14:08.914527+00:00,AROC,14,14,52.4,2.19,-6.53,-8.13,15.02,33.49,35.83,30.37,🔵,3
20260530,2026-05-30T04:14:08.914527+00:00,MO,15,15,52.2,1.15,-3.34,1.88,10.62,69.58,71.99,66.21,🔵,3
20260530,2026-05-30T04:14:08.914527+00:00,APD,16,16,51.6,0.69,-2.38,-5.3,2.34,278.62,285.41,262.58,🔵,2
20260530,2026-05-30T04:14:08.914527+00:00,XOM,17,17,50.8,1.17,-2.49,-5.69,11.51,145.26,148.97,134.83,🔵,3
20260530,2026-05-30T04:14:08.914527+00:00,COP,18,18,50.4,1.07,-1.93,-6.88,11.39,113.98,116.23,106.33,🔵,3
20260530,2026-05-30T04:14:08.914527+00:00,COST,19,19,50.0,0.96,-4.11,-4.99,0.13,956.32,997.28,890.69,🔵,3
20260530,2026-05-30T04:14:08.914527+00:00,WFRD,20,20,49.7,2.3,-2.47,1.21,23.87,103.64,106.26,94.92,🔵,2
20260530,2026-05-30T04:14:08.914527+00:00,AAOI,21,21,47.2,6.84,-8.58,7.05,140.2,158.41,173.27,98.94,🟡,0
20260530,2026-05-30T04:14:08.914527+00:00,CB,22,22,47.0,1.12,-2.7,-4.22,2.36,311.73,320.38,296.46,🔵,3
20260530,2026-05-30T04:14:08.914527+00:00,WMB,23,23,46.4,2.34,-4.48,-3.23,9.79,71.39,74.74,66.9,🔵,2
20260530,2026-05-30T04:14:08.914527+00:00,TRV,24,24,46.3,0.91,-2.54,-2.46,1.93,291.89,299.49,277.53,🔵,4
20260530,2026-05-30T04:14:08.914527+00:00,VTR,25,25,46.1,1.68,-2.92,-1.04,8.7,84.42,86.96,79.64,🔵,3
20260530,2026-05-30T04:14:08.914527+00:00,OKE,26,26,46.1,2.58,-5.4,-4.79,9.46,83.94,88.73,77.74,🟢,2
20260530,2026-05-30T04:14:08.914527+00:00,TSEM,27,27,45.1,6.33,-7.56,17.39,98.04,255.23,276.1,194.02,🟡,0
20260530,2026-05-30T04:14:08.914527+00:00,PBA,28,28,44.7,1.91,-2.7,2.2,14.1,46.55,47.84,44.35,🔵,4
20260530,2026-05-30T04:14:08.914527+00:00,AFL,29,29,44.4,1.56,-2.17,-0.12,2.5,112.42,114.92,107.16,🔵,2
20260530,2026-05-30T04:14:08.914527+00:00,KMI,30,30,44.3,1.86,-4.0,-4.29,7.34,31.08,32.37,29.25,🔵,4
20260530,2026-05-30T04:14:08.914527+00:00,PBR,31,31,43.9,2.99,-2.1,-8.25,24.67,18.77,19.17,17.26,🟢,2
20260530,2026-05-30T04:14:08.914527+00:00,CM,32,32,43.5,3.32,-3.76,2.54,18.84,108.74,112.99,103.18,🟢,1
20260530,2026-05-30T04:14:08.914527+00:00,TRGP,33,33,42.1,4.15,-3.93,1.87,28.67,255.07,265.5,236.94,🟢,1
20260530,2026-05-30T04:14:08.914527+00:00,TRP,34,34,41.8,2.92,-2.86,3.19,16.5,66.62,68.58,63.26,🟢,2
20260530,2026-05-30T04:14:08.914527+00:00,PBR-A,35,35,41.6,2.95,-1.88,-9.47,20.37,16.77,17.09,15.53,🟢,2
20260530,2026-05-30T04:14:08.914527+00:00,WES,36,36,41.4,3.05,-3.75,1.91,10.43,42.87,44.54,39.71,🟢,1
20260530,2026-05-30T04:14:08.914527+00:00,MUFG,37,37,39.7,2.62,-1.77,4.23,11.62,18.71,19.05,17.81,🟢,2
20260530,2026-05-30T04:14:08.914527+00:00,INTC,38,38,39.1,8.87,-4.54,39.09,133.25,114.68,120.14,91.34,🟡,0
20260530,2026-05-30T04:14:08.914527+00:00,EQNR,39,39,38.8,4.27,-3.04,-7.25,27.39,35.99,37.12,33.02,🟢,1
20260530,2026-05-30T04:14:08.914527+00:00,PSO,40,40,38.3,3.04,-1.63,4.24,8.87,14.82,15.07,14.14,🟢,0
20260530,2026-05-30T04:14:08.914527+00:00,GEV,41,41,38.2,7.92,-5.17,-3.26,29.5,968.32,1021.08,854.02,🟡,1
20260530,2026-05-30T04:14:08.914527+00:00,SBRA,42,42,37.5,2.26,-2.63,-0.89,5.7,19.89,20.43,19.0,🔵,4
20260530,2026-05-30T04:14:08.914527+00:00,LITE,43,43,37.1,8.11,-4.49,-1.22,86.69,854.96,895.12,644.76,🟡,1
20260530,2026-05-30T04:14:08.914527+00:00,CNQ,44,44,36.6,3.97,-2.38,-3.41,20.88,45.37,46.47,42.46,🟢,1
20260530,2026-05-30T04:14:08.914527+00:00,BGC,45,45,35.9,2.75,-2.15,-3.29,8.53,10.45,10.68,9.67,🟢,3
20260530,2026-05-30T04:14:08.914527+00:00,CHRD,46,46,35.7,4.44,-3.22,-4.33,23.27,131.87,136.26,119.63,🟢,1
20260530,2026-05-30T04:14:08.914527+00:00,ETR,47,47,34.8,2.91,-1.68,-2.26,10.8,109.05,110.91,104.45,🟢,3
20260530,2026-05-30T04:14:08.914527+00:00,ZTO,48,48,34.4,2.73,-1.74,-9.7,2.92,22.12,22.51,20.58,🟢,2
20260530,2026-05-30T04:14:08.914527+00:00,COHR,49,49,33.7,6.28,-3.74,12.97,77.91,361.47,375.5,289.17,🟡,2
20260530,2026-05-30T04:14:08.914527+00:00,ENB,50,50,33.4,3.39,-2.77,1.66,11.23,54.74,56.3,52.24,🟢,3
20260530,2026-05-30T04:14:08.914527+00:00,APA,51,51,33.1,6.91,-2.01,-6.56,28.27,36.43,37.18,32.61,🟡,0
20260530,2026-05-30T04:14:08.914527+00:00,CMBT,52,52,32.9,5.25,-3.34,11.85,37.3,15.47,16.0,13.93,🟡,2
20260530,2026-05-30T04:14:08.914527+00:00,SLB,53,53,32.4,6.04,-3.08,1.71,26.24,54.55,56.29,50.9,🟡,1
20260530,2026-05-30T04:14:08.914527+00:00,WELL,54,54,32.3,3.73,-3.52,-1.44,7.7,205.33,212.82,193.34,🟢,2
20260530,2026-05-30T04:14:08.914527+00:00,OUT,55,55,31.9,8.26,-1.88,7.33,35.36,32.24,32.86,29.87,🟡,1
20260530,2026-05-30T04:14:08.914527+00:00,GGB,56,56,30.7,7.44,-3.43,6.32,21.37,4.5,4.66,4.14,🟡,1
20260530,2026-05-30T04:14:08.914527+00:00,CAH,57,57,30.6,2.6,-1.36,-3.06,2.39,196.8,199.51,186.22,🟢,4
20260530,2026-05-30T04:14:08.914527+00:00,PAA,58,58,30.1,6.37,-3.24,2.07,20.96,22.43,23.18,20.96,🟡,1
20260530,2026-05-30T04:14:08.914527+00:00,NI,59,59,28.6,3.72,-2.12,-1.77,5.69,46.22,47.22,44.22,🟢,2
20260530,2026-05-30T04:14:08.914527+00:00,PM,60,60,27.7,4.29,-2.38,4.68,8.4,177.38,181.7,163.57,🟢,1
20260530,2026-05-30T04:14:08.914527+00:00,IEP,61,61,27.1,3.83,-0.96,0.2,5.26,7.44,7.51,7.11,🟢,1
20260530,2026-05-30T04:14:08.914527+00:00,TXNM,62,62,26.4,3.6,-0.33,0.72,2.97,59.21,59.4,58.76,🟢,1
20260530,2026-05-30T04:14:08.914527+00:00,ADC,63,63,26.0,3.2,-0.74,-2.25,1.43,74.15,74.7,71.49,🟢,3
20260530,2026-05-30T04:14:08.914527+00:00,HESM,64,64,25.8,4.46,-3.57,-2.14,6.19,37.5,38.89,35.23,🟢,2
20260530,2026-05-30T04:14:08.914527+00:00,PNW,65,65,24.8,4.31,-2.05,-0.99,7.78,99.74,101.83,95.52,🟢,2
20260530,2026-05-30T04:14:08.914527+00:00,RTO,66,66,24.6,4.22,-2.73,-7.3,3.25,30.11,30.96,28.6,🟢,2
20260530,2026-05-30T04:14:08.914527+00:00,TSN,67,67,23.8,7.26,-4.42,-5.56,3.72,61.02,63.84,56.57,🟡,1
20260530,2026-05-30T04:14:08.914527+00:00,EOG,68,68,23.4,9.41,-1.88,-3.01,12.98,133.38,135.94,124.46,🟡,1
20260530,2026-05-30T04:14:08.914527+00:00,SMFG,69,69,22.8,7.57,-2.17,4.22,14.49,21.97,22.46,20.84,🟡,2
20260530,2026-05-30T04:14:08.914527+00:00,TGTX,70,70,22.7,8.3,-2.5,4.94,16.74,37.94,38.91,34.48,🟡,3
20260530,2026-05-30T04:14:08.914527+00:00,DOC,71,71,22.4,7.87,-2.58,9.14,12.01,19.15,19.66,18.08,🟡,2
20260530,2026-05-30T04:14:08.914527+00:00,LIN,72,72,20.7,4.78,-2.03,-0.65,7.39,497.69,508.02,474.4,🟢,2
20260530,2026-05-30T04:14:08.914527+00:00,PLD,73,73,20.6,8.51,-1.53,3.1,12.62,143.47,145.69,137.89,🟡,2
20260530,2026-05-30T04:14:08.914527+00:00,ALL,74,74,20.4,4.61,-2.01,-3.22,0.16,206.09,210.33,193.82,🟢,1
20260530,2026-05-30T04:14:08.914527+00:00,SBUX,75,75,20.4,6.26,-2.12,0.24,9.9,99.16,101.31,92.76,🟡,2
20260530,2026-05-30T04:14:08.914527+00:00,SO,76,76,19.5,3.92,-1.43,-2.04,0.98,92.05,93.39,88.57,🟢,4
20260530,2026-05-30T04:14:08.914527+00:00,BAYRY,77,77,19.5,5.68,-3.26,-5.92,3.5,10.55,10.91,9.9,🟡,2
20260530,2026-05-30T04:14:08.914527+00:00,HR,78,78,19.3,8.28,-1.53,7.19,13.75,19.92,20.23,19.08,🟡,3
20260530,2026-05-30T04:14:08.914527+00:00,JNJ,79,79,19.2,8.09,-2.08,-2.58,7.55,225.33,230.12,214.87,🟡,2
20260530,2026-05-30T04:14:08.914527+00:00,AM,80,80,18.7,5.17,-2.46,-3.97,8.77,20.96,21.49,19.88,🟡,3
20260530,2026-05-30T04:14:08.914527+00:00,OHI,81,81,18.6,7.46,-1.67,1.78,8.04,46.76,47.55,44.6,🟡,2
20260530,2026-05-30T04:14:08.914527+00:00,EVRG,82,82,18.4,8.1,-1.66,0.76,7.64,82.04,83.42,78.77,🟡,2
20260530,2026-05-30T04:14:08.914527+00:00,CIG,83,83,18.3,4.61,-1.38,-9.79,2.34,2.15,2.18,1.99,🟢,2
20260530,2026-05-30T04:14:08.914527+00:00,LNT,84,84,18.2,6.43,-1.95,-0.34,6.05,71.61,73.03,68.64,🟡,2
20260530,2026-05-30T04:14:08.914527+00:00,AEP,85,85,18.0,6.46,-2.03,-3.38,5.41,126.67,129.3,120.57,🟡,2
20260530,2026-05-30T04:14:08.914527+00:00,BWXT,86,86,17.9,8.66,-2.2,-8.04,0.76,195.88,200.28,177.58,🟡,1
20260530,2026-05-30T04:14:08.914527+00:00,AHR,87,87,17.7,9.21,-2.22,-1.09,4.06,48.89,50.0,45.41,🟡,2
20260530,2026-05-30T04:14:08.914527+00:00,SBS,88,88,17.0,8.71,-1.95,-11.62,3.6,5.52,5.63,5.09,🟡,2
20260530,2026-05-30T04:14:08.914527+00:00,WMT,89,89,16.8,4.93,-2.24,-8.32,1.0,115.75,118.41,106.8,🟢,2
20260530,2026-05-30T04:14:08.914527+00:00,NNN,90,90,16.4,6.32,-0.76,2.32,7.34,44.51,44.85,42.96,🟡,2
20260530,2026-05-30T04:14:08.914527+00:00,HAS,91,91,16.3,5.48,-1.32,-7.08,0.96,86.17,87.33,77.88,🟡,1
20260530,2026-05-30T04:14:08.914527+00:00,MPLX,92,92,15.8,5.27,-1.99,-1.15,4.93,54.65,55.76,52.18,🟡,3
20260530,2026-05-30T04:14:08.914527+00:00,REG,93,93,15.7,5.44,-1.5,-0.63,6.63,77.35,78.53,74.76,🟡,3
20260530,2026-05-30T04:14:08.914527+00:00,AEE,94,94,14.9,7.34,-1.91,-2.16,3.43,107.97,110.07,103.42,🟡,3
20260530,2026-05-30T04:14:08.914527+00:00,OGE,95,95,14.8,6.52,-1.5,-1.04,4.84,47.23,47.95,45.44,🟡,3
20260530,2026-05-30T04:14:08.914527+00:00,NGG,96,96,14.6,9.45,-2.39,-2.95,4.56,81.53,83.53,76.54,🟡,4
20260530,2026-05-30T04:14:08.914527+00:00,ES,97,97,14.2,4.84,-1.54,0.32,1.0,68.27,69.34,64.94,🟢,3
20260530,2026-05-30T04:14:08.914527+00:00,NEE,98,98,14.2,7.36,-0.7,-5.89,3.04,87.01,87.62,81.19,🟡,2
20260530,2026-05-30T04:14:08.914527+00:00,GLPI,99,99,14.0,6.44,-1.25,0.4,4.19,46.97,47.57,45.35,🟡,3
20260530,2026-05-30T04:14:08.914527+00:00,CMS,100,100,10.7,7.4,-1.58,-3.55,0.01,72.57,73.74,69.74,🟡,4
20260530,2026-05-30T04:14:08.914527+00:00,DUK,101,101,10.6,9.65,-1.42,-2.99,0.56,122.73,124.5,118.37,🟡,4
20260530,2026-05-30T04:14:08.914527+00:00,GSK,102,102,10.5,7.06,-1.38,-4.99,4.25,50.54,51.25,48.34,🟡,5
20260602,2026-06-03T02:01:57.203088+00:00,LQDA,1,1,66.1,2.51,-8.08,22.77,59.46,55.11,59.96,47.42,🟢,0
20260602,2026-06-03T02:01:57.203088+00:00,ARWR,2,2,61.7,2.57,-7.3,0.42,29.05,70.82,76.39,61.1,🟢,1
20260602,2026-06-03T02:01:57.203088+00:00,IMVT,3,3,61.1,2.07,-5.73,10.47,30.65,30.92,32.8,25.5,🔵,2
20260602,2026-06-03T02:01:57.203088+00:00,CYTK,4,4,57.9,1.47,-5.53,2.67,14.86,70.91,75.06,64.2,🔵,2
20260602,2026-06-03T02:01:57.203088+00:00,GOOGL,5,5,57.9,1.82,-4.65,3.33,20.07,361.85,379.5,336.14,🔵,1
20260602,2026-06-03T02:01:57.203088+00:00,VTR,6,6,57.7,0.31,-4.63,-5.96,2.98,80.13,84.02,75.03,🔵,3
20260602,2026-06-03T02:01:57.203088+00:00,INTC,7,7,57.3,2.88,-6.08,26.99,115.76,107.93,114.92,86.33,🟢,1
20260602,2026-06-03T02:01:57.203088+00:00,BTI,8,8,57.1,0.37,-2.55,0.98,7.39,60.46,62.04,56.85,🔵,2
20260602,2026-06-03T02:01:57.203088+00:00,OUT,9,9,55.4,1.85,-1.97,4.02,31.33,31.46,32.09,29.42,🔵,2
20260602,2026-06-03T02:01:57.203088+00:00,GOOG,10,10,54.0,1.76,-4.6,3.11,19.04,358.39,375.67,333.14,🔵,3
20260602,2026-06-03T02:01:57.203088+00:00,WELL,11,11,51.8,0.96,-4.48,-6.16,2.27,195.35,204.5,182.49,🔵,3
20260602,2026-06-03T02:01:57.203088+00:00,SRRK,12,12,49.6,2.85,-7.62,-6.6,7.93,44.68,48.37,38.87,🟢,1
20260602,2026-06-03T02:01:57.203088+00:00,RHHBY,13,13,49.0,1.25,-4.2,-3.05,2.42,49.17,51.32,46.5,🔵,3
20260602,2026-06-03T02:01:57.203088+00:00,BGC,14,14,48.9,0.79,-1.07,-4.63,7.38,10.34,10.45,9.57,🔵,3
20260602,2026-06-03T02:01:57.203088+00:00,OHI,15,15,48.7,1.12,-3.31,-2.46,3.39,44.81,46.34,42.54,🔵,3
20260602,2026-06-03T02:01:57.203088+00:00,SBUX,16,16,47.4,1.44,-3.34,-3.54,5.8,95.51,98.81,89.08,🔵,3
20260602,2026-06-03T02:01:57.203088+00:00,RTO,17,17,46.2,1.14,-2.88,-9.58,0.38,29.32,30.19,27.84,🔵,3
20260602,2026-06-03T02:01:57.203088+00:00,CTRE,18,18,45.3,1.87,-4.04,-1.63,5.47,38.73,40.36,36.48,🔵,3
20260602,2026-06-03T02:01:57.203088+00:00,TGTX,19,19,44.5,2.05,-3.58,0.58,12.42,36.64,38.0,33.45,🔵,4
20260602,2026-06-03T02:01:57.203088+00:00,NVS,20,20,44.1,1.5,-3.3,-3.97,4.0,143.48,148.37,137.54,🔵,4
20260602,2026-06-03T02:01:57.203088+00:00,CAH,21,21,41.6,1.12,-1.23,-3.74,1.15,194.88,197.3,184.93,🔵,4
20260602,2026-06-03T02:01:57.203088+00:00,GSK,22,22,39.8,1.44,-2.65,-7.72,0.84,49.0,50.33,46.87,🔵,5
20260602,2026-06-03T02:01:57.203088+00:00,REG,23,23,38.6,1.85,-1.77,-2.34,4.71,76.03,77.4,73.5,🔵,4
20260602,2026-06-03T02:01:57.203088+00:00,GLPI,24,24,38.2,1.7,-1.44,-0.84,2.84,46.39,47.07,44.8,🔵,4
20260602,2026-06-03T02:01:57.203088+00:00,IBRX,25,25,34.0,8.96,-3.86,-5.27,49.09,7.23,7.52,5.79,🟡,2
20260602,2026-06-03T02:01:57.203088+00:00,LIN,26,26,33.5,2.87,-0.85,-1.06,6.94,495.91,500.17,473.21,🟢,2
20260602,2026-06-03T02:01:57.203088+00:00,ROIV,27,27,33.5,5.77,-3.77,-1.29,25.61,28.25,29.36,25.17,🟡,1
20260602,2026-06-03T02:01:57.203088+00:00,LNTH,28,28,32.2,8.94,-2.02,11.56,41.45,96.3,98.29,86.91,🟡,1
20260602,2026-06-03T02:01:57.203088+00:00,MRNA,29,29,31.9,4.37,-2.51,-8.59,21.16,45.64,46.81,39.71,🟢,2
20260602,2026-06-03T02:01:57.203088+00:00,CGON,30,30,30.8,6.85,-7.01,-16.66,11.04,55.53,59.72,46.86,🟡,2
20260602,2026-06-03T02:01:57.203088+00:00,AMZN,31,31,28.1,6.58,-3.87,3.13,10.65,256.52,266.85,239.51,🟡,0
20260602,2026-06-03T02:01:57.203088+00:00,TSN,32,32,27.1,4.12,-2.94,-7.09,2.06,59.59,61.4,55.7,🟢,1
20260602,2026-06-03T02:01:57.203088+00:00,ICL,33,33,27.0,6.48,-4.44,9.31,9.99,6.21,6.5,5.69,🟡,1
20260602,2026-06-03T02:01:57.203088+00:00,EXEL,34,34,26.5,8.47,-3.22,5.03,13.9,48.54,50.16,44.81,🟡,1
20260602,2026-06-03T02:01:57.203088+00:00,JNJ,35,35,26.0,4.2,-1.71,-3.43,6.12,222.89,226.76,212.48,🟢,1
20260602,2026-06-03T02:01:57.203088+00:00,PRM,36,36,25.6,9.09,-3.21,7.03,19.63,30.75,31.77,26.94,🟡,3
20260602,2026-06-03T02:01:57.203088+00:00,TGT,37,37,25.3,9.0,-2.38,-0.13,18.62,123.18,126.19,112.09,🟡,2
20260602,2026-06-03T02:01:57.203088+00:00,QSR,38,38,24.7,4.21,-2.8,-6.87,2.97,71.57,73.63,67.14,🟢,2
20260602,2026-06-03T02:01:57.203088+00:00,COGT,39,40,24.2,7.91,-5.0,-7.41,9.74,32.76,34.48,29.03,🟡,3
20260602,2026-06-03T02:01:57.203088+00:00,BIIB,40,41,23.7,5.58,-2.71,0.95,10.36,188.83,194.08,174.45,🟡,1
20260602,2026-06-03T02:01:57.203088+00:00,BMY,41,42,23.3,4.29,-3.1,-6.13,4.12,54.46,56.2,50.96,🟢,3
20260602,2026-06-03T02:01:57.203088+00:00,HWM,42,43,23.2,5.91,-2.25,0.33,15.0,250.72,256.48,231.43,🟡,2
20260602,2026-06-03T02:01:57.203088+00:00,IFF,43,44,21.0,8.86,-3.27,-0.12,6.44,73.24,75.72,66.34,🟡,2
20260602,2026-06-03T02:01:57.203088+00:00,CVS,44,45,20.9,9.47,-1.89,8.54,15.38,89.5,91.23,84.1,🟡,3
20260602,2026-06-03T02:01:57.203088+00:00,AMGN,45,46,20.5,4.54,-1.53,-3.2,1.26,328.26,333.34,310.39,🟢,1
20260602,2026-06-03T02:01:57.203088+00:00,KO,46,47,20.3,7.7,-1.52,0.74,8.2,78.41,79.62,75.49,🟡,1
20260602,2026-06-03T02:01:57.203088+00:00,PFE,47,48,18.9,8.7,-1.51,-3.14,1.76,25.55,25.94,24.46,🟡,0
20260602,2026-06-03T02:01:57.203088+00:00,FER,48,49,17.1,6.63,-2.08,-1.85,3.3,66.34,67.75,62.5,🟡,2
20260602,2026-06-03T02:01:57.203088+00:00,CL,49,50,16.1,9.18,-1.87,2.46,5.89,88.27,89.96,83.62,🟡,3
20260605,2026-06-05T12:13:51.779969+00:00,OUT,1,1,60.7,1.14,-1.77,3.1,30.13,31.26,31.82,29.2,🔵,2
20260605,2026-06-05T12:13:51.779969+00:00,BTI,2,2,59.1,0.07,-3.49,-3.46,2.69,57.85,59.94,54.42,🔵,2
20260605,2026-06-05T12:13:51.779969+00:00,RKLB,3,3,54.1,5.79,-12.03,21.61,63.22,114.7,130.38,83.99,🟡,0
20260605,2026-06-05T12:13:51.779969+00:00,SIRI,4,4,53.6,2.18,-2.97,7.06,23.88,27.79,28.64,25.5,🔵,1
20260605,2026-06-05T12:13:51.779969+00:00,GOOG,5,5,53.1,1.37,-3.83,2.0,17.85,355.68,369.84,332.25,🔵,4
20260605,2026-06-05T12:13:51.779969+00:00,OHI,6,6,52.4,0.37,-2.81,-4.91,0.65,43.67,44.93,41.19,🔵,3
20260605,2026-06-05T12:13:51.779969+00:00,CTRE,7,7,51.3,0.98,-4.04,-3.46,3.49,38.03,39.63,35.8,🔵,3
20260605,2026-06-05T12:13:51.779969+00:00,VZ,8,8,47.8,1.54,-4.5,-5.42,3.53,44.87,46.99,42.23,🔵,3
20260605,2026-06-05T12:13:51.779969+00:00,ROKU,9,9,47.3,2.78,-4.47,6.54,18.58,122.2,127.92,111.11,🟢,2
20260605,2026-06-05T12:13:51.779969+00:00,GLPI,10,10,44.3,0.88,-1.4,-1.5,2.13,46.08,46.73,44.46,🔵,4
20260605,2026-06-05T12:13:51.779969+00:00,SRRK,11,11,43.4,2.79,-5.36,-6.72,7.66,44.64,47.17,38.98,🟢,2
20260605,2026-06-05T12:13:51.779969+00:00,APLD,12,12,39.8,9.42,-5.85,25.62,50.41,44.71,47.49,33.79,🟡,1
20260605,2026-06-05T12:13:51.779969+00:00,PBR,13,13,39.2,3.02,-2.03,-10.78,19.81,18.06,18.43,16.78,🟢,3
20260605,2026-06-05T12:13:51.779969+00:00,LUMN,14,14,38.5,7.54,-4.86,13.42,27.58,9.9,10.41,8.28,🟡,0
20260605,2026-06-05T12:13:51.779969+00:00,HON,15,15,37.6,3.27,-5.42,-2.12,3.32,217.64,230.11,200.65,🟢,2
20260605,2026-06-05T12:13:51.779969+00:00,PRM,16,16,35.2,4.01,-4.99,3.24,15.83,29.84,31.41,26.14,🟢,3
20260605,2026-06-05T12:13:51.779969+00:00,VIK,17,17,32.9,9.04,-2.48,9.17,25.83,88.64,90.89,78.97,🟡,0
20260605,2026-06-05T12:13:51.779969+00:00,PBR-A,18,18,32.7,3.57,-1.91,-11.66,16.09,16.16,16.47,15.1,🟢,3
20260605,2026-06-05T12:13:51.779969+00:00,ICL,19,19,32.2,4.27,-4.49,7.32,8.39,6.12,6.41,5.68,🟢,1
20260605,2026-06-05T12:13:51.779969+00:00,IBRX,20,20,31.6,6.45,-2.68,-5.37,47.36,7.18,7.38,5.79,🟡,2
20260605,2026-06-05T12:13:51.779969+00:00,ALB,21,21,31.2,4.52,-2.94,-10.32,16.76,165.65,170.66,148.32,🟢,1
20260605,2026-06-05T12:13:51.779969+00:00,BCE,22,22,31.1,3.18,-2.43,-0.84,0.85,24.08,24.68,22.88,🟢,2
20260605,2026-06-05T12:13:51.779969+00:00,SQM,23,23,30.6,5.65,-4.42,-8.64,17.32,77.69,81.28,69.76,🟡,1
20260605,2026-06-05T12:13:51.779969+00:00,CGON,24,24,29.6,4.95,-6.88,-18.06,8.51,54.42,58.44,45.89,🟢,2
20260605,2026-06-05T12:13:51.779969+00:00,LINE,25,25,25.9,7.78,-4.18,11.51,12.66,41.57,43.38,38.06,🟡,2
20260605,2026-06-05T12:13:51.779969+00:00,FRO,26,26,25.2,5.98,-1.17,-5.15,23.23,34.16,34.56,31.12,🟡,2
20260605,2026-06-05T12:13:51.779969+00:00,LYV,27,27,23.9,6.14,-3.21,0.23,4.91,161.01,166.35,150.1,🟡,0
20260605,2026-06-05T12:13:51.779969+00:00,COGT,28,28,23.6,5.6,-5.21,-8.66,7.7,32.26,34.03,28.46,🟡,3
20260605,2026-06-05T12:13:51.779969+00:00,BUD,29,29,23.0,7.55,-2.0,2.77,15.52,77.92,79.51,74.41,🟡,2
20260605,2026-06-05T12:13:51.779969+00:00,ABEV,30,30,22.6,7.99,-2.51,0.76,16.4,3.11,3.19,2.88,🟡,3
20260605,2026-06-05T12:13:51.779969+00:00,EMN,31,31,22.1,9.21,-3.51,-1.65,7.6,72.42,75.06,66.94,🟡,2
20260605,2026-06-05T12:13:51.779969+00:00,VTR,32,32,21.1,4.17,-2.2,-7.06,1.49,79.1,80.88,73.73,🟢,3
20260605,2026-06-05T12:13:51.779969+00:00,KO,33,33,19.9,8.21,-1.93,-1.45,5.86,76.82,78.33,73.55,🟡,1
20260605,2026-06-05T12:13:51.779969+00:00,SBUX,34,34,15.9,7.45,-2.18,-5.03,4.22,94.14,96.24,87.37,🟡,3
20260608,2026-06-09T00:03:34.117009+00:00,ALB,1,1,65.0,0.5,-7.62,-18.43,5.07,149.84,162.21,132.55,🔵,2
20260608,2026-06-09T00:03:34.117009+00:00,CIEN,2,2,59.6,5.31,-14.78,-10.01,57.6,466.67,547.58,358.56,🟡,0
20260608,2026-06-09T00:03:34.117009+00:00,SQM,3,3,59.3,0.97,-5.58,-14.3,9.39,72.76,77.06,64.88,🔵,2
20260608,2026-06-09T00:03:34.117009+00:00,PLUG,4,4,56.7,3.55,-10.34,-0.6,26.49,3.19,3.56,2.35,🟢,2
20260608,2026-06-09T00:03:34.117009+00:00,CX,5,5,53.2,1.76,-5.06,-2.35,8.15,12.04,12.68,11.04,🔵,1
20260608,2026-06-09T00:03:34.117009+00:00,PBR,6,6,52.2,1.17,-1.75,-11.95,17.27,17.75,18.07,16.61,🔵,3
20260608,2026-06-09T00:03:34.117009+00:00,USAR,7,7,49.2,4.34,-14.88,-1.49,13.39,22.21,26.09,15.44,🟢,4
20260608,2026-06-09T00:03:34.117009+00:00,NXT,8,8,48.8,9.67,-11.04,1.1,23.42,125.65,141.25,95.56,🟡,0
20260608,2026-06-09T00:03:34.117009+00:00,HON,9,9,45.9,1.43,-3.89,-4.56,0.49,211.8,220.38,194.9,🔵,3
20260608,2026-06-09T00:03:34.117009+00:00,ASTS,10,10,45.9,7.91,-11.28,4.02,16.63,92.06,103.77,59.43,🟡,0
20260608,2026-06-09T00:03:34.117009+00:00,AKAM,11,11,45.3,4.84,-7.98,14.64,46.38,141.87,154.17,123.32,🟢,1
20260608,2026-06-09T00:03:34.117009+00:00,CRWD,12,12,45.2,5.58,-7.62,26.44,37.47,658.79,713.09,561.97,🟡,0
20260608,2026-06-09T00:03:34.117009+00:00,BE,13,13,45.0,9.8,-9.36,5.94,74.6,253.57,279.74,192.45,🟡,2
20260608,2026-06-09T00:03:34.117009+00:00,AUR,14,14,43.3,5.58,-8.16,5.4,24.06,6.26,6.82,4.96,🟡,0
20260608,2026-06-09T00:03:34.117009+00:00,SCCO,15,15,40.0,4.05,-8.88,-5.44,10.65,170.48,187.1,148.88,🟢,3
20260608,2026-06-09T00:03:34.117009+00:00,VRT,16,16,39.2,6.81,-5.54,-4.29,38.62,300.57,318.19,256.42,🟡,1
20260608,2026-06-09T00:03:34.117009+00:00,PANW,17,17,37.2,8.05,-4.56,29.25,38.32,266.33,279.05,231.18,🟡,1
20260608,2026-06-09T00:03:34.117009+00:00,CTVA,18,18,35.7,2.43,-1.66,-6.1,4.85,75.86,77.14,71.55,🔵,3
20260608,2026-06-09T00:03:34.117009+00:00,VIST,19,19,32.6,7.08,-2.22,3.6,36.47,73.96,75.64,66.3,🟡,1
20260608,2026-06-09T00:03:34.117009+00:00,CMC,20,20,32.4,3.9,-2.5,6.63,11.02,73.54,75.43,67.86,🟢,1
20260608,2026-06-09T00:03:34.117009+00:00,ARMK,21,21,32.3,9.16,-1.19,11.92,29.77,52.82,53.45,49.92,🟡,0
20260608,2026-06-09T00:03:34.117009+00:00,DAR,22,22,32.0,9.39,-2.87,-4.64,30.32,58.36,60.08,53.82,🟡,2
20260608,2026-06-09T00:03:34.117009+00:00,MT,23,23,31.9,7.79,-3.76,9.78,36.46,67.18,69.8,60.93,🟡,3
20260608,2026-06-09T00:03:34.117009+00:00,UGP,24,24,31.5,3.39,-2.9,-16.28,3.28,4.76,4.9,4.33,🟢,2
20260608,2026-06-09T00:03:34.117009+00:00,LYB,25,25,30.8,4.13,-2.3,-10.37,15.92,64.43,65.94,58.98,🟢,2
20260608,2026-06-09T00:03:34.117009+00:00,LYV,26,26,29.7,3.64,-1.84,-0.88,3.95,159.51,162.5,148.72,🟢,1
20260608,2026-06-09T00:03:34.117009+00:00,ING,27,27,26.9,5.82,-3.53,1.32,9.73,29.11,30.18,27.52,🟡,0
20260608,2026-06-09T00:03:34.117009+00:00,CF,28,28,25.6,9.74,-4.08,-10.36,12.45,109.45,114.11,98.09,🟡,2
20260608,2026-06-09T00:03:34.117009+00:00,SSRM,29,29,25.4,9.1,-5.97,-13.63,4.47,26.61,28.3,22.86,🟡,2
20260608,2026-06-09T00:03:34.117009+00:00,VALE,30,30,25.0,4.83,-4.97,-9.25,8.66,14.99,15.77,13.87,🟢,3
20260608,2026-06-09T00:03:34.117009+00:00,AAPL,31,31,24.9,8.82,-2.45,6.91,13.73,301.54,309.11,285.35,🟡,1
20260608,2026-06-09T00:03:34.117009+00:00,BVN,32,32,24.1,5.84,-7.5,-11.76,3.13,30.23,32.68,25.79,🟡,4
20260608,2026-06-09T00:03:34.117009+00:00,CYTK,33,33,23.5,8.52,-3.9,-2.69,8.84,67.9,70.66,61.06,🟡,2
20260608,2026-06-09T00:03:34.117009+00:00,XENE,34,34,21.3,9.93,-2.16,-8.21,11.57,51.21,52.34,47.16,🟡,2
20260608,2026-06-09T00:03:34.117009+00:00,ABEV,35,35,21.0,8.76,-2.17,-0.87,14.51,3.07,3.14,2.86,🟡,3
20260608,2026-06-09T00:03:34.117009+00:00,FTAI,36,36,20.0,7.77,-4.57,-7.05,6.67,230.46,241.49,193.95,🟡,4
20260608,2026-06-09T00:03:34.117009+00:00,EMN,37,37,19.4,6.18,-2.47,-2.66,6.37,71.67,73.49,66.25,🟡,2
20260608,2026-06-09T00:03:34.117009+00:00,TXNM,38,38,16.6,7.2,-1.53,-1.41,0.84,58.09,58.99,57.22,🟡,1
20260608,2026-06-09T00:03:34.117009+00:00,ZTO,39,39,15.4,7.51,-1.44,-8.93,2.42,22.1,22.42,20.83,🟡,2
20260608,2026-06-09T00:03:34.117009+00:00,IFF,40,40,15.3,6.77,-0.72,-1.38,5.25,72.6,73.13,65.94,🟡,2
20260608,2026-06-09T00:03:34.117009+00:00,APD,41,41,14.9,8.5,-1.4,-5.79,1.72,276.77,280.71,262.64,🟡,2
20260609,2026-06-10T00:04:19.158227+00:00,CIEN,1,1,73.6,3.01,-13.86,-15.41,47.49,439.34,510.04,329.73,🟢,0
20260609,2026-06-10T00:04:19.158227+00:00,PLUG,2,2,73.5,1.26,-12.4,-9.73,15.07,2.91,3.32,2.04,🔵,2
20260609,2026-06-10T00:04:19.158227+00:00,VIST,3,3,62.1,1.79,-4.15,0.23,31.56,71.5,74.59,63.57,🔵,1
20260609,2026-06-10T00:04:19.158227+00:00,VRT,4,4,58.8,2.76,-6.36,-8.03,33.03,289.52,309.19,244.45,🟢,1
20260609,2026-06-10T00:04:19.158227+00:00,USAR,5,5,58.2,2.41,-13.39,-7.75,6.55,20.9,24.13,13.96,🔵,4
20260609,2026-06-10T00:04:19.158227+00:00,AXTI,6,6,58.1,5.64,-16.79,-13.3,119.2,78.36,94.17,37.69,🟡,1
20260609,2026-06-10T00:04:19.158227+00:00,AKAM,7,7,58.0,3.01,-7.92,10.94,41.74,137.81,149.67,119.32,🟢,2
20260609,2026-06-10T00:04:19.158227+00:00,NVTS,8,8,57.5,9.29,-14.69,25.95,104.29,22.85,26.78,12.92,🟡,1
20260609,2026-06-10T00:04:19.158227+00:00,MXL,9,9,56.5,5.25,-13.23,15.67,155.68,72.61,83.68,44.15,🟡,0
20260609,2026-06-10T00:04:19.158227+00:00,PL,10,10,55.7,7.25,-14.74,-19.47,35.29,31.17,36.56,18.76,🟡,2
20260609,2026-06-10T00:04:19.158227+00:00,CRWD,11,11,53.9,3.59,-6.3,22.49,34.25,644.93,688.29,543.44,🟢,0
20260609,2026-06-10T00:04:19.158227+00:00,NOKBF,12,12,52.9,9.27,-11.47,8.29,72.14,13.44,15.18,10.71,🟡,0
20260609,2026-06-10T00:04:19.158227+00:00,ENPH,13,13,52.0,9.15,-11.95,21.9,38.15,53.51,60.77,36.33,🟡,1
20260609,2026-06-10T00:04:19.158227+00:00,ARM,14,14,51.5,8.64,-10.73,40.48,104.07,324.86,363.89,224.4,🟡,0
20260609,2026-06-10T00:04:19.158227+00:00,LUNR,15,15,49.8,6.46,-10.83,-5.56,55.5,27.47,30.81,14.15,🟡,1
20260609,2026-06-10T00:04:19.158227+00:00,LYB,16,16,48.5,1.85,-2.41,-11.07,14.37,63.64,65.21,58.3,🔵,2
20260609,2026-06-10T00:04:19.158227+00:00,NOK,17,17,48.2,10.0,-9.08,11.64,76.22,13.85,15.23,10.98,🟡,0
20260609,2026-06-10T00:04:19.158227+00:00,AAPL,18,18,47.6,2.64,-4.48,2.7,9.44,290.55,304.18,272.65,🟢,0
20260609,2026-06-10T00:04:19.158227+00:00,NXT,19,19,46.3,5.67,-11.43,-4.02,16.84,119.27,134.66,88.53,🟡,0
20260609,2026-06-10T00:04:19.158227+00:00,ZM,20,20,45.8,2.95,-5.26,1.24,11.49,96.83,102.2,81.2,🟢,1
20260609,2026-06-10T00:04:19.158227+00:00,AUR,21,21,45.3,3.91,-5.29,3.01,22.04,6.16,6.5,4.9,🟢,0
20260609,2026-06-10T00:04:19.158227+00:00,QCOM,22,22,44.3,8.93,-9.17,14.77,25.75,205.42,226.16,155.9,🟡,1
20260609,2026-06-10T00:04:19.158227+00:00,CTVA,23,23,44.2,1.16,-2.12,-7.0,3.66,75.01,76.63,70.85,🔵,4
20260609,2026-06-10T00:04:19.158227+00:00,BB,24,24,44.2,6.69,-8.03,45.7,95.58,8.84,9.61,6.53,🟡,1
20260609,2026-06-10T00:04:19.158227+00:00,PANW,25,25,42.4,4.25,-4.12,25.05,35.04,260.52,271.72,224.24,🟢,1
20260609,2026-06-10T00:04:19.158227+00:00,TWLO,26,26,41.4,9.7,-7.56,20.29,54.4,204.69,221.42,170.1,🟡,2
20260609,2026-06-10T00:04:19.158227+00:00,ASTS,27,27,40.1,4.96,-9.37,0.01,12.08,88.71,97.88,55.5,🟢,0
20260609,2026-06-10T00:04:19.158227+00:00,VSAT,28,28,39.6,9.41,-5.73,-1.77,42.31,63.94,67.83,46.29,🟡,1
20260609,2026-06-10T00:04:19.158227+00:00,AAON,29,29,39.1,7.18,-5.5,15.8,35.28,129.66,137.21,108.72,🟡,1
20260609,2026-06-10T00:04:19.158227+00:00,ERIC,30,30,37.7,4.57,-6.54,-2.45,16.07,11.86,12.69,10.7,🟢,1
20260609,2026-06-10T00:04:19.158227+00:00,FLEX,31,31,37.3,8.25,-4.58,33.12,99.27,147.21,154.28,124.42,🟡,1
20260609,2026-06-10T00:04:19.158227+00:00,MT,32,32,36.8,4.57,-3.55,7.76,34.23,66.31,68.75,59.89,🟢,2
20260609,2026-06-10T00:04:19.158227+00:00,DDOG,33,33,36.6,6.09,-4.24,33.42,53.54,227.34,237.41,190.85,🟡,1
20260609,2026-06-10T00:04:19.158227+00:00,FTNT,34,34,36.5,8.88,-4.2,31.53,58.05,138.39,144.45,122.83,🟡,1
20260609,2026-06-10T00:04:19.158227+00:00,MTZ,35,35,34.5,7.17,-3.16,-6.8,32.2,353.08,364.61,312.34,🟡,1
20260609,2026-06-10T00:04:19.158227+00:00,LUMN,36,36,34.2,6.07,-8.47,-4.28,8.24,8.47,9.25,6.75,🟡,1
20260609,2026-06-10T00:04:19.158227+00:00,NET,37,37,34.0,5.83,-6.89,9.81,14.27,236.13,253.6,199.25,🟡,1
20260609,2026-06-10T00:04:19.158227+00:00,DAR,38,38,30.7,9.39,-2.22,-4.61,29.94,58.36,59.69,53.96,🟡,2
20260609,2026-06-10T00:04:19.158227+00:00,PBF,39,39,30.6,4.31,-4.15,-3.52,14.77,40.36,42.11,34.73,🟢,3
20260609,2026-06-10T00:04:19.158227+00:00,GEV,40,40,28.4,5.27,-2.33,-8.91,21.18,920.15,942.06,816.83,🟡,1
20260609,2026-06-10T00:04:19.158227+00:00,PSX,41,41,27.8,8.72,-2.11,4.24,20.89,179.0,182.86,164.85,🟡,1
20260609,2026-06-10T00:04:19.158227+00:00,SSRM,42,42,27.7,4.6,-6.41,-16.48,0.8,25.72,27.48,21.85,🟢,2
20260609,2026-06-10T00:04:19.158227+00:00,CF,43,43,25.0,7.76,-4.02,-10.67,11.42,108.58,113.13,97.26,🟡,2
20260609,2026-06-10T00:04:19.158227+00:00,ZTO,44,44,23.4,3.97,-1.59,-9.46,1.61,21.94,22.29,20.69,🟢,2
20260609,2026-06-10T00:04:19.158227+00:00,ET,45,45,21.3,5.13,-1.71,-1.2,9.5,19.06,19.39,18.2,🟡,1
20260609,2026-06-10T00:04:19.158227+00:00,TXNM,46,46,16.7,4.96,-1.57,-1.93,0.28,57.78,58.7,56.83,🟢,1
20260609,2026-06-10T00:04:19.158227+00:00,NTR,47,47,16.2,6.72,-2.03,-7.84,1.71,66.35,67.73,62.24,🟡,2
20260609,2026-06-10T00:04:19.158227+00:00,RRC,48,48,14.2,9.96,-2.4,-7.94,0.03,38.45,39.39,35.91,🟡,3
20260609,2026-06-10T00:04:19.158227+00:00,RYCEY,49,49,13.9,8.4,-1.36,0.64,3.59,16.57,16.8,15.32,🟡,3
20260610,2026-06-11T00:04:07.242831+00:00,AKAM,1,1,75.5,1.22,-9.49,4.3,33.32,129.97,143.59,110.64,🔵,2
20260610,2026-06-11T00:04:07.242831+00:00,AAON,2,2,68.4,1.98,-8.1,7.35,26.14,121.12,131.8,99.03,🔵,0
20260610,2026-06-11T00:04:07.242831+00:00,VRT,3,3,66.2,1.44,-6.06,-11.01,28.64,280.98,299.1,235.19,🔵,2
20260610,2026-06-11T00:04:07.242831+00:00,NVTS,4,4,65.1,4.12,-17.06,11.44,82.13,20.5,24.72,10.82,🟢,1
20260610,2026-06-11T00:04:07.242831+00:00,GEV,5,5,64.6,0.96,-6.12,-14.25,13.99,867.09,923.61,759.02,🔵,1
20260610,2026-06-11T00:04:07.242831+00:00,CIEN,6,6,63.3,2.62,-8.09,-16.53,45.08,434.65,472.9,325.79,🟢,1
20260610,2026-06-11T00:04:07.242831+00:00,MT,7,7,63.1,1.35,-5.09,3.18,28.78,63.81,67.23,57.68,🔵,3
20260610,2026-06-11T00:04:07.242831+00:00,MTZ,8,8,62.0,2.02,-6.21,-11.56,25.27,335.58,357.8,293.56,🔵,1
20260610,2026-06-11T00:04:07.242831+00:00,PWR,9,9,61.8,1.77,-5.69,-3.4,26.76,650.92,690.19,580.58,🔵,2
20260610,2026-06-11T00:04:07.242831+00:00,FLEX,10,10,61.3,2.57,-6.88,24.36,87.71,139.49,149.79,116.0,🟢,1
20260610,2026-06-11T00:04:07.242831+00:00,NXT,11,11,61.2,2.91,-12.37,-9.9,9.44,111.95,127.75,80.41,🟢,0
20260610,2026-06-11T00:04:07.242831+00:00,NET,12,12,59.4,2.14,-10.14,1.92,6.24,219.67,244.47,181.14,🔵,1
20260610,2026-06-11T00:04:07.242831+00:00,USAR,13,13,55.4,1.74,-10.05,-10.75,3.53,20.33,22.6,13.62,🔵,4
20260610,2026-06-11T00:04:07.242831+00:00,ZM,14,14,54.8,1.52,-5.81,-2.07,8.11,93.96,99.75,78.46,🔵,2
20260610,2026-06-11T00:04:07.242831+00:00,ARM,15,15,53.7,4.63,-10.37,31.01,92.09,307.43,343.01,208.44,🟢,0
20260610,2026-06-11T00:04:07.242831+00:00,AUR,16,16,52.9,2.35,-4.33,0.44,19.85,6.05,6.32,4.82,🔵,1
20260610,2026-06-11T00:04:07.242831+00:00,QCOM,17,17,52.1,3.91,-10.9,6.06,16.91,191.2,214.58,140.66,🟢,1
20260610,2026-06-11T00:04:07.242831+00:00,MXL,18,18,52.0,4.71,-9.83,12.61,150.9,71.95,79.79,43.72,🟢,0
20260610,2026-06-11T00:04:07.242831+00:00,LUNR,19,19,51.8,4.43,-9.58,-9.41,49.46,26.53,29.35,13.51,🟢,1
20260610,2026-06-11T00:04:07.242831+00:00,ENPH,20,20,50.9,5.13,-11.41,14.42,30.35,50.57,57.08,34.17,🟡,1
20260610,2026-06-11T00:04:07.242831+00:00,CTVA,21,21,47.3,0.7,-1.98,-7.49,2.88,74.46,75.96,70.32,🔵,4
20260610,2026-06-11T00:04:07.242831+00:00,ERIC,22,22,46.8,2.96,-6.29,-4.71,13.31,11.6,12.38,10.44,🟢,2
20260610,2026-06-11T00:04:07.242831+00:00,NOK,23,23,46.0,6.21,-8.02,7.07,69.51,13.4,14.57,10.54,🟡,0
20260610,2026-06-11T00:04:07.242831+00:00,PL,24,24,45.9,6.17,-9.85,-20.74,32.65,30.72,34.08,18.54,🟡,2
20260610,2026-06-11T00:04:07.242831+00:00,VSAT,25,25,45.7,4.58,-7.11,-6.03,36.37,61.5,66.21,44.14,🟢,1
20260610,2026-06-11T00:04:07.242831+00:00,HPE,26,26,45.5,7.85,-7.74,37.95,79.37,45.49,49.3,34.92,🟡,0
20260610,2026-06-11T00:04:07.242831+00:00,ST,27,27,45.1,4.54,-5.7,7.12,31.42,47.02,49.86,41.75,🟢,0
20260610,2026-06-11T00:04:07.242831+00:00,ALM,28,28,43.7,6.71,-9.69,-21.17,26.18,15.3,16.94,11.15,🟡,2
20260610,2026-06-11T00:04:07.242831+00:00,MOD,29,29,42.3,7.4,-7.09,-0.31,37.77,258.17,277.86,191.76,🟡,1
20260610,2026-06-11T00:04:07.242831+00:00,DELL,30,30,42.2,8.68,-6.08,45.33,124.71,369.83,393.76,280.08,🟡,0
20260610,2026-06-11T00:04:07.242831+00:00,AA,31,31,41.9,5.6,-9.29,-5.01,24.21,65.55,72.26,54.43,🟡,2
20260610,2026-06-11T00:04:07.242831+00:00,ASTS,32,32,41.7,3.78,-6.9,-1.86,10.04,87.32,93.8,54.12,🟢,1
20260610,2026-06-11T00:04:07.242831+00:00,CAT,33,33,41.1,7.22,-5.53,1.03,31.07,856.16,906.25,770.66,🟡,0
20260610,2026-06-11T00:04:07.242831+00:00,NVT,34,34,40.9,4.54,-4.53,3.44,33.78,156.79,164.23,136.74,🟢,1
20260610,2026-06-11T00:04:07.242831+00:00,BB,35,35,39.3,6.37,-5.57,42.7,94.06,8.82,9.34,6.45,🟡,1
20260610,2026-06-11T00:04:07.242831+00:00,LUMN,36,36,37.3,4.14,-7.3,-7.04,5.31,8.26,8.91,6.54,🟢,1
20260610,2026-06-11T00:04:07.242831+00:00,AMZN,37,37,37.1,2.91,-3.03,-6.13,2.41,238.0,245.45,219.49,🟢,1
20260610,2026-06-11T00:04:07.242831+00:00,NXPI,38,38,36.9,8.15,-4.96,6.61,23.93,285.56,300.46,244.85,🟡,0
20260610,2026-06-11T00:04:07.242831+00:00,HBM,39,39,36.8,7.83,-6.61,-1.28,21.0,24.68,26.43,20.16,🟡,1
20260610,2026-06-11T00:04:07.242831+00:00,INGM,40,40,35.9,4.75,-3.45,2.14,23.98,28.45,29.47,25.43,🟢,0
20260610,2026-06-11T00:04:07.242831+00:00,UMC,41,41,35.9,6.27,-4.81,26.54,89.02,18.9,19.85,15.33,🟡,2
20260610,2026-06-11T00:04:07.242831+00:00,LOGI,42,42,35.7,3.72,-3.79,5.6,5.63,109.13,113.43,97.24,🟢,0
20260610,2026-06-11T00:04:07.242831+00:00,F,43,43,35.5,3.78,-4.01,8.54,12.89,14.3,14.9,12.33,🟢,2
20260610,2026-06-11T00:04:07.242831+00:00,YOU,44,44,35.2,5.72,-3.45,-5.61,26.53,51.97,53.83,45.11,🟡,0
20260610,2026-06-11T00:04:07.242831+00:00,UPS,45,45,34.8,3.97,-3.96,1.44,7.31,103.26,107.52,96.25,🟢,0
20260610,2026-06-11T00:04:07.242831+00:00,AVT,46,46,33.4,7.46,-1.69,8.04,42.9,85.39,86.86,76.45,🟡,0
20260610,2026-06-11T00:04:07.242831+00:00,HSBC,47,47,32.9,4.53,-4.36,-4.24,10.84,86.16,90.09,80.54,🟢,0
20260610,2026-06-11T00:04:07.242831+00:00,KEYS,48,48,32.9,7.86,-2.41,-3.91,34.52,324.0,331.99,288.71,🟡,1
20260610,2026-06-11T00:04:07.242831+00:00,FDX,49,50,31.8,9.93,-2.68,2.82,26.57,319.25,328.05,296.01,🟡,1
20260610,2026-06-11T00:04:07.242831+00:00,DD,50,51,30.3,4.04,-3.56,-4.69,8.51,45.06,46.72,41.38,🟢,2
20260610,2026-06-11T00:04:07.242831+00:00,TECK,51,52,29.8,5.47,-4.25,-0.92,20.01,59.91,62.57,53.07,🟡,2
20260610,2026-06-11T00:04:07.242831+00:00,MGA,52,53,29.5,7.01,-3.3,4.44,19.51,64.02,66.2,58.98,🟡,1
20260610,2026-06-11T00:04:07.242831+00:00,GGB,53,54,27.9,7.26,-1.53,1.93,19.68,4.52,4.59,4.13,🟡,0
20260610,2026-06-11T00:04:07.242831+00:00,QRVO,54,55,27.7,9.86,-4.06,4.77,9.15,95.0,99.02,81.92,🟡,0
20260610,2026-06-11T00:04:07.242831+00:00,ETN,55,56,26.3,6.83,-5.89,-6.12,2.79,375.46,398.97,336.03,🟡,1
20260610,2026-06-11T00:04:07.242831+00:00,AVGO,56,57,26.0,9.7,-5.34,-7.79,4.41,372.1,393.1,308.31,🟡,1
20260610,2026-06-11T00:04:07.242831+00:00,ROKU,57,58,25.6,8.44,-4.03,-0.72,12.63,116.94,121.85,104.09,🟡,2
20260610,2026-06-11T00:04:07.242831+00:00,CX,58,59,24.7,4.86,-3.8,-4.67,5.7,11.8,12.27,10.79,🟢,1
20260610,2026-06-11T00:04:07.242831+00:00,EBAY,59,60,24.3,6.25,-1.84,0.77,15.05,106.41,108.4,98.68,🟡,1
20260610,2026-06-11T00:04:07.242831+00:00,ET,60,61,23.2,4.65,-1.3,-1.28,9.3,19.04,19.29,18.24,🟢,1
20260610,2026-06-11T00:04:07.242831+00:00,BCS,61,62,22.3,8.88,-2.69,0.74,3.8,23.64,24.29,22.11,🟡,0
20260610,2026-06-11T00:04:07.242831+00:00,ABNB,62,63,18.2,6.51,-2.51,-4.47,0.16,129.1,132.43,118.53,🟡,1
20260610,2026-06-11T00:04:07.242831+00:00,PNFP,63,64,18.2,7.79,-2.5,-2.17,0.12,93.11,95.5,86.83,🟡,1
20260610,2026-06-11T00:04:07.242831+00:00,RYCEY,64,65,13.8,8.69,-1.31,0.7,3.65,16.58,16.8,15.33,🟡,3
20260611,2026-06-12T00:48:29.743768+00:00,ZM,1,1,56.5,0.98,-5.0,-4.02,6.16,92.32,97.18,77.1,🔵,2
20260611,2026-06-12T00:48:29.743768+00:00,AUR,2,2,56.2,1.49,-2.93,-1.49,18.27,5.97,6.15,4.75,🔵,1
20260611,2026-06-12T00:48:29.743768+00:00,YOU,3,3,48.7,3.27,-3.85,-7.21,24.28,51.0,53.04,44.22,🟢,0
20260611,2026-06-12T00:48:29.743768+00:00,ET,4,4,48.6,1.28,-1.87,-2.71,7.63,18.76,19.12,17.96,🔵,2
20260611,2026-06-12T00:48:29.743768+00:00,NOKBF,5,5,44.8,8.16,-7.4,7.6,71.6,13.48,14.56,10.75,🟡,0
20260611,2026-06-12T00:48:29.743768+00:00,FROG,6,6,36.6,8.32,-4.24,28.89,43.86,78.48,81.95,66.16,🟡,1
20260611,2026-06-12T00:48:29.743768+00:00,TTE,7,7,35.7,3.66,-0.76,-2.85,20.57,87.72,88.39,83.33,🟢,1
20260611,2026-06-12T00:48:29.743768+00:00,DAR,8,8,29.0,7.5,-2.32,-6.63,26.28,57.0,58.36,52.67,🟡,2
20260611,2026-06-12T00:48:29.743768+00:00,VNOM,9,9,22.6,5.64,-2.94,-5.99,7.2,43.7,45.02,40.89,🟡,1
20260611,2026-06-12T00:48:29.743768+00:00,AVB,10,10,15.9,7.44,-1.43,2.54,3.55,184.36,187.03,176.49,🟡,2
20260611,2026-06-12T00:48:29.743768+00:00,RYCEY,11,11,13.6,5.38,-1.38,-0.09,3.01,16.49,16.72,15.34,🟡,3
20260612,2026-06-13T00:03:54.973673+00:00,YOU,1,1,56.5,1.9,-3.77,-8.62,22.24,50.25,52.22,43.69,🔵,1
20260612,2026-06-13T00:03:54.973673+00:00,SSL,2,2,35.9,5.06,-2.97,-0.76,47.31,13.0,13.4,11.86,🟡,0
20260612,2026-06-13T00:03:54.973673+00:00,FROG,3,3,35.5,6.06,-3.67,26.46,42.1,77.74,80.7,65.15,🟡,1
20260612,2026-06-13T00:03:54.973673+00:00,DAR,4,4,27.2,7.42,-1.51,-6.49,25.94,56.99,57.86,52.71,🟡,2
20260615,2026-06-16T00:04:30.394654+00:00,SSL,1,1,88.3,0.7,-12.29,-12.91,28.71,11.39,12.99,9.99,🔵,0
20260615,2026-06-16T00:04:30.394654+00:00,DAR,2,2,45.8,2.73,-2.26,-7.66,23.72,56.12,57.42,51.84,🟢,2
20260615,2026-06-16T00:04:30.394654+00:00,CENX,3,3,40.7,9.04,-8.05,-12.52,22.9,54.55,59.33,43.11,🟡,1
20260615,2026-06-16T00:04:30.394654+00:00,SM,4,4,40.2,6.85,-8.05,-6.53,18.14,28.47,30.96,24.22,🟡,0
20260615,2026-06-16T00:04:30.394654+00:00,TTE,5,5,37.0,3.66,-3.74,-6.68,15.14,84.07,87.34,79.17,🟢,2
20260615,2026-06-16T00:04:30.394654+00:00,HESM,6,6,34.1,2.9,-2.42,-2.13,6.12,37.46,38.39,35.42,🟢,3
20260615,2026-06-16T00:04:30.394654+00:00,HAL,7,7,33.6,4.23,-3.04,-4.07,20.31,38.18,39.38,34.95,🟢,2
20260615,2026-06-16T00:04:30.394654+00:00,CVE,8,8,33.1,9.29,-3.1,-3.65,27.66,27.11,27.98,24.32,🟡,1
20260615,2026-06-16T00:04:30.394654+00:00,VIST,9,9,31.9,5.81,-4.14,-3.67,24.73,68.59,71.55,60.7,🟡,2
20260615,2026-06-16T00:04:30.394654+00:00,SHEL,10,10,31.7,3.54,-2.95,-5.12,5.77,82.61,85.12,78.26,🟢,2
20260615,2026-06-16T00:04:30.394654+00:00,EQNR,11,11,31.3,5.22,-5.5,-9.85,18.17,34.26,36.25,31.16,🟡,2
20260615,2026-06-16T00:04:30.394654+00:00,SLB,12,12,30.1,9.71,-3.14,-1.65,21.44,53.71,55.45,48.78,🟡,1
20260615,2026-06-16T00:04:30.394654+00:00,TWLO,13,13,29.1,8.38,-1.41,14.52,50.09,202.0,204.9,166.48,🟡,2
20260615,2026-06-16T00:04:30.394654+00:00,SU,14,14,26.3,6.18,-2.64,-7.52,15.82,59.65,61.27,54.72,🟡,1
20260615,2026-06-16T00:04:30.394654+00:00,PAA,15,15,25.4,6.08,-2.11,-1.09,16.2,21.94,22.41,20.74,🟡,1
20260615,2026-06-16T00:04:30.394654+00:00,EOG,16,16,25.2,8.2,-3.35,-3.37,10.69,131.98,136.55,121.57,🟡,1
20260615,2026-06-16T00:04:30.394654+00:00,MRK,17,17,24.7,8.5,-3.19,-1.0,10.36,114.9,118.68,106.74,🟡,1
20260615,2026-06-16T00:04:30.394654+00:00,CNQ,18,18,23.0,6.94,-2.23,-5.05,14.57,44.01,45.02,40.63,🟡,2
20260615,2026-06-16T00:04:30.394654+00:00,EPD,19,19,21.4,6.85,-2.01,-3.38,8.51,36.5,37.25,34.79,🟡,1
20260615,2026-06-16T00:04:30.394654+00:00,PBR-A,20,20,21.4,8.83,-3.66,-14.14,9.48,15.43,16.02,14.56,🟡,3
20260615,2026-06-16T00:04:30.394654+00:00,XOM,21,21,20.5,6.3,-4.01,-6.62,6.27,140.92,146.81,130.63,🟡,3
20260615,2026-06-16T00:04:30.394654+00:00,BP,22,22,20.4,7.87,-2.22,-6.56,9.33,41.59,42.53,38.68,🟡,2
20260615,2026-06-16T00:04:30.394654+00:00,BCE,23,23,13.5,8.66,-1.87,-0.56,0.67,24.04,24.5,22.83,🟡,3
20260616,2026-06-17T00:03:50.830344+00:00,SSL,1,1,84.9,0.49,-11.85,-15.78,23.9,10.99,12.47,9.68,🔵,1
20260616,2026-06-17T00:03:50.830344+00:00,TWLO,2,2,61.8,1.76,-4.85,8.48,42.7,192.68,202.49,156.78,🔵,2
20260616,2026-06-17T00:03:50.830344+00:00,DAR,3,3,56.5,1.15,-2.82,-8.94,21.37,55.18,56.78,50.85,🔵,3
20260616,2026-06-17T00:03:50.830344+00:00,HAL,4,4,51.0,1.94,-4.36,-6.51,16.95,37.2,38.89,34.19,🔵,3
20260616,2026-06-17T00:03:50.830344+00:00,SU,5,5,45.4,2.79,-4.12,-9.62,12.74,58.16,60.66,53.24,🟢,1
20260616,2026-06-17T00:03:50.830344+00:00,YPF,6,6,40.5,8.93,-5.23,9.07,36.33,51.24,54.07,45.81,🟡,0
20260616,2026-06-17T00:03:50.830344+00:00,CENX,7,7,40.0,7.21,-7.44,-13.82,20.23,53.55,57.85,42.62,🟡,0
20260616,2026-06-17T00:03:50.830344+00:00,HESM,8,8,39.5,1.95,-2.46,-2.84,5.32,37.17,38.11,35.25,🔵,4
20260616,2026-06-17T00:03:50.830344+00:00,CVE,9,9,38.7,4.52,-4.9,-6.16,24.02,26.25,27.6,23.52,🟢,1
20260616,2026-06-17T00:03:50.830344+00:00,EQNR,10,10,38.4,3.95,-5.22,-10.59,16.52,33.84,35.7,30.87,🟢,2
20260616,2026-06-17T00:03:50.830344+00:00,SM,11,11,38.4,5.54,-7.57,-7.74,16.43,28.06,30.36,23.91,🟡,0
20260616,2026-06-17T00:03:50.830344+00:00,RMBS,12,12,37.4,9.79,-6.03,-0.06,24.51,132.48,140.98,96.7,🟡,1
20260616,2026-06-17T00:03:50.830344+00:00,IBRX,13,13,36.8,9.78,-4.36,-10.88,32.1,6.72,7.03,5.74,🟡,1
20260616,2026-06-17T00:03:50.830344+00:00,CNQ,14,14,34.3,3.69,-3.16,-6.39,12.55,43.3,44.71,39.94,🟢,2
20260616,2026-06-17T00:03:50.830344+00:00,SHEL,15,15,33.9,2.92,-2.64,-5.3,5.24,82.25,84.48,78.1,🟢,3
20260616,2026-06-17T00:03:50.830344+00:00,APA,16,16,33.8,8.28,-5.27,-9.77,16.61,34.26,36.17,30.53,🟡,0
20260616,2026-06-17T00:03:50.830344+00:00,RIG,17,17,31.9,4.67,-5.25,-12.9,11.34,5.59,5.9,5.0,🟢,1
20260616,2026-06-17T00:03:50.830344+00:00,AA,18,18,31.6,9.93,-4.84,-8.48,17.59,62.87,66.07,52.07,🟡,1
20260616,2026-06-17T00:03:50.830344+00:00,NOV,19,19,31.0,6.85,-3.7,-0.54,17.18,19.96,20.73,18.08,🟡,0
20260616,2026-06-17T00:03:50.830344+00:00,FTI,20,20,30.8,8.9,-3.42,-6.5,21.63,67.0,69.37,61.63,🟡,1
20260616,2026-06-17T00:03:50.830344+00:00,NE,21,21,30.5,9.92,-4.58,-10.59,16.34,43.51,45.6,39.65,🟡,1
20260616,2026-06-17T00:03:50.830344+00:00,PAA,22,22,30.3,4.34,-2.11,-1.7,15.36,21.81,22.28,20.66,🟢,1
20260616,2026-06-17T00:03:50.830344+00:00,SLB,23,23,29.6,6.72,-3.32,-2.94,19.76,53.07,54.89,48.3,🟡,1
20260616,2026-06-17T00:03:50.830344+00:00,MUR,24,24,27.3,8.09,-5.72,-7.48,9.18,35.7,37.86,31.72,🟡,2
20260616,2026-06-17T00:03:50.830344+00:00,PSX,25,25,26.3,9.52,-2.77,0.22,15.21,172.0,176.91,158.18,🟡,1
20260616,2026-06-17T00:03:50.830344+00:00,BG,26,26,26.0,9.16,-4.17,-3.9,12.75,119.42,124.62,108.88,🟡,2
20260616,2026-06-17T00:03:50.830344+00:00,LINE,27,27,25.7,8.67,-2.45,9.24,15.37,42.83,43.9,39.05,🟡,1
20260616,2026-06-17T00:03:50.830344+00:00,FANG,28,28,23.9,9.35,-1.85,-3.76,14.09,188.12,191.67,168.99,🟡,1
20260616,2026-06-17T00:03:50.830344+00:00,GLNG,29,29,23.8,9.85,-2.13,-6.54,12.83,49.59,50.67,46.21,🟡,1
20260616,2026-06-17T00:03:50.830344+00:00,PBR,30,30,23.7,8.09,-4.34,-14.13,11.35,17.05,17.82,15.99,🟡,3
20260616,2026-06-17T00:03:50.830344+00:00,NBIX,31,31,22.8,7.14,-2.15,6.78,10.85,156.42,159.85,143.14,🟡,1
20260616,2026-06-17T00:03:50.830344+00:00,TTE,32,32,22.3,7.92,-2.67,-6.4,15.08,84.17,86.48,79.68,🟡,3
20260616,2026-06-17T00:03:50.830344+00:00,PBR-A,33,33,22.1,5.58,-4.56,-15.42,7.27,15.14,15.86,14.29,🟡,3
20260616,2026-06-17T00:03:50.830344+00:00,CZR,34,34,21.5,8.3,-0.5,4.65,18.59,29.31,29.46,28.82,🟡,2
20260616,2026-06-17T00:03:50.830344+00:00,BKR,35,35,21.3,6.48,-1.92,-4.36,12.46,61.52,62.72,56.67,🟡,2
20260616,2026-06-17T00:03:50.830344+00:00,BP,36,36,21.2,4.9,-2.56,-7.31,8.08,41.15,42.23,38.41,🟢,2
20260616,2026-06-17T00:03:50.830344+00:00,EPD,37,37,20.6,6.23,-1.67,-3.47,8.26,36.45,37.07,34.75,🟡,1
20260616,2026-06-17T00:03:50.830344+00:00,PBA,38,38,17.9,5.93,-1.49,2.7,14.78,47.11,47.82,44.66,🟡,4
20260616,2026-06-17T00:03:50.830344+00:00,LNG,39,39,15.6,6.74,-2.95,-7.46,0.68,230.86,237.87,212.18,🟡,3
20260616,2026-06-17T00:03:50.830344+00:00,UGP,40,40,15.2,6.11,-2.7,-16.29,0.83,4.69,4.82,4.31,🟡,3
20260616,2026-06-17T00:03:50.830344+00:00,BCE,41,41,12.7,7.17,-1.4,-0.22,1.03,23.82,24.16,22.67,🟡,3
20260617,2026-06-18T01:56:37.262728+00:00,SSL,1,1,80.3,0.36,-9.81,-17.33,20.81,10.74,11.91,9.42,🔵,1
20260617,2026-06-18T01:56:37.262728+00:00,TWLO,2,2,67.1,0.99,-5.33,5.25,38.89,188.11,198.7,152.02,🔵,3
20260617,2026-06-18T01:56:37.262728+00:00,DAR,3,3,62.3,0.43,-3.63,-10.95,18.06,53.79,55.82,49.33,🔵,3
20260617,2026-06-18T01:56:37.262728+00:00,HAL,4,4,59.0,0.94,-5.14,-8.84,13.65,36.23,38.19,33.26,🔵,3
20260617,2026-06-18T01:56:37.262728+00:00,SLB,5,5,58.1,1.85,-6.55,-7.96,13.39,50.33,53.86,45.41,🔵,1
20260617,2026-06-18T01:56:37.262728+00:00,SU,6,6,57.2,1.17,-5.41,-12.26,8.93,56.28,59.5,51.24,🔵,2
20260617,2026-06-18T01:56:37.262728+00:00,KNX,7,7,56.2,3.53,-7.25,5.93,32.77,73.01,78.72,65.5,🟢,0
20260617,2026-06-18T01:56:37.262728+00:00,CVE,8,8,53.0,2.44,-5.46,-8.39,20.69,25.6,27.08,22.86,🔵,2
20260617,2026-06-18T01:56:37.262728+00:00,NTAP,9,9,50.9,3.19,-3.24,19.97,35.97,154.81,159.99,127.6,🟢,0
20260617,2026-06-18T01:56:37.262728+00:00,SHEL,10,10,49.6,1.04,-3.56,-7.18,2.79,80.38,83.35,76.04,🔵,3
20260617,2026-06-18T01:56:37.262728+00:00,NOV,11,11,49.3,2.87,-5.34,-3.82,13.1,19.3,20.39,17.33,🟢,0
20260617,2026-06-18T01:56:37.262728+00:00,CNQ,12,12,48.3,1.71,-3.8,-8.02,10.1,42.42,44.09,38.9,🔵,3
20260617,2026-06-18T01:56:37.262728+00:00,CP,13,13,45.6,2.61,-3.47,-0.58,9.0,85.61,88.68,80.19,🟢,0
20260617,2026-06-18T01:56:37.262728+00:00,PAA,14,14,45.3,2.16,-2.13,-2.72,14.0,21.58,22.05,20.44,🔵,2
20260617,2026-06-18T01:56:37.262728+00:00,BP,15,15,45.0,1.8,-3.67,-9.32,5.34,40.14,41.67,37.35,🔵,3
20260617,2026-06-18T01:56:37.262728+00:00,ODFL,16,16,45.0,4.19,-7.55,0.85,24.3,218.36,236.18,191.36,🟢,2
20260617,2026-06-18T01:56:37.262728+00:00,BKR,17,17,44.5,2.27,-3.32,-6.58,9.65,60.07,62.13,55.35,🔵,2
20260617,2026-06-18T01:56:37.262728+00:00,PBA,18,18,43.9,1.86,-2.53,0.62,12.44,46.2,47.4,43.65,🔵,4
20260617,2026-06-18T01:56:37.262728+00:00,XPO,19,19,42.0,4.73,-7.67,-5.73,19.05,201.79,218.56,174.4,🟢,0
20260617,2026-06-18T01:56:37.262728+00:00,CPT,20,20,40.6,2.9,-3.17,3.05,4.92,109.35,112.93,103.07,🟢,0
20260617,2026-06-18T01:56:37.262728+00:00,SNDR,21,21,40.5,5.61,-5.25,8.92,31.26,35.34,37.3,32.0,🟡,0
20260617,2026-06-18T01:56:37.262728+00:00,ENPH,22,22,40.3,6.13,-8.1,4.18,22.04,47.78,51.99,33.08,🟡,1
20260617,2026-06-18T01:56:37.262728+00:00,TTE,23,23,40.2,2.82,-3.64,-8.49,12.11,82.12,85.22,77.55,🟢,3
20260617,2026-06-18T01:56:37.262728+00:00,YPF,24,24,39.5,7.28,-4.75,7.93,34.93,50.85,53.38,45.64,🟡,0
20260617,2026-06-18T01:56:37.262728+00:00,PSX,25,25,39.3,3.45,-3.92,-2.52,11.83,167.17,174.0,153.3,🟢,1
20260617,2026-06-18T01:56:37.262728+00:00,RMBS,26,26,37.4,7.41,-6.66,-2.42,21.95,130.1,139.38,94.42,🟡,1
20260617,2026-06-18T01:56:37.262728+00:00,BWA,27,27,37.3,7.94,-3.64,11.74,37.48,70.54,73.2,61.82,🟡,0
20260617,2026-06-18T01:56:37.262728+00:00,MAC,28,28,37.1,7.04,-5.71,3.75,21.28,23.0,24.39,21.17,🟡,0
20260617,2026-06-18T01:56:37.262728+00:00,CNC,29,29,37.0,9.73,-3.49,13.83,44.76,60.64,62.83,54.1,🟡,0
20260617,2026-06-18T01:56:37.262728+00:00,BB,30,30,36.9,9.65,-3.43,30.75,88.74,8.83,9.14,6.8,🟡,0
20260617,2026-06-18T01:56:37.262728+00:00,CNI,31,31,36.3,3.79,-2.83,0.39,11.98,113.96,117.28,108.09,🟢,0
20260617,2026-06-18T01:56:37.262728+00:00,SKM,32,32,36.0,7.81,-3.96,-5.39,31.61,36.06,37.55,29.01,🟡,1
20260617,2026-06-18T01:56:37.262728+00:00,ENB,33,33,35.9,2.63,-2.4,-0.01,9.3,54.47,55.81,51.94,🟢,4
20260617,2026-06-18T01:56:37.262728+00:00,EQNR,34,34,35.4,3.61,-3.43,-10.43,16.04,33.76,34.96,30.83,🟢,3
20260617,2026-06-18T01:56:37.262728+00:00,TS,35,35,34.9,7.15,-3.37,-2.84,26.23,59.11,61.17,54.93,🟡,0
20260617,2026-06-18T01:56:37.262728+00:00,CSCO,36,36,34.4,6.81,-2.22,12.47,43.29,117.33,120.0,105.88,🟡,0
20260617,2026-06-18T01:56:37.262728+00:00,VLO,37,37,32.8,5.7,-3.73,-2.05,20.6,239.77,249.07,215.35,🟡,0
20260617,2026-06-18T01:56:37.262728+00:00,AKAM,38,38,32.3,7.42,-3.19,1.25,29.35,127.86,132.07,108.55,🟡,2
20260617,2026-06-18T01:56:37.262728+00:00,DOC,39,39,32.2,4.13,-3.87,5.89,12.59,19.4,20.18,18.08,🟢,2
20260617,2026-06-18T01:56:37.262728+00:00,SM,40,40,32.2,8.11,-4.49,-7.46,16.54,28.09,29.41,23.87,🟡,0
20260617,2026-06-18T01:56:37.262728+00:00,MPC,41,41,32.0,5.43,-3.72,0.09,19.04,244.61,254.07,222.21,🟡,0
20260617,2026-06-18T01:56:37.262728+00:00,AA,42,42,31.6,6.65,-5.47,-9.85,15.14,61.73,65.3,51.02,🟡,1
20260617,2026-06-18T01:56:37.262728+00:00,CUBE,43,43,31.4,3.73,-2.78,0.51,5.11,40.1,41.25,37.88,🟢,1
20260617,2026-06-18T01:56:37.262728+00:00,APA,44,44,30.7,6.23,-4.02,-10.22,15.26,33.93,35.35,30.26,🟡,0
20260617,2026-06-18T01:56:37.262728+00:00,FANG,45,45,30.5,4.12,-2.1,-5.02,12.36,185.48,189.46,166.3,🟢,1
20260617,2026-06-18T01:56:37.262728+00:00,RPRX,46,46,30.4,7.61,-1.41,3.68,25.09,53.7,54.47,50.34,🟡,0
20260617,2026-06-18T01:56:37.262728+00:00,CSX,47,47,29.7,5.3,-2.96,1.07,17.49,45.57,46.96,43.0,🟡,0
20260617,2026-06-18T01:56:37.262728+00:00,SFD,48,48,29.6,4.05,-3.92,-6.3,5.72,25.03,26.05,23.26,🟢,2
20260617,2026-06-18T01:56:37.262728+00:00,RIG,49,49,29.2,4.44,-4.02,-12.76,10.86,5.58,5.81,4.99,🟢,2
20260617,2026-06-18T01:56:37.262728+00:00,NE,50,50,29.1,7.45,-4.27,-11.32,14.81,43.03,44.95,39.1,🟡,1
20260617,2026-06-18T01:56:37.262728+00:00,DINO,51,51,29.0,9.25,-3.33,-1.07,18.42,65.91,68.18,59.65,🟡,1
20260617,2026-06-18T01:56:37.262728+00:00,BG,52,52,28.9,4.63,-4.96,-6.38,9.48,116.14,122.2,105.42,🟢,2
20260617,2026-06-18T01:56:37.262728+00:00,FTI,53,53,28.9,9.51,-2.58,-6.32,21.32,67.01,68.78,61.58,🟡,1
20260617,2026-06-18T01:56:37.262728+00:00,UDR,54,54,28.8,4.05,-2.8,2.23,4.96,37.65,38.73,35.55,🟢,1
20260617,2026-06-18T01:56:37.262728+00:00,TEVA,55,55,28.3,8.32,-3.3,-3.12,13.47,32.56,33.67,29.41,🟡,0
20260617,2026-06-18T01:56:37.262728+00:00,KIM,56,56,28.1,7.05,-3.28,3.37,13.14,24.49,25.32,23.11,🟡,0
20260617,2026-06-18T01:56:37.262728+00:00,CZR,57,57,27.4,4.28,-0.66,4.1,18.13,29.21,29.4,28.76,🟢,2
20260617,2026-06-18T01:56:37.262728+00:00,ELV,58,58,26.7,7.33,-1.9,5.21,15.9,391.27,398.84,361.5,🟡,0
20260617,2026-06-18T01:56:37.262728+00:00,LOGI,59,59,26.4,4.27,-3.12,0.82,2.34,105.94,109.35,94.96,🟢,1
20260617,2026-06-18T01:56:37.262728+00:00,PBR-A,60,60,26.4,4.28,-4.03,-15.76,6.28,15.02,15.65,14.15,🟢,3
20260617,2026-06-18T01:56:37.262728+00:00,CMC,61,61,26.4,7.09,-4.28,3.0,9.45,73.22,76.49,66.53,🟡,1
20260617,2026-06-18T01:56:37.262728+00:00,DECK,62,62,26.1,4.08,-5.03,-0.19,2.4,105.72,111.32,96.51,🟢,4
20260617,2026-06-18T01:56:37.262728+00:00,VOD,63,63,26.1,9.8,-3.4,-3.91,8.58,14.53,15.04,13.81,🟡,0
20260617,2026-06-18T01:56:37.262728+00:00,ERIC,64,64,25.8,7.59,-4.73,-6.85,10.1,11.39,11.96,10.22,🟡,2
20260617,2026-06-18T01:56:37.262728+00:00,UNP,65,65,25.4,6.62,-3.27,-1.77,7.69,258.05,266.76,241.82,🟡,0
20260617,2026-06-18T01:56:37.262728+00:00,ADM,66,66,24.6,7.47,-2.65,0.54,16.04,76.5,78.59,70.72,🟡,2
20260617,2026-06-18T01:56:37.262728+00:00,WFRD,67,67,24.5,4.86,-4.79,-9.75,8.99,94.15,98.89,83.5,🟢,3
20260617,2026-06-18T01:56:37.262728+00:00,LLY,68,68,24.4,8.82,-1.73,10.39,15.64,1112.0,1131.56,1017.76,🟡,1
20260617,2026-06-18T01:56:37.262728+00:00,PLD,69,69,24.3,5.73,-3.24,-0.51,9.35,140.94,145.66,132.46,🟡,1
20260617,2026-06-18T01:56:37.262728+00:00,MUR,70,70,24.2,5.93,-4.55,-8.25,7.68,35.27,36.95,31.24,🟡,2
20260617,2026-06-18T01:56:37.262728+00:00,GLNG,71,71,23.1,8.54,-1.87,-6.64,12.43,49.45,50.39,46.27,🟡,1
20260617,2026-06-18T01:56:37.262728+00:00,PBR,72,72,22.9,5.09,-4.38,-15.13,9.48,16.79,17.56,15.7,🟡,3
20260617,2026-06-18T01:56:37.262728+00:00,BRX,73,73,22.9,7.51,-2.98,1.66,11.4,30.95,31.9,29.33,🟡,2
20260617,2026-06-18T01:56:37.262728+00:00,EIX,74,74,22.8,9.63,-1.63,0.22,12.79,70.9,72.08,67.09,🟡,1
20260617,2026-06-18T01:56:37.262728+00:00,KRG,75,75,22.5,7.65,-2.05,5.46,18.12,28.23,28.82,26.89,🟡,3
20260617,2026-06-18T01:56:37.262728+00:00,OZK,76,76,22.3,5.96,-3.62,1.11,3.77,49.0,50.84,46.0,🟡,1
20260617,2026-06-18T01:56:37.262728+00:00,F,77,77,22.1,5.99,-3.98,3.53,9.53,13.96,14.54,12.26,🟡,3
20260617,2026-06-18T01:56:37.262728+00:00,HR,78,78,21.8,7.57,-2.08,3.47,12.72,20.02,20.45,18.87,🟡,2
20260617,2026-06-18T01:56:37.262728+00:00,ZM,79,79,21.7,4.95,-4.95,-9.85,0.23,87.39,91.94,74.65,🟢,2
20260617,2026-06-18T01:56:37.262728+00:00,NSC,80,80,21.7,7.02,-2.81,-2.85,2.19,300.53,309.21,283.86,🟡,0
20260617,2026-06-18T01:56:37.262728+00:00,MTDR,81,81,21.5,5.91,-3.32,-12.0,3.37,50.4,52.13,45.14,🟡,1
20260617,2026-06-18T01:56:37.262728+00:00,INCY,82,82,21.0,9.36,-4.28,0.89,2.33,98.99,103.42,87.87,🟡,2
20260617,2026-06-18T01:56:37.262728+00:00,PSA,83,83,20.8,5.08,-2.22,3.13,10.29,312.58,319.68,295.03,🟡,2
20260617,2026-06-18T01:56:37.262728+00:00,TRP,84,84,20.5,5.33,-1.45,2.96,16.44,67.92,68.92,64.37,🟡,3
20260617,2026-06-18T01:56:37.262728+00:00,EQR,85,85,20.2,8.93,-2.43,-0.33,4.53,64.63,66.24,61.21,🟡,1
20260617,2026-06-18T01:56:37.262728+00:00,EXR,86,86,19.8,5.4,-2.04,1.62,5.19,143.92,146.92,135.87,🟡,1
20260617,2026-06-18T01:56:37.262728+00:00,DOW,87,87,19.7,7.14,-2.21,-11.51,11.9,32.5,33.23,29.12,🟡,3
20260617,2026-06-18T01:56:37.262728+00:00,LUMN,88,88,19.6,5.94,-3.66,-10.37,2.14,8.1,8.41,6.58,🟡,2
20260617,2026-06-18T01:56:37.262728+00:00,CI,89,89,19.5,5.96,-2.61,0.95,2.38,285.09,292.73,267.46,🟡,1
20260617,2026-06-18T01:56:37.262728+00:00,BYD,90,90,19.1,6.89,-2.83,-0.84,0.61,83.88,86.33,77.84,🟡,1
20260617,2026-06-18T01:56:37.262728+00:00,CVX,91,91,18.9,5.82,-2.55,-4.73,5.07,177.58,182.23,166.88,🟡,2
20260617,2026-06-18T01:56:37.262728+00:00,TJX,92,92,18.8,7.26,-1.66,4.2,8.36,164.13,166.91,155.99,🟡,2
20260617,2026-06-18T01:56:37.262728+00:00,AVB,93,93,18.4,7.4,-2.4,-0.87,0.94,179.63,184.05,170.81,🟡,1
20260617,2026-06-18T01:56:37.262728+00:00,O,94,94,18.3,8.65,-2.15,-2.57,1.78,60.57,61.9,57.6,🟡,1
20260617,2026-06-18T01:56:37.262728+00:00,OXY,95,95,17.8,8.97,-2.92,-7.01,8.89,53.04,54.64,48.15,🟡,4
20260617,2026-06-18T01:56:37.262728+00:00,AES,96,96,17.6,7.38,-0.31,0.99,3.86,14.61,14.66,14.46,🟡,0
20260617,2026-06-18T01:56:37.262728+00:00,REG,97,97,17.3,6.31,-2.25,-0.63,6.82,77.37,79.15,73.95,🟡,3
20260617,2026-06-18T01:56:37.262728+00:00,GLPI,98,98,16.2,5.26,-2.98,-2.6,1.83,45.26,46.65,42.87,🟡,3
20260617,2026-06-18T01:56:37.262728+00:00,WMT,99,99,15.8,7.55,-1.81,-5.64,1.89,118.13,120.3,110.8,🟡,2
20260617,2026-06-18T01:56:37.262728+00:00,WBD,100,100,13.3,9.88,-1.73,-3.03,4.62,26.24,26.7,25.1,🟡,4
20260622,2026-06-23T00:04:24.802889+00:00,TWLO,1,1,68.2,0.43,-3.61,1.44,34.8,183.64,190.52,153.34,🔵,3
20260622,2026-06-23T00:04:24.802889+00:00,DAR,2,2,60.1,0.22,-2.17,-11.38,16.27,53.22,54.4,48.55,🔵,3
20260622,2026-06-23T00:04:24.802889+00:00,SLB,3,3,59.3,0.79,-5.29,-12.06,7.7,47.95,50.63,42.65,🔵,2
20260622,2026-06-23T00:04:24.802889+00:00,AKAM,4,4,58.6,1.61,-5.67,-4.69,21.59,120.74,128.0,101.49,🔵,3
20260622,2026-06-23T00:04:24.802889+00:00,YPF,5,5,57.7,2.25,-2.85,4.4,30.57,49.47,50.92,44.47,🔵,0
20260622,2026-06-23T00:04:24.802889+00:00,DOW,6,6,51.3,1.01,-4.5,-15.52,5.72,30.79,32.24,27.48,🔵,4
20260622,2026-06-23T00:04:24.802889+00:00,AA,7,7,50.0,1.88,-4.81,-14.1,8.27,58.35,61.3,47.89,🔵,2
20260622,2026-06-23T00:04:24.802889+00:00,LYB,8,8,47.5,1.63,-4.47,-15.42,4.49,58.52,61.26,52.51,🔵,3
20260622,2026-06-23T00:04:24.802889+00:00,BG,9,9,47.1,1.67,-4.37,-9.83,4.71,111.42,116.51,101.16,🔵,3
20260622,2026-06-23T00:04:24.802889+00:00,SFD,10,10,44.2,1.61,-2.95,-7.58,3.58,24.53,25.28,22.74,🔵,3
20260622,2026-06-23T00:04:24.802889+00:00,CPT,11,11,38.8,2.45,-1.5,2.41,4.53,108.98,110.64,102.77,🔵,1
20260622,2026-06-23T00:04:24.802889+00:00,SKM,12,12,38.6,4.76,-5.55,-9.78,24.93,34.4,36.42,28.22,🟢,1
20260622,2026-06-23T00:04:24.802889+00:00,CHD,13,13,38.5,2.98,-3.07,-1.69,2.48,93.74,96.7,88.02,🟢,0
20260622,2026-06-23T00:04:24.802889+00:00,VOD,14,14,37.1,3.34,-3.08,-6.29,5.29,14.12,14.57,13.35,🟢,0
20260622,2026-06-23T00:04:24.802889+00:00,BHP,15,15,35.6,7.21,-4.4,1.91,27.25,85.78,89.73,78.15,🟡,1
20260622,2026-06-23T00:04:24.802889+00:00,RHHBY,16,16,33.9,3.08,-2.51,-3.76,0.84,49.15,50.42,46.31,🟢,1
20260622,2026-06-23T00:04:24.802889+00:00,DDOG,17,17,33.1,5.81,-2.5,17.56,45.75,221.37,227.04,188.55,🟡,1
20260622,2026-06-23T00:04:24.802889+00:00,CENX,18,18,32.2,5.47,-6.07,-19.19,10.1,49.53,52.73,38.9,🟡,0
20260622,2026-06-23T00:04:24.802889+00:00,RIO,19,19,30.6,5.41,-3.3,-3.43,18.1,99.36,102.75,92.26,🟡,0
20260622,2026-06-23T00:04:24.802889+00:00,MGM,20,20,30.3,8.05,-1.73,12.7,27.45,46.57,47.39,43.24,🟡,1
20260622,2026-06-23T00:04:24.802889+00:00,NOV,21,21,29.2,4.51,-3.83,-6.82,9.08,18.68,19.42,16.54,🟢,1
20260622,2026-06-23T00:04:24.802889+00:00,MAR,22,22,28.8,7.9,-2.72,3.64,20.52,384.19,394.95,359.96,🟡,1
20260622,2026-06-23T00:04:24.802889+00:00,VTRS,23,23,28.1,7.57,-2.46,-1.47,20.09,15.38,15.77,14.21,🟡,1
20260622,2026-06-23T00:04:24.802889+00:00,SQM,24,24,26.1,7.35,-3.55,-7.3,15.48,78.65,81.54,70.04,🟡,2
20260622,2026-06-23T00:04:24.802889+00:00,EXEL,25,25,25.2,9.89,-1.55,5.56,17.88,51.35,52.16,47.3,🟡,1
20260622,2026-06-23T00:04:24.802889+00:00,EBAY,26,26,25.0,7.01,-2.76,-2.38,12.76,104.94,107.91,97.82,🟡,1
20260622,2026-06-23T00:04:24.802889+00:00,HLT,27,27,23.7,9.36,-1.37,4.01,15.59,342.93,347.68,322.64,🟡,1
20260622,2026-06-23T00:04:24.802889+00:00,ALB,28,28,23.6,8.5,-4.3,-13.18,7.44,156.69,163.72,134.68,🟡,2
20260622,2026-06-23T00:04:24.802889+00:00,AMX,29,29,23.0,7.67,-1.92,-0.97,11.98,26.08,26.59,24.22,🟡,1
20260622,2026-06-23T00:04:24.802889+00:00,HSIC,30,30,22.7,4.69,-1.87,3.71,6.72,78.67,80.17,74.25,🟢,1
20260622,2026-06-23T00:04:24.802889+00:00,NET,31,31,21.6,6.41,-3.88,0.05,5.22,218.38,227.2,183.77,🟡,2
20260622,2026-06-23T00:04:24.802889+00:00,PM,32,32,20.7,5.83,-3.46,-0.66,5.09,173.17,179.38,160.52,🟡,2
20260622,2026-06-23T00:04:24.802889+00:00,MDLZ,33,33,20.4,6.41,-2.17,-1.61,2.11,59.51,60.83,56.01,🟡,0
20260622,2026-06-23T00:04:24.802889+00:00,WES,34,34,19.9,9.28,-1.12,-0.15,9.04,42.98,43.47,40.41,🟡,1
20260622,2026-06-23T00:04:24.802889+00:00,WFRD,35,35,17.4,7.77,-3.49,-11.66,5.89,91.78,95.1,80.59,🟡,4
20260622,2026-06-23T00:04:24.802889+00:00,CL,36,36,17.2,7.28,-1.47,1.66,5.92,88.67,89.99,82.78,🟡,2
20260622,2026-06-23T00:04:24.802889+00:00,QSR,37,37,17.1,6.76,-3.27,-6.04,2.27,71.85,74.28,67.4,🟡,3
20260622,2026-06-23T00:04:24.802889+00:00,BTI,38,38,16.7,9.09,-1.75,-2.42,4.0,58.9,59.95,55.44,🟡,2
20260622,2026-06-23T00:04:24.802889+00:00,CE,39,39,16.6,5.15,-3.56,-14.87,0.16,49.73,51.56,44.22,🟡,3
20260622,2026-06-23T00:04:24.802889+00:00,WMT,40,40,14.7,4.75,-1.42,-6.08,0.9,117.18,118.87,110.5,🟢,3
20260622,2026-06-23T00:04:24.802889+00:00,VZ,41,41,12.7,7.64,-1.55,-3.27,4.12,45.36,46.07,42.2,🟡,4
20260623,2026-06-24T00:03:03.080050+00:00,YPF,1,1,67.5,0.84,-3.94,1.16,26.51,48.04,50.01,42.95,🔵,1
20260623,2026-06-24T00:03:03.080050+00:00,AA,2,2,62.2,0.6,-7.4,-18.49,1.97,55.08,59.48,45.1,🔵,2
20260623,2026-06-24T00:03:03.080050+00:00,RIO,3,3,59.6,1.53,-5.07,-7.06,13.37,95.58,100.69,88.32,🔵,0
20260623,2026-06-24T00:03:03.080050+00:00,DAR,4,4,59.5,0.12,-1.77,-11.87,15.04,52.78,53.73,48.11,🔵,3
20260623,2026-06-24T00:03:03.080050+00:00,AKAM,5,5,57.6,1.3,-4.21,-5.8,20.46,119.87,125.14,102.17,🔵,3
20260623,2026-06-24T00:03:03.080050+00:00,SLB,6,6,56.0,0.69,-3.35,-12.23,7.19,47.79,49.45,42.66,🔵,2
20260623,2026-06-24T00:03:03.080050+00:00,BHP,7,7,55.0,2.69,-6.27,-2.41,21.77,82.25,87.75,74.35,🟢,1
20260623,2026-06-24T00:03:03.080050+00:00,DOW,8,8,52.9,0.63,-4.21,-16.41,4.01,30.33,31.66,26.98,🔵,4
20260623,2026-06-24T00:03:03.080050+00:00,TECK,9,9,52.1,2.9,-6.92,-3.97,16.68,59.62,64.05,52.09,🟢,1
20260623,2026-06-24T00:03:03.080050+00:00,SKM,10,10,51.8,2.64,-5.52,-12.13,21.22,33.45,35.41,27.38,🟢,2
20260623,2026-06-24T00:03:03.080050+00:00,CENX,11,11,51.3,2.7,-7.71,-22.28,4.91,47.33,51.29,37.36,🟢,0
20260623,2026-06-24T00:03:03.080050+00:00,LYB,12,12,51.2,0.99,-4.19,-16.38,2.8,57.6,60.12,51.72,🔵,3
20260623,2026-06-24T00:03:03.080050+00:00,BG,13,13,46.3,1.34,-2.83,-10.1,4.04,110.86,114.08,100.65,🔵,3
20260623,2026-06-24T00:03:03.080050+00:00,DOCN,14,14,44.8,5.53,-7.4,11.61,110.28,157.18,169.74,117.71,🟡,0
20260623,2026-06-24T00:03:03.080050+00:00,RKLB,15,15,44.4,7.1,-7.7,-9.51,27.96,95.12,103.05,69.33,🟡,0
20260623,2026-06-24T00:03:03.080050+00:00,SQM,16,16,42.1,3.04,-4.6,-9.74,12.06,76.5,80.19,68.22,🟢,2
20260623,2026-06-24T00:03:03.080050+00:00,VIST,17,17,41.9,2.97,-2.25,-6.41,19.7,66.7,68.24,59.55,🟢,2
20260623,2026-06-24T00:03:03.080050+00:00,HBM,18,18,41.7,8.01,-8.2,-1.83,20.61,25.36,27.63,20.78,🟡,0
20260623,2026-06-24T00:03:03.080050+00:00,VOD,19,19,39.7,2.54,-2.28,-6.59,4.66,14.05,14.38,13.29,🟢,1
20260623,2026-06-24T00:03:03.080050+00:00,ALB,20,20,39.7,3.16,-6.23,-16.68,2.59,149.98,159.94,128.42,🟢,2
20260623,2026-06-24T00:03:03.080050+00:00,STLD,21,21,37.2,5.78,-5.47,1.24,32.0,243.69,257.8,217.21,🟡,2
20260623,2026-06-24T00:03:03.080050+00:00,DDOG,22,22,36.0,4.46,-1.77,15.72,44.8,220.57,224.54,189.69,🟢,1
20260623,2026-06-24T00:03:03.080050+00:00,RHHBY,23,23,34.5,3.01,-2.56,-3.82,0.78,49.12,50.41,46.27,🟢,1
20260623,2026-06-24T00:03:03.080050+00:00,WFRD,24,24,33.7,2.87,-3.84,-13.74,2.98,89.39,92.96,78.61,🟢,4
20260623,2026-06-24T00:03:03.080050+00:00,NUE,25,25,33.0,7.76,-3.38,3.19,35.08,239.63,248.01,217.58,🟡,2
20260623,2026-06-24T00:03:03.080050+00:00,FCX,26,26,31.9,7.12,-5.71,-0.31,18.43,64.4,68.3,55.78,🟡,2
20260623,2026-06-24T00:03:03.080050+00:00,HUM,27,27,31.8,7.75,-0.9,24.51,44.72,359.13,362.4,328.5,🟡,0
20260623,2026-06-24T00:03:03.080050+00:00,CROX,28,28,31.4,7.04,-2.56,9.82,33.19,121.14,124.32,108.72,🟡,2
20260623,2026-06-24T00:03:03.080050+00:00,CLS,29,29,30.4,8.68,-5.74,-9.13,11.59,351.2,372.59,278.29,🟡,1
20260623,2026-06-24T00:03:03.080050+00:00,CAVA,30,30,29.7,6.12,-8.31,-7.8,11.21,77.57,84.6,66.82,🟡,4
20260623,2026-06-24T00:03:03.080050+00:00,SCCO,31,31,29.1,5.31,-5.78,-2.2,12.54,178.57,189.52,153.55,🟡,2
20260623,2026-06-24T00:03:03.080050+00:00,AMX,32,32,27.5,4.33,-1.8,-1.75,10.84,25.85,26.32,24.01,🟢,1
20260623,2026-06-24T00:03:03.080050+00:00,SATS,33,33,25.3,6.57,-5.9,-16.32,0.74,103.92,110.43,79.47,🟡,1
20260623,2026-06-24T00:03:03.080050+00:00,BVN,34,34,24.5,6.25,-6.73,-8.19,3.23,31.0,33.24,26.01,🟡,3
20260623,2026-06-24T00:03:03.080050+00:00,EXEL,35,35,23.8,9.71,-0.94,5.23,17.67,51.34,51.83,47.44,🟡,1
20260623,2026-06-24T00:03:03.080050+00:00,CX,36,36,22.2,8.36,-3.52,-2.97,7.76,12.16,12.6,10.99,🟡,2
20260623,2026-06-24T00:03:03.080050+00:00,TROW,37,37,22.1,9.72,-1.61,3.85,7.72,106.0,107.74,99.93,🟡,0
20260623,2026-06-24T00:03:03.080050+00:00,LYV,38,38,21.0,5.72,-1.52,2.91,9.67,168.6,171.2,157.23,🟡,1
20260623,2026-06-24T00:03:03.080050+00:00,EMN,39,39,19.8,5.26,-3.32,-4.37,3.72,69.48,71.87,63.76,🟡,2
20260623,2026-06-24T00:03:03.080050+00:00,EMR,40,40,18.5,9.32,-3.52,1.74,4.22,143.14,148.36,131.83,🟡,3
20260623,2026-06-24T00:03:03.080050+00:00,HON,41,41,18.3,8.4,-2.26,0.64,5.02,222.37,227.52,202.53,🟡,2
20260623,2026-06-24T00:03:03.080050+00:00,QSR,42,42,15.3,5.84,-2.5,-6.2,1.89,71.64,73.48,67.32,🟡,3
20260624,2026-06-25T00:02:57.682403+00:00,YPF,1,1,74.3,0.27,-6.68,-4.02,19.91,45.62,48.89,40.37,🔵,1
20260624,2026-06-25T00:02:57.682403+00:00,RKLB,2,2,70.7,2.42,-13.91,-18.98,14.59,85.41,99.21,59.52,🔵,0
20260624,2026-06-25T00:02:57.682403+00:00,DOCN,3,3,68.8,2.58,-9.74,4.49,97.26,148.59,164.62,109.04,🟢,0
20260624,2026-06-25T00:02:57.682403+00:00,HBM,4,4,60.3,3.14,-12.93,-10.91,9.07,22.99,26.4,18.22,🟢,0
20260624,2026-06-25T00:02:57.682403+00:00,RIO,5,5,59.8,0.97,-4.39,-8.47,11.32,94.03,98.34,87.04,🔵,1
20260624,2026-06-25T00:02:57.682403+00:00,TECK,6,6,58.9,1.64,-7.23,-7.08,12.67,57.7,62.2,50.2,🔵,2
20260624,2026-06-25T00:02:57.682403+00:00,VIST,7,7,58.4,0.88,-4.24,-9.54,15.33,64.42,67.27,57.03,🔵,3
20260624,2026-06-25T00:02:57.682403+00:00,DAR,8,8,58.0,0.1,-1.08,-11.82,14.5,52.65,53.22,48.04,🔵,3
20260624,2026-06-25T00:02:57.682403+00:00,SLB,9,9,57.9,0.24,-3.21,-14.24,4.41,46.61,48.15,41.42,🔵,2
20260624,2026-06-25T00:02:57.682403+00:00,BHP,10,10,57.9,1.74,-5.48,-4.29,19.26,80.72,85.4,72.81,🔵,2
20260624,2026-06-25T00:02:57.682403+00:00,NVTS,11,11,56.2,5.35,-16.56,-11.85,52.7,18.32,21.96,11.06,🟡,2
20260624,2026-06-25T00:02:57.682403+00:00,DOW,12,12,56.0,0.25,-5.06,-18.56,0.65,29.38,30.95,25.94,🔵,4
20260624,2026-06-25T00:02:57.682403+00:00,SKM,13,13,55.9,1.81,-4.78,-13.28,19.2,32.96,34.62,26.96,🔵,2
20260624,2026-06-25T00:02:57.682403+00:00,AKAM,14,14,55.5,1.11,-2.52,-6.47,19.82,119.48,122.57,102.72,🔵,3
20260624,2026-06-25T00:02:57.682403+00:00,LYB,15,15,55.1,0.44,-4.6,-18.08,0.12,56.12,58.82,50.02,🔵,3
20260624,2026-06-25T00:02:57.682403+00:00,VOD,16,16,51.8,0.97,-2.49,-8.0,2.78,13.81,14.16,13.04,🔵,1
20260624,2026-06-25T00:02:57.682403+00:00,BG,17,17,51.2,0.58,-2.69,-11.42,2.15,108.99,112.0,98.94,🔵,3
20260624,2026-06-25T00:02:57.682403+00:00,SCCO,18,18,47.8,2.71,-7.11,-5.66,8.05,171.84,184.99,146.72,🟢,2
20260624,2026-06-25T00:02:57.682403+00:00,ALM,19,19,47.4,4.78,-8.96,-16.09,29.19,16.46,18.08,12.31,🟢,1
20260624,2026-06-25T00:02:57.682403+00:00,VSH,20,20,47.1,9.67,-8.55,29.59,140.53,55.59,60.79,38.27,🟡,0
20260624,2026-06-25T00:02:57.682403+00:00,SQM,21,21,46.3,2.03,-3.94,-10.59,10.46,75.58,78.68,67.26,🔵,3
20260624,2026-06-25T00:02:57.682403+00:00,GLXY,22,22,43.7,4.05,-10.85,-1.89,2.53,28.58,32.06,20.33,🟢,1
20260624,2026-06-25T00:02:57.682403+00:00,FCX,23,23,43.1,3.67,-7.2,-4.09,13.56,61.84,66.64,53.05,🟢,2
20260624,2026-06-25T00:02:57.682403+00:00,ALB,24,24,42.6,2.26,-5.4,-17.53,0.89,147.84,156.28,126.53,🔵,3
20260624,2026-06-25T00:02:57.682403+00:00,INGM,25,25,42.0,3.05,-2.06,-2.74,18.21,27.63,28.21,24.68,🟢,1
20260624,2026-06-25T00:02:57.682403+00:00,IREN,26,26,39.8,4.4,-10.17,-8.25,3.2,50.3,55.99,36.3,🟢,1
20260624,2026-06-25T00:02:57.682403+00:00,APLD,27,27,39.3,6.16,-6.55,3.35,32.57,41.98,44.92,31.39,🟡,2
20260624,2026-06-25T00:02:57.682403+00:00,EC,28,28,39.2,7.98,-7.19,1.83,27.2,14.59,15.72,12.49,🟡,2
20260624,2026-06-25T00:02:57.682403+00:00,STLD,29,29,39.1,4.37,-3.9,-0.08,30.39,241.43,251.23,215.8,🟢,2
20260624,2026-06-25T00:02:57.682403+00:00,BWA,30,30,37.1,8.14,-3.53,5.83,31.48,68.19,70.69,60.21,🟡,0
20260624,2026-06-25T00:02:57.682403+00:00,TTE,31,31,32.2,2.89,-2.18,-11.42,6.82,78.69,80.44,74.12,🟢,4
20260624,2026-06-25T00:02:57.682403+00:00,CRWV,32,32,32.0,7.84,-8.47,-9.64,0.22,100.88,110.21,79.32,🟡,0
20260624,2026-06-25T00:02:57.682403+00:00,GGAL,33,33,31.9,4.91,-7.6,5.56,9.5,49.1,53.14,42.76,🟢,2
20260624,2026-06-25T00:02:57.682403+00:00,SNDR,34,34,31.6,7.38,-1.11,5.9,28.81,34.97,35.36,31.79,🟡,0
20260624,2026-06-25T00:02:57.682403+00:00,MT,35,35,31.5,4.51,-3.03,-3.34,20.43,61.47,63.39,54.83,🟢,2
20260624,2026-06-25T00:02:57.682403+00:00,VSAT,36,36,31.2,8.79,-2.47,-8.15,33.36,62.23,63.8,47.52,🟡,2
20260624,2026-06-25T00:02:57.682403+00:00,IVZ,37,37,29.6,7.9,-6.38,-3.42,3.59,25.97,27.74,23.23,🟡,0
20260624,2026-06-25T00:02:57.682403+00:00,FLS,38,38,28.3,4.94,-7.71,-3.52,2.26,72.93,79.02,64.47,🟢,2
20260624,2026-06-25T00:02:57.682403+00:00,SSRM,39,39,28.1,6.76,-6.16,-6.3,8.99,28.35,30.21,23.57,🟡,2
20260624,2026-06-25T00:02:57.682403+00:00,PL,40,40,27.9,5.77,-6.1,-30.7,8.8,26.3,28.01,17.21,🟡,2
20260624,2026-06-25T00:02:57.682403+00:00,HAL,41,41,27.8,3.87,-3.33,-14.19,5.48,33.9,35.07,30.78,🟢,3
20260624,2026-06-25T00:02:57.682403+00:00,MUFG,42,42,26.0,9.06,-3.53,4.86,15.47,19.81,20.53,18.69,🟡,2
20260624,2026-06-25T00:02:57.682403+00:00,CDNS,43,43,25.9,5.37,-2.89,3.49,13.96,372.4,383.5,330.31,🟡,1
20260624,2026-06-25T00:02:57.682403+00:00,NE,44,44,25.0,5.14,-5.92,-18.22,3.74,39.17,41.64,34.72,🟡,2
20260624,2026-06-25T00:02:57.682403+00:00,SM,45,45,24.3,8.59,-3.1,-12.44,9.89,26.49,27.34,22.52,🟡,1
20260624,2026-06-25T00:02:57.682403+00:00,XPO,46,46,23.6,9.09,-1.44,-7.6,15.16,196.83,199.71,171.03,🟡,1
20260624,2026-06-25T00:02:57.682403+00:00,GOOGL,47,47,23.6,9.56,-2.62,-6.4,10.51,345.29,354.58,314.09,🟡,1
20260624,2026-06-25T00:02:57.682403+00:00,MFC,48,48,22.2,7.28,-1.36,2.37,12.82,39.7,40.25,37.74,🟡,1
20260624,2026-06-25T00:02:57.682403+00:00,TROW,49,49,21.8,5.88,-1.67,2.82,6.9,105.2,106.99,99.22,🟡,0
20260624,2026-06-25T00:02:57.682403+00:00,CHRW,50,50,21.4,8.44,-2.96,-0.57,8.46,177.28,182.69,161.7,🟡,2
20260624,2026-06-25T00:02:57.682403+00:00,DD,51,51,21.4,8.45,-2.86,-3.3,8.77,137.82,141.88,126.48,🟡,2
20260624,2026-06-25T00:02:57.682403+00:00,CX,52,52,20.9,5.68,-3.21,-4.11,6.4,12.02,12.42,10.86,🟡,2
20260624,2026-06-25T00:02:57.682403+00:00,NOV,53,53,20.8,7.11,-2.12,-8.31,6.81,18.35,18.75,16.19,🟡,1
20260624,2026-06-25T00:02:57.682403+00:00,WDS,54,54,20.4,6.11,-3.96,-14.4,2.44,19.06,19.85,16.92,🟡,2
20260624,2026-06-25T00:02:57.682403+00:00,EQNR,55,55,19.8,8.23,-3.22,-15.03,7.94,31.6,32.65,28.66,🟡,3
20260624,2026-06-25T00:02:57.682403+00:00,CP,56,56,18.6,5.41,-0.81,-1.93,7.7,84.78,85.48,79.84,🟡,1
20260624,2026-06-25T00:02:57.682403+00:00,EMR,57,57,18.3,6.55,-3.71,0.56,2.94,141.44,146.89,130.01,🟡,3
20260624,2026-06-25T00:02:57.682403+00:00,BKR,58,58,18.0,6.14,-3.69,-11.81,2.43,56.38,58.54,51.28,🟡,3
20260624,2026-06-25T00:02:57.682403+00:00,CNQ,59,59,18.0,8.18,-3.64,-12.9,2.77,39.38,40.87,35.91,🟡,3
20260624,2026-06-25T00:02:57.682403+00:00,F,60,60,15.6,9.72,-1.1,1.45,8.13,13.84,13.99,12.43,🟡,3
20260626,2026-06-27T00:03:28.074317+00:00,DOCN,1,1,76.9,0.89,-7.96,-3.86,82.27,139.28,151.33,103.93,🔵,1
20260626,2026-06-27T00:03:28.074317+00:00,NBIS,2,2,64.9,2.57,-8.66,15.41,85.07,240.3,263.09,173.5,🟢,1
20260626,2026-06-27T00:03:28.074317+00:00,APLD,3,3,63.6,1.84,-7.88,-4.43,22.67,39.16,42.51,28.97,🔵,2
20260626,2026-06-27T00:03:28.074317+00:00,HPE,4,4,59.8,3.17,-7.59,15.11,63.91,43.71,47.3,36.6,🟢,0
20260626,2026-06-27T00:03:28.074317+00:00,ON,5,5,59.6,7.42,-21.0,-17.61,29.2,90.65,114.75,63.89,🟡,0
20260626,2026-06-27T00:03:28.074317+00:00,GS,6,6,59.2,1.71,-4.93,3.17,16.17,1019.61,1072.48,931.87,🔵,0
20260626,2026-06-27T00:03:28.074317+00:00,BE,7,7,58.1,5.1,-18.98,-7.92,57.03,252.02,311.04,172.02,🟡,1
20260626,2026-06-27T00:03:28.074317+00:00,SQM,8,8,57.5,0.41,-4.66,-14.71,4.19,71.59,75.09,63.08,🔵,3
20260626,2026-06-27T00:03:28.074317+00:00,CSCO,9,9,53.5,3.16,-4.42,4.68,36.31,113.77,119.03,104.17,🟢,0
20260626,2026-06-27T00:03:28.074317+00:00,RMBS,10,10,53.2,2.89,-9.16,-15.22,5.92,114.73,126.3,82.31,🟢,0
20260626,2026-06-27T00:03:28.074317+00:00,CRDO,11,11,51.8,7.47,-11.82,13.05,51.72,238.0,269.91,163.81,🟡,1
20260626,2026-06-27T00:03:28.074317+00:00,HLT,12,12,51.0,1.57,-2.31,0.64,11.71,332.86,340.72,310.77,🔵,1
20260626,2026-06-27T00:03:28.074317+00:00,TSEM,13,13,50.8,8.31,-10.4,1.4,68.14,249.91,278.92,189.67,🟡,0
20260626,2026-06-27T00:03:28.074317+00:00,ARM,14,14,50.6,4.17,-7.92,17.17,92.68,334.27,363.03,237.86,🟢,1
20260626,2026-06-27T00:03:28.074317+00:00,FRO,15,15,48.3,5.66,-10.83,-1.04,27.06,35.52,39.83,30.07,🟡,1
20260626,2026-06-27T00:03:28.074317+00:00,NXT,16,16,48.0,2.96,-8.83,-14.92,1.65,106.95,117.3,85.68,🟢,1
20260626,2026-06-27T00:03:28.074317+00:00,TTE,17,17,47.4,0.72,-2.75,-13.13,3.95,76.77,78.94,72.07,🔵,5
20260626,2026-06-27T00:03:28.074317+00:00,ROST,18,18,47.1,2.7,-5.05,-5.6,10.94,213.26,224.6,197.27,🟢,1
20260626,2026-06-27T00:03:28.074317+00:00,TTMI,19,19,47.0,5.76,-8.5,12.1,87.76,191.49,209.29,151.22,🟡,0
20260626,2026-06-27T00:03:28.074317+00:00,AAOI,20,20,46.6,6.08,-8.3,-20.23,69.61,135.69,147.97,82.6,🟡,0
20260626,2026-06-27T00:03:28.074317+00:00,IBKR,21,21,44.9,3.65,-3.69,5.34,23.32,89.82,93.26,81.17,🟢,0
20260626,2026-06-27T00:03:28.074317+00:00,GOOGL,22,22,43.2,2.23,-2.05,-8.59,7.62,337.39,344.44,306.49,🔵,1
20260626,2026-06-27T00:03:28.074317+00:00,SSL,23,23,42.9,3.82,-8.29,-24.13,7.48,9.67,10.54,8.3,🟢,1
20260626,2026-06-27T00:03:28.074317+00:00,GOOG,24,24,42.4,2.17,-2.52,-8.67,6.93,334.69,343.36,303.9,🔵,2
20260626,2026-06-27T00:03:28.074317+00:00,NE,25,25,40.4,2.6,-4.64,-19.42,1.25,38.33,40.19,34.06,🟢,2
20260626,2026-06-27T00:03:28.074317+00:00,WULF,26,26,40.0,8.2,-5.0,7.79,56.36,25.83,27.19,20.13,🟡,0
20260626,2026-06-27T00:03:28.074317+00:00,LSCC,27,27,39.1,9.0,-4.54,4.0,47.82,138.76,145.35,114.2,🟡,0
20260626,2026-06-27T00:03:28.074317+00:00,NTAP,28,28,37.6,4.35,-2.12,12.06,32.53,152.45,155.75,135.73,🟢,1
20260626,2026-06-27T00:03:28.074317+00:00,CORZ,29,29,36.4,6.07,-3.2,10.29,42.62,27.2,28.1,22.66,🟡,0
20260626,2026-06-27T00:03:28.074317+00:00,NVDA,30,30,35.3,3.37,-3.34,-8.28,1.1,192.53,199.19,175.71,🟢,0
20260626,2026-06-27T00:03:28.074317+00:00,JBL,31,31,34.8,9.54,-3.36,0.86,35.48,358.6,371.05,304.02,🟡,1
20260626,2026-06-27T00:03:28.074317+00:00,MS,32,32,33.5,8.09,-4.15,5.05,20.48,212.03,221.21,196.05,🟡,0
20260626,2026-06-27T00:03:28.074317+00:00,EQNR,33,33,31.1,3.36,-2.86,-16.05,5.7,31.03,31.94,28.05,🟢,3
20260626,2026-06-27T00:03:28.074317+00:00,BGC,34,34,29.8,8.8,-5.92,1.59,17.23,11.45,12.17,10.33,🟡,3
20260626,2026-06-27T00:03:28.074317+00:00,YPF,35,35,28.9,5.21,-3.23,-4.93,18.55,45.33,46.84,40.31,🟡,1
20260626,2026-06-27T00:03:28.074317+00:00,SWKS,36,36,27.7,8.71,-5.28,-3.07,4.33,68.0,71.79,56.58,🟡,0
20260626,2026-06-27T00:03:28.074317+00:00,QRVO,37,37,26.4,9.55,-3.81,-0.93,7.45,93.88,97.6,82.24,🟡,0
20260626,2026-06-27T00:03:28.074317+00:00,USAR,38,38,25.4,5.69,-6.58,-15.3,2.0,20.47,21.91,15.55,🟡,2
20260626,2026-06-27T00:03:28.074317+00:00,HWM,39,39,25.1,8.21,-2.13,4.11,19.09,268.87,274.71,242.69,🟡,2
20260626,2026-06-27T00:03:28.074317+00:00,MT,40,40,24.7,7.38,-3.49,-5.8,16.69,59.88,62.04,53.84,🟡,3
20260626,2026-06-27T00:03:28.074317+00:00,MAR,41,41,24.4,6.72,-1.27,1.32,17.5,377.31,382.16,351.79,🟡,1
20260626,2026-06-27T00:03:28.074317+00:00,AVGO,42,42,23.4,6.97,-3.86,-11.27,1.39,365.02,379.66,318.7,🟡,0
20260626,2026-06-27T00:03:28.074317+00:00,WDS,43,43,22.9,4.26,-2.45,-14.23,1.63,18.94,19.42,16.91,🟢,2
20260626,2026-06-27T00:03:28.074317+00:00,FSLR,44,44,22.9,4.96,-4.25,-1.09,1.96,239.07,249.68,201.33,🟢,1
20260626,2026-06-27T00:03:28.074317+00:00,AKAM,45,45,22.7,9.36,-3.38,-11.96,13.22,113.29,117.25,96.86,🟡,3
20260626,2026-06-27T00:03:28.074317+00:00,INGM,46,46,22.6,9.18,-1.32,-3.02,17.42,27.53,27.9,24.83,🟡,2
20260626,2026-06-27T00:03:28.074317+00:00,SM,47,47,21.6,8.25,-1.95,-12.84,9.23,26.34,26.86,22.62,🟡,1
20260626,2026-06-27T00:03:28.074317+00:00,FANG,48,48,20.1,6.17,-2.4,-7.77,8.09,179.91,184.33,165.76,🟡,2
20260626,2026-06-27T00:03:28.074317+00:00,GM,49,49,19.6,8.61,-1.13,-1.22,4.76,78.1,78.99,71.24,🟡,0
20260626,2026-06-27T00:03:28.074317+00:00,ERIC,50,50,18.9,7.89,-2.63,-9.79,4.84,10.96,11.26,10.0,🟡,2
20260626,2026-06-27T00:03:28.074317+00:00,SU,51,51,17.3,7.61,-2.16,-14.63,3.41,53.9,55.09,49.34,🟡,2
20260626,2026-06-27T00:03:28.074317+00:00,TJX,52,52,17.2,8.91,-3.38,-1.37,2.15,155.43,160.86,145.43,🟡,3
20260626,2026-06-27T00:03:28.074317+00:00,OXY,53,53,11.9,6.14,-2.56,-11.25,2.25,49.99,51.3,45.54,🟡,5
20260626,2026-06-27T00:03:28.074317+00:00,COP,54,54,11.7,9.11,-1.7,-9.75,1.64,105.96,107.79,97.17,🟡,4
20260629,2026-06-30T00:03:07.884192+00:00,CORZ,1,1,70.3,1.35,-5.58,4.63,35.66,25.94,27.47,21.18,🔵,0
20260629,2026-06-30T00:03:07.884192+00:00,APLD,2,2,68.1,1.0,-7.94,-8.17,17.94,37.77,41.03,27.2,🔵,2
20260629,2026-06-30T00:03:07.884192+00:00,SQM,3,3,57.9,0.2,-4.73,-16.28,1.46,69.86,73.33,61.48,🔵,3
20260629,2026-06-30T00:03:07.884192+00:00,HON,4,4,57.9,3.16,-44.55,-8.07,3.99,227.8,410.86,120.25,🟢,2
20260629,2026-06-30T00:03:07.884192+00:00,ON,5,5,57.9,6.59,-16.56,-19.62,25.87,88.57,106.15,62.31,🟡,0
20260629,2026-06-30T00:03:07.884192+00:00,IBKR,6,6,55.6,1.9,-3.64,3.23,20.88,88.2,91.53,79.66,🔵,1
20260629,2026-06-30T00:03:07.884192+00:00,ROST,7,7,55.1,1.44,-4.63,-7.46,8.46,208.83,218.97,192.58,🔵,1
20260629,2026-06-30T00:03:07.884192+00:00,TTMI,8,8,52.9,4.06,-7.69,8.46,81.93,186.8,202.35,145.84,🟢,0
20260629,2026-06-30T00:03:07.884192+00:00,BGC,9,9,52.6,2.97,-11.77,-7.09,6.96,10.45,11.84,9.16,🟢,3
20260629,2026-06-30T00:03:07.884192+00:00,HLT,10,10,48.8,1.48,-1.8,0.53,11.49,332.54,338.64,310.11,🔵,2
20260629,2026-06-30T00:03:07.884192+00:00,FRO,11,11,42.8,5.48,-8.2,-1.36,26.45,35.44,38.61,29.93,🟡,1
20260629,2026-06-30T00:03:07.884192+00:00,VIRT,12,12,42.5,4.19,-4.88,9.38,41.94,58.15,61.13,51.74,🟢,2
20260629,2026-06-30T00:03:07.884192+00:00,DD,13,13,39.7,2.22,-1.44,-4.68,6.59,135.74,137.72,122.99,🔵,2
20260629,2026-06-30T00:03:07.884192+00:00,NE,14,14,39.3,2.08,-3.12,-19.53,0.58,38.12,39.35,33.9,🔵,3
20260629,2026-06-30T00:03:07.884192+00:00,GS,15,15,38.2,3.69,-3.32,2.97,16.07,1020.21,1055.25,933.31,🟢,1
20260629,2026-06-30T00:03:07.884192+00:00,WULF,16,16,38.0,5.91,-3.99,6.2,54.15,25.58,26.64,19.76,🟡,0
20260629,2026-06-30T00:03:07.884192+00:00,PRM,17,17,35.7,9.7,-6.79,1.15,21.64,32.73,35.12,28.44,🟡,2
20260629,2026-06-30T00:03:07.884192+00:00,BWA,18,18,35.5,9.71,-3.72,0.87,26.15,65.89,68.44,58.67,🟡,0
20260629,2026-06-30T00:03:07.884192+00:00,MAR,19,19,34.6,3.71,-1.42,0.59,16.54,374.88,380.3,349.19,🟢,1
20260629,2026-06-30T00:03:07.884192+00:00,GM,20,20,32.5,3.37,-1.32,-2.17,3.6,77.34,78.37,70.7,🟢,0
20260629,2026-06-30T00:03:07.884192+00:00,MS,21,21,30.9,7.69,-2.94,4.63,20.1,211.72,218.14,195.59,🟡,0
20260629,2026-06-30T00:03:07.884192+00:00,OXY,22,22,28.6,2.95,-3.22,-12.61,0.37,49.09,50.72,44.62,🟢,5
20260629,2026-06-30T00:03:07.884192+00:00,YPF,23,23,28.1,4.67,-1.63,-5.23,18.08,45.25,46.0,40.17,🟢,1
20260629,2026-06-30T00:03:07.884192+00:00,CWEN,24,24,27.4,3.61,-3.47,-8.02,0.06,35.18,36.44,31.99,🟢,3
20260629,2026-06-30T00:03:07.884192+00:00,SSL,25,25,25.4,9.97,-5.14,-23.48,7.66,9.7,10.23,8.35,🟡,2
20260629,2026-06-30T00:03:07.884192+00:00,SWKS,26,26,23.8,7.59,-3.41,-3.75,3.91,67.71,70.1,56.62,🟡,0
20260629,2026-06-30T00:03:07.884192+00:00,QRVO,27,27,23.5,8.08,-2.48,-1.53,7.04,93.54,95.91,82.25,🟡,0
20260629,2026-06-30T00:03:07.884192+00:00,SM,28,28,23.4,4.65,-1.66,-13.4,8.4,26.14,26.58,22.48,🟢,1
20260629,2026-06-30T00:03:07.884192+00:00,HWM,29,29,23.4,7.57,-1.39,3.82,18.74,268.57,272.35,242.69,🟡,2
20260629,2026-06-30T00:03:07.884192+00:00,MT,30,30,22.4,6.45,-2.53,-6.11,16.01,59.68,61.23,53.59,🟡,3
20260629,2026-06-30T00:03:07.884192+00:00,INGM,31,31,21.7,6.53,-1.0,-3.17,16.9,27.45,27.73,24.74,🟡,2
20260629,2026-06-30T00:03:07.884192+00:00,DRI,32,32,21.4,9.7,-2.62,2.15,5.99,205.7,211.24,189.0,🟡,1
20260629,2026-06-30T00:03:07.884192+00:00,PLD,33,33,19.7,8.68,-1.57,-2.33,6.81,138.89,141.1,129.8,🟡,1
20260629,2026-06-30T00:03:07.884192+00:00,VNOM,34,34,17.9,9.85,-1.61,-7.94,3.19,42.41,43.11,39.64,🟡,1
20260629,2026-06-30T00:03:07.884192+00:00,SU,35,35,15.7,6.61,-1.46,-14.52,3.12,53.81,54.61,49.43,🟡,2
20260629,2026-06-30T00:03:07.884192+00:00,DVN,36,36,14.2,8.62,-1.4,-8.49,3.96,41.99,42.59,38.1,🟡,3
20260630,2026-07-01T00:02:51.876323+00:00,CORZ,1,1,69.3,0.95,-4.37,2.74,33.48,25.59,26.76,21.17,🔵,1
20260630,2026-07-01T00:02:51.876323+00:00,APLD,2,2,64.0,0.76,-5.41,-9.57,16.1,37.3,39.43,27.79,🔵,2
20260630,2026-07-01T00:02:51.876323+00:00,WULF,3,3,62.8,1.99,-4.37,2.2,48.21,24.7,25.83,19.26,🔵,0
20260630,2026-07-01T00:02:51.876323+00:00,IBKR,4,4,60.2,1.13,-3.29,1.74,19.1,87.04,90.0,78.84,🔵,1
20260630,2026-07-01T00:02:51.876323+00:00,HLT,5,5,53.3,0.82,-1.64,-0.03,10.69,330.46,335.97,308.79,🔵,2
20260630,2026-07-01T00:02:51.876323+00:00,MAR,6,6,50.7,1.44,-1.71,-0.52,15.02,370.59,377.05,345.27,🔵,2
20260630,2026-07-01T00:02:51.876323+00:00,FRO,7,7,48.0,3.62,-5.94,-3.13,23.83,34.79,36.99,29.34,🟢,1
20260630,2026-07-01T00:02:51.876323+00:00,GS,8,8,47.3,2.32,-2.63,1.89,14.91,1011.37,1038.64,931.23,🔵,1
20260630,2026-07-01T00:02:51.876323+00:00,DLR,9,9,44.5,2.19,-5.35,-5.97,3.78,179.58,189.72,165.71,🔵,3
20260630,2026-07-01T00:02:51.876323+00:00,PLD,10,10,43.3,2.14,-2.64,-4.62,4.08,135.47,139.15,126.7,🔵,1
20260630,2026-07-01T00:02:51.876323+00:00,TTMI,11,11,38.4,6.65,-5.13,7.83,80.93,187.02,197.12,148.99,🟡,1
20260630,2026-07-01T00:02:51.876323+00:00,GM,12,12,38.0,2.38,-1.18,-2.4,3.13,77.08,78.0,70.8,🔵,1
20260630,2026-07-01T00:02:51.876323+00:00,DD,13,13,37.9,2.05,-0.88,-4.67,6.35,135.64,136.84,123.64,🔵,3
20260630,2026-07-01T00:02:51.876323+00:00,CIFR,14,14,37.3,7.8,-3.67,9.75,37.45,24.5,25.43,18.06,🟡,0
20260630,2026-07-01T00:02:51.876323+00:00,MS,15,15,36.6,4.11,-2.65,3.09,18.4,209.04,214.74,193.86,🟢,0
20260630,2026-07-01T00:02:51.876323+00:00,HST,16,16,34.6,5.46,-3.81,3.61,23.94,23.71,24.65,22.19,🟡,0
20260630,2026-07-01T00:02:51.876323+00:00,NUE,17,17,34.5,7.45,-5.66,-5.89,23.92,222.75,236.1,199.98,🟡,2
20260630,2026-07-01T00:02:51.876323+00:00,DVN,18,18,33.2,2.66,-2.02,-9.85,2.21,41.32,42.17,37.56,🟢,3
20260630,2026-07-01T00:02:51.876323+00:00,EOG,19,19,31.4,3.74,-2.06,-4.58,8.13,129.73,132.46,120.1,🟢,1
20260630,2026-07-01T00:02:51.876323+00:00,IRM,20,20,30.0,9.45,-2.89,0.98,22.2,126.31,130.07,116.14,🟡,1
20260630,2026-07-01T00:02:51.876323+00:00,STLD,21,21,29.7,9.02,-4.52,-6.39,22.49,229.46,240.32,203.56,🟡,3
20260630,2026-07-01T00:02:51.876323+00:00,SM,22,22,25.3,3.96,-0.83,-13.55,8.24,26.1,26.32,22.69,🟢,2
20260630,2026-07-01T00:02:51.876323+00:00,DKS,23,23,25.0,7.13,-3.28,1.7,6.82,226.81,234.51,204.15,🟡,0
20260630,2026-07-01T00:02:51.876323+00:00,TRP,24,24,24.8,4.75,-3.65,-1.07,12.3,66.29,68.8,62.79,🟢,3
20260630,2026-07-01T00:02:51.876323+00:00,CAVA,25,25,23.6,9.57,-4.13,-5.88,11.85,78.48,81.86,66.59,🟡,3
20260630,2026-07-01T00:02:51.876323+00:00,SOBO,26,26,23.5,9.54,-2.15,-1.4,15.87,35.24,36.01,32.95,🟡,2
20260630,2026-07-01T00:02:51.876323+00:00,FLR,27,27,23.1,9.07,-1.73,6.7,13.14,52.39,53.31,46.86,🟡,1
20260630,2026-07-01T00:02:51.876323+00:00,D,28,28,21.4,8.78,-1.21,4.79,11.79,68.29,69.13,65.54,🟡,1
20260630,2026-07-01T00:02:51.876323+00:00,QRVO,29,29,21.3,6.48,-1.46,-2.05,6.69,93.27,94.65,83.02,🟡,0
20260630,2026-07-01T00:02:51.876323+00:00,APA,30,30,21.0,4.95,-1.48,-12.22,9.0,32.57,33.06,29.33,🟢,1
20260630,2026-07-01T00:02:51.876323+00:00,BAC,31,31,20.5,8.75,-1.3,6.95,9.59,56.98,57.73,54.03,🟡,1
20260630,2026-07-01T00:02:51.876323+00:00,INGM,32,32,20.4,5.71,-0.42,-3.08,16.65,27.43,27.55,25.03,🟡,2
20260630,2026-07-01T00:02:51.876323+00:00,FANG,33,33,19.1,6.2,-2.59,-9.81,5.34,175.78,180.45,162.47,🟡,2
20260630,2026-07-01T00:02:51.876323+00:00,GGB,34,34,18.9,8.35,-1.7,-10.61,4.65,4.04,4.11,3.68,🟡,1
20260630,2026-07-01T00:02:51.876323+00:00,VIST,35,35,17.9,7.71,-0.97,-10.34,13.09,63.8,64.42,56.6,🟡,3
20260630,2026-07-01T00:02:51.876323+00:00,VNOM,36,36,16.8,9.61,-1.05,-7.87,3.1,42.4,42.85,39.78,🟡,1
20260630,2026-07-01T00:02:51.876323+00:00,STAG,37,37,16.7,9.04,-2.33,-0.64,1.58,38.06,38.97,36.12,🟡,2
20260630,2026-07-01T00:02:51.876323+00:00,ENB,38,38,16.1,8.82,-2.26,-1.21,8.07,54.21,55.47,51.75,🟡,4
20260630,2026-07-01T00:02:51.876323+00:00,SU,39,39,15.6,4.79,-0.67,-14.53,2.75,53.68,54.04,49.6,🟢,2
20260630,2026-07-01T00:02:51.876323+00:00,BKR,40,40,12.6,6.33,-1.49,-12.76,0.44,55.5,56.34,51.29,🟡,3
20260630,2026-07-01T00:02:51.876323+00:00,PBR,41,41,11.8,5.77,-1.1,-15.5,4.2,16.16,16.34,14.99,🟡,4
20260701,2026-07-02T00:03:09.732750+00:00,CORZ,1,1,80.3,0.22,-8.6,-5.1,23.42,23.71,25.94,19.16,🔵,1
20260701,2026-07-02T00:03:09.732750+00:00,WULF,2,2,74.7,0.74,-6.24,-2.68,40.95,23.58,25.15,18.16,🔵,1
20260701,2026-07-02T00:03:09.732750+00:00,CIFR,3,3,68.1,2.03,-7.75,1.99,27.71,22.84,24.76,16.37,🔵,0
20260701,2026-07-02T00:03:09.732750+00:00,APLD,4,4,67.9,0.27,-6.87,-14.02,10.27,35.52,38.14,26.33,🔵,2
20260701,2026-07-02T00:03:09.732750+00:00,RIOT,5,5,66.7,3.29,-11.53,-1.24,30.76,23.96,27.08,18.44,🟢,0
20260701,2026-07-02T00:03:09.732750+00:00,TTMI,6,6,61.1,2.38,-5.97,2.97,72.73,179.7,191.12,142.75,🔵,1
20260701,2026-07-02T00:03:09.732750+00:00,MAR,7,7,54.4,0.87,-1.52,-1.08,14.13,368.32,374.0,343.96,🔵,2
20260701,2026-07-02T00:03:09.732750+00:00,GM,8,8,54.0,0.53,-2.32,-4.25,0.92,75.52,77.31,69.68,🔵,1
20260701,2026-07-02T00:03:09.732750+00:00,QRVO,9,9,50.8,1.44,-2.69,-4.72,3.94,90.88,93.39,80.69,🔵,0
20260701,2026-07-02T00:03:09.732750+00:00,INGM,10,10,50.0,1.38,-1.01,-3.76,15.43,27.18,27.46,24.88,🔵,2
20260701,2026-07-02T00:03:09.732750+00:00,SM,11,11,49.5,1.06,-1.67,-14.72,6.71,25.73,26.17,22.56,🔵,2
20260701,2026-07-02T00:03:09.732750+00:00,APA,12,12,47.9,1.51,-2.73,-13.93,6.49,31.87,32.77,28.78,🔵,2
20260701,2026-07-02T00:03:09.732750+00:00,VNOM,13,13,47.8,1.39,-2.85,-10.25,0.18,41.22,42.43,38.49,🔵,1
20260701,2026-07-02T00:03:09.732750+00:00,SFTBY,14,14,47.8,3.48,-7.89,-12.97,9.87,17.72,19.24,13.64,🟢,0
20260701,2026-07-02T00:03:09.732750+00:00,DLR,15,15,47.7,1.44,-5.4,-7.42,1.87,176.32,186.38,162.2,🔵,4
20260701,2026-07-02T00:03:09.732750+00:00,FLR,16,16,46.8,2.47,-4.54,2.45,8.63,50.35,52.75,44.89,🔵,1
20260701,2026-07-02T00:03:09.732750+00:00,VSH,17,17,45.5,6.1,-7.74,11.47,112.29,51.21,55.51,36.15,🟡,0
20260701,2026-07-02T00:03:09.732750+00:00,HUT,18,18,43.9,5.99,-8.83,-0.02,67.04,105.79,116.04,78.88,🟡,2
20260701,2026-07-02T00:03:09.732750+00:00,IRM,19,19,42.7,3.67,-5.01,-2.58,17.77,121.9,128.34,111.36,🟢,1
20260701,2026-07-02T00:03:09.732750+00:00,FRO,20,20,42.4,3.31,-3.03,-3.34,23.22,34.7,35.78,29.25,🟢,2
20260701,2026-07-02T00:03:09.732750+00:00,EOG,21,21,41.8,2.14,-2.06,-5.41,7.12,128.59,131.29,119.25,🔵,2
20260701,2026-07-02T00:03:09.732750+00:00,ATI,22,22,40.2,4.08,-2.34,10.92,45.66,192.17,196.78,173.66,🟢,1
20260701,2026-07-02T00:03:09.732750+00:00,VIST,23,23,39.8,2.41,-2.17,-11.8,10.86,62.69,64.08,55.6,🔵,3
20260701,2026-07-02T00:03:09.732750+00:00,PR,24,24,39.5,2.79,-2.97,-9.51,9.13,17.93,18.48,16.44,🟢,2
20260701,2026-07-02T00:03:09.732750+00:00,TS,25,25,39.5,3.26,-2.9,-10.56,13.35,54.19,55.81,50.29,🟢,1
20260701,2026-07-02T00:03:09.732750+00:00,FANG,26,26,37.4,2.79,-3.47,-11.67,2.94,171.96,178.15,158.38,🟢,2
20260701,2026-07-02T00:03:09.732750+00:00,AAON,27,27,36.6,6.19,-7.46,-6.29,17.19,116.42,125.81,98.79,🟡,1
20260701,2026-07-02T00:03:09.732750+00:00,STLD,28,28,36.3,4.29,-6.06,-9.42,18.36,221.76,236.06,195.29,🟢,3
20260701,2026-07-02T00:03:09.732750+00:00,TRGP,29,29,36.3,4.31,-4.04,-1.13,22.93,257.81,268.67,238.29,🟢,2
20260701,2026-07-02T00:03:09.732750+00:00,WSC,30,30,35.2,6.31,-4.27,6.9,27.14,27.36,28.58,24.61,🟡,1
20260701,2026-07-02T00:03:09.732750+00:00,PBR,31,31,33.3,2.36,-1.59,-15.99,2.99,15.99,16.25,14.86,🔵,4
20260701,2026-07-02T00:03:09.732750+00:00,SWKS,32,32,33.0,3.54,-2.87,-6.71,1.27,65.93,67.88,55.89,🟢,0
20260701,2026-07-02T00:03:09.732750+00:00,NUE,33,33,32.9,5.1,-5.37,-7.37,21.88,219.02,231.45,196.2,🟡,2
20260701,2026-07-02T00:03:09.732750+00:00,MTDR,34,34,32.4,2.72,-1.38,-12.14,0.37,49.04,49.73,44.6,🟢,2
20260701,2026-07-02T00:03:09.732750+00:00,HST,35,35,32.4,6.19,-2.1,5.59,26.46,23.35,23.85,22.01,🟡,0
20260701,2026-07-02T00:03:09.732750+00:00,M,36,36,31.2,9.75,-4.83,9.38,16.84,23.43,24.62,20.65,🟡,1
20260701,2026-07-02T00:03:09.732750+00:00,TRP,37,37,30.9,3.82,-3.04,-1.35,12.04,65.62,67.67,62.25,🟢,3
20260701,2026-07-02T00:03:09.732750+00:00,AER,38,38,30.8,3.83,-3.35,0.46,3.22,141.92,146.83,132.01,🟢,1
20260701,2026-07-02T00:03:09.732750+00:00,TGT,39,39,30.5,9.84,-3.46,1.88,21.0,130.29,134.96,118.71,🟡,1
20260701,2026-07-02T00:03:09.732750+00:00,BUD,40,40,27.9,6.07,-3.47,0.88,15.64,80.25,83.13,76.07,🟡,1
20260701,2026-07-02T00:03:09.732750+00:00,SOBO,41,41,25.6,4.82,-2.79,-2.46,14.72,34.45,35.44,32.39,🟢,2
20260701,2026-07-02T00:03:09.732750+00:00,SU,42,42,25.5,3.27,-0.55,-14.5,2.41,53.57,53.86,49.6,🟢,3
20260701,2026-07-02T00:03:09.732750+00:00,WSM,43,43,24.8,8.96,-3.38,13.48,17.35,228.15,236.13,207.36,🟡,3
20260701,2026-07-02T00:03:09.732750+00:00,GTES,44,44,24.4,9.49,-3.78,4.33,11.22,27.15,28.22,24.53,🟡,2
20260701,2026-07-02T00:03:09.732750+00:00,D,45,45,24.3,4.66,-1.51,3.83,10.88,67.79,68.83,64.98,🟢,1
20260701,2026-07-02T00:03:09.732750+00:00,QCOM,46,46,24.2,6.59,-4.22,-9.59,9.01,181.92,189.94,143.56,🟡,2
20260701,2026-07-02T00:03:09.732750+00:00,WMB,47,47,23.3,6.7,-3.65,-1.12,9.55,72.77,75.52,67.61,🟡,2
20260701,2026-07-02T00:03:09.732750+00:00,BRX,48,48,23.1,9.2,-2.1,1.59,11.56,31.23,31.9,29.71,🟡,1
20260701,2026-07-02T00:03:09.732750+00:00,HBM,49,49,22.5,9.94,-3.22,-11.78,5.92,22.59,23.34,18.69,🟡,1
20260701,2026-07-02T00:03:09.732750+00:00,ENB,50,50,22.1,4.37,-3.23,-2.95,6.18,53.29,55.07,50.84,🟢,4
20260701,2026-07-02T00:03:09.732750+00:00,OVV,51,51,21.8,6.47,-1.77,-8.7,10.31,51.98,52.91,47.54,🟡,1
20260701,2026-07-02T00:03:09.732750+00:00,HWM,52,52,21.6,8.52,-0.73,3.17,17.79,267.41,269.37,242.53,🟡,2
20260701,2026-07-02T00:03:09.732750+00:00,OKE,53,53,21.1,7.13,-2.61,-2.95,9.19,85.73,88.03,79.69,🟡,2
20260701,2026-07-02T00:03:09.732750+00:00,DRI,54,54,21.0,5.81,-2.92,0.23,4.08,201.95,208.03,186.15,🟡,1
20260701,2026-07-02T00:03:09.732750+00:00,ETR,55,55,20.9,9.22,-1.92,0.74,11.63,112.86,115.07,107.83,🟡,2
20260701,2026-07-02T00:03:09.732750+00:00,HAL,56,56,20.6,4.19,-2.87,-15.75,1.75,33.01,33.99,30.32,🟢,4
20260701,2026-07-02T00:03:09.732750+00:00,TPR,57,57,20.5,7.02,-1.23,1.69,9.91,143.99,145.79,130.2,🟡,1
20260701,2026-07-02T00:03:09.732750+00:00,WPC,58,58,20.5,9.18,-1.71,-2.71,4.23,70.81,72.04,67.0,🟡,0
20260701,2026-07-02T00:03:09.732750+00:00,XEL,59,59,20.0,8.97,-1.84,0.72,2.59,79.7,81.19,75.9,🟡,0
20260701,2026-07-02T00:03:09.732750+00:00,BTI,60,60,19.3,8.24,-2.42,-0.68,6.42,60.56,62.06,57.43,🟡,2
20260701,2026-07-02T00:03:09.732750+00:00,F,61,61,18.8,5.39,-2.29,-1.03,6.0,13.64,13.96,12.42,🟡,2
20260701,2026-07-02T00:03:09.732750+00:00,GGB,62,62,18.8,6.27,-1.86,-10.97,3.99,4.02,4.1,3.66,🟡,1
20260701,2026-07-02T00:03:09.732750+00:00,HON,63,63,18.4,9.04,-2.48,0.55,4.34,221.75,227.38,198.79,🟡,2
20260701,2026-07-02T00:03:09.732750+00:00,SLB,64,64,17.4,5.98,-2.98,-16.21,0.37,45.09,46.48,41.09,🟡,2
20260701,2026-07-02T00:03:09.732750+00:00,KMI,65,65,17.4,8.85,-2.2,-1.2,7.17,31.72,32.43,29.86,🟡,3
20260701,2026-07-02T00:03:09.732750+00:00,PCG,66,66,16.7,9.91,-2.46,0.23,1.06,16.57,16.99,15.72,🟡,2
20260701,2026-07-02T00:03:09.732750+00:00,EMR,67,67,16.6,9.11,-2.34,-0.78,1.36,139.52,142.86,128.72,🟡,2
20260701,2026-07-02T00:03:09.732750+00:00,FER,68,68,16.3,9.82,-1.9,-1.17,2.52,67.26,68.56,63.57,🟡,2
20260701,2026-07-02T00:03:09.732750+00:00,PBA,69,69,16.2,7.09,-1.74,-1.55,10.38,45.81,46.62,43.51,🟡,4
20260701,2026-07-02T00:03:09.732750+00:00,NGG,70,70,15.8,8.22,-2.99,-3.3,0.9,80.18,82.65,76.41,🟡,3
20260701,2026-07-02T00:03:09.732750+00:00,SRE,71,71,13.8,9.89,-1.9,0.04,1.3,91.37,93.14,87.32,🟡,3
20260701,2026-07-02T00:03:09.732750+00:00,NEE,72,72,13.2,9.07,-1.64,-3.33,1.09,86.37,87.81,82.66,🟡,3
20260701,2026-07-02T00:03:09.732750+00:00,TTE,73,73,11.9,7.74,-2.93,-14.69,0.92,74.8,77.06,69.87,🟡,5
20260701,2026-07-02T00:03:09.732750+00:00,PBR-A,74,74,10.9,9.66,-1.33,-15.4,1.39,14.49,14.69,13.57,🟡,4
20260702,2026-07-03T00:03:26.970084+00:00,WULF,1,1,89.4,0.2,-12.39,-12.69,26.2,21.18,24.17,15.62,🔵,1
20260702,2026-07-03T00:03:26.970084+00:00,TTMI,2,2,89.4,0.46,-13.44,-10.94,49.17,155.98,180.2,116.79,🔵,2
20260702,2026-07-03T00:03:26.970084+00:00,CORZ,3,3,85.2,0.08,-13.5,-14.27,11.41,21.43,24.77,16.74,🔵,1
20260702,2026-07-03T00:03:26.970084+00:00,CIFR,4,4,84.4,0.58,-15.19,-10.67,11.77,20.04,23.63,13.28,🔵,1
20260702,2026-07-03T00:03:26.970084+00:00,VSH,5,5,80.6,1.9,-12.88,-0.87,89.14,45.92,52.71,30.65,🔵,0
20260702,2026-07-03T00:03:26.970084+00:00,RIOT,6,6,79.3,1.71,-14.81,-9.22,20.49,22.11,25.95,16.58,🔵,1
20260702,2026-07-03T00:03:26.970084+00:00,HUT,7,7,71.9,2.59,-13.22,-8.55,52.63,97.14,111.93,69.71,🟢,2
20260702,2026-07-03T00:03:26.970084+00:00,APLD,8,8,70.8,0.1,-9.58,-20.04,2.42,33.06,36.56,23.87,🔵,2
20260702,2026-07-03T00:03:26.970084+00:00,VIAV,9,9,69.9,2.29,-10.03,-16.38,42.65,41.66,46.3,30.85,🔵,1
20260702,2026-07-03T00:03:26.970084+00:00,INGM,10,10,63.1,0.13,-5.17,-8.85,8.83,25.65,27.05,23.26,🔵,3
20260702,2026-07-03T00:03:26.970084+00:00,ATI,11,11,59.1,1.71,-3.29,8.21,41.98,188.1,194.5,170.49,🔵,2
20260702,2026-07-03T00:03:26.970084+00:00,QRVO,12,12,58.8,0.46,-4.64,-8.28,0.14,87.57,91.83,76.88,🔵,1
20260702,2026-07-03T00:03:26.970084+00:00,IRM,13,13,58.5,1.58,-6.69,-6.37,13.08,117.16,125.56,105.89,🔵,2
20260702,2026-07-03T00:03:26.970084+00:00,AAON,14,14,58.4,2.56,-10.82,-13.54,8.2,107.62,120.68,89.27,🟢,1
20260702,2026-07-03T00:03:26.970084+00:00,AAOI,15,15,55.7,7.2,-12.85,-28.29,47.08,120.95,138.78,75.46,🟡,0
20260702,2026-07-03T00:03:26.970084+00:00,VIST,16,16,54.6,0.62,-4.41,-14.9,6.5,60.36,63.14,53.58,🔵,4
20260702,2026-07-03T00:03:26.970084+00:00,AMKR,17,17,52.7,9.89,-12.26,-7.42,38.46,69.65,79.39,49.73,🟡,1
20260702,2026-07-03T00:03:26.970084+00:00,FLR,18,18,52.0,1.5,-4.74,0.52,6.59,49.45,51.91,44.09,🔵,2
20260702,2026-07-03T00:03:26.970084+00:00,TSEM,19,19,52.0,5.63,-11.0,-11.83,43.92,219.05,246.13,159.26,🟡,0
20260702,2026-07-03T00:03:26.970084+00:00,WDC,20,20,51.2,9.43,-10.6,1.78,85.6,539.0,602.88,365.3,🟡,0
20260702,2026-07-03T00:03:26.970084+00:00,GFS,21,21,51.0,5.56,-10.52,-7.74,42.48,69.84,78.05,56.44,🟡,0
20260702,2026-07-03T00:03:26.970084+00:00,MU,22,22,50.7,7.15,-10.33,14.49,119.61,975.56,1087.95,708.88,🟡,0
20260702,2026-07-03T00:03:26.970084+00:00,DLR,23,23,50.6,0.89,-5.07,-8.75,0.12,173.3,182.56,159.17,🔵,4
20260702,2026-07-03T00:03:26.970084+00:00,MTSI,24,24,50.5,6.26,-10.24,-8.73,38.85,322.26,359.01,261.6,🟡,0
20260702,2026-07-03T00:03:26.970084+00:00,LITE,25,25,50.4,6.26,-10.22,-18.9,34.15,728.32,811.18,541.97,🟡,0
20260702,2026-07-03T00:03:26.970084+00:00,COHR,26,26,49.7,5.55,-10.78,-9.66,40.78,333.36,373.65,239.06,🟡,1
20260702,2026-07-03T00:03:26.970084+00:00,STX,27,27,48.6,6.99,-10.24,-2.33,79.9,820.16,913.76,586.51,🟡,1
20260702,2026-07-03T00:03:26.970084+00:00,WSC,28,28,47.7,3.44,-5.12,3.76,23.78,26.66,28.1,23.93,🟢,1
20260702,2026-07-03T00:03:26.970084+00:00,CIEN,29,29,47.0,6.46,-9.49,-18.27,29.77,422.46,466.78,338.06,🟡,1
20260702,2026-07-03T00:03:26.970084+00:00,VSXY,30,30,44.2,8.47,-7.1,21.28,51.78,76.71,82.57,66.36,🟡,0
20260702,2026-07-03T00:03:26.970084+00:00,GTX,31,31,43.3,9.89,-7.57,4.41,55.76,31.75,34.35,28.18,🟡,1
20260702,2026-07-03T00:03:26.970084+00:00,QCOM,32,32,42.7,2.73,-4.32,-12.76,5.56,176.25,184.21,137.79,🟢,1
20260702,2026-07-03T00:03:26.970084+00:00,KGS,33,33,42.6,6.78,-7.23,-2.78,37.78,67.94,73.23,60.07,🟡,1
20260702,2026-07-03T00:03:26.970084+00:00,F,34,34,42.3,2.16,-3.26,-3.17,3.74,13.36,13.81,12.13,🔵,2
20260702,2026-07-03T00:03:26.970084+00:00,NOK,35,35,42.3,6.49,-6.14,-12.2,40.39,12.07,12.86,9.95,🟡,0
20260702,2026-07-03T00:03:26.970084+00:00,NOKBF,36,36,40.8,8.11,-5.41,-11.92,41.82,12.13,12.82,9.98,🟡,0
20260702,2026-07-03T00:03:26.970084+00:00,AVT,37,37,39.9,8.06,-4.95,-3.76,31.5,82.18,86.46,74.49,🟡,0
20260702,2026-07-03T00:03:26.970084+00:00,HPE,38,38,39.4,7.08,-5.61,4.93,52.39,41.23,43.68,34.56,🟡,1
20260702,2026-07-03T00:03:26.970084+00:00,MOD,39,39,37.6,9.99,-7.97,-14.47,17.1,230.97,250.96,185.26,🟡,1
20260702,2026-07-03T00:03:26.970084+00:00,RAL,40,40,37.3,9.09,-4.59,15.2,37.77,68.36,71.65,61.49,🟡,1
20260702,2026-07-03T00:03:26.970084+00:00,TS,41,41,37.0,3.06,-1.87,-10.49,13.0,54.13,55.16,50.28,🟢,2
20260702,2026-07-03T00:03:26.970084+00:00,CARR,42,42,36.6,3.97,-3.35,4.46,17.15,70.07,72.5,64.18,🟢,1
20260702,2026-07-03T00:03:26.970084+00:00,AROC,43,43,36.2,5.88,-7.4,-0.83,20.23,36.79,39.73,32.52,🟡,2
20260702,2026-07-03T00:03:26.970084+00:00,STLD,44,44,35.8,3.6,-4.2,-9.99,17.34,220.39,230.05,194.85,🟢,4
20260702,2026-07-03T00:03:26.970084+00:00,VIK,45,45,34.7,9.62,-2.35,12.79,36.21,100.69,103.11,91.36,🟡,0
20260702,2026-07-03T00:03:26.970084+00:00,ENPH,46,46,34.2,6.71,-8.39,-12.2,8.56,43.07,47.01,32.19,🟡,1
20260702,2026-07-03T00:03:26.970084+00:00,CSCO,47,47,33.4,9.18,-2.62,1.5,33.42,112.69,115.73,104.08,🟡,1
20260702,2026-07-03T00:03:26.970084+00:00,BWA,48,48,31.9,7.04,-3.25,-3.6,20.88,63.52,65.66,57.45,🟡,0
20260702,2026-07-03T00:03:26.970084+00:00,HST,49,49,31.1,6.19,-1.51,5.31,26.22,23.35,23.71,22.06,🟡,0
20260702,2026-07-03T00:03:26.970084+00:00,M,50,50,28.3,7.29,-3.65,8.22,15.76,23.25,24.13,20.67,🟡,1
20260702,2026-07-03T00:03:26.970084+00:00,TGT,51,51,27.8,9.48,-2.16,1.83,20.68,130.21,133.08,119.03,🟡,1
20260702,2026-07-03T00:03:26.970084+00:00,LUV,52,52,27.6,8.4,-1.72,17.53,25.81,50.25,51.13,45.38,🟡,2
20260702,2026-07-03T00:03:26.970084+00:00,SOBO,53,53,27.0,4.21,-2.08,-2.88,14.33,34.37,35.1,32.27,🟢,3
20260702,2026-07-03T00:03:26.970084+00:00,FLG,54,54,24.1,8.59,-2.43,2.51,12.23,14.59,14.95,13.62,🟡,1
20260702,2026-07-03T00:03:26.970084+00:00,GTES,55,55,23.5,5.44,-3.82,2.47,9.31,26.69,27.75,24.12,🟡,2
20260702,2026-07-03T00:03:26.970084+00:00,WSM,56,56,23.1,7.92,-2.61,12.89,16.94,227.53,233.63,207.84,🟡,3
20260702,2026-07-03T00:03:26.970084+00:00,TOL,57,57,22.5,9.68,-2.79,9.64,11.3,157.14,161.66,142.54,🟡,2
20260702,2026-07-03T00:03:26.970084+00:00,BRX,58,58,22.1,8.53,-1.65,1.46,11.37,31.2,31.72,29.75,🟡,1
20260702,2026-07-03T00:03:26.970084+00:00,YPF,59,59,21.8,6.16,-1.51,-7.4,15.07,44.4,45.08,39.91,🟡,2
20260702,2026-07-03T00:03:26.970084+00:00,HBM,60,60,20.8,9.94,-2.44,-11.7,5.71,22.59,23.15,18.74,🟡,1
20260702,2026-07-03T00:03:26.970084+00:00,GLNG,61,61,20.7,7.16,-1.17,-6.4,10.36,49.01,49.59,45.78,🟡,1
20260702,2026-07-03T00:03:26.970084+00:00,HAL,62,62,19.5,3.86,-2.03,-15.66,1.41,32.96,33.64,30.27,🟢,5
20260702,2026-07-03T00:03:26.970084+00:00,HASI,63,63,19.3,7.79,-1.63,-4.73,9.62,38.26,38.89,35.56,🟡,2
20260702,2026-07-03T00:03:26.970084+00:00,ERIC,64,64,16.1,9.62,-1.77,-10.77,2.57,10.79,10.98,9.99,🟡,2
20260702,2026-07-03T00:03:26.970084+00:00,FANG,65,65,15.5,4.98,-2.28,-11.48,2.86,172.04,176.05,159.56,🟢,3
20260702,2026-07-03T00:03:26.970084+00:00,EMR,66,66,15.4,7.57,-1.81,-1.05,1.0,139.05,141.61,128.51,🟡,2
20260706,2026-07-07T00:03:35.519055+00:00,TTMI,1,1,89.8,0.32,-13.03,-14.92,42.19,149.39,171.78,110.07,🔵,2
20260706,2026-07-07T00:03:35.519055+00:00,IRM,2,2,56.4,1.33,-4.87,-6.99,12.23,116.38,122.34,104.88,🔵,2
20260706,2026-07-07T00:03:35.519055+00:00,TGT,3,3,52.1,1.96,-3.17,-1.34,16.66,126.1,130.23,114.56,🔵,1
20260706,2026-07-07T00:03:35.519055+00:00,GFS,4,4,50.3,4.76,-9.18,-9.18,40.05,68.91,75.88,55.43,🟢,0
20260706,2026-07-07T00:03:35.519055+00:00,TSEM,5,5,47.5,5.6,-8.75,-11.96,43.13,218.95,239.94,159.59,🟡,0
20260706,2026-07-07T00:03:35.519055+00:00,KGS,6,6,46.6,4.45,-7.01,-5.3,33.85,66.23,71.23,58.3,🟢,1
20260706,2026-07-07T00:03:35.519055+00:00,TS,7,7,46.0,1.83,-1.68,-10.83,12.1,53.8,54.72,50.18,🔵,2
20260706,2026-07-07T00:03:35.519055+00:00,VSH,8,8,45.9,7.9,-8.88,-1.15,88.96,46.17,50.67,31.07,🟡,1
20260706,2026-07-07T00:03:35.519055+00:00,ORKA,9,9,43.1,9.29,-7.49,20.51,96.5,83.13,89.86,68.35,🟡,1
20260706,2026-07-07T00:03:35.519055+00:00,SANM,10,10,42.6,9.87,-7.58,-9.23,28.62,217.61,235.45,177.14,🟡,1
20260706,2026-07-07T00:03:35.519055+00:00,HST,11,11,40.7,3.68,-1.2,4.56,25.45,23.25,23.53,22.0,🟢,0
20260706,2026-07-07T00:03:35.519055+00:00,ESI,12,12,40.5,7.98,-6.27,-1.61,29.73,42.32,45.15,36.15,🟡,1
20260706,2026-07-07T00:03:35.519055+00:00,NOKBF,13,13,40.4,8.32,-5.22,-11.71,42.17,12.16,12.83,10.01,🟡,0
20260706,2026-07-07T00:03:35.519055+00:00,JBL,14,14,39.7,9.67,-6.77,-5.84,26.01,338.22,362.78,283.85,🟡,1
20260706,2026-07-07T00:03:35.519055+00:00,WSM,15,15,36.1,3.33,-2.92,10.76,14.95,223.83,230.56,204.12,🟢,3
20260706,2026-07-07T00:03:35.519055+00:00,VIK,16,16,33.9,8.81,-1.97,12.12,35.67,100.55,102.57,91.35,🟡,0
20260706,2026-07-07T00:03:35.519055+00:00,KNX,17,17,33.6,6.12,-2.74,4.19,31.6,74.81,76.92,68.22,🟡,1
20260706,2026-07-07T00:03:35.519055+00:00,AROC,18,18,31.8,5.09,-5.48,-1.57,19.12,36.53,38.65,32.2,🟡,2
20260706,2026-07-07T00:03:35.519055+00:00,CAVA,19,19,25.6,5.21,-7.55,-12.46,2.2,71.91,77.78,61.11,🟡,3
20260706,2026-07-07T00:03:35.519055+00:00,FTAI,20,20,25.1,6.85,-6.06,-3.83,7.29,241.54,257.12,198.04,🟡,3
20260706,2026-07-07T00:03:35.519055+00:00,CARR,21,21,24.5,5.88,-2.37,4.2,17.11,70.1,71.8,64.24,🟡,2
20260706,2026-07-07T00:03:35.519055+00:00,TOL,22,22,22.1,5.06,-2.96,8.13,9.82,155.13,159.85,140.44,🟡,2
20260706,2026-07-07T00:03:35.519055+00:00,ABEV,23,23,20.1,5.73,-1.6,-2.09,11.38,3.07,3.12,2.89,🟡,2
20260706,2026-07-07T00:03:35.519055+00:00,SKM,24,24,19.6,7.58,-0.94,-14.96,13.04,31.67,31.97,28.04,🟡,2
20260706,2026-07-07T00:03:35.519055+00:00,AM,25,25,18.9,7.72,-1.88,1.68,11.48,22.08,22.5,20.8,🟡,3
20260706,2026-07-07T00:03:35.519055+00:00,NOV,26,26,18.4,5.65,-2.13,-10.85,2.0,17.79,18.18,16.12,🟡,1
20260706,2026-07-07T00:03:35.519055+00:00,BKH,27,27,17.8,6.58,-2.29,-1.66,3.91,72.16,73.85,68.32,🟡,2
20260706,2026-07-07T00:03:35.519055+00:00,AES,28,28,17.0,8.27,-0.31,0.13,2.69,14.57,14.62,14.4,🟡,0
20260706,2026-07-07T00:03:35.519055+00:00,WBD,29,29,14.0,9.96,-1.95,-2.95,1.38,26.12,26.64,24.94,🟡,3
20260707,2026-07-08T00:03:17.741869+00:00,TTMI,1,1,88.0,0.21,-11.73,-18.05,36.52,144.08,163.23,105.24,🔵,2
20260707,2026-07-08T00:03:17.741869+00:00,VSH,2,2,70.4,2.68,-11.84,-10.25,71.71,42.19,47.85,27.02,🟢,1
20260707,2026-07-08T00:03:17.741869+00:00,GFS,3,3,67.8,2.44,-9.62,-13.32,33.36,65.84,72.85,52.18,🔵,1
20260707,2026-07-08T00:03:17.741869+00:00,ESI,4,4,66.1,2.39,-11.54,-10.35,18.01,38.57,43.6,32.04,🔵,1
20260707,2026-07-08T00:03:17.741869+00:00,TSEM,5,5,60.9,3.23,-8.34,-14.85,37.89,211.93,231.21,154.21,🟢,0
20260707,2026-07-08T00:03:17.741869+00:00,SNDK,6,6,58.1,6.92,-14.07,-1.33,124.92,1617.7,1882.62,1018.17,🟡,0
20260707,2026-07-08T00:03:17.741869+00:00,KLAC,7,7,57.3,7.77,-13.64,2.85,41.51,216.47,250.65,158.94,🟡,0
20260707,2026-07-08T00:03:17.741869+00:00,ONTO,8,8,55.5,6.4,-13.66,-4.59,34.83,279.93,324.24,204.41,🟡,1
20260707,2026-07-08T00:03:17.741869+00:00,DAL,9,9,55.1,2.29,-3.62,12.39,30.1,88.63,91.96,81.4,🔵,2
20260707,2026-07-08T00:03:17.741869+00:00,IRM,10,10,54.8,1.06,-3.14,-7.5,11.52,115.75,119.5,104.32,🔵,2
20260707,2026-07-08T00:03:17.741869+00:00,GLW,11,11,54.0,5.97,-11.98,-2.06,44.81,185.38,210.61,129.1,🟡,0
20260707,2026-07-08T00:03:17.741869+00:00,LRCX,12,12,53.9,6.17,-11.97,0.67,45.16,326.13,370.47,246.83,🟡,0
20260707,2026-07-08T00:03:17.741869+00:00,NBIS,13,13,53.4,5.27,-13.57,-10.05,45.6,195.19,225.84,123.91,🟡,2
20260707,2026-07-08T00:03:17.741869+00:00,AMAT,14,14,52.5,6.55,-11.26,11.62,61.78,554.5,624.85,417.93,🟡,0
20260707,2026-07-08T00:03:17.741869+00:00,FORM,15,15,51.8,6.06,-19.09,-21.01,21.05,106.05,131.07,69.3,🟡,2
20260707,2026-07-08T00:03:17.741869+00:00,AMKR,16,16,51.4,5.84,-11.97,-12.98,28.7,65.33,74.22,45.86,🟡,1
20260707,2026-07-08T00:03:17.741869+00:00,UAL,17,17,50.0,2.77,-3.56,18.13,23.83,128.31,133.05,115.73,🟢,1
20260707,2026-07-08T00:03:17.741869+00:00,INTC,18,18,50.0,9.28,-10.92,-4.33,80.24,110.39,123.92,82.28,🟡,1
20260707,2026-07-08T00:03:17.741869+00:00,MTSI,19,19,49.2,9.18,-9.59,-14.02,30.3,304.82,337.14,240.99,🟡,0
20260707,2026-07-08T00:03:17.741869+00:00,CARR,20,20,48.5,2.03,-3.08,1.86,14.63,68.67,70.85,62.85,🔵,2
20260707,2026-07-08T00:03:17.741869+00:00,ABEV,21,21,48.3,1.59,-2.72,-4.36,8.71,3.0,3.08,2.81,🔵,2
20260707,2026-07-08T00:03:17.741869+00:00,COHR,22,22,48.2,5.3,-10.06,-14.7,31.43,314.13,349.26,223.94,🟡,1
20260707,2026-07-08T00:03:17.741869+00:00,SANM,23,23,47.9,4.47,-9.96,-14.37,21.29,205.75,228.52,164.69,🟢,1
20260707,2026-07-08T00:03:17.741869+00:00,SKM,24,24,47.5,1.66,-2.09,-16.32,10.65,31.05,31.71,27.43,🔵,2
20260707,2026-07-08T00:03:17.741869+00:00,JBL,25,25,47.4,4.14,-8.86,-10.52,19.39,321.08,352.28,264.3,🟢,1
20260707,2026-07-08T00:03:17.741869+00:00,FTAI,26,26,46.9,2.6,-8.94,-9.34,0.96,227.55,249.9,184.56,🟢,3
20260707,2026-07-08T00:03:17.741869+00:00,TOL,27,27,46.7,1.9,-3.54,5.66,7.31,151.64,157.21,137.08,🔵,2
20260707,2026-07-08T00:03:17.741869+00:00,ENTG,28,28,46.7,4.98,-12.51,-8.46,16.81,135.08,154.39,96.34,🟢,1
20260707,2026-07-08T00:03:17.741869+00:00,LITE,29,29,45.7,5.2,-8.46,-21.67,27.44,698.91,763.54,524.2,🟡,0
20260707,2026-07-08T00:03:17.741869+00:00,MU,30,30,45.5,8.36,-7.73,7.73,107.52,938.38,1016.95,677.38,🟡,0
20260707,2026-07-08T00:03:17.741869+00:00,LSCC,31,31,44.4,9.32,-7.2,-4.29,35.83,130.6,140.74,105.4,🟡,0
20260707,2026-07-08T00:03:17.741869+00:00,TWST,32,32,44.3,7.09,-8.11,28.22,93.56,91.03,99.07,73.15,🟡,1
20260707,2026-07-08T00:03:17.741869+00:00,SW,33,33,44.0,2.27,-1.71,8.29,11.25,45.0,45.78,40.82,🔵,1
20260707,2026-07-08T00:03:17.741869+00:00,RKLB,34,34,43.5,5.58,-12.87,-22.02,9.34,83.41,95.74,61.28,🟡,1
20260707,2026-07-08T00:03:17.741869+00:00,WSM,35,35,39.9,2.34,-2.0,9.77,14.18,222.49,227.02,203.16,🔵,4
20260707,2026-07-08T00:03:17.741869+00:00,KNX,36,36,37.8,4.39,-2.37,3.28,30.4,74.34,76.15,68.01,🟢,1
20260707,2026-07-08T00:03:17.741869+00:00,AAL,37,37,36.7,4.46,-3.47,20.27,28.39,17.2,17.82,15.39,🟢,2
20260707,2026-07-08T00:03:17.741869+00:00,AVT,38,38,36.7,9.84,-3.51,-5.01,29.34,81.48,84.44,73.9,🟡,0
20260707,2026-07-08T00:03:17.741869+00:00,PL,39,39,34.5,8.68,-7.93,-22.04,14.69,28.66,31.13,21.96,🟡,2
20260707,2026-07-08T00:03:17.741869+00:00,VIK,40,40,33.1,5.32,-1.55,11.04,34.59,100.01,101.58,91.11,🟡,0
20260707,2026-07-08T00:03:17.741869+00:00,BROS,41,41,31.4,6.33,-5.76,11.09,17.29,66.28,70.33,57.67,🟡,2
20260707,2026-07-08T00:03:17.741869+00:00,MGM,42,42,28.3,7.44,-1.17,8.0,25.61,46.64,47.19,43.27,🟡,1
20260707,2026-07-08T00:03:17.741869+00:00,KDP,43,43,28.1,9.19,-3.19,4.47,13.45,31.49,32.53,28.91,🟡,0
20260707,2026-07-08T00:03:17.741869+00:00,JHX,44,44,26.4,5.38,-2.43,10.36,16.74,25.05,25.67,22.66,🟡,1
20260707,2026-07-08T00:03:17.741869+00:00,CGON,45,45,26.3,9.98,-1.36,7.07,28.43,69.2,70.15,59.38,🟡,3
20260707,2026-07-08T00:03:17.741869+00:00,FCX,46,46,18.5,9.54,-2.65,-6.44,7.64,59.33,60.94,53.04,🟡,3
20260707,2026-07-08T00:03:17.741869+00:00,SOLV,47,47,17.7,9.31,-1.7,1.46,2.26,76.28,77.6,70.53,🟡,1
20260707,2026-07-08T00:03:17.741869+00:00,WBD,48,48,12.4,9.96,-1.2,-2.9,1.22,26.12,26.44,24.97,🟡,3
20260708,2026-07-09T00:03:16.786279+00:00,VIK,1,1,63.9,1.33,-2.27,8.39,31.53,97.97,100.24,88.89,🔵,0
20260708,2026-07-09T00:03:16.786279+00:00,DAL,2,2,60.0,1.35,-3.74,10.16,27.87,87.29,90.68,79.96,🔵,3
20260708,2026-07-09T00:03:16.786279+00:00,AAL,3,3,59.8,1.55,-5.64,14.8,23.13,16.52,17.51,14.65,🔵,3
20260708,2026-07-09T00:03:16.786279+00:00,VSH,4,4,59.5,2.68,-7.35,-10.78,70.79,42.19,45.54,27.56,🟢,2
20260708,2026-07-09T00:03:16.786279+00:00,CARR,5,5,57.2,0.73,-4.01,-1.18,11.35,66.74,69.53,60.66,🔵,3
20260708,2026-07-09T00:03:16.786279+00:00,UAL,6,6,57.1,1.56,-3.72,15.5,21.69,126.22,131.1,113.29,🔵,2
20260708,2026-07-09T00:03:16.786279+00:00,TOL,7,7,56.2,0.6,-5.09,1.45,2.99,145.57,153.37,130.82,🔵,3
20260708,2026-07-09T00:03:16.786279+00:00,JHX,8,8,53.4,1.79,-4.07,6.66,12.93,24.26,25.29,21.77,🔵,1
20260708,2026-07-09T00:03:16.786279+00:00,IRM,9,9,52.8,0.9,-1.59,-7.74,11.14,115.46,117.33,104.26,🔵,2
20260708,2026-07-09T00:03:16.786279+00:00,WSM,10,10,52.0,0.82,-2.56,7.42,11.98,218.32,224.06,199.03,🔵,4
20260708,2026-07-09T00:03:16.786279+00:00,TWST,11,11,42.6,5.4,-7.25,24.89,88.82,89.38,96.37,71.84,🟡,1
20260708,2026-07-09T00:03:16.786279+00:00,GLW,12,12,42.5,5.33,-6.26,-2.86,43.17,184.03,196.33,128.36,🟡,0
20260708,2026-07-09T00:03:16.786279+00:00,ALHC,13,13,41.7,5.06,-14.0,4.87,4.89,20.03,23.29,16.79,🟡,2
20260708,2026-07-09T00:03:16.786279+00:00,INTC,14,14,41.3,9.12,-6.61,-4.92,78.83,110.24,118.04,83.31,🟡,1
20260708,2026-07-09T00:03:16.786279+00:00,BROS,15,15,38.9,3.93,-5.84,8.55,14.83,64.93,68.95,56.02,🟢,2
20260708,2026-07-09T00:03:16.786279+00:00,MAS,16,16,36.9,4.17,-5.44,4.83,12.42,75.75,80.11,69.15,🟢,1
20260708,2026-07-09T00:03:16.786279+00:00,RKLB,17,17,36.6,5.54,-9.48,-22.13,9.01,83.35,92.08,61.34,🟡,1
20260708,2026-07-09T00:03:16.786279+00:00,BRKR,18,18,35.0,6.47,-4.36,12.64,31.7,57.21,59.82,50.69,🟡,2
20260708,2026-07-09T00:03:16.786279+00:00,REYN,19,19,32.5,4.38,-3.17,12.25,12.4,25.69,26.53,23.84,🟢,0
20260708,2026-07-09T00:03:16.786279+00:00,PL,20,20,31.9,5.38,-7.66,-24.2,10.66,27.75,30.05,21.41,🟡,2
20260708,2026-07-09T00:03:16.786279+00:00,GSAT,21,21,31.0,4.61,-0.57,-2.12,23.5,79.85,80.3,77.38,🟢,0
20260708,2026-07-09T00:03:16.786279+00:00,FCX,22,22,30.5,3.61,-3.95,-9.22,4.2,57.5,59.87,50.94,🟢,3
20260708,2026-07-09T00:03:16.786279+00:00,PRMB,23,23,30.2,8.6,-4.12,1.68,17.7,23.66,24.68,21.55,🟡,1
20260708,2026-07-09T00:03:16.786279+00:00,RIO,24,24,29.9,4.06,-3.77,-12.64,3.36,88.8,92.28,82.99,🟢,1
20260708,2026-07-09T00:03:16.786279+00:00,RRX,25,25,29.9,6.87,-4.01,-1.6,17.4,208.44,217.16,176.71,🟡,1
20260708,2026-07-09T00:03:16.786279+00:00,SWK,26,26,29.5,5.64,-4.56,6.06,14.6,86.15,90.26,77.11,🟡,1
20260708,2026-07-09T00:03:16.786279+00:00,MNST,27,27,29.5,6.25,-1.78,7.77,21.9,95.15,96.88,89.89,🟡,0
20260708,2026-07-09T00:03:16.786279+00:00,KDP,28,28,28.7,4.94,-3.75,2.61,11.48,30.97,32.18,28.35,🟢,0
20260708,2026-07-09T00:03:16.786279+00:00,BIIB,29,29,28.5,9.34,-3.71,1.8,12.22,200.36,208.08,182.01,🟡,0
20260708,2026-07-09T00:03:16.786279+00:00,HST,30,30,28.2,7.45,-1.95,1.83,22.35,22.76,23.21,21.43,🟡,1
20260708,2026-07-09T00:03:16.786279+00:00,TEX,31,31,28.1,8.85,-4.73,1.47,10.96,64.27,67.46,55.64,🟡,1
20260708,2026-07-09T00:03:16.786279+00:00,AUB,32,32,27.8,4.94,-3.1,5.4,12.21,40.68,41.98,38.3,🟢,0
20260708,2026-07-09T00:03:16.786279+00:00,PPG,33,33,27.8,5.24,-5.78,1.22,6.3,114.28,121.3,105.23,🟡,1
20260708,2026-07-09T00:03:16.786279+00:00,MGM,34,34,27.3,6.63,-0.74,7.56,25.32,46.6,46.95,43.41,🟡,1
20260708,2026-07-09T00:03:16.786279+00:00,LUV,35,35,26.8,8.73,-2.53,12.09,21.01,48.66,49.92,43.98,🟡,2
20260708,2026-07-09T00:03:16.786279+00:00,GE,36,36,26.6,5.2,-3.94,9.98,14.94,356.03,370.64,331.3,🟡,2
20260708,2026-07-09T00:03:16.786279+00:00,UNM,37,37,26.6,9.78,-2.55,2.63,12.99,87.74,90.04,82.02,🟡,0
20260708,2026-07-09T00:03:16.786279+00:00,AXTA,38,38,26.4,5.51,-4.87,4.97,7.12,32.56,34.23,30.0,🟡,1
20260708,2026-07-09T00:03:16.786279+00:00,BHP,39,39,26.0,6.98,-3.98,-7.57,13.5,78.3,81.54,72.18,🟡,2
20260708,2026-07-09T00:03:16.786279+00:00,DKS,40,40,25.7,7.23,-5.05,-3.51,1.27,215.21,226.66,192.37,🟡,0
20260708,2026-07-09T00:03:16.786279+00:00,MTB,41,41,25.2,9.1,-1.84,6.05,13.14,234.63,239.03,223.4,🟡,0
20260708,2026-07-09T00:03:16.786279+00:00,SON,42,42,25.0,8.32,-3.03,7.79,15.39,54.63,56.34,50.54,🟡,2
20260708,2026-07-09T00:03:16.786279+00:00,RVTY,43,43,24.6,7.1,-2.53,9.56,12.83,109.35,112.19,98.89,🟡,1
20260708,2026-07-09T00:03:16.786279+00:00,ASB,44,44,24.1,6.09,-2.57,3.86,11.75,29.82,30.61,28.15,🟡,1
20260708,2026-07-09T00:03:16.786279+00:00,FNB,45,45,23.2,8.19,-3.01,2.25,8.02,18.41,18.98,17.42,🟡,1
20260708,2026-07-09T00:03:16.786279+00:00,SOLV,46,46,21.9,4.61,-2.62,-0.18,0.78,75.18,77.2,69.52,🟢,1
20260708,2026-07-09T00:03:16.786279+00:00,ALSN,47,47,21.8,8.7,-3.05,-5.95,5.18,111.75,115.27,99.94,🟡,1
20260708,2026-07-09T00:03:16.786279+00:00,WAT,48,48,18.1,6.12,-2.06,4.57,5.46,368.13,375.87,341.36,🟡,2
20260708,2026-07-09T00:03:16.786279+00:00,BALL,49,49,17.6,7.9,-3.08,4.05,7.84,60.29,62.21,56.08,🟡,4
20260710,2026-07-11T00:02:54.853409+00:00,ARWR,1,1,53.3,3.7,-8.97,-1.46,23.63,76.4,83.93,66.02,🟢,1
20260710,2026-07-11T00:02:54.853409+00:00,PL,2,2,52.9,1.59,-7.31,-28.17,3.25,26.05,28.1,19.84,🔵,3
20260710,2026-07-11T00:02:54.853409+00:00,RKLB,3,3,41.0,2.7,-4.31,-24.33,5.53,81.04,84.69,60.55,🟢,2
20260710,2026-07-11T00:02:54.853409+00:00,IBRX,4,4,39.4,8.09,-5.65,5.53,48.22,8.22,8.71,6.55,🟡,1
20260710,2026-07-11T00:02:54.853409+00:00,ALKS,5,5,37.9,5.74,-3.95,20.66,53.28,51.94,54.07,46.09,🟡,0
20260710,2026-07-11T00:02:54.853409+00:00,VRTX,6,6,25.7,5.58,-4.15,6.83,8.62,485.39,506.43,443.45,🟡,1
20260710,2026-07-11T00:02:54.853409+00:00,ABBV,7,7,24.3,7.71,-1.57,10.79,12.43,248.08,252.03,229.06,🟡,0
20260710,2026-07-11T00:02:54.853409+00:00,DE,8,8,23.4,6.89,-2.69,1.23,9.86,586.86,603.07,536.03,🟡,1
20260710,2026-07-11T00:02:54.853409+00:00,IFF,9,9,22.5,6.17,-2.99,2.19,10.56,77.53,79.92,71.56,🟡,2
20260710,2026-07-11T00:02:54.853409+00:00,AXTA,10,10,21.8,5.1,-2.59,4.34,6.87,32.51,33.38,30.2,🟡,1
20260710,2026-07-11T00:02:54.853409+00:00,CPT,11,11,20.9,8.9,-1.73,3.83,8.7,112.96,114.95,107.63,🟡,1
20260710,2026-07-11T00:02:54.853409+00:00,CTRE,12,12,19.8,8.27,-2.19,2.0,8.35,40.22,41.12,37.61,🟡,2
20260710,2026-07-11T00:02:54.853409+00:00,BTI,13,13,17.3,6.17,-1.78,-2.37,5.01,60.02,61.11,57.13,🟡,2
20260710,2026-07-11T00:02:54.853409+00:00,DD,14,14,15.6,7.27,-1.99,-5.29,4.4,134.68,137.42,123.92,🟡,3
20260713,2026-07-14T00:05:28.512783+00:00,ARWR,1,1,59.3,2.46,-9.0,-4.5,19.52,74.11,81.44,63.47,🔵,2
20260713,2026-07-14T00:05:28.512783+00:00,IBRX,2,2,54.1,3.8,-8.22,-0.21,39.81,7.79,8.49,6.1,🟢,1
20260713,2026-07-14T00:05:28.512783+00:00,IRDM,3,3,49.5,3.11,-3.14,4.86,72.98,48.59,50.17,41.15,🟢,1
20260713,2026-07-14T00:05:28.512783+00:00,PL,4,4,47.5,1.46,-4.29,-28.09,2.61,25.96,27.12,19.93,🔵,3
20260713,2026-07-14T00:05:28.512783+00:00,IFF,5,5,47.5,1.95,-4.19,-1.19,6.98,75.1,78.39,68.83,🔵,2
20260713,2026-07-14T00:05:28.512783+00:00,CORT,6,6,46.8,4.46,-6.22,19.66,40.85,85.9,91.6,76.14,🟢,0
20260713,2026-07-14T00:05:28.512783+00:00,LQDA,7,7,46.1,6.95,-9.01,11.71,74.77,71.21,78.26,60.42,🟡,1
20260713,2026-07-14T00:05:28.512783+00:00,DOCN,8,8,44.7,7.06,-8.27,-19.86,51.28,123.32,134.43,93.1,🟡,1
20260713,2026-07-14T00:05:28.512783+00:00,AXTA,9,9,43.6,2.07,-2.19,2.67,5.38,32.07,32.79,29.67,🔵,1
20260713,2026-07-14T00:05:28.512783+00:00,BE,10,10,42.7,6.97,-7.27,-17.04,37.17,233.49,251.8,142.18,🟡,1
20260713,2026-07-14T00:05:28.512783+00:00,MIRM,11,11,39.8,8.08,-4.88,11.99,32.88,119.04,125.15,102.59,🟡,0
20260713,2026-07-14T00:05:28.512783+00:00,INTC,12,12,39.3,6.92,-5.59,-11.99,64.11,103.12,109.23,78.03,🟡,1
20260713,2026-07-14T00:05:28.512783+00:00,TTMI,13,13,35.9,9.33,-5.6,-22.54,27.01,136.34,144.42,100.02,🟡,2
20260713,2026-07-14T00:05:28.512783+00:00,ALKS,14,14,35.8,5.43,-2.9,19.49,52.54,51.87,53.42,46.05,🟡,0
20260713,2026-07-14T00:05:28.512783+00:00,RVMD,15,15,34.8,8.04,-2.38,14.55,74.0,183.95,188.44,165.23,🟡,0
20260713,2026-07-14T00:05:28.512783+00:00,DD,16,16,34.7,2.57,-2.27,-6.71,2.69,132.66,135.74,121.75,🟢,3
20260713,2026-07-14T00:05:28.512783+00:00,BTI,17,17,34.5,3.09,-1.92,-2.88,4.49,58.95,60.1,56.15,🟢,1
20260713,2026-07-14T00:05:28.512783+00:00,TEVA,18,18,34.0,3.67,-3.14,-5.9,7.82,32.18,33.22,29.4,🟢,1
20260713,2026-07-14T00:05:28.512783+00:00,VRTX,19,19,33.9,3.69,-3.29,5.43,7.35,480.25,496.56,439.36,🟢,1
20260713,2026-07-14T00:05:28.512783+00:00,BEN,20,20,33.0,6.82,-2.22,3.24,27.06,32.83,33.57,30.39,🟡,0
20260713,2026-07-14T00:05:28.512783+00:00,YOU,21,21,32.7,8.59,-3.77,-4.59,23.99,53.08,55.16,46.18,🟡,1
20260713,2026-07-14T00:05:28.512783+00:00,PTCT,22,22,31.9,8.85,-6.19,8.18,12.73,81.33,86.7,72.03,🟡,1
20260713,2026-07-14T00:05:28.512783+00:00,TSM,23,23,30.7,7.35,-2.51,-0.56,21.29,421.58,432.44,367.83,🟡,0
20260713,2026-07-14T00:05:28.512783+00:00,CYTK,24,24,29.2,8.94,-2.93,7.3,24.17,82.24,84.72,74.42,🟡,2
20260713,2026-07-14T00:05:28.512783+00:00,COGT,25,25,27.7,8.18,-4.84,6.67,13.46,37.46,39.36,33.03,🟡,2
20260713,2026-07-14T00:05:28.512783+00:00,UAL,26,26,27.4,9.35,-3.95,8.77,16.46,121.16,126.15,107.62,🟡,2
20260713,2026-07-14T00:05:28.512783+00:00,GOOGL,27,27,25.5,4.36,-1.95,-5.41,10.48,352.51,359.51,327.37,🟢,2
20260713,2026-07-14T00:05:28.512783+00:00,RIOT,28,28,25.4,9.6,-3.79,-18.55,9.34,20.19,20.99,14.62,🟡,1
20260713,2026-07-14T00:05:28.512783+00:00,ABBV,29,29,23.3,7.44,-1.07,10.32,12.31,248.0,250.68,230.89,🟡,0
20260713,2026-07-14T00:05:28.512783+00:00,PWR,30,30,22.4,9.45,-1.91,-9.63,18.4,646.7,659.31,575.16,🟡,3
20260713,2026-07-14T00:05:28.512783+00:00,HLT,31,31,21.7,8.38,-3.45,-2.6,7.06,322.45,333.97,302.24,🟡,2
20260713,2026-07-14T00:05:28.512783+00:00,TPR,32,32,21.1,8.35,-3.21,-3.52,3.07,136.13,140.65,123.71,🟡,1
20260713,2026-07-14T00:05:28.512783+00:00,DE,33,33,20.4,5.92,-1.27,0.93,9.51,585.64,593.15,536.62,🟡,1
20260713,2026-07-14T00:05:28.512783+00:00,AMGN,34,34,19.4,6.81,-1.17,4.93,7.81,360.45,364.71,340.21,🟡,1
20260713,2026-07-14T00:05:28.512783+00:00,DRS,35,35,18.9,6.46,-2.52,-2.37,5.3,43.35,44.47,39.42,🟡,2
20260713,2026-07-14T00:05:28.512783+00:00,GOOG,36,36,17.9,5.23,-1.73,-5.19,10.13,350.67,356.85,326.87,🟡,3
20260713,2026-07-14T00:05:28.512783+00:00,RHHBY,37,37,16.8,8.51,-2.26,-1.5,2.0,50.5,51.67,47.34,🟡,2
20260713,2026-07-14T00:05:28.512783+00:00,SQM,38,38,14.6,8.63,-2.0,-11.09,2.41,71.94,73.41,65.31,🟡,3
20260714,2026-07-15T00:05:19.059832+00:00,ARWR,1,1,63.7,1.5,-8.32,-7.3,15.61,71.91,78.43,61.15,🔵,2
20260714,2026-07-15T00:05:19.059832+00:00,PL,2,2,50.1,0.85,-3.56,-28.75,0.75,25.56,26.5,19.62,🔵,3
20260714,2026-07-15T00:05:19.059832+00:00,ABBV,3,3,47.7,1.98,-1.58,8.56,10.78,244.78,248.7,227.78,🔵,0
20260714,2026-07-15T00:05:19.059832+00:00,IFF,4,4,45.9,1.57,-2.97,-1.88,6.27,74.67,76.95,68.44,🔵,3
20260714,2026-07-15T00:05:19.059832+00:00,BTI,5,5,45.8,1.45,-2.27,-4.12,3.08,58.2,59.55,55.57,🔵,2
20260714,2026-07-15T00:05:19.059832+00:00,ALKS,6,6,43.4,3.85,-2.08,17.9,51.21,51.6,52.7,46.02,🟢,0
20260714,2026-07-15T00:05:19.059832+00:00,AMGN,7,7,42.9,2.13,-1.9,3.35,6.13,355.25,362.14,334.82,🔵,1
20260714,2026-07-15T00:05:19.059832+00:00,NBIS,8,8,42.6,9.28,-8.18,-13.35,41.94,194.09,211.39,130.19,🟡,2
20260714,2026-07-15T00:05:19.059832+00:00,TEVA,9,9,41.6,2.25,-2.57,-6.78,6.39,31.82,32.66,29.15,🔵,2
20260714,2026-07-15T00:05:19.059832+00:00,WULF,10,10,40.5,8.5,-10.39,-20.37,13.22,19.41,21.66,13.11,🟡,1
20260714,2026-07-15T00:05:19.059832+00:00,VRTX,11,11,39.5,2.43,-2.27,4.34,6.35,476.31,487.38,435.09,🔵,2
20260714,2026-07-15T00:05:19.059832+00:00,LLY,12,12,39.5,3.47,-3.24,5.03,15.46,1152.54,1191.15,1048.79,🟢,1
20260714,2026-07-15T00:05:19.059832+00:00,VIRT,13,13,38.9,6.65,-7.25,6.38,40.6,59.57,64.23,51.88,🟡,3
20260714,2026-07-15T00:05:19.059832+00:00,PTCT,14,14,37.0,4.42,-7.59,3.47,8.05,78.06,84.47,68.64,🟢,1
20260714,2026-07-15T00:05:19.059832+00:00,NVS,15,15,36.4,2.5,-2.05,-0.17,5.71,150.36,153.51,143.03,🔵,3
20260714,2026-07-15T00:05:19.059832+00:00,GFS,16,16,36.4,9.36,-5.1,-17.1,26.24,63.39,66.8,51.15,🟡,1
20260714,2026-07-15T00:05:19.059832+00:00,BAYRY,17,17,35.3,4.38,-2.2,20.24,29.36,13.94,14.25,12.51,🟢,2
20260714,2026-07-15T00:05:19.059832+00:00,RPRX,18,18,30.0,6.85,-2.29,2.64,24.61,55.67,56.98,52.28,🟡,1
20260714,2026-07-15T00:05:19.059832+00:00,TSM,19,19,29.8,6.44,-2.24,-0.96,20.7,420.39,430.0,370.46,🟡,0
20260714,2026-07-15T00:05:19.059832+00:00,C,20,20,27.9,7.59,-3.67,-0.18,14.95,133.27,138.35,123.33,🟡,1
20260714,2026-07-15T00:05:19.059832+00:00,CYTK,21,21,27.9,7.65,-2.46,6.4,23.39,81.93,84.0,74.0,🟡,2
20260714,2026-07-15T00:05:19.059832+00:00,EBAY,22,22,27.6,8.94,-2.55,1.57,18.81,112.54,115.48,105.05,🟡,1
20260714,2026-07-15T00:05:19.059832+00:00,AAL,23,23,27.5,6.12,-5.04,6.0,16.06,15.67,16.5,13.75,🟡,3
20260714,2026-07-15T00:05:19.059832+00:00,MRK,24,24,26.2,8.0,-2.5,2.17,12.42,120.78,123.88,111.95,🟡,0
20260714,2026-07-15T00:05:19.059832+00:00,UAL,25,25,25.8,7.72,-3.38,7.46,15.58,120.35,124.56,107.2,🟡,2
20260714,2026-07-15T00:05:19.059832+00:00,RIOT,26,26,23.5,9.6,-2.88,-18.74,9.27,20.19,20.79,14.76,🟡,1
20260714,2026-07-15T00:05:19.059832+00:00,LUV,27,27,23.2,8.02,-1.65,7.45,17.35,47.56,48.36,43.56,🟡,2
20260714,2026-07-15T00:05:19.059832+00:00,MO,28,28,22.7,6.61,-2.07,-1.14,10.82,70.16,71.64,66.0,🟡,1
20260714,2026-07-15T00:05:19.059832+00:00,QCOM,29,29,22.6,9.46,-4.13,-13.96,6.22,178.1,185.78,148.96,🟡,2
20260714,2026-07-15T00:05:19.059832+00:00,DE,30,30,22.5,4.61,-0.83,0.73,9.15,584.4,589.31,534.77,🟢,1
20260714,2026-07-15T00:05:19.059832+00:00,PM,31,31,22.5,4.73,-2.9,-1.86,6.53,175.95,181.2,163.9,🟢,2
20260714,2026-07-15T00:05:19.059832+00:00,SJM,32,32,20.0,9.0,-1.82,2.17,6.44,108.81,110.83,101.75,🟡,1
20260714,2026-07-15T00:05:19.059832+00:00,YUM,33,33,19.8,7.39,-2.48,2.54,3.4,158.18,162.21,147.47,🟡,1
20260714,2026-07-15T00:05:19.059832+00:00,NWG,34,34,19.5,8.16,-1.83,5.2,9.07,17.23,17.55,16.3,🟡,2
20260714,2026-07-15T00:05:19.059832+00:00,TPR,35,35,18.8,6.63,-2.24,-3.94,2.4,135.36,138.46,123.23,🟡,1
20260714,2026-07-15T00:05:19.059832+00:00,GD,36,36,17.0,7.15,-1.0,5.65,7.49,369.5,373.25,350.8,🟡,2
20260714,2026-07-15T00:05:19.059832+00:00,RHHBY,37,37,16.3,5.9,-2.22,-2.21,1.13,50.12,51.26,47.07,🟡,2
20260714,2026-07-15T00:05:19.059832+00:00,TAK,38,38,10.5,5.7,-1.03,1.58,1.82,16.39,16.56,15.73,🟡,4
20260714,2026-07-15T00:05:19.059832+00:00,GSK,39,39,10.3,7.13,-1.94,-0.1,1.69,51.25,52.26,48.28,🟡,5
20260715,2026-07-16T00:02:42.590111+00:00,BAYRY,1,1,57.7,1.45,-3.48,16.8,25.87,13.6,14.09,12.18,🔵,3
20260715,2026-07-16T00:02:42.590111+00:00,ARWR,2,2,57.3,1.45,-5.06,-7.34,15.09,71.82,75.65,61.2,🔵,2
20260715,2026-07-16T00:02:42.590111+00:00,LAUR,3,3,49.9,2.87,-5.93,5.75,12.16,37.26,39.61,33.85,🟢,0
20260715,2026-07-16T00:02:42.590111+00:00,ABBV,4,4,48.5,1.52,-1.16,7.91,10.4,244.11,246.98,227.06,🔵,1
20260715,2026-07-16T00:02:42.590111+00:00,TEVA,5,5,47.1,1.44,-2.36,-7.35,5.29,31.56,32.32,29.02,🔵,2
20260715,2026-07-16T00:02:42.590111+00:00,ALAB,6,6,45.9,7.6,-7.97,4.73,73.61,350.62,380.97,234.49,🟡,0
20260715,2026-07-16T00:02:42.590111+00:00,NOKBF,7,7,43.3,9.22,-7.78,-19.96,25.46,11.1,12.04,9.14,🟡,0
20260715,2026-07-16T00:02:42.590111+00:00,CRDO,8,8,42.8,5.93,-7.32,-0.65,39.76,226.74,244.65,159.85,🟡,1
20260715,2026-07-16T00:02:42.590111+00:00,ARM,9,9,42.6,8.17,-8.18,-11.75,50.96,277.01,301.69,204.83,🟡,2
20260715,2026-07-16T00:02:42.590111+00:00,NOK,10,10,40.7,9.12,-6.22,-18.74,26.55,11.25,12.0,9.27,🟡,0
20260715,2026-07-16T00:02:42.590111+00:00,GFS,11,11,39.9,4.58,-6.22,-19.62,21.95,61.41,65.48,48.86,🟢,1
20260715,2026-07-16T00:02:42.590111+00:00,CIEN,12,12,37.8,8.02,-6.34,-17.36,23.93,418.46,446.78,337.78,🟡,1
20260715,2026-07-16T00:02:42.590111+00:00,CSCO,13,13,37.8,9.53,-4.91,-2.72,29.77,111.77,117.55,101.42,🟡,1
20260715,2026-07-16T00:02:42.590111+00:00,EW,14,14,37.5,3.16,-3.61,0.59,4.96,87.27,90.54,81.19,🟢,1
20260715,2026-07-16T00:02:42.590111+00:00,HNGE,15,15,36.8,9.83,-3.39,28.67,71.33,85.75,88.76,75.18,🟡,0
20260715,2026-07-16T00:02:42.590111+00:00,VSH,16,16,36.2,8.34,-4.98,-17.0,59.3,40.45,42.57,28.7,🟡,2
20260715,2026-07-16T00:02:42.590111+00:00,GD,17,17,35.5,2.76,-1.58,4.41,6.29,365.63,371.51,346.93,🟢,2
20260715,2026-07-16T00:02:42.590111+00:00,BTSG,18,18,35.3,5.32,-2.65,9.36,54.57,68.26,70.12,62.44,🟡,0
20260715,2026-07-16T00:02:42.590111+00:00,WULF,19,19,34.7,8.25,-7.62,-20.41,12.71,19.37,20.97,13.31,🟡,1
20260715,2026-07-16T00:02:42.590111+00:00,JNJ,20,20,32.2,3.68,-3.11,4.14,12.09,247.02,254.94,229.77,🟢,3
20260715,2026-07-16T00:02:42.590111+00:00,ELV,21,21,31.8,8.72,-6.12,-1.71,12.77,390.33,415.78,353.97,🟡,1
20260715,2026-07-16T00:02:42.590111+00:00,CAH,22,22,31.1,3.67,-2.9,5.81,10.53,224.94,231.66,211.31,🟢,3
20260715,2026-07-16T00:02:42.590111+00:00,TSM,23,23,28.4,5.41,-1.65,-1.28,20.19,419.48,426.5,368.3,🟡,0
20260715,2026-07-16T00:02:42.590111+00:00,PFGC,24,24,26.4,7.56,-1.79,8.74,15.61,110.41,112.42,102.95,🟡,0
20260715,2026-07-16T00:02:42.590111+00:00,AAL,25,25,25.7,5.71,-4.25,5.19,15.58,15.63,16.32,13.85,🟡,3
20260715,2026-07-16T00:02:42.590111+00:00,USFD,26,26,24.2,6.56,-2.92,7.18,14.3,97.05,99.96,88.97,🟡,2
20260715,2026-07-16T00:02:42.590111+00:00,CLS,27,27,22.6,7.95,-3.78,-10.39,3.83,334.77,347.92,276.73,🟡,1
20260715,2026-07-16T00:02:42.590111+00:00,RIOT,28,28,22.2,7.58,-2.38,-19.21,8.68,20.1,20.59,14.85,🟡,1
20260715,2026-07-16T00:02:42.590111+00:00,TRV,29,29,22.0,8.45,-2.26,6.04,12.54,329.19,336.79,309.59,🟡,2
20260715,2026-07-16T00:02:42.590111+00:00,SYY,30,30,21.7,8.32,-2.24,4.27,4.37,80.73,82.58,76.3,🟡,0
20260715,2026-07-16T00:02:42.590111+00:00,LIN,31,31,21.4,5.25,-1.73,0.29,9.59,514.15,523.22,483.7,🟡,1
20260715,2026-07-16T00:02:42.590111+00:00,QCOM,32,32,20.9,9.24,-3.31,-14.03,6.12,177.98,184.07,150.11,🟡,2
20260715,2026-07-16T00:02:42.590111+00:00,FHN,33,33,19.7,6.19,-2.51,1.29,6.9,24.94,25.58,23.53,🟡,2
20260715,2026-07-16T00:02:42.590111+00:00,SSRM,34,34,19.0,6.94,-3.15,-8.58,2.97,27.25,28.14,23.27,🟡,2
20260715,2026-07-16T00:02:42.590111+00:00,LNT,35,35,18.7,7.82,-1.8,1.15,7.7,74.55,75.92,71.16,🟡,2
20260715,2026-07-16T00:02:42.590111+00:00,AEP,36,36,17.6,8.74,-1.47,0.95,6.88,132.5,134.47,125.86,🟡,2
20260715,2026-07-16T00:02:42.590111+00:00,OHI,37,37,17.1,8.75,-0.85,2.1,8.27,47.95,48.36,45.93,🟡,2
20260715,2026-07-16T00:02:42.590111+00:00,NI,38,38,16.2,6.63,-1.89,-2.84,2.25,45.71,46.59,43.42,🟡,2
20260715,2026-07-16T00:02:42.590111+00:00,DTE,39,39,15.2,7.94,-1.53,0.9,5.48,146.95,149.24,140.23,🟡,3
20260715,2026-07-16T00:02:42.590111+00:00,WEC,40,40,15.1,9.08,-1.55,-0.4,1.57,112.97,114.75,107.96,🟡,2
20260715,2026-07-16T00:02:42.590111+00:00,EXC,41,41,15.1,9.45,-1.82,0.32,0.51,45.74,46.59,43.4,🟡,2
20260715,2026-07-16T00:02:42.590111+00:00,SRE,42,42,12.8,8.23,-1.17,1.34,2.24,92.78,93.87,88.48,🟡,3
20260715,2026-07-16T00:02:42.590111+00:00,CMS,43,43,12.6,9.4,-1.37,-0.0,1.05,74.02,75.05,70.1,🟡,3
20260716,2026-07-17T00:02:56.452011+00:00,ALAB,1,1,74.3,2.35,-11.54,-5.16,57.85,319.74,361.43,204.73,🔵,0
20260716,2026-07-17T00:02:56.452011+00:00,CRDO,2,2,73.6,1.88,-10.79,-9.09,27.94,207.97,233.11,142.26,🔵,1
20260716,2026-07-17T00:02:56.452011+00:00,VSH,3,3,73.5,1.9,-11.23,-25.41,42.9,36.44,41.05,25.29,🔵,2
20260716,2026-07-17T00:02:56.452011+00:00,GFS,4,4,60.7,1.74,-7.83,-23.58,15.39,58.24,63.19,45.98,🔵,2
20260716,2026-07-17T00:02:56.452011+00:00,WDC,5,5,60.1,4.48,-12.98,-15.71,50.48,466.81,536.42,325.84,🟢,0
20260716,2026-07-17T00:02:56.452011+00:00,SNDK,6,6,60.0,9.03,-15.74,-18.21,81.95,1411.08,1674.76,845.04,🟡,0
20260716,2026-07-17T00:02:56.452011+00:00,NOK,7,7,59.9,2.83,-9.68,-24.73,16.39,10.38,11.49,8.37,🟢,0
20260716,2026-07-17T00:02:56.452011+00:00,TSM,8,8,59.1,1.23,-2.69,-3.61,17.17,409.74,421.06,359.35,🔵,0
20260716,2026-07-17T00:02:56.452011+00:00,MXL,9,9,57.7,6.37,-14.76,-18.3,96.8,74.4,87.29,41.07,🟡,1
20260716,2026-07-17T00:02:56.452011+00:00,RIOT,10,10,57.6,1.09,-6.15,-24.36,1.73,18.82,20.05,13.77,🔵,1
20260716,2026-07-17T00:02:56.452011+00:00,ARM,11,11,57.0,3.46,-9.19,-16.84,42.32,262.01,288.51,192.7,🟢,2
20260716,2026-07-17T00:02:56.452011+00:00,CIEN,12,12,56.3,3.02,-10.01,-22.76,14.73,388.81,432.07,310.0,🟢,1
20260716,2026-07-17T00:02:56.452011+00:00,BAYRY,13,13,55.9,1.37,-2.35,16.24,25.53,13.6,13.93,12.53,🔵,3
20260716,2026-07-17T00:02:56.452011+00:00,BB,14,14,55.9,4.72,-12.75,1.97,72.56,9.16,10.5,6.69,🟢,1
20260716,2026-07-17T00:02:56.452011+00:00,ARWR,15,15,54.1,1.11,-2.39,-7.8,14.03,71.38,73.12,61.17,🔵,2
20260716,2026-07-17T00:02:56.452011+00:00,MRVL,16,16,54.1,5.33,-12.04,-19.91,45.69,188.3,214.07,135.19,🟡,0
20260716,2026-07-17T00:02:56.452011+00:00,NOKBF,17,17,53.4,3.65,-9.56,-24.93,16.83,10.37,11.47,8.46,🟢,0
20260716,2026-07-17T00:02:56.452011+00:00,WULF,18,18,53.2,2.71,-9.76,-25.86,4.41,17.98,19.92,12.1,🟢,1
20260716,2026-07-17T00:02:56.452011+00:00,CAT,19,19,52.2,2.96,-4.84,-5.63,22.42,877.17,921.74,762.21,🟢,0
20260716,2026-07-17T00:02:56.452011+00:00,STX,20,20,51.6,6.01,-11.74,-15.18,53.9,745.49,844.62,536.6,🟡,1
20260716,2026-07-17T00:02:56.452011+00:00,NBIS,21,21,51.2,8.96,-13.73,-23.59,24.91,171.77,199.11,108.51,🟡,2
20260716,2026-07-17T00:02:56.452011+00:00,LAUR,22,22,50.8,2.28,-5.21,4.36,10.92,36.88,38.91,33.49,🔵,1
20260716,2026-07-17T00:02:56.452011+00:00,IRDM,23,23,49.9,3.04,-4.01,-0.53,63.24,46.61,48.56,39.81,🟢,2
20260716,2026-07-17T00:02:56.452011+00:00,CART,24,24,49.3,2.33,-2.97,7.03,13.85,46.23,47.64,41.64,🔵,0
20260716,2026-07-17T00:02:56.452011+00:00,SIMO,25,25,48.4,8.73,-9.19,-4.79,75.16,272.45,300.02,203.34,🟡,0
20260716,2026-07-17T00:02:56.452011+00:00,GLW,26,26,48.1,5.55,-11.46,-17.55,20.35,158.39,178.89,108.08,🟡,0
20260716,2026-07-17T00:02:56.452011+00:00,COHR,27,27,46.4,3.84,-8.83,-24.45,12.58,276.96,303.8,206.18,🟢,1
20260716,2026-07-17T00:02:56.452011+00:00,BE,28,28,46.0,6.69,-11.47,-25.63,19.76,206.73,233.52,123.94,🟡,1
20260716,2026-07-17T00:02:56.452011+00:00,STM,29,29,45.7,7.59,-7.85,-9.48,55.53,62.77,68.12,52.36,🟡,0
20260716,2026-07-17T00:02:56.452011+00:00,QCOM,30,30,43.3,2.4,-5.2,-17.61,1.71,170.61,179.97,145.07,🔵,2
20260716,2026-07-17T00:02:56.452011+00:00,OSCR,31,31,41.0,6.43,-5.49,9.79,56.82,28.86,30.54,24.1,🟡,0
20260716,2026-07-17T00:02:56.452011+00:00,MKSI,32,32,40.0,7.8,-5.94,-3.57,41.7,332.0,352.97,257.37,🟡,1
20260716,2026-07-17T00:02:56.452011+00:00,VIAV,33,33,39.8,6.92,-8.99,-23.95,21.1,36.93,40.58,28.68,🟡,2
20260716,2026-07-17T00:02:56.452011+00:00,LSCC,34,34,39.4,9.74,-5.55,-9.96,26.7,124.5,131.81,102.15,🟡,0
20260716,2026-07-17T00:02:56.452011+00:00,CNC,35,35,39.2,6.43,-4.6,2.95,41.66,63.89,66.97,57.8,🟡,0
20260716,2026-07-17T00:02:56.452011+00:00,FLEX,36,36,39.2,8.14,-6.45,-15.04,42.74,121.12,129.48,93.87,🟡,2
20260716,2026-07-17T00:02:56.452011+00:00,FROG,37,37,38.5,5.75,-4.23,8.69,46.92,86.53,90.35,72.11,🟡,0
20260716,2026-07-17T00:02:56.452011+00:00,CSCO,38,38,37.3,6.16,-5.32,-4.85,26.99,109.66,115.82,99.19,🟡,1
20260716,2026-07-17T00:02:56.452011+00:00,MOH,39,39,36.9,9.43,-4.41,11.19,30.66,224.82,235.19,198.37,🟡,1
20260716,2026-07-17T00:02:56.452011+00:00,RVMD,40,40,36.7,4.8,-2.56,9.98,66.2,179.18,183.88,162.49,🟢,0
20260716,2026-07-17T00:02:56.452011+00:00,ELV,41,41,35.9,4.69,-8.23,-6.13,7.62,372.85,406.27,333.0,🟢,1
20260716,2026-07-17T00:02:56.452011+00:00,IBRX,42,42,35.6,5.5,-4.66,-4.91,31.87,7.45,7.81,5.88,🟡,2
20260716,2026-07-17T00:02:56.452011+00:00,MTSI,43,43,35.4,8.55,-6.49,-22.88,14.81,275.49,294.61,216.97,🟡,0
20260716,2026-07-17T00:02:56.452011+00:00,MRNA,44,44,35.4,9.76,-5.51,11.21,46.15,63.15,66.83,49.06,🟡,3
20260716,2026-07-17T00:02:56.452011+00:00,BTSG,45,45,35.0,4.84,-1.83,8.69,53.63,68.16,69.43,62.18,🟢,0
20260716,2026-07-17T00:02:56.452011+00:00,ROIV,46,46,33.4,9.81,-2.62,8.26,33.55,33.93,34.84,31.13,🟡,1
20260716,2026-07-17T00:02:56.452011+00:00,TWLO,47,47,32.9,7.16,-3.31,2.29,42.7,206.7,213.77,180.64,🟡,2
20260716,2026-07-17T00:02:56.452011+00:00,ANET,48,48,32.3,8.63,-5.43,4.89,16.56,168.56,178.23,140.29,🟡,1
20260716,2026-07-17T00:02:56.452011+00:00,CDNS,49,49,31.2,3.89,-2.76,-2.85,11.1,364.65,375.01,330.35,🟢,2
20260716,2026-07-17T00:02:56.452011+00:00,SRRK,50,50,30.9,6.66,-4.54,3.95,17.45,51.73,54.19,45.58,🟡,1
20260716,2026-07-17T00:02:56.452011+00:00,MTZ,51,51,30.2,6.81,-5.16,-11.64,17.24,340.81,359.34,282.54,🟡,2
20260716,2026-07-17T00:02:56.452011+00:00,VRT,52,52,29.9,6.83,-3.7,-8.94,22.55,294.11,305.4,241.35,🟡,2
20260716,2026-07-17T00:02:56.452011+00:00,BWA,53,53,27.2,9.1,-1.75,-6.93,17.35,62.77,63.89,57.54,🟡,0
20260716,2026-07-17T00:02:56.452011+00:00,NBIX,54,54,26.7,7.43,-1.05,5.76,19.28,171.55,173.37,159.7,🟡,0
20260716,2026-07-17T00:02:56.452011+00:00,EBAY,55,55,26.4,6.74,-2.45,-0.1,16.83,110.91,113.7,103.63,🟡,1
20260716,2026-07-17T00:02:56.452011+00:00,JBL,56,56,26.3,8.04,-4.36,-13.93,12.71,307.06,321.06,263.7,🟡,2
20260716,2026-07-17T00:02:56.452011+00:00,AAL,57,57,22.4,5.19,-2.69,4.46,15.18,15.6,16.03,13.81,🟡,3
20260716,2026-07-17T00:02:56.452011+00:00,VIST,58,58,18.8,7.66,-3.71,-10.22,7.7,62.38,64.78,56.32,🟡,4
20260717,2026-07-18T00:06:47.946785+00:00,ALAB,1,1,78.4,1.37,-10.58,-10.41,49.5,303.62,339.56,187.78,🔵,1
20260717,2026-07-18T00:06:47.946785+00:00,CRDO,2,2,70.1,1.36,-8.74,-11.48,24.47,202.68,222.09,139.26,🔵,2
20260717,2026-07-18T00:06:47.946785+00:00,CDNS,3,3,64.1,0.54,-9.36,-11.95,0.61,330.11,364.2,291.98,🔵,3
20260717,2026-07-18T00:06:47.946785+00:00,TSM,4,4,64.0,0.44,-3.75,-6.31,13.71,398.37,413.91,346.77,🔵,1
20260717,2026-07-18T00:06:47.946785+00:00,CIEN,5,5,60.7,1.88,-9.74,-25.11,10.1,374.41,414.81,296.62,🔵,2
20260717,2026-07-18T00:06:47.946785+00:00,NOK,6,6,60.2,2.0,-8.23,-26.26,13.13,10.12,11.03,8.22,🔵,1
20260717,2026-07-18T00:06:47.946785+00:00,GFS,7,7,58.6,1.34,-5.6,-24.25,13.66,57.48,60.89,45.84,🔵,2
20260717,2026-07-18T00:06:47.946785+00:00,SNDK,8,8,56.6,6.77,-13.29,-21.43,73.31,1354.82,1562.54,805.89,🟡,0
20260717,2026-07-18T00:06:47.946785+00:00,BB,9,9,56.5,3.97,-11.01,-0.67,68.72,8.99,10.1,6.72,🟢,2
20260717,2026-07-18T00:06:47.946785+00:00,MXL,10,10,56.1,4.96,-13.85,-20.94,88.64,71.84,83.39,39.04,🟢,1
20260717,2026-07-18T00:06:47.946785+00:00,AAL,11,11,54.3,1.09,-4.21,-0.04,10.45,14.98,15.64,13.16,🔵,3
20260717,2026-07-18T00:06:47.946785+00:00,LAUR,12,12,54.2,1.55,-4.35,2.9,9.55,36.45,38.11,33.08,🔵,1
20260717,2026-07-18T00:06:47.946785+00:00,CART,13,13,52.7,1.55,-2.78,5.98,12.73,45.82,47.13,41.35,🔵,1
20260717,2026-07-18T00:06:47.946785+00:00,NOKBF,14,14,50.5,3.01,-6.97,-25.44,15.11,10.25,11.02,8.58,🟢,1
20260717,2026-07-18T00:06:47.946785+00:00,GLW,15,15,49.2,4.27,-9.92,-19.46,17.15,154.61,171.63,105.87,🟢,0
20260717,2026-07-18T00:06:47.946785+00:00,SIMO,16,16,46.2,5.97,-8.1,-7.8,69.0,264.33,287.62,195.89,🟡,0
20260717,2026-07-18T00:06:47.946785+00:00,MRVL,17,17,45.6,7.62,-7.8,-19.88,45.39,188.68,204.64,136.13,🟡,0
20260717,2026-07-18T00:06:47.946785+00:00,AMAT,18,18,43.6,6.8,-6.79,0.79,48.02,529.66,568.22,400.17,🟡,0
20260717,2026-07-18T00:06:47.946785+00:00,STM,19,19,42.6,6.33,-6.3,-10.63,53.12,62.06,66.24,51.47,🟡,0
20260717,2026-07-18T00:06:47.946785+00:00,MTZ,20,20,41.2,3.58,-6.02,-14.07,13.15,329.59,350.68,271.67,🟢,2
20260717,2026-07-18T00:06:47.946785+00:00,KLIC,21,21,41.2,8.03,-6.56,-11.28,39.14,97.22,104.05,72.35,🟡,1
20260717,2026-07-18T00:06:47.946785+00:00,INTC,22,22,40.3,8.49,-6.07,-18.95,48.1,95.04,101.18,71.92,🟡,1
20260717,2026-07-18T00:06:47.946785+00:00,AMD,23,23,39.9,9.24,-4.97,-0.67,67.1,495.76,521.67,394.02,🟡,0
20260717,2026-07-18T00:06:47.946785+00:00,VIRT,24,24,39.8,6.44,-6.79,-1.46,30.4,55.71,59.77,47.89,🟡,2
20260717,2026-07-18T00:06:47.946785+00:00,MKSI,25,25,39.5,5.17,-5.67,-5.9,37.98,324.69,344.19,250.14,🟡,1
20260717,2026-07-18T00:06:47.946785+00:00,KLAC,26,26,38.2,9.95,-4.1,-2.22,34.91,212.75,221.85,159.37,🟡,0
20260717,2026-07-18T00:06:47.946785+00:00,TXN,27,27,37.7,7.61,-4.08,-5.75,29.08,284.02,296.11,248.67,🟡,0
20260717,2026-07-18T00:06:47.946785+00:00,ALGM,28,28,37.3,8.45,-5.84,-9.46,25.09,46.48,49.36,31.83,🟡,1
20260717,2026-07-18T00:06:47.946785+00:00,FLEX,29,29,37.2,6.14,-5.48,-16.62,40.03,119.25,126.17,93.22,🟡,2
20260717,2026-07-18T00:06:47.946785+00:00,MRNA,30,30,35.7,6.95,-5.68,8.29,42.47,61.82,65.54,49.13,🟡,3
20260717,2026-07-18T00:06:47.946785+00:00,ASX,31,31,35.7,7.27,-3.76,1.63,62.24,38.41,39.91,30.83,🟡,1
20260717,2026-07-18T00:06:47.946785+00:00,VRT,32,32,34.8,4.15,-3.33,-10.06,20.29,289.56,299.54,236.98,🟢,2
20260717,2026-07-18T00:06:47.946785+00:00,MTSI,33,33,33.8,5.32,-6.64,-25.0,11.09,267.36,286.37,210.1,🟡,0
20260717,2026-07-18T00:06:47.946785+00:00,MFG,34,34,33.1,6.16,-4.93,3.46,20.31,9.87,10.38,9.23,🟡,1
20260717,2026-07-18T00:06:47.946785+00:00,UAL,35,35,32.4,3.83,-3.29,1.61,10.52,115.41,119.34,103.36,🟢,2
20260717,2026-07-18T00:06:47.946785+00:00,ARMK,36,36,32.3,7.29,-1.13,5.96,31.81,56.74,57.39,53.83,🟡,0
20260717,2026-07-18T00:06:47.946785+00:00,NBIX,37,37,32.2,4.2,-0.72,4.88,18.69,170.88,172.12,159.6,🟢,0
20260717,2026-07-18T00:06:47.946785+00:00,SMFG,38,38,31.5,9.23,-3.68,5.7,22.01,24.95,25.9,23.62,🟡,1
20260717,2026-07-18T00:06:47.946785+00:00,TWLO,39,39,31.4,8.79,-2.56,2.22,42.26,206.78,212.22,180.59,🟡,2
20260717,2026-07-18T00:06:47.946785+00:00,IRDM,40,40,29.4,8.23,-2.51,-0.7,62.64,46.68,47.88,40.05,🟡,3
20260717,2026-07-18T00:06:47.946785+00:00,COHR,41,41,28.9,7.54,-5.71,-24.04,12.45,277.6,294.42,208.4,🟡,2
20260717,2026-07-18T00:06:47.946785+00:00,ANET,42,42,28.2,9.5,-3.41,4.95,16.5,168.61,174.56,139.65,🟡,1
20260717,2026-07-18T00:06:47.946785+00:00,SFTBY,43,43,28.1,6.35,-5.92,-15.82,6.31,17.31,18.4,14.13,🟡,1
20260717,2026-07-18T00:06:47.946785+00:00,NXPI,44,44,27.7,8.29,-3.32,-10.35,12.06,266.53,275.69,234.61,🟡,0
20260717,2026-07-18T00:06:47.946785+00:00,ELV,45,45,27.4,5.98,-6.17,-6.09,7.61,373.11,397.65,333.03,🟡,2
20260717,2026-07-18T00:06:47.946785+00:00,ADI,46,46,26.3,8.8,-2.53,-7.69,16.15,375.36,385.12,338.53,🟡,1
20260717,2026-07-18T00:06:47.946785+00:00,JBL,47,47,26.2,4.9,-4.5,-15.45,10.32,301.01,315.21,258.0,🟢,2
20260717,2026-07-18T00:06:47.946785+00:00,BWA,48,48,26.2,6.42,-1.48,-7.56,16.53,62.44,63.38,57.1,🟡,0
20260717,2026-07-18T00:06:47.946785+00:00,C,49,49,25.6,8.98,-3.45,-3.34,11.14,129.36,133.99,119.34,🟡,1
20260717,2026-07-18T00:06:47.946785+00:00,TT,50,50,22.1,7.88,-1.62,0.07,7.74,469.98,477.73,433.36,🟡,0
20260717,2026-07-18T00:06:47.946785+00:00,TECK,51,51,21.9,9.96,-4.21,-11.41,4.46,55.05,57.47,48.89,🟡,2
20260717,2026-07-18T00:06:47.946785+00:00,ITUB,52,52,20.9,9.8,-2.31,2.91,6.26,8.2,8.39,7.71,🟡,1
20260717,2026-07-18T00:06:47.946785+00:00,APH,53,53,20.3,7.46,-2.54,1.85,7.84,151.2,155.15,133.14,🟡,2
20260717,2026-07-18T00:06:47.946785+00:00,EW,54,54,19.1,9.28,-3.18,-1.35,2.98,85.73,88.54,79.57,🟡,2
20260717,2026-07-18T00:06:47.946785+00:00,BKR,55,55,13.4,5.44,-1.9,-8.56,0.35,55.95,57.04,51.78,🟡,3
20260720,2026-07-21T00:02:49.029972+00:00,SIMO,1,1,63.5,3.12,-9.21,-11.93,60.69,252.61,278.24,188.21,🟢,0
20260720,2026-07-21T00:02:49.029972+00:00,BB,2,2,60.2,3.07,-9.21,-3.05,65.11,8.83,9.73,6.7,🟢,2
20260720,2026-07-21T00:02:49.029972+00:00,CDNS,3,3,59.3,0.54,-6.96,-11.88,0.59,329.93,354.6,292.77,🔵,3
20260720,2026-07-21T00:02:49.029972+00:00,GFS,4,4,58.6,0.95,-4.47,-24.83,12.1,56.81,59.47,45.83,🔵,2
20260720,2026-07-21T00:02:49.029972+00:00,LAUR,5,5,58.0,0.81,-3.79,0.99,7.64,35.84,37.25,32.46,🔵,1
20260720,2026-07-21T00:02:49.029972+00:00,NOK,6,6,56.3,1.84,-5.85,-26.22,12.35,10.08,10.71,8.29,🔵,1
20260720,2026-07-21T00:02:49.029972+00:00,ASX,7,7,56.3,2.94,-5.82,-2.53,55.01,36.9,39.18,29.71,🟢,1
20260720,2026-07-21T00:02:49.029972+00:00,MRNA,8,8,50.9,3.45,-7.1,3.82,36.57,59.49,64.04,46.88,🟢,3
20260720,2026-07-21T00:02:49.029972+00:00,AAON,9,9,49.6,1.99,-6.34,-18.98,3.23,103.88,110.91,85.78,🔵,2
20260720,2026-07-21T00:02:49.029972+00:00,UMC,10,10,47.8,7.12,-9.86,-5.33,68.37,20.3,22.52,16.17,🟡,1
20260720,2026-07-21T00:02:49.029972+00:00,GLW,11,11,47.2,3.61,-7.57,-20.01,15.69,153.1,165.63,110.74,🟢,1
20260720,2026-07-21T00:02:49.029972+00:00,BWA,12,12,45.8,2.61,-2.15,-8.84,14.81,61.62,62.98,56.44,🟢,0
20260720,2026-07-21T00:02:49.029972+00:00,ARMK,13,13,44.0,3.52,-1.07,4.96,30.81,56.43,57.04,53.51,🟢,0
20260720,2026-07-21T00:02:49.029972+00:00,ACMR,14,14,43.0,7.52,-6.52,-6.23,46.6,82.52,88.28,57.39,🟡,0
20260720,2026-07-21T00:02:49.029972+00:00,AMAT,15,15,41.7,5.87,-5.84,-0.33,46.25,525.7,558.28,405.19,🟡,0
20260720,2026-07-21T00:02:49.029972+00:00,LRCX,16,16,40.9,6.94,-5.47,-8.79,31.2,306.76,324.51,234.84,🟡,0
20260720,2026-07-21T00:02:49.029972+00:00,GH,17,17,40.7,8.86,-5.33,11.7,43.17,148.07,156.4,126.03,🟡,0
20260720,2026-07-21T00:02:49.029972+00:00,TKR,18,18,40.5,4.07,-2.47,1.98,32.24,134.38,137.78,122.65,🟢,1
20260720,2026-07-21T00:02:49.029972+00:00,KLAC,19,19,40.3,5.48,-5.17,-4.81,31.23,207.6,218.92,157.22,🟡,0
20260720,2026-07-21T00:02:49.029972+00:00,RVTY,20,20,40.1,3.02,-3.35,2.96,8.74,106.44,110.13,98.55,🟢,1
20260720,2026-07-21T00:02:49.029972+00:00,STM,21,21,39.6,5.6,-4.8,-11.13,51.8,61.78,64.9,51.78,🟡,0
20260720,2026-07-21T00:02:49.029972+00:00,MKSI,22,22,36.8,4.98,-4.24,-6.18,37.22,324.28,338.64,253.12,🟢,1
20260720,2026-07-21T00:02:49.029972+00:00,TXN,23,23,35.6,8.21,-3.12,-5.69,28.79,284.07,293.21,249.66,🟡,0
20260720,2026-07-21T00:02:49.029972+00:00,ALGM,24,24,34.0,7.88,-4.34,-9.51,24.48,46.36,48.46,33.1,🟡,1
20260720,2026-07-21T00:02:49.029972+00:00,BRKR,25,25,32.1,7.62,-3.86,3.48,26.16,56.17,58.43,49.86,🟡,2
20260720,2026-07-21T00:02:49.029972+00:00,BEN,26,26,31.3,8.84,-2.31,0.39,23.46,32.23,32.99,30.01,🟡,0
20260720,2026-07-21T00:02:49.029972+00:00,MFG,27,27,31.0,5.65,-4.02,2.93,19.71,9.84,10.25,9.21,🟡,1
20260720,2026-07-21T00:02:49.029972+00:00,ON,28,28,30.8,9.26,-3.34,-20.56,18.23,86.7,89.69,71.75,🟡,0
20260720,2026-07-21T00:02:49.029972+00:00,TWLO,29,29,30.4,5.25,-2.09,1.32,40.69,205.24,209.62,178.9,🟡,2
20260720,2026-07-21T00:02:49.029972+00:00,KGS,30,30,30.3,9.1,-3.01,-7.82,26.07,64.45,66.45,56.98,🟡,2
20260720,2026-07-21T00:02:49.029972+00:00,SMFG,31,31,30.1,8.47,-3.11,5.18,21.47,24.89,25.69,23.55,🟡,1
20260720,2026-07-21T00:02:49.029972+00:00,MS,32,32,29.9,6.17,-4.21,0.12,16.74,210.94,220.21,192.72,🟡,1
20260720,2026-07-21T00:02:49.029972+00:00,CAT,33,33,29.7,6.37,-3.31,-6.84,19.95,864.3,893.88,754.05,🟡,1
20260720,2026-07-21T00:02:49.029972+00:00,SFTBY,34,34,29.1,4.63,-5.29,-16.62,4.98,17.1,18.06,14.12,🟢,1
20260720,2026-07-21T00:02:49.029972+00:00,ESI,35,35,28.9,4.56,-4.66,-14.08,9.69,36.46,38.24,31.36,🟢,2
20260720,2026-07-21T00:02:49.029972+00:00,OUT,36,36,28.9,7.64,-1.47,1.59,25.64,32.66,33.15,30.57,🟡,1
20260720,2026-07-21T00:02:49.029972+00:00,IRDM,37,37,28.7,5.83,-2.18,-1.53,60.88,46.41,47.45,41.64,🟡,3
20260720,2026-07-21T00:02:49.029972+00:00,BNS,38,38,28.7,9.33,-2.27,5.58,18.33,87.06,89.08,82.94,🟡,0
20260720,2026-07-21T00:02:49.029972+00:00,SLB,39,39,28.6,3.31,-1.53,-10.5,1.53,46.39,47.11,43.73,🟢,2
20260720,2026-07-21T00:02:49.029972+00:00,ADI,40,40,25.8,6.03,-2.6,-8.22,15.02,372.46,382.41,336.16,🟡,1
20260720,2026-07-21T00:02:49.029972+00:00,CYTK,41,41,24.9,4.96,-2.14,1.66,18.12,79.11,80.84,71.69,🟢,2
20260720,2026-07-21T00:02:49.029972+00:00,CMI,42,42,24.4,7.02,-2.45,-5.45,12.75,639.43,655.48,577.84,🟡,1
20260720,2026-07-21T00:02:49.029972+00:00,ABVX,43,43,24.4,7.62,-2.99,12.17,14.27,131.5,135.55,110.98,🟡,2
20260720,2026-07-21T00:02:49.029972+00:00,SAN,44,44,24.1,7.71,-1.97,3.22,14.15,13.32,13.59,12.52,🟡,1
20260720,2026-07-21T00:02:49.029972+00:00,MCHP,45,45,24.0,8.89,-3.35,-12.6,8.38,80.51,83.3,69.38,🟡,1
20260720,2026-07-21T00:02:49.029972+00:00,RYCEY,46,46,23.9,4.58,-2.22,1.9,9.81,18.09,18.5,16.76,🟢,2
20260720,2026-07-21T00:02:49.029972+00:00,TEX,47,47,23.2,5.08,-3.14,-1.61,7.57,62.92,64.96,55.21,🟡,1
20260720,2026-07-21T00:02:49.029972+00:00,C,48,48,22.7,7.26,-2.18,-3.83,10.45,128.72,131.59,118.62,🟡,1
20260720,2026-07-21T00:02:49.029972+00:00,JCI,49,49,22.6,6.73,-1.73,-1.55,8.36,139.37,141.82,126.28,🟡,0
20260720,2026-07-21T00:02:49.029972+00:00,TT,50,50,21.7,5.66,-1.52,-0.24,7.26,468.16,475.38,430.63,🟡,0
20260720,2026-07-21T00:02:49.029972+00:00,WBS,51,51,21.3,7.15,-0.94,1.68,12.61,75.35,76.06,73.33,🟡,1
20260720,2026-07-21T00:02:49.029972+00:00,ETR,52,52,21.2,8.51,-1.78,-0.2,9.03,111.91,113.93,106.11,🟡,1
20260720,2026-07-21T00:02:49.029972+00:00,TECK,53,53,20.6,7.11,-3.84,-12.08,3.31,54.5,56.68,48.39,🟡,2
20260720,2026-07-21T00:02:49.029972+00:00,APH,54,54,19.5,5.83,-2.3,1.22,7.24,150.51,154.05,132.91,🟡,2
20260720,2026-07-21T00:02:49.029972+00:00,WAT,55,55,19.4,6.23,-3.68,-1.13,1.53,357.54,371.2,333.37,🟡,2
20260720,2026-07-21T00:02:49.029972+00:00,AEP,56,56,18.4,8.98,-1.28,-0.08,5.4,131.05,132.75,124.09,🟡,1
20260720,2026-07-21T00:02:49.029972+00:00,EW,57,57,17.3,6.51,-2.51,-2.23,2.06,85.0,87.19,78.96,🟡,2
20260721,2026-07-22T00:03:13.110176+00:00,TWLO,1,1,67.7,0.92,-4.42,-3.13,34.07,196.22,205.3,169.63,🔵,2
20260721,2026-07-22T00:03:13.110176+00:00,ARMK,2,2,56.3,1.7,-0.98,3.93,29.79,56.11,56.66,53.24,🔵,1
20260721,2026-07-22T00:03:13.110176+00:00,OUT,3,3,48.6,2.69,-2.79,-0.43,22.76,32.0,32.92,29.8,🟢,1
20260721,2026-07-22T00:03:13.110176+00:00,CRWD,4,4,37.6,6.71,-4.73,9.3,46.73,191.15,200.65,162.43,🟡,1
20260721,2026-07-22T00:03:13.110176+00:00,SN,5,5,33.1,9.96,-2.68,12.58,29.21,147.82,151.89,135.56,🟡,1
20260721,2026-07-22T00:03:13.110176+00:00,PFG,6,6,29.1,7.02,-2.46,2.43,18.31,109.57,112.33,103.44,🟡,0
20260721,2026-07-22T00:03:13.110176+00:00,ZION,7,7,28.8,8.43,-3.58,4.91,16.99,69.05,71.61,64.5,🟡,1
20260721,2026-07-22T00:03:13.110176+00:00,HAL,8,8,28.0,3.34,-4.52,-11.81,0.06,33.19,34.76,30.47,🟢,5
20260721,2026-07-22T00:03:13.110176+00:00,SBS,9,9,27.3,3.38,-1.7,-0.09,3.08,5.68,5.78,5.33,🟢,3
20260721,2026-07-22T00:03:13.110176+00:00,ALLY,10,10,23.9,8.42,-2.88,0.69,6.23,44.43,45.75,41.46,🟡,0
20260721,2026-07-22T00:03:13.110176+00:00,AGNC,11,11,22.7,7.89,-3.18,2.65,6.45,10.78,11.13,10.18,🟡,1
20260721,2026-07-22T00:03:13.110176+00:00,REYN,12,12,21.8,9.57,-1.28,8.34,12.27,25.83,26.17,24.2,🟡,1
20260721,2026-07-22T00:03:13.110176+00:00,ABNB,13,13,20.9,7.31,-1.46,3.47,9.61,144.1,146.24,134.2,🟡,1
20260721,2026-07-22T00:03:13.110176+00:00,LIN,14,14,20.0,7.81,-1.56,-1.75,7.44,505.03,513.04,475.22,🟡,1
20260721,2026-07-22T00:03:13.110176+00:00,LNT,15,15,19.4,8.93,-1.78,-0.99,5.34,73.11,74.44,69.15,🟡,1
20260721,2026-07-22T00:03:13.110176+00:00,CARR,16,16,18.7,8.39,-2.05,-2.17,10.47,66.69,68.09,61.02,🟡,3
20260721,2026-07-22T00:03:13.110176+00:00,AEP,17,17,17.6,5.87,-1.05,-0.51,4.86,130.48,131.86,123.56,🟡,1
20260721,2026-07-22T00:03:13.110176+00:00,EW,18,18,17.5,4.75,-1.78,-2.79,1.47,84.55,86.08,78.6,🟢,2
20260721,2026-07-22T00:03:13.110176+00:00,DTE,19,19,15.9,9.78,-1.34,-0.66,3.96,145.03,147.01,137.61,🟡,2
20260721,2026-07-22T00:03:13.110176+00:00,ZM,20,20,14.3,9.36,-1.85,-5.47,2.41,89.77,91.47,82.03,🟡,3
20260722,2026-07-23T00:03:08.181433+00:00,TWLO,1,1,76.0,0.27,-8.16,-9.3,24.97,183.38,199.66,155.64,🔵,3
20260722,2026-07-23T00:03:08.181433+00:00,ABNB,2,2,50.6,1.5,-3.13,0.58,6.45,140.05,144.57,130.37,🔵,1
20260722,2026-07-23T00:03:08.181433+00:00,HNGE,3,3,49.0,4.32,-6.79,13.24,55.28,79.08,84.84,69.08,🟢,0
20260722,2026-07-23T00:03:08.181433+00:00,OUT,4,4,47.8,2.36,-2.18,-0.55,22.16,31.93,32.64,29.69,🔵,2
20260722,2026-07-23T00:03:08.181433+00:00,FROG,5,5,45.4,7.52,-7.72,-2.6,33.55,79.68,86.35,64.74,🟡,0
20260722,2026-07-23T00:03:08.181433+00:00,TGTX,6,6,44.4,3.14,-2.59,9.63,46.28,52.68,54.08,46.62,🟢,3
20260722,2026-07-23T00:03:08.181433+00:00,OKTA,7,7,41.0,4.79,-5.59,14.17,47.99,136.69,144.78,114.45,🟢,1
20260722,2026-07-23T00:03:08.181433+00:00,CRWD,8,8,40.7,4.52,-4.35,7.04,44.28,188.42,196.98,159.21,🟢,1
20260722,2026-07-23T00:03:08.181433+00:00,FTNT,9,9,37.2,4.75,-2.59,6.88,57.97,155.05,159.18,137.89,🟢,0
20260722,2026-07-23T00:03:08.181433+00:00,DDOG,10,10,36.8,8.67,-4.35,3.34,49.99,245.77,256.95,211.18,🟡,1
20260722,2026-07-23T00:03:08.181433+00:00,PFG,11,11,36.1,4.11,-2.82,1.03,16.72,108.25,111.39,102.25,🟢,0
20260722,2026-07-23T00:03:08.181433+00:00,PANW,12,12,35.3,7.61,-3.59,14.57,59.31,335.28,347.75,288.31,🟡,1
20260722,2026-07-23T00:03:08.181433+00:00,MRNA,13,13,35.0,4.41,-3.92,0.82,32.37,58.07,60.44,46.31,🟢,4
20260722,2026-07-23T00:03:08.181433+00:00,ETSY,14,14,33.6,7.85,-2.75,12.73,30.93,80.48,82.76,72.31,🟡,1
20260722,2026-07-23T00:03:08.181433+00:00,GEV,15,15,33.0,8.13,-5.96,-4.81,19.68,985.03,1047.42,817.44,🟡,2
20260722,2026-07-23T00:03:08.181433+00:00,SN,16,16,32.8,8.19,-2.77,11.43,28.33,147.11,151.3,134.4,🟡,1
20260722,2026-07-23T00:03:08.181433+00:00,RELY,17,17,32.0,6.33,-3.84,6.14,34.81,23.11,24.03,20.9,🟡,3
20260722,2026-07-23T00:03:08.181433+00:00,ZETA,18,18,31.8,3.82,-4.62,-0.32,7.38,20.18,21.16,16.67,🟢,3
20260722,2026-07-23T00:03:08.181433+00:00,SIRI,19,19,31.0,6.57,-2.22,4.07,26.88,29.83,30.51,27.95,🟡,1
20260722,2026-07-23T00:03:08.181433+00:00,COMP,20,20,30.1,7.25,-3.92,14.82,18.18,11.26,11.72,9.7,🟡,1
20260722,2026-07-23T00:03:08.181433+00:00,SRRK,21,21,27.8,7.39,-5.08,-3.47,8.95,48.3,50.89,41.89,🟡,1
20260722,2026-07-23T00:03:08.181433+00:00,CGNX,22,22,27.7,9.97,-1.21,-3.76,24.23,62.54,63.3,54.15,🟡,1
20260722,2026-07-23T00:03:08.181433+00:00,MTCH,23,23,27.5,6.23,-2.62,4.34,14.47,38.03,39.05,34.97,🟡,0
20260722,2026-07-23T00:03:08.181433+00:00,DXCM,24,24,24.5,7.53,-5.14,0.22,5.89,71.43,75.3,64.2,🟡,2
20260722,2026-07-23T00:03:08.181433+00:00,MGM,25,25,24.2,9.63,-1.34,1.42,20.49,45.49,46.11,43.08,🟡,2
20260722,2026-07-23T00:03:08.181433+00:00,UNM,26,26,23.2,6.68,-1.06,0.65,12.13,87.79,88.73,82.84,🟡,0
20260722,2026-07-23T00:03:08.181433+00:00,GBCI,27,27,22.6,8.67,-3.02,4.14,10.55,51.17,52.76,47.99,🟡,2
20260722,2026-07-23T00:03:08.181433+00:00,HSIC,28,28,21.5,6.07,-2.06,6.24,12.25,84.81,86.59,79.88,🟡,2
20260722,2026-07-23T00:03:08.181433+00:00,EW,29,29,21.3,3.91,-1.32,-3.09,1.21,84.37,85.5,78.52,🟢,3
20260722,2026-07-23T00:03:08.181433+00:00,AGNC,30,30,21.3,5.98,-2.67,2.06,5.77,10.72,11.01,10.11,🟡,1
20260722,2026-07-23T00:03:08.181433+00:00,NLY,31,31,20.3,7.09,-1.84,3.45,6.89,22.42,22.84,21.29,🟡,1
20260722,2026-07-23T00:03:08.181433+00:00,NYT,32,32,19.9,6.88,-2.84,-1.39,2.16,72.99,75.12,68.12,🟡,1
20260722,2026-07-23T00:03:08.181433+00:00,INVH,33,33,17.0,7.77,-1.65,0.81,8.76,29.5,29.99,28.11,🟡,3
20260723,2026-07-24T00:03:18.772893+00:00,HNGE,1,1,62.3,2.62,-7.58,9.13,50.21,76.69,82.98,66.7,🟢,1
20260723,2026-07-24T00:03:18.772893+00:00,MOH,2,2,60.3,2.41,-9.26,-2.4,15.97,200.29,220.73,170.93,🔵,1
20260723,2026-07-24T00:03:18.772893+00:00,FTNT,3,3,59.6,1.99,-3.68,3.94,53.88,151.54,157.33,133.88,🔵,1
20260723,2026-07-24T00:03:18.772893+00:00,CRWD,4,4,59.6,2.06,-4.92,3.64,40.12,183.42,192.91,154.3,🔵,2
20260723,2026-07-24T00:03:18.772893+00:00,STM,5,5,56.6,8.05,-13.31,-23.27,29.84,53.49,61.71,42.46,🟡,0
20260723,2026-07-24T00:03:18.772893+00:00,ABNB,6,6,54.4,0.76,-3.48,-1.2,4.5,137.57,142.53,127.69,🔵,2
20260723,2026-07-24T00:03:18.772893+00:00,PANW,7,7,52.4,3.17,-4.81,10.43,54.29,325.63,342.08,277.91,🟢,1
20260723,2026-07-24T00:03:18.772893+00:00,COMP,8,8,52.0,2.4,-5.77,9.48,12.97,10.78,11.44,9.16,🔵,1
20260723,2026-07-24T00:03:18.772893+00:00,LINE,9,9,50.8,2.13,-4.88,-2.93,9.9,40.95,43.05,37.86,🔵,1
20260723,2026-07-24T00:03:18.772893+00:00,UNM,10,10,49.1,1.85,-1.88,-1.0,10.36,86.45,88.1,81.43,🔵,0
20260723,2026-07-24T00:03:18.772893+00:00,ZETA,11,11,48.7,1.7,-6.62,-4.54,3.12,19.38,20.75,15.8,🔵,4
20260723,2026-07-24T00:03:18.772893+00:00,OUT,12,12,48.2,2.08,-1.39,-0.67,21.67,31.89,32.34,29.65,🔵,2
20260723,2026-07-24T00:03:18.772893+00:00,MRNA,13,13,47.5,2.53,-3.7,-1.15,29.56,57.02,59.21,46.47,🟢,5
20260723,2026-07-24T00:03:18.772893+00:00,PFG,14,14,45.4,2.59,-2.64,0.02,15.56,107.32,110.23,101.33,🟢,1
20260723,2026-07-24T00:03:18.772893+00:00,MTCH,15,15,43.5,2.92,-2.79,2.51,12.52,37.4,38.47,34.29,🟢,0
20260723,2026-07-24T00:03:18.772893+00:00,OKTA,16,16,41.1,4.25,-4.46,12.65,47.01,136.1,142.45,114.29,🟢,2
20260723,2026-07-24T00:03:18.772893+00:00,TGT,17,17,40.8,3.24,-2.56,3.26,20.77,134.48,138.01,124.35,🟢,2
20260723,2026-07-24T00:03:18.772893+00:00,AGNC,18,18,39.5,2.61,-2.58,0.53,4.11,10.56,10.84,9.94,🟢,1
20260723,2026-07-24T00:03:18.772893+00:00,EW,19,19,36.7,1.88,-1.03,-3.87,0.51,83.82,84.69,78.19,🔵,3
20260723,2026-07-24T00:03:18.772893+00:00,PRMB,20,20,36.6,4.01,-4.52,-4.89,13.15,22.79,23.87,20.78,🟢,1
20260723,2026-07-24T00:03:18.772893+00:00,VVV,21,21,36.0,3.74,-2.42,4.22,12.1,38.31,39.26,35.5,🟢,0
20260723,2026-07-24T00:03:18.772893+00:00,CART,22,22,36.0,3.82,-5.61,-2.56,4.28,42.53,45.06,38.58,🟢,1
20260723,2026-07-24T00:03:18.772893+00:00,RELY,23,23,35.9,4.29,-2.93,5.18,33.14,22.87,23.56,20.71,🟢,3
20260723,2026-07-24T00:03:18.772893+00:00,DDOG,24,24,35.2,7.35,-3.54,2.4,48.72,244.39,253.37,210.13,🟡,1
20260723,2026-07-24T00:03:18.772893+00:00,NET,25,25,35.0,4.53,-3.11,9.13,23.88,262.32,270.74,226.34,🟢,1
20260723,2026-07-24T00:03:18.772893+00:00,LUV,26,26,34.5,4.12,-5.87,-1.49,8.8,44.71,47.5,40.76,🟢,2
20260723,2026-07-24T00:03:18.772893+00:00,YOU,27,27,33.5,8.56,-5.47,-6.19,18.82,51.85,54.85,45.29,🟡,1
20260723,2026-07-24T00:03:18.772893+00:00,MGM,28,28,32.6,3.92,-1.61,-0.03,18.99,44.99,45.72,42.67,🟢,2
20260723,2026-07-24T00:03:18.772893+00:00,BB,29,29,31.8,9.13,-2.79,-6.86,59.5,8.63,8.88,6.96,🟡,2
20260723,2026-07-24T00:03:18.772893+00:00,SN,30,30,31.7,4.99,-2.54,9.83,26.95,145.83,149.62,132.79,🟢,1
20260723,2026-07-24T00:03:18.772893+00:00,VOYA,31,31,31.4,9.5,-1.62,8.07,26.24,96.79,98.38,90.68,🟡,0
20260723,2026-07-24T00:03:18.772893+00:00,KNX,32,32,30.7,8.44,-4.18,-3.33,22.25,72.33,75.48,65.07,🟡,2
20260723,2026-07-24T00:03:18.772893+00:00,OC,33,33,30.4,4.13,-1.11,7.49,16.24,138.95,140.51,127.86,🟢,1
20260723,2026-07-24T00:03:18.772893+00:00,DAL,34,34,28.6,4.24,-2.14,-0.68,17.67,81.97,83.77,75.33,🟢,3
20260723,2026-07-24T00:03:18.772893+00:00,ASB,35,35,28.3,4.62,-1.9,3.54,12.91,30.26,30.85,28.71,🟢,0
20260723,2026-07-24T00:03:18.772893+00:00,ROKU,36,36,28.3,5.6,-1.29,6.12,29.0,141.67,143.52,137.42,🟡,2
20260723,2026-07-24T00:03:18.772893+00:00,COLB,37,37,24.9,8.69,-1.51,4.9,13.71,32.26,32.76,30.53,🟡,0
20260723,2026-07-24T00:03:18.772893+00:00,VLY,38,38,24.1,8.22,-1.39,2.62,16.41,14.45,14.65,13.65,🟡,1
20260723,2026-07-24T00:03:18.772893+00:00,HSIC,39,39,23.2,4.62,-1.53,5.48,11.75,84.53,85.84,79.64,🟢,2
20260723,2026-07-24T00:03:18.772893+00:00,REYN,40,40,22.9,8.95,-2.53,5.02,9.49,25.21,25.86,23.53,🟡,1
20260723,2026-07-24T00:03:18.772893+00:00,HBAN,41,41,22.8,9.53,-3.49,2.76,5.46,17.4,18.03,16.33,🟡,1
20260723,2026-07-24T00:03:18.772893+00:00,LYV,42,42,22.6,7.14,-1.41,1.8,13.37,176.06,178.58,165.56,🟡,1
20260723,2026-07-24T00:03:18.772893+00:00,DXCM,43,43,22.5,5.34,-4.5,-1.43,4.45,70.48,73.8,63.53,🟡,2
20260723,2026-07-24T00:03:18.772893+00:00,FR,44,44,22.3,9.03,-2.33,5.32,12.79,66.33,67.91,62.56,🟡,2
20260723,2026-07-24T00:03:18.772893+00:00,NLY,45,45,21.9,4.64,-1.36,2.88,6.28,22.31,22.62,21.19,🟢,1
20260723,2026-07-24T00:03:18.772893+00:00,TXRH,46,46,21.4,9.32,-1.61,5.38,10.1,190.86,193.98,177.35,🟡,1
20260723,2026-07-24T00:03:18.772893+00:00,GBCI,47,47,21.1,5.37,-2.58,2.92,9.38,50.65,51.99,47.52,🟡,2
20260723,2026-07-24T00:03:18.772893+00:00,PECO,48,48,20.4,7.05,-1.84,3.73,14.65,42.68,43.48,41.06,🟡,3
20260723,2026-07-24T00:03:18.772893+00:00,KDP,49,49,20.0,5.03,-2.03,-3.14,5.67,29.67,30.29,27.34,🟡,1
20260723,2026-07-24T00:03:18.772893+00:00,STAG,50,50,19.6,8.21,-2.21,5.39,7.84,40.5,41.41,38.53,🟡,2
20260723,2026-07-24T00:03:18.772893+00:00,EPRT,51,51,18.9,8.39,-2.55,4.61,5.03,32.1,32.94,30.45,🟡,2
20260723,2026-07-24T00:03:18.772893+00:00,SBUX,52,52,18.7,7.36,-1.13,0.62,10.47,103.21,104.39,95.78,🟡,2
20260723,2026-07-24T00:03:18.772893+00:00,ALGN,53,53,18.7,8.52,-3.31,-2.34,1.69,168.24,174.0,151.14,🟡,2
20260723,2026-07-24T00:03:18.772893+00:00,AMH,54,54,16.9,8.76,-1.09,1.39,7.01,33.11,33.48,31.59,🟡,2
20260723,2026-07-24T00:03:18.772893+00:00,SOLV,55,55,16.8,9.61,-1.99,-0.0,3.13,77.24,78.81,71.65,🟡,2
20260723,2026-07-24T00:03:18.772893+00:00,INVH,56,56,16.0,6.42,-1.2,0.55,8.5,29.44,29.8,28.01,🟡,3
20260723,2026-07-24T00:03:18.772893+00:00,QSR,57,57,13.9,6.24,-1.75,-1.97,2.06,72.38,73.67,67.6,🟡,3
20260724,2026-07-25T00:03:10.005961+00:00,HNGE,1,1,71.6,1.47,-7.6,5.17,45.23,74.31,80.43,64.81,🔵,1
20260724,2026-07-25T00:03:10.005961+00:00,MRNA,2,2,65.2,0.75,-6.23,-6.29,22.48,54.07,57.66,44.32,🔵,4
20260724,2026-07-25T00:03:10.005961+00:00,MOH,3,3,58.9,1.99,-8.19,-3.79,14.39,197.55,215.17,168.16,🔵,2
20260724,2026-07-25T00:03:10.005961+00:00,CRWD,4,4,56.3,2.0,-3.0,3.02,39.7,183.28,188.95,157.19,🔵,2
20260724,2026-07-25T00:03:10.005961+00:00,STM,5,5,54.4,6.26,-13.53,-25.94,24.76,51.54,59.6,40.71,🟡,0
20260724,2026-07-25T00:03:10.005961+00:00,PANW,6,6,52.3,2.59,-3.38,9.01,53.02,323.79,335.1,280.02,🟢,2
20260724,2026-07-25T00:03:10.005961+00:00,COLB,7,7,52.2,1.88,-3.67,1.13,9.69,31.15,32.34,29.27,🔵,0
20260724,2026-07-25T00:03:10.005961+00:00,RELY,8,8,50.7,2.24,-3.06,3.74,30.9,22.53,23.24,20.43,🔵,4
20260724,2026-07-25T00:03:10.005961+00:00,FLG,9,9,50.5,1.94,-5.28,-4.22,4.73,13.85,14.62,12.9,🔵,1
20260724,2026-07-25T00:03:10.005961+00:00,ZETA,10,10,49.3,1.26,-5.5,-6.04,1.81,19.13,20.24,15.69,🔵,4
20260724,2026-07-25T00:03:10.005961+00:00,UNM,11,11,49.3,1.48,-1.51,-1.37,10.0,86.22,87.54,82.05,🔵,1
20260724,2026-07-25T00:03:10.005961+00:00,CHRW,12,12,46.4,3.23,-8.09,0.23,9.63,186.51,202.92,172.11,🟢,2
20260724,2026-07-25T00:03:10.005961+00:00,UMC,13,13,39.2,7.79,-5.56,-10.96,58.03,19.48,20.63,15.77,🟡,1
20260724,2026-07-25T00:03:10.005961+00:00,KGS,14,14,38.7,4.57,-8.46,-14.76,14.19,59.08,64.54,51.37,🟢,2
20260724,2026-07-25T00:03:10.005961+00:00,BE,15,15,38.4,9.74,-11.43,-31.49,4.85,184.89,208.75,119.1,🟡,1
20260724,2026-07-25T00:03:10.005961+00:00,CART,16,16,37.3,3.16,-4.79,-3.43,3.44,42.21,44.33,38.31,🟢,2
20260724,2026-07-25T00:03:10.005961+00:00,PRMB,17,17,35.9,3.5,-3.17,-5.22,12.66,22.7,23.44,20.75,🟢,2
20260724,2026-07-25T00:03:10.005961+00:00,TIGO,18,18,33.1,8.71,-2.46,6.34,39.56,94.54,96.93,86.53,🟡,1
20260724,2026-07-25T00:03:10.005961+00:00,NET,19,19,32.2,4.38,-2.05,8.38,23.68,262.15,267.64,227.23,🟢,2
20260724,2026-07-25T00:03:10.005961+00:00,GBCI,20,20,32.0,3.45,-2.07,1.99,8.52,50.27,51.33,46.99,🟢,2
20260724,2026-07-25T00:03:10.005961+00:00,BB,21,21,31.9,6.59,-2.82,-8.29,57.29,8.54,8.79,6.97,🟡,2
20260724,2026-07-25T00:03:10.005961+00:00,NOKBF,22,22,31.0,5.79,-8.49,-31.59,1.82,9.2,10.05,7.63,🟡,1
20260724,2026-07-25T00:03:10.005961+00:00,VLY,23,23,30.7,4.1,-1.32,1.65,15.35,14.34,14.53,13.53,🟢,1
20260724,2026-07-25T00:03:10.005961+00:00,NOK,24,24,30.6,6.35,-8.67,-32.15,0.3,9.1,9.96,7.35,🟡,1
20260724,2026-07-25T00:03:10.005961+00:00,AROC,25,25,28.3,8.04,-3.99,-2.75,14.42,36.14,37.64,32.43,🟡,1
20260724,2026-07-25T00:03:10.005961+00:00,GFS,26,26,25.9,6.66,-6.13,-27.96,4.73,53.53,57.03,44.39,🟡,2
20260724,2026-07-25T00:03:10.005961+00:00,AKAM,27,27,25.9,7.45,-4.67,-12.98,10.72,115.37,121.02,100.17,🟡,2
20260724,2026-07-25T00:03:10.005961+00:00,ALLY,28,28,25.5,4.62,-3.12,-2.81,2.43,42.92,44.3,39.77,🟢,0
20260724,2026-07-25T00:03:10.005961+00:00,SFTBY,29,29,23.0,8.66,-5.8,-19.69,0.36,16.36,17.37,13.46,🟡,2
20260724,2026-07-25T00:03:10.005961+00:00,HBAN,30,30,21.2,8.83,-2.76,2.32,5.19,17.36,17.85,16.3,🟡,1
20260724,2026-07-25T00:03:10.005961+00:00,GLNG,31,31,20.5,5.16,-1.81,-4.86,7.5,48.62,49.52,45.48,🟡,1
20260724,2026-07-25T00:03:10.005961+00:00,ALGN,32,32,19.4,6.49,-2.93,-3.06,0.84,167.01,172.05,150.75,🟡,1
20260724,2026-07-25T00:03:10.005961+00:00,EQR,33,33,19.2,5.24,-0.65,1.61,9.64,67.86,68.3,64.61,🟡,1
20260724,2026-07-25T00:03:10.005961+00:00,CX,34,34,19.2,7.09,-3.1,-4.1,3.59,12.06,12.45,11.04,🟡,2
20260724,2026-07-25T00:03:10.005961+00:00,KDP,35,35,18.3,7.57,-1.2,-3.15,5.61,29.68,30.04,27.57,🟡,1
20260724,2026-07-25T00:03:10.005961+00:00,PTCT,36,36,17.1,5.27,-1.56,-0.13,5.37,76.82,78.04,68.34,🟡,2
20260727,2026-07-28T00:03:48.788845+00:00,CRWD,1,1,65.0,0.85,-2.79,0.79,36.98,180.11,185.28,154.04,🔵,2
20260727,2026-07-28T00:03:48.788845+00:00,PANW,2,2,64.2,1.14,-3.5,6.19,49.59,317.32,328.83,275.71,🔵,2
20260727,2026-07-28T00:03:48.788845+00:00,CHRW,3,3,61.0,1.51,-11.28,-6.36,2.42,174.46,196.65,158.31,🔵,3
20260727,2026-07-28T00:03:48.788845+00:00,SNDK,4,4,59.9,6.67,-14.94,-25.99,55.39,1278.23,1502.76,810.28,🟡,0
20260727,2026-07-28T00:03:48.788845+00:00,COLB,5,5,53.0,1.39,-3.31,0.15,8.7,30.9,31.96,28.96,🔵,1
20260727,2026-07-28T00:03:48.788845+00:00,GBCI,6,6,50.7,1.02,-3.3,-0.72,5.75,49.0,50.67,45.51,🔵,3
20260727,2026-07-28T00:03:48.788845+00:00,ASML,7,7,49.8,3.45,-6.15,-5.04,20.22,1655.26,1763.74,1467.31,🟢,0
20260727,2026-07-28T00:03:48.788845+00:00,FLG,8,8,49.1,1.64,-4.48,-4.85,3.98,13.76,14.41,12.81,🔵,2
20260727,2026-07-28T00:03:48.788845+00:00,SIMO,9,9,48.9,9.73,-10.41,-15.23,51.28,244.45,272.86,181.84,🟡,1
20260727,2026-07-28T00:03:48.788845+00:00,ACMR,10,10,47.2,9.69,-8.6,-11.66,39.27,79.97,87.5,59.14,🟡,0
20260727,2026-07-28T00:03:48.788845+00:00,EQR,11,11,46.4,1.65,-1.11,0.62,8.58,67.24,67.99,64.09,🔵,1
20260727,2026-07-28T00:03:48.788845+00:00,LITE,12,12,46.2,7.41,-10.46,-16.03,20.47,711.96,795.17,536.98,🟡,0
20260727,2026-07-28T00:03:48.788845+00:00,ALAB,13,13,46.1,7.32,-8.97,-19.56,37.0,282.52,310.35,201.94,🟡,1
20260727,2026-07-28T00:03:48.788845+00:00,KGS,14,14,45.4,3.37,-8.64,-16.27,11.34,57.74,63.2,49.77,🟢,3
20260727,2026-07-28T00:03:48.788845+00:00,EXPD,15,15,44.8,2.58,-2.52,3.73,14.48,171.34,175.77,161.38,🟢,1
20260727,2026-07-28T00:03:48.788845+00:00,AMD,16,16,43.5,8.85,-6.73,-2.85,61.17,494.95,530.67,403.89,🟡,0
20260727,2026-07-28T00:03:48.788845+00:00,MRVL,17,17,43.0,9.6,-6.51,-20.96,41.98,189.17,202.33,148.94,🟡,0
20260727,2026-07-28T00:03:48.788845+00:00,BB,18,18,42.5,3.79,-3.29,-10.02,54.55,8.42,8.71,6.89,🟢,2
20260727,2026-07-28T00:03:48.788845+00:00,JBHT,19,19,42.3,3.72,-2.72,0.93,26.96,280.96,288.83,258.05,🟢,1
20260727,2026-07-28T00:03:48.788845+00:00,INTC,20,20,41.9,9.54,-6.89,-20.07,38.83,91.67,98.46,73.47,🟡,1
20260727,2026-07-28T00:03:48.788845+00:00,UMC,21,21,40.9,5.47,-6.39,-13.06,54.04,19.08,20.38,15.54,🟡,1
20260727,2026-07-28T00:03:48.788845+00:00,LSCC,22,22,40.7,9.37,-7.23,-11.6,22.57,122.91,132.49,102.55,🟡,0
20260727,2026-07-28T00:03:48.788845+00:00,MKSI,23,23,40.3,6.22,-6.07,-9.29,30.8,315.7,336.09,257.99,🟡,1
20260727,2026-07-28T00:03:48.788845+00:00,LRCX,24,24,40.1,4.87,-6.41,-13.79,22.54,291.61,311.58,236.0,🟢,0
20260727,2026-07-28T00:03:48.788845+00:00,TWST,25,25,39.7,9.16,-5.8,7.64,68.27,86.54,91.86,70.65,🟡,1
20260727,2026-07-28T00:03:48.788845+00:00,HUM,26,26,39.0,4.65,-3.11,5.3,45.43,381.15,393.38,345.14,🟢,0
20260727,2026-07-28T00:03:48.788845+00:00,ONTO,27,27,38.4,5.81,-7.66,-10.94,19.83,262.33,284.1,203.28,🟡,1
20260727,2026-07-28T00:03:48.788845+00:00,FLEX,28,28,38.1,9.08,-5.93,-17.67,33.23,116.07,123.38,96.05,🟡,2
20260727,2026-07-28T00:03:48.788845+00:00,PTCT,29,29,38.0,2.48,-2.31,-1.51,3.89,75.8,77.59,67.57,🔵,2
20260727,2026-07-28T00:03:48.788845+00:00,TTMI,30,30,37.9,6.19,-10.55,-27.8,11.12,123.71,138.3,97.02,🟡,2
20260727,2026-07-28T00:03:48.788845+00:00,SM,31,31,36.5,8.48,-6.72,0.07,23.6,30.3,32.48,26.89,🟡,2
20260727,2026-07-28T00:03:48.788845+00:00,CORZ,32,32,35.6,8.03,-9.89,-18.03,5.43,20.74,23.02,16.53,🟡,1
20260727,2026-07-28T00:03:48.788845+00:00,COHR,33,33,35.6,8.4,-9.34,-24.2,7.5,271.31,299.27,211.24,🟡,1
20260727,2026-07-28T00:03:48.788845+00:00,VIAV,34,34,35.5,9.44,-6.81,-18.43,21.28,38.16,40.95,30.86,🟡,2
20260727,2026-07-28T00:03:48.788845+00:00,GH,35,35,35.0,6.95,-2.51,5.56,37.78,145.47,149.21,126.36,🟡,0
20260727,2026-07-28T00:03:48.788845+00:00,IBRX,36,36,34.6,9.77,-5.72,-9.77,20.04,6.99,7.41,5.79,🟡,1
20260727,2026-07-28T00:03:48.788845+00:00,SNDR,37,37,34.1,6.45,-2.59,1.82,27.89,36.78,37.76,33.6,🟡,0
20260727,2026-07-28T00:03:48.788845+00:00,GTX,38,38,33.3,7.19,-2.57,-5.64,40.87,30.8,31.61,27.93,🟡,1
20260727,2026-07-28T00:03:48.788845+00:00,AMKR,39,39,33.1,5.76,-6.51,-16.71,13.89,60.71,64.94,47.63,🟡,1
20260727,2026-07-28T00:03:48.788845+00:00,AKAM,40,40,32.8,4.09,-5.14,-14.26,8.12,112.85,118.96,97.51,🟢,2
20260727,2026-07-28T00:03:48.788845+00:00,FORM,41,41,32.5,5.18,-8.98,-21.45,6.53,98.8,108.55,76.82,🟡,2
20260727,2026-07-28T00:03:48.788845+00:00,MOD,42,42,32.3,9.3,-5.46,-12.13,12.73,230.4,243.71,193.47,🟡,0
20260727,2026-07-28T00:03:48.788845+00:00,TRGP,43,43,31.0,5.22,-4.36,-0.92,22.05,267.64,279.84,251.12,🟡,2
20260727,2026-07-28T00:03:48.788845+00:00,DAR,44,44,30.9,6.2,-3.96,2.92,23.37,60.53,63.02,55.71,🟡,2
20260727,2026-07-28T00:03:48.788845+00:00,ADM,45,45,29.9,6.64,-3.04,3.83,21.3,83.19,85.8,78.32,🟡,1
20260727,2026-07-28T00:03:48.788845+00:00,KNX,46,46,28.7,6.07,-3.98,-6.06,18.96,70.73,73.66,63.18,🟡,2
20260727,2026-07-28T00:03:48.788845+00:00,AROC,47,47,28.5,5.89,-4.51,-3.91,12.78,35.69,37.37,32.0,🟡,1
20260727,2026-07-28T00:03:48.788845+00:00,NVT,48,48,28.0,7.09,-4.1,-8.67,17.12,149.29,155.68,131.26,🟡,2
20260727,2026-07-28T00:03:48.788845+00:00,NTRA,49,49,27.9,6.95,-1.97,7.83,17.93,258.03,263.22,231.51,🟡,0
20260727,2026-07-28T00:03:48.788845+00:00,MTSI,50,50,27.8,7.38,-4.58,-24.18,7.35,263.08,275.71,219.52,🟡,0
20260727,2026-07-28T00:03:48.788845+00:00,KEYS,51,51,27.6,9.37,-2.77,-6.77,17.92,313.68,322.62,283.86,🟡,1
20260727,2026-07-28T00:03:48.788845+00:00,CF,52,52,27.5,9.61,-3.69,4.29,17.65,119.78,124.37,109.05,🟡,2
20260727,2026-07-28T00:03:48.788845+00:00,PR,53,53,26.6,8.79,-3.89,3.72,18.92,20.25,21.07,18.83,🟡,3
20260727,2026-07-28T00:03:48.788845+00:00,VNOM,54,54,25.7,4.32,-3.69,-3.2,3.24,43.04,44.69,40.38,🟢,2
20260727,2026-07-28T00:03:48.788845+00:00,ENTG,55,55,25.5,6.4,-5.48,-12.6,6.53,126.37,133.69,103.31,🟡,2
20260727,2026-07-28T00:03:48.788845+00:00,XPO,56,56,25.4,8.02,-2.14,-1.11,15.99,208.2,212.75,190.64,🟡,1
20260727,2026-07-28T00:03:48.788845+00:00,PRM,57,57,25.1,4.93,-1.96,-1.24,18.76,33.32,33.99,29.71,🟢,2
20260727,2026-07-28T00:03:48.788845+00:00,GFS,58,58,24.3,5.82,-5.54,-28.01,3.86,53.18,56.3,44.36,🟡,2
20260727,2026-07-28T00:03:48.788845+00:00,OKE,59,59,24.1,9.34,-2.64,-0.16,11.37,89.46,91.89,83.77,🟡,1
20260727,2026-07-28T00:03:48.788845+00:00,NVDA,60,60,23.6,6.75,-4.74,-5.76,1.94,196.51,206.29,176.43,🟡,1
20260727,2026-07-28T00:03:48.788845+00:00,AM,61,61,23.5,8.63,-2.86,-0.39,9.22,21.97,22.62,20.7,🟡,1
20260727,2026-07-28T00:03:48.788845+00:00,WMB,62,62,23.1,8.46,-3.79,-4.35,4.75,70.79,73.58,65.74,🟡,1
20260727,2026-07-28T00:03:48.788845+00:00,APH,63,63,21.4,7.24,-3.65,-1.41,5.76,149.28,154.94,134.39,🟡,2
20260727,2026-07-28T00:03:48.788845+00:00,HBAN,64,64,20.9,5.09,-2.9,0.91,3.95,17.16,17.67,16.07,🟡,1
20260727,2026-07-28T00:03:48.788845+00:00,BG,65,65,20.8,8.65,-3.17,-1.15,6.33,117.5,121.35,109.16,🟡,2
20260727,2026-07-28T00:03:48.788845+00:00,EPD,66,66,20.7,8.97,-1.29,1.01,10.01,38.12,38.62,36.48,🟡,1
20260727,2026-07-28T00:03:48.788845+00:00,ET,67,67,20.3,6.24,-1.74,1.64,11.19,19.91,20.26,19.11,🟡,2
20260727,2026-07-28T00:03:48.788845+00:00,OXY,68,68,19.3,9.46,-3.23,-0.03,10.65,54.93,56.77,50.81,🟡,4
20260727,2026-07-28T00:03:48.788845+00:00,KEY,69,69,18.8,7.43,-1.22,0.63,10.18,22.51,22.79,21.25,🟡,2
20260727,2026-07-28T00:03:48.788845+00:00,LYB,70,70,18.1,8.7,-3.64,-5.44,2.93,58.62,60.83,53.13,🟡,3
20260727,2026-07-28T00:03:48.788845+00:00,AMX,71,71,17.6,9.36,-1.05,-0.67,8.45,25.7,25.97,24.3,🟡,2
20260727,2026-07-28T00:03:48.788845+00:00,POR,72,72,16.9,7.42,-1.8,1.1,4.04,51.23,52.17,48.89,🟡,2
20260727,2026-07-28T00:03:48.788845+00:00,AAON,73,73,16.8,8.98,-3.63,-19.26,0.25,101.02,104.83,85.53,🟡,3
20260727,2026-07-28T00:03:48.788845+00:00,AVB,74,74,16.6,5.86,-1.17,0.65,6.1,187.56,189.78,178.6,🟡,2
20260728,2026-07-29T00:02:40.205823+00:00,UMC,1,1,78.9,1.53,-11.5,-20.93,39.59,17.36,19.62,13.64,🔵,1
20260728,2026-07-29T00:02:40.205823+00:00,SNDK,2,2,77.5,2.82,-21.94,-36.33,32.47,1096.1,1404.1,612.15,🟢,0
20260728,2026-07-29T00:02:40.205823+00:00,MKSI,3,3,72.1,1.73,-11.96,-17.89,17.84,285.31,324.07,223.68,🔵,1
20260728,2026-07-29T00:02:40.205823+00:00,ALAB,4,4,68.0,2.98,-12.8,-26.04,26.06,260.23,298.44,178.71,🟢,1
20260728,2026-07-29T00:02:40.205823+00:00,AMD,5,5,68.0,3.09,-11.33,-10.78,47.51,454.62,512.71,358.59,🟢,0
20260728,2026-07-29T00:02:40.205823+00:00,LRCX,6,6,67.2,1.66,-10.46,-20.16,12.99,269.61,301.1,210.68,🔵,1
20260728,2026-07-29T00:02:40.205823+00:00,ACMR,7,7,67.0,3.34,-13.07,-20.59,25.1,72.02,82.85,50.25,🟢,0
20260728,2026-07-29T00:02:40.205823+00:00,MRVL,8,8,66.1,3.19,-10.82,-27.05,30.55,174.47,195.64,132.45,🟢,0
20260728,2026-07-29T00:02:40.205823+00:00,BB,9,9,65.5,1.13,-5.11,-13.9,48.04,8.09,8.53,6.5,🔵,3
20260728,2026-07-29T00:02:40.205823+00:00,ONTO,10,10,64.2,2.08,-11.29,-17.68,10.24,241.89,272.67,180.52,🔵,1
20260728,2026-07-29T00:02:40.205823+00:00,ASML,11,11,63.3,1.64,-7.97,-9.19,14.72,1582.95,1720.03,1386.0,🔵,1
20260728,2026-07-29T00:02:40.205823+00:00,SIMO,12,12,61.9,4.53,-15.33,-22.99,36.49,221.42,261.51,157.31,🟢,1
20260728,2026-07-29T00:02:40.205823+00:00,LITE,13,13,61.7,3.27,-14.0,-22.47,9.85,651.93,758.04,463.73,🟢,0
20260728,2026-07-29T00:02:40.205823+00:00,VSH,14,14,59.8,3.54,-13.35,-33.75,23.93,32.72,37.76,24.05,🟢,3
20260728,2026-07-29T00:02:40.205823+00:00,MOD,15,15,58.9,2.56,-11.8,-20.13,1.67,208.06,235.9,169.64,🟢,0
20260728,2026-07-29T00:02:40.205823+00:00,AMAT,16,16,58.3,3.91,-9.98,-11.73,29.13,476.46,529.26,374.47,🟢,0
20260728,2026-07-29T00:02:40.205823+00:00,INTC,17,17,57.6,3.51,-8.8,-24.37,30.21,86.3,94.63,67.65,🟢,1
20260728,2026-07-29T00:02:40.205823+00:00,ASX,18,18,57.4,3.45,-9.41,-11.38,37.9,33.93,37.45,27.31,🟢,2
20260728,2026-07-29T00:02:40.205823+00:00,KLIC,19,19,57.1,3.52,-9.46,-17.13,26.27,90.93,100.43,70.45,🟢,1
20260728,2026-07-29T00:02:40.205823+00:00,MXL,20,20,56.2,6.55,-21.08,-33.68,46.66,58.94,74.69,32.01,🟡,2
20260728,2026-07-29T00:02:40.205823+00:00,GTX,21,21,55.7,2.52,-3.87,-8.23,36.32,29.92,31.12,26.99,🟢,1
20260728,2026-07-29T00:02:40.205823+00:00,SMTC,22,22,55.7,3.77,-12.27,-24.51,12.74,111.3,126.87,85.19,🟢,0
20260728,2026-07-29T00:02:40.205823+00:00,STX,23,23,54.3,4.68,-11.82,-15.65,46.98,747.3,847.49,553.53,🟢,1
20260728,2026-07-29T00:02:40.205823+00:00,VIAV,24,24,53.5,3.12,-10.84,-24.39,11.16,35.1,39.37,27.34,🟢,2
20260728,2026-07-29T00:02:40.205823+00:00,NVT,25,25,52.7,2.18,-6.7,-12.94,11.02,141.75,151.93,122.53,🔵,2
20260728,2026-07-29T00:02:40.205823+00:00,ERAS,26,26,52.1,3.34,-4.41,17.06,70.21,18.16,19.0,14.83,🟢,0
20260728,2026-07-29T00:02:40.205823+00:00,DAR,27,27,51.5,2.55,-5.66,-0.52,18.75,58.42,61.93,53.7,🟢,2
20260728,2026-07-29T00:02:40.205823+00:00,MTSI,28,28,51.4,2.38,-7.33,-27.61,1.45,249.23,268.95,205.13,🔵,0
20260728,2026-07-29T00:02:40.205823+00:00,JBHT,29,29,51.3,2.73,-3.66,-0.25,25.46,277.62,288.16,254.83,🟢,1
20260728,2026-07-29T00:02:40.205823+00:00,MU,30,30,51.3,6.42,-10.64,-14.36,61.34,820.53,918.27,626.93,🟡,0
20260728,2026-07-29T00:02:40.205823+00:00,NBIS,31,31,51.1,5.97,-13.82,-24.75,20.74,169.69,196.89,113.37,🟡,1
20260728,2026-07-29T00:02:40.205823+00:00,TSEM,32,32,50.9,6.09,-13.29,-19.78,22.3,202.99,234.1,145.72,🟡,1
20260728,2026-07-29T00:02:40.205823+00:00,KGS,33,33,50.6,2.27,-7.55,-17.65,8.74,56.51,61.12,48.44,🔵,3
20260728,2026-07-29T00:02:40.205823+00:00,WDC,34,34,50.0,4.95,-10.73,-16.99,42.28,463.51,519.24,339.47,🟢,1
20260728,2026-07-29T00:02:40.205823+00:00,DOCN,35,35,49.6,6.96,-10.72,-24.88,30.31,112.51,126.02,84.21,🟡,1
20260728,2026-07-29T00:02:40.205823+00:00,NTRA,36,36,48.8,2.49,-3.08,4.92,15.07,252.22,260.23,226.08,🔵,0
20260728,2026-07-29T00:02:40.205823+00:00,SNDR,37,37,48.7,3.15,-3.05,-0.01,25.52,36.18,37.32,33.1,🟢,0
20260728,2026-07-29T00:02:40.205823+00:00,TRGP,38,38,46.8,3.05,-5.24,-3.1,19.06,261.65,276.13,244.59,🟢,2
20260728,2026-07-29T00:02:40.205823+00:00,DELL,39,39,46.6,7.07,-8.29,0.76,86.79,392.1,427.53,307.46,🟡,0
20260728,2026-07-29T00:02:40.205823+00:00,KLAC,40,40,46.3,4.27,-8.1,-13.73,18.39,190.8,207.62,155.0,🟢,0
20260728,2026-07-29T00:02:40.205823+00:00,GH,41,41,45.6,3.71,-2.61,3.54,35.53,143.62,147.47,124.65,🟢,0
20260728,2026-07-29T00:02:40.205823+00:00,ALKS,42,42,45.5,3.7,-3.5,7.42,43.32,50.5,52.33,46.17,🟢,1
20260728,2026-07-29T00:02:40.205823+00:00,VRT,43,43,42.1,3.33,-7.22,-13.75,9.86,269.56,290.54,226.05,🟢,3
20260728,2026-07-29T00:02:40.205823+00:00,UPS,44,44,41.7,3.29,-6.31,-2.5,4.55,105.53,112.64,96.83,🟢,1
20260728,2026-07-29T00:02:40.205823+00:00,CAT,45,45,41.7,3.41,-4.16,-8.87,15.03,840.85,877.34,743.93,🟢,1
20260728,2026-07-29T00:02:40.205823+00:00,APH,46,46,41.6,2.68,-5.45,-5.19,1.85,143.85,152.15,128.22,🟢,2
20260728,2026-07-29T00:02:40.205823+00:00,PTCT,47,47,41.2,1.74,-2.06,-2.11,3.25,75.39,76.97,67.28,🔵,3
20260728,2026-07-29T00:02:40.205823+00:00,CRDO,48,48,41.1,6.96,-10.84,-17.15,16.31,192.28,215.67,140.93,🟡,2
20260728,2026-07-29T00:02:40.205823+00:00,VNOM,49,49,41.0,2.27,-4.72,-5.21,0.78,42.04,44.12,39.42,🔵,3
20260728,2026-07-29T00:02:40.205823+00:00,KEYS,50,50,40.7,3.46,-4.05,-8.99,14.43,305.17,318.04,274.29,🟢,1
20260728,2026-07-29T00:02:40.205823+00:00,MTZ,51,51,39.8,3.62,-8.28,-16.05,5.66,312.44,340.66,263.44,🟢,3
20260728,2026-07-29T00:02:40.205823+00:00,LSCC,52,52,39.1,6.27,-7.17,-13.59,19.45,120.06,129.34,98.85,🟡,0
20260728,2026-07-29T00:02:40.205823+00:00,RRX,53,53,38.3,3.53,-3.86,-4.0,11.35,202.93,211.07,180.14,🟢,1
20260728,2026-07-29T00:02:40.205823+00:00,FLEX,54,54,38.1,5.36,-6.04,-19.31,29.63,113.28,120.56,91.92,🟡,2
20260728,2026-07-29T00:02:40.205823+00:00,AKAM,55,55,36.9,2.97,-3.91,-14.49,6.92,111.79,116.34,97.93,🟢,3
20260728,2026-07-29T00:02:40.205823+00:00,SM,56,56,36.2,6.1,-7.25,-1.98,20.81,29.65,31.97,26.3,🟡,2
20260728,2026-07-29T00:02:40.205823+00:00,ATI,57,57,35.9,9.16,-3.9,1.03,31.89,186.99,194.57,166.03,🟡,1
20260728,2026-07-29T00:02:40.205823+00:00,AVT,58,58,35.8,5.86,-2.92,-1.15,31.73,86.22,88.81,78.48,🟡,0
20260728,2026-07-29T00:02:40.205823+00:00,TER,59,59,35.8,6.62,-8.31,-15.39,12.08,320.65,349.71,250.14,🟡,1
20260728,2026-07-29T00:02:40.205823+00:00,XPO,60,60,35.4,3.8,-2.86,-2.75,13.84,204.73,210.75,187.4,🟢,1
20260728,2026-07-29T00:02:40.205823+00:00,NE,61,61,34.8,3.72,-7.56,-10.45,0.27,39.2,42.4,35.26,🟢,3
20260728,2026-07-29T00:02:40.205823+00:00,ROIV,62,62,34.7,5.11,-2.52,4.89,29.37,33.84,34.72,31.02,🟡,0
20260728,2026-07-29T00:02:40.205823+00:00,AROC,63,63,34.6,4.03,-4.01,-4.86,11.37,35.3,36.78,31.7,🟢,1
20260728,2026-07-29T00:02:40.205823+00:00,SKM,64,64,34.5,8.33,-10.03,-13.71,6.39,30.73,34.16,26.09,🟡,2
20260728,2026-07-29T00:02:40.205823+00:00,FTNT,65,65,31.1,6.76,-1.5,1.46,50.79,149.98,152.26,133.64,🟡,1
20260728,2026-07-29T00:02:40.205823+00:00,TXN,66,66,31.1,7.63,-2.11,-7.56,23.81,277.07,283.05,246.01,🟡,0
20260728,2026-07-29T00:02:40.205823+00:00,KNX,67,67,31.0,4.4,-3.03,-6.88,17.76,70.16,72.35,62.68,🟢,2
20260728,2026-07-29T00:02:40.205823+00:00,MFG,68,68,30.9,8.69,-3.65,3.39,21.0,10.09,10.47,9.4,🟡,1
20260728,2026-07-29T00:02:40.205823+00:00,NXPI,69,69,30.8,4.58,-4.18,-11.76,8.2,259.12,270.42,229.74,🟢,0
20260728,2026-07-29T00:02:40.205823+00:00,CORZ,70,70,30.3,8.34,-7.24,-17.74,5.37,20.75,22.36,16.67,🟡,1
20260728,2026-07-29T00:02:40.205823+00:00,BNY,71,71,30.2,8.33,-1.18,6.97,25.61,156.49,158.35,147.26,🟡,0
20260728,2026-07-29T00:02:40.205823+00:00,PWR,72,72,30.0,4.27,-6.06,-14.41,5.41,588.36,626.28,526.85,🟢,3
20260728,2026-07-29T00:02:40.205823+00:00,PR,73,73,29.6,4.75,-5.24,1.09,15.63,19.73,20.82,18.28,🟢,3
20260728,2026-07-29T00:02:40.205823+00:00,CIEN,74,74,29.3,5.62,-8.88,-26.11,0.64,350.51,384.69,278.96,🟡,2
20260728,2026-07-29T00:02:40.205823+00:00,IBRX,75,75,29.0,8.9,-3.11,-9.76,19.24,6.97,7.19,5.82,🟡,1
20260728,2026-07-29T00:02:40.205823+00:00,ADM,76,76,28.4,6.6,-2.36,3.76,21.09,83.18,85.19,78.28,🟡,1
20260728,2026-07-29T00:02:40.205823+00:00,YPF,77,77,28.3,7.62,-2.87,-0.15,22.66,49.84,51.31,46.12,🟡,2
20260728,2026-07-29T00:02:40.205823+00:00,GEV,78,78,28.2,8.01,-5.11,-8.29,13.54,943.38,994.18,786.62,🟡,2
20260728,2026-07-29T00:02:40.205823+00:00,CGNX,79,79,27.8,6.47,-2.54,-6.68,19.17,60.36,61.94,53.19,🟡,1
20260728,2026-07-29T00:02:40.205823+00:00,GS,80,80,25.7,6.17,-2.8,-1.07,13.92,1033.34,1063.14,930.79,🟡,1
20260728,2026-07-29T00:02:40.205823+00:00,TSM,81,81,25.4,5.5,-3.45,-7.73,10.68,392.31,406.32,353.66,🟡,1
20260728,2026-07-29T00:02:40.205823+00:00,CARR,82,82,25.2,6.67,-6.74,-7.27,4.6,63.16,67.72,57.31,🟡,3
20260728,2026-07-29T00:02:40.205823+00:00,MCHP,83,83,24.6,4.91,-5.09,-15.87,1.28,75.71,79.77,65.42,🟢,1
20260728,2026-07-29T00:02:40.205823+00:00,FANG,84,84,24.4,6.43,-4.78,-0.93,10.94,190.3,199.86,175.26,🟡,3
20260728,2026-07-29T00:02:40.205823+00:00,CMI,85,85,24.2,5.29,-2.61,-4.49,11.77,641.6,658.77,585.21,🟡,1
20260728,2026-07-29T00:02:40.205823+00:00,LNG,86,86,24.2,7.82,-4.27,2.83,8.8,252.18,263.43,232.92,🟡,2
20260728,2026-07-29T00:02:40.205823+00:00,MS,87,87,24.1,8.65,-1.53,-0.86,15.92,211.58,214.86,192.57,🟡,1
20260728,2026-07-29T00:02:40.205823+00:00,ADI,88,88,23.9,6.11,-2.52,-8.68,11.53,365.83,375.3,332.39,🟡,1
20260728,2026-07-29T00:02:40.205823+00:00,OKE,89,89,23.8,7.13,-2.72,-0.84,10.42,88.8,91.28,83.04,🟡,1
20260728,2026-07-29T00:02:40.205823+00:00,CYTK,90,90,23.8,7.65,-1.89,1.32,17.44,79.45,80.98,72.12,🟡,2
20260728,2026-07-29T00:02:40.205823+00:00,AM,91,91,23.5,6.01,-3.19,-1.38,8.04,21.75,22.47,20.44,🟡,1
20260728,2026-07-29T00:02:40.205823+00:00,ETN,92,92,22.9,7.19,-3.96,-4.21,3.64,386.26,402.2,346.38,🟡,1
20260728,2026-07-29T00:02:40.205823+00:00,WMB,93,93,22.6,6.53,-3.81,-5.03,3.76,70.16,72.94,64.97,🟡,1
20260728,2026-07-29T00:02:40.205823+00:00,FLR,94,94,22.5,9.11,-4.41,-0.61,4.89,49.34,51.62,44.96,🟡,2
20260728,2026-07-29T00:02:40.205823+00:00,JCI,95,95,22.3,7.48,-1.6,-1.0,8.2,140.28,142.56,129.49,🟡,0
20260728,2026-07-29T00:02:40.205823+00:00,EXPD,96,96,21.8,5.5,-1.67,3.55,14.33,171.42,174.34,161.7,🟡,2
20260728,2026-07-29T00:02:40.205823+00:00,JBL,97,97,20.9,7.62,-3.36,-13.4,9.56,302.95,313.47,269.07,🟡,3
20260728,2026-07-29T00:02:40.205823+00:00,OXY,98,98,20.0,5.51,-4.13,-1.75,8.53,53.93,56.25,50.09,🟡,4
20260728,2026-07-29T00:02:40.205823+00:00,KMI,99,99,19.9,9.1,-2.12,-1.98,5.12,31.61,32.3,29.78,🟡,1
20260728,2026-07-29T00:02:40.205823+00:00,BG,100,100,19.5,8.25,-2.61,-1.17,6.04,117.37,120.52,109.21,🟡,2
20260728,2026-07-29T00:02:40.205823+00:00,CX,101,101,18.4,5.72,-2.82,-4.4,2.95,12.0,12.35,10.99,🟡,2
20260728,2026-07-29T00:02:40.205823+00:00,DVN,102,102,18.1,7.25,-3.5,-3.18,3.41,42.66,44.21,39.63,🟡,3
20260728,2026-07-29T00:02:40.205823+00:00,AMX,103,103,17.5,9.6,-1.02,-0.63,8.49,25.71,25.98,24.28,🟡,2
20260728,2026-07-29T00:02:40.205823+00:00,COP,104,104,17.4,8.75,-3.13,0.17,7.34,114.1,117.79,106.56,🟡,4
20260728,2026-07-29T00:02:40.205823+00:00,LYB,105,105,17.1,6.76,-3.35,-5.65,2.12,58.22,60.24,52.81,🟡,3
20260728,2026-07-29T00:02:40.205823+00:00,BP,106,106,17.1,9.22,-3.12,0.6,6.82,41.67,43.01,39.37,🟡,4
20260728,2026-07-29T00:02:40.205823+00:00,UDR,107,107,17.0,6.63,-0.95,0.48,7.7,39.0,39.38,37.16,🟡,2
20260728,2026-07-29T00:02:40.205823+00:00,CVX,108,108,16.4,9.59,-2.28,2.64,8.65,187.58,191.95,178.09,🟡,4
20260728,2026-07-29T00:02:40.205823+00:00,POR,109,109,16.2,6.57,-1.54,0.81,3.78,51.15,51.95,48.8,🟡,2
20260728,2026-07-29T00:02:40.205823+00:00,NGG,110,110,14.4,9.95,-1.54,-1.55,0.21,80.86,82.12,77.43,🟡,2
20260729,2026-07-30T00:03:21.307712+00:00,SNDK,1,1,79.2,1.87,-21.09,-40.72,22.12,1015.89,1287.42,549.54,🔵,1
20260729,2026-07-30T00:03:21.307712+00:00,MU,2,2,78.7,2.67,-15.46,-22.89,44.53,739.0,874.18,542.33,🟢,0
20260729,2026-07-30T00:03:21.307712+00:00,AMD,3,3,78.5,1.71,-12.0,-15.72,38.94,429.56,488.15,335.12,🔵,1
20260729,2026-07-30T00:03:21.307712+00:00,MKSI,4,4,78.3,0.75,-15.98,-25.67,6.13,257.61,306.62,195.4,🔵,2
20260729,2026-07-30T00:03:21.307712+00:00,ASX,5,5,76.4,1.37,-12.54,-18.62,25.98,31.12,35.58,24.83,🔵,3
20260729,2026-07-30T00:03:21.307712+00:00,AMAT,6,6,76.1,1.68,-13.71,-19.14,17.94,436.45,505.77,337.87,🔵,1
20260729,2026-07-30T00:03:21.307712+00:00,MRVL,7,7,75.8,1.59,-12.21,-31.6,21.93,163.4,186.12,122.29,🔵,1
20260729,2026-07-30T00:03:21.307712+00:00,LRCX,8,8,73.9,0.82,-12.29,-25.13,5.51,252.35,287.71,195.89,🔵,1
20260729,2026-07-30T00:03:21.307712+00:00,UMC,9,9,73.9,1.27,-8.89,-22.09,37.04,17.11,18.78,13.33,🔵,2
20260729,2026-07-30T00:03:21.307712+00:00,KLAC,10,10,73.6,1.36,-14.36,-22.98,5.39,170.19,198.72,135.24,🔵,1
20260729,2026-07-30T00:03:21.307712+00:00,SIMO,11,11,72.2,2.94,-15.15,-26.82,28.79,209.68,247.11,145.3,🟢,2
20260729,2026-07-30T00:03:21.307712+00:00,FLEX,12,12,71.4,1.34,-11.01,-26.25,17.59,103.02,115.76,81.34,🔵,2
20260729,2026-07-30T00:03:21.307712+00:00,GTX,13,13,70.1,0.94,-5.66,-11.61,30.65,28.78,30.51,25.79,🔵,2
20260729,2026-07-30T00:03:21.307712+00:00,LITE,14,14,70.1,1.7,-15.47,-27.73,1.12,602.35,712.57,420.84,🔵,1
20260729,2026-07-30T00:03:21.307712+00:00,VSH,15,15,69.5,1.82,-16.25,-39.16,13.17,29.96,35.77,21.41,🔵,4
20260729,2026-07-30T00:03:21.307712+00:00,ALAB,16,16,69.4,1.91,-11.5,-29.09,20.91,249.74,282.21,170.74,🔵,2
20260729,2026-07-30T00:03:21.307712+00:00,INTC,17,17,68.0,1.72,-9.5,-27.9,23.13,81.88,90.48,63.21,🔵,2
20260729,2026-07-30T00:03:21.307712+00:00,ALKS,18,18,67.7,1.34,-6.11,2.35,36.86,48.34,51.49,43.74,🔵,2
20260729,2026-07-30T00:03:21.307712+00:00,SMTC,19,19,67.7,1.94,-13.85,-29.44,4.71,103.55,120.19,77.71,🔵,1
20260729,2026-07-30T00:03:21.307712+00:00,NBIS,20,20,66.8,2.37,-18.96,-33.85,5.4,148.22,182.91,90.43,🔵,1
20260729,2026-07-30T00:03:21.307712+00:00,VIAV,21,21,66.6,1.39,-13.74,-29.99,1.76,32.23,37.36,24.43,🔵,3
20260729,2026-07-30T00:03:21.307712+00:00,CAT,22,22,64.4,0.93,-8.56,-14.98,6.87,782.71,856.02,682.91,🔵,2
20260729,2026-07-30T00:03:21.307712+00:00,ASML,23,23,64.4,1.12,-7.06,-10.98,12.29,1550.69,1668.44,1354.22,🔵,1
20260729,2026-07-30T00:03:21.307712+00:00,ERAS,24,24,64.1,1.74,-4.94,13.13,64.9,17.72,18.64,14.42,🔵,1
20260729,2026-07-30T00:03:21.307712+00:00,RRX,25,25,63.4,0.85,-8.77,-11.18,2.82,187.6,205.63,163.73,🔵,2
20260729,2026-07-30T00:03:21.307712+00:00,TSEM,26,26,63.4,3.27,-15.3,-25.26,12.78,187.84,221.77,129.3,🟢,1
20260729,2026-07-30T00:03:21.307712+00:00,DELL,27,27,62.9,3.52,-10.52,-5.63,75.19,369.64,413.1,284.63,🟢,0
20260729,2026-07-30T00:03:21.307712+00:00,NVT,28,28,62.8,0.87,-9.11,-17.58,4.49,133.61,147.0,114.03,🔵,3
20260729,2026-07-30T00:03:21.307712+00:00,SNDR,29,29,62.3,1.23,-3.97,-2.73,22.06,35.26,36.72,32.15,🔵,1
20260729,2026-07-30T00:03:21.307712+00:00,HUT,30,30,62.3,4.06,-15.47,-20.51,27.02,88.18,104.31,61.25,🟢,2
20260729,2026-07-30T00:03:21.307712+00:00,ROIV,31,31,61.0,1.87,-4.19,1.66,25.26,32.87,34.31,29.93,🔵,0
20260729,2026-07-30T00:03:21.307712+00:00,NXPI,32,32,60.9,1.15,-8.32,-17.66,0.58,240.98,262.86,210.55,🔵,1
20260729,2026-07-30T00:03:21.307712+00:00,LSCC,33,33,60.7,2.37,-9.27,-18.62,12.17,112.96,124.5,92.28,🔵,0
20260729,2026-07-30T00:03:21.307712+00:00,AVT,34,34,60.5,2.14,-4.48,-4.16,27.39,83.59,87.51,76.3,🔵,0
20260729,2026-07-30T00:03:21.307712+00:00,ANET,35,35,59.1,1.52,-6.97,-4.39,8.5,157.97,169.81,134.04,🔵,1
20260729,2026-07-30T00:03:21.307712+00:00,CMI,36,36,58.3,1.3,-6.46,-9.55,5.4,606.0,647.82,545.73,🔵,1
20260729,2026-07-30T00:03:21.307712+00:00,BNY,37,37,57.9,1.72,-2.81,3.99,22.18,152.5,156.9,143.15,🔵,0
20260729,2026-07-30T00:03:21.307712+00:00,GS,38,38,57.4,1.38,-5.67,-6.17,8.0,980.75,1039.65,874.4,🔵,1
20260729,2026-07-30T00:03:21.307712+00:00,ADM,39,39,57.3,1.55,-4.09,0.26,16.84,80.38,83.8,75.12,🔵,1
20260729,2026-07-30T00:03:21.307712+00:00,CGNX,40,40,56.9,1.71,-5.2,-10.43,14.02,57.82,60.99,50.57,🔵,1
20260729,2026-07-30T00:03:21.307712+00:00,MXL,41,41,56.2,5.36,-16.76,-35.07,41.72,57.25,68.78,31.33,🟡,2
20260729,2026-07-30T00:03:21.307712+00:00,CRDO,42,42,56.1,3.26,-13.65,-23.57,7.25,177.45,205.5,126.8,🟢,2
20260729,2026-07-30T00:03:21.307712+00:00,TKR,43,43,55.7,2.38,-4.94,-2.08,27.29,132.22,139.09,120.22,🔵,2
20260729,2026-07-30T00:03:21.307712+00:00,JBHT,44,44,55.2,1.57,-2.24,-1.07,24.04,276.14,282.48,253.58,🔵,2
20260729,2026-07-30T00:03:21.307712+00:00,KGS,45,45,54.8,1.26,-6.34,-19.42,5.62,55.0,58.72,46.88,🔵,3
20260729,2026-07-30T00:03:21.307712+00:00,TSM,46,46,54.8,1.55,-5.63,-11.76,5.58,374.67,397.01,334.69,🔵,1
20260729,2026-07-30T00:03:21.307712+00:00,DOCN,47,47,54.8,3.78,-10.16,-28.26,23.17,106.76,118.83,78.23,🟢,1
20260729,2026-07-30T00:03:21.307712+00:00,KEYS,48,48,54.2,1.54,-4.86,-11.24,11.0,296.72,311.87,265.52,🔵,2
20260729,2026-07-30T00:03:21.307712+00:00,ATI,49,49,53.8,3.21,-6.87,-4.12,25.07,177.92,191.04,155.67,🟢,1
20260729,2026-07-30T00:03:21.307712+00:00,MS,50,50,53.5,1.67,-4.09,-4.91,11.14,203.13,211.79,183.58,🔵,1
20260729,2026-07-30T00:03:21.307712+00:00,STT,51,51,53.5,2.82,-3.58,3.8,27.72,176.04,182.58,163.29,🟢,0
20260729,2026-07-30T00:03:21.307712+00:00,AKAM,52,52,53.2,0.91,-4.91,-17.29,2.58,107.41,112.96,93.67,🔵,3
20260729,2026-07-30T00:03:21.307712+00:00,XPO,53,53,53.2,1.45,-4.1,-5.25,10.68,199.38,207.9,182.17,🔵,2
20260729,2026-07-30T00:03:21.307712+00:00,ADI,54,54,51.5,1.71,-4.14,-11.51,7.54,353.37,368.63,319.53,🔵,1
20260729,2026-07-30T00:03:21.307712+00:00,TXN,55,55,51.0,2.45,-2.57,-9.3,20.97,271.3,278.47,240.47,🔵,0
20260729,2026-07-30T00:03:21.307712+00:00,GTES,56,56,49.4,1.93,-5.46,-5.74,1.61,24.92,26.36,22.15,🔵,1
20260729,2026-07-30T00:03:21.307712+00:00,PTCT,57,57,48.8,0.75,-2.23,-3.36,1.96,74.49,76.19,66.85,🔵,3
20260729,2026-07-30T00:03:21.307712+00:00,PWR,58,58,48.5,1.9,-7.99,-17.87,0.42,561.14,609.88,497.52,🔵,4
20260729,2026-07-30T00:03:21.307712+00:00,AMX,59,59,47.6,1.51,-3.03,-3.69,4.76,24.87,25.65,23.43,🔵,2
20260729,2026-07-30T00:03:21.307712+00:00,JBL,60,60,47.0,2.17,-6.54,-17.67,3.68,287.14,307.24,253.21,🔵,3
20260729,2026-07-30T00:03:21.307712+00:00,WDC,61,61,43.8,4.72,-7.65,-17.2,41.08,462.04,500.31,339.56,🟢,2
20260729,2026-07-30T00:03:21.307712+00:00,IBKR,62,62,43.2,3.3,-4.78,-4.26,13.93,86.26,90.59,76.94,🟢,1
20260729,2026-07-30T00:03:21.307712+00:00,ARM,63,63,43.0,5.42,-12.08,-30.54,18.92,224.89,255.8,171.08,🟡,3
20260729,2026-07-30T00:03:21.307712+00:00,ETR,64,64,42.5,2.77,-4.72,-4.03,4.32,107.79,113.12,101.46,🟢,1
20260729,2026-07-30T00:03:21.307712+00:00,UPS,65,65,41.9,2.7,-5.28,-3.53,3.47,104.56,110.39,96.38,🟢,2
20260729,2026-07-30T00:03:21.307712+00:00,POR,66,66,41.3,1.92,-2.19,-1.0,1.98,50.3,51.42,47.86,🔵,2
20260729,2026-07-30T00:03:21.307712+00:00,GEV,67,67,40.5,3.82,-7.87,-12.22,8.18,900.28,977.23,742.29,🟢,2
20260729,2026-07-30T00:03:21.307712+00:00,XENE,68,68,39.1,4.35,-2.82,7.29,26.45,63.1,64.93,57.41,🟢,0
20260729,2026-07-30T00:03:21.307712+00:00,FROG,69,69,38.9,6.11,-6.62,-11.73,21.26,73.28,78.47,58.82,🟡,0
20260729,2026-07-30T00:03:21.307712+00:00,EXPD,70,70,38.7,2.79,-1.59,2.57,13.27,170.13,172.87,161.11,🟢,2
20260729,2026-07-30T00:03:21.307712+00:00,HPE,71,71,37.8,7.87,-4.86,-1.94,53.01,44.44,46.71,37.37,🟡,1
20260729,2026-07-30T00:03:21.307712+00:00,MFG,72,72,37.1,4.36,-5.07,0.29,17.4,9.81,10.33,9.1,🟢,1
20260729,2026-07-30T00:03:21.307712+00:00,AROC,73,73,36.8,3.16,-2.77,-5.2,10.65,35.13,36.13,31.6,🟢,2
20260729,2026-07-30T00:03:21.307712+00:00,CYTK,74,74,36.4,3.42,-2.29,-0.1,15.71,78.39,80.22,71.11,🟢,2
20260729,2026-07-30T00:03:21.307712+00:00,IBRX,75,75,36.2,3.95,-3.23,-11.31,16.41,6.83,7.06,5.69,🟢,1
20260729,2026-07-30T00:03:21.307712+00:00,PNW,76,76,35.1,3.03,-2.49,-2.0,6.18,102.28,104.9,96.8,🟢,2
20260729,2026-07-30T00:03:21.307712+00:00,ALGM,77,77,35.0,6.35,-8.09,-17.73,11.37,42.21,45.93,32.76,🟡,1
20260729,2026-07-30T00:03:21.307712+00:00,RAL,78,78,35.0,6.82,-2.74,0.65,29.03,66.97,68.86,60.39,🟡,0
20260729,2026-07-30T00:03:21.307712+00:00,CNC,79,79,35.0,7.83,-2.48,-2.65,33.4,61.82,63.39,54.46,🟡,0
20260729,2026-07-30T00:03:21.307712+00:00,SKM,80,80,34.4,5.86,-10.98,-16.36,2.47,29.64,33.3,24.95,🟡,2
20260729,2026-07-30T00:03:21.307712+00:00,ON,81,81,34.1,7.34,-8.14,-25.71,5.62,78.86,85.85,66.31,🟡,0
20260729,2026-07-30T00:03:21.307712+00:00,TT,82,82,34.0,4.09,-5.37,-4.84,1.95,446.8,472.17,409.91,🟢,0
20260729,2026-07-30T00:03:21.307712+00:00,RVMD,83,83,33.8,8.33,-2.82,6.52,58.66,180.92,186.17,162.72,🟡,1
20260729,2026-07-30T00:03:21.307712+00:00,ORKA,84,84,33.6,7.21,-2.76,15.29,82.36,88.07,90.57,75.88,🟡,1
20260729,2026-07-30T00:03:21.307712+00:00,AM,85,85,33.3,3.67,-3.06,-2.39,6.81,21.52,22.2,20.21,🟢,1
20260729,2026-07-30T00:03:21.307712+00:00,IVZ,86,86,32.7,4.52,-4.74,-0.1,8.75,28.07,29.47,25.64,🟢,0
20260729,2026-07-30T00:03:21.307712+00:00,SMFG,87,87,31.4,8.54,-3.24,3.02,19.86,24.96,25.8,23.49,🟡,0
20260729,2026-07-30T00:03:21.307712+00:00,TER,88,88,30.7,6.11,-5.97,-15.64,11.31,319.41,339.7,245.4,🟡,1
20260729,2026-07-30T00:03:21.307712+00:00,BWA,89,89,30.6,4.25,-2.14,-8.06,14.35,62.2,63.56,57.24,🟢,1
20260729,2026-07-30T00:03:21.307712+00:00,MIRM,90,90,30.6,4.91,-4.19,-1.15,16.75,107.57,112.28,95.52,🟢,1
20260729,2026-07-30T00:03:21.307712+00:00,HXL,91,91,30.3,9.39,-3.2,8.81,25.28,105.61,109.11,97.04,🟡,2
20260729,2026-07-30T00:03:21.307712+00:00,VIRT,92,92,29.8,8.56,-1.77,0.57,32.42,57.93,58.97,51.94,🟡,2
20260729,2026-07-30T00:03:21.307712+00:00,MAS,93,93,29.4,9.72,-7.43,-2.71,6.64,72.56,78.39,65.49,🟡,2
20260729,2026-07-30T00:03:21.307712+00:00,FTI,94,94,28.6,7.84,-3.57,2.67,20.37,71.73,74.39,66.03,🟡,2
20260729,2026-07-30T00:03:21.307712+00:00,SNEX,95,95,28.4,6.71,-2.58,-9.02,23.92,72.07,73.98,63.17,🟡,2
20260729,2026-07-30T00:03:21.307712+00:00,TEX,96,96,28.3,7.32,-5.23,-0.06,9.39,64.56,68.12,56.77,🟡,1
20260729,2026-07-30T00:03:21.307712+00:00,HWM,97,97,27.5,5.48,-4.16,1.66,15.96,272.79,284.62,250.7,🟡,2
20260729,2026-07-30T00:03:21.307712+00:00,IRM,98,98,27.5,7.83,-3.6,-3.4,14.32,120.75,125.26,109.47,🟡,1
20260729,2026-07-30T00:03:21.307712+00:00,NOV,99,99,26.1,7.44,-4.93,-3.39,6.33,19.06,20.05,17.31,🟡,1
20260729,2026-07-30T00:03:21.307712+00:00,ALSN,100,100,24.7,6.77,-4.4,-1.18,5.54,114.66,119.93,105.66,🟡,1
20260729,2026-07-30T00:03:21.307712+00:00,OC,101,101,24.5,9.14,-3.18,3.97,13.87,136.37,140.85,125.3,🟡,2
20260729,2026-07-30T00:03:21.307712+00:00,C,102,102,23.5,5.49,-3.22,-5.62,7.93,127.13,131.35,117.16,🟡,1
20260729,2026-07-30T00:03:21.307712+00:00,ODFL,103,103,23.4,6.09,-2.25,-1.41,19.09,222.79,227.91,204.11,🟡,3
20260729,2026-07-30T00:03:21.307712+00:00,ABVX,104,104,23.0,8.01,-5.37,0.63,1.98,118.84,125.59,105.69,🟡,2
20260729,2026-07-30T00:03:21.307712+00:00,ESI,105,105,22.9,5.03,-5.91,-16.31,3.45,34.79,36.97,30.42,🟡,3
20260729,2026-07-30T00:03:21.307712+00:00,JCI,106,106,22.5,4.97,-1.78,-1.56,7.4,139.42,141.95,127.55,🟢,0
20260729,2026-07-30T00:03:21.307712+00:00,GSAT,107,107,22.1,7.12,-0.48,-2.83,16.08,78.57,78.95,76.48,🟡,1
20260729,2026-07-30T00:03:21.307712+00:00,AVGO,108,108,21.8,5.93,-3.0,-6.51,1.63,370.32,381.77,333.48,🟡,0
20260729,2026-07-30T00:03:21.307712+00:00,AME,109,109,21.5,8.93,-2.22,1.3,7.85,235.25,240.58,222.45,🟡,1
20260729,2026-07-30T00:03:21.307712+00:00,OGE,110,110,21.2,5.8,-2.84,-0.33,4.74,47.79,49.19,45.24,🟡,1
20260729,2026-07-30T00:03:21.307712+00:00,CZR,111,111,21.0,7.74,-0.45,1.04,17.69,29.77,29.91,29.07,🟡,2
20260729,2026-07-30T00:03:21.307712+00:00,AEP,112,112,20.7,5.87,-2.92,-1.71,3.49,129.4,133.29,122.86,🟡,1
20260729,2026-07-30T00:03:21.307712+00:00,EVRG,113,113,20.6,5.65,-2.17,-0.53,6.3,84.0,85.87,80.12,🟡,1
20260729,2026-07-30T00:03:21.307712+00:00,WMB,114,114,20.3,6.39,-2.69,-4.89,3.65,70.13,72.07,64.89,🟡,1
20260729,2026-07-30T00:03:21.307712+00:00,PCVX,115,115,20.3,9.89,-3.1,0.55,1.99,52.98,54.68,47.33,🟡,1
20260729,2026-07-30T00:03:21.307712+00:00,STAG,116,116,20.2,5.77,-3.63,0.72,3.33,38.91,40.38,36.7,🟡,2
20260729,2026-07-30T00:03:21.307712+00:00,LNT,117,117,19.7,5.35,-2.46,-2.77,3.38,72.0,73.82,68.19,🟡,1
20260729,2026-07-30T00:03:21.307712+00:00,TRP,118,118,19.7,8.83,-2.18,-1.39,11.95,67.28,68.78,63.74,🟡,3
20260729,2026-07-30T00:03:21.307712+00:00,XEL,119,119,19.6,8.91,-2.11,-0.76,0.81,78.75,80.45,74.59,🟡,0
20260729,2026-07-30T00:03:21.307712+00:00,FR,120,120,19.3,7.05,-1.4,3.06,10.49,65.33,66.26,61.72,🟡,2
20260729,2026-07-30T00:03:21.307712+00:00,FCX,121,121,19.1,6.59,-3.38,-5.28,5.9,59.99,62.09,52.96,🟡,3
20260729,2026-07-30T00:03:21.307712+00:00,SCCO,122,122,17.8,8.73,-2.0,-2.8,5.13,175.47,179.05,154.9,🟡,2
20260729,2026-07-30T00:03:21.307712+00:00,DTE,123,123,17.2,6.94,-2.29,-2.21,2.66,143.52,146.88,135.77,🟡,2
20260729,2026-07-30T00:03:21.307712+00:00,CX,124,124,17.0,7.93,-2.86,-6.52,0.13,11.7,12.04,10.7,🟡,2
20260730,2026-07-31T00:02:41.364601+00:00,SNDR,1,1,68.4,0.49,-5.15,-5.92,17.94,34.14,35.99,30.88,🔵,1
20260730,2026-07-31T00:02:41.364601+00:00,JBHT,2,2,64.6,0.44,-3.32,-3.6,20.56,269.21,278.45,245.9,🔵,2
20260730,2026-07-31T00:02:41.364601+00:00,ODFL,3,3,57.6,1.35,-5.26,-6.04,13.34,212.47,224.26,191.59,🔵,2
20260730,2026-07-31T00:02:41.364601+00:00,EXPD,4,4,54.8,0.83,-2.36,0.56,10.99,167.01,171.04,157.25,🔵,2
20260730,2026-07-31T00:02:41.364601+00:00,XPO,5,5,50.7,1.41,-2.76,-5.3,10.4,199.26,204.92,180.86,🔵,2
20260730,2026-07-31T00:02:41.364601+00:00,FTI,6,6,50.1,2.49,-5.55,-1.22,15.33,68.92,72.97,62.73,🔵,2
20260730,2026-07-31T00:02:41.364601+00:00,VTR,7,7,47.1,2.99,-5.9,3.7,12.27,91.92,97.68,85.95,🟢,1
20260730,2026-07-31T00:02:41.364601+00:00,CROX,8,8,43.2,4.37,-6.65,-0.7,27.13,123.66,132.48,110.19,🟢,2
20260730,2026-07-31T00:02:41.364601+00:00,POR,9,9,42.2,1.42,-1.71,-1.5,1.47,50.09,50.96,47.67,🔵,3
20260730,2026-07-31T00:02:41.364601+00:00,PNW,10,10,41.7,1.94,-2.65,-2.95,5.13,101.32,104.07,95.77,🔵,3
20260730,2026-07-31T00:02:41.364601+00:00,TT,11,11,40.6,2.88,-5.17,-6.15,0.43,440.28,464.29,400.77,🟢,1
20260730,2026-07-31T00:02:41.364601+00:00,CNC,12,12,40.4,4.48,-3.14,-4.27,30.93,60.84,62.81,53.33,🟢,0
20260730,2026-07-31T00:02:41.364601+00:00,TEX,13,13,39.8,3.73,-6.95,-3.82,5.32,62.22,66.86,54.21,🟢,1
20260730,2026-07-31T00:02:41.364601+00:00,LNT,14,14,38.5,2.7,-3.04,-4.24,1.75,70.89,73.11,66.93,🟢,1
20260730,2026-07-31T00:02:41.364601+00:00,CP,15,15,38.4,3.22,-3.1,-1.01,9.62,88.16,90.98,83.52,🟢,1
20260730,2026-07-31T00:02:41.364601+00:00,CZR,16,16,36.6,3.09,-0.8,0.36,16.88,29.61,29.85,28.92,🟢,2
20260730,2026-07-31T00:02:41.364601+00:00,HXL,17,17,34.5,4.56,-4.46,5.74,21.78,102.91,107.71,93.26,🟢,2
20260730,2026-07-31T00:02:41.364601+00:00,EVRG,18,18,33.3,3.37,-2.27,-1.47,5.3,83.25,85.19,79.18,🟢,1
20260730,2026-07-31T00:02:41.364601+00:00,RAL,19,19,32.9,9.41,-1.75,0.45,28.77,67.0,68.19,59.14,🟡,0
20260730,2026-07-31T00:02:41.364601+00:00,ALGM,20,20,32.8,4.67,-6.23,-19.22,9.14,41.45,44.2,31.85,🟢,1
20260730,2026-07-31T00:02:41.364601+00:00,AEP,21,21,32.6,3.47,-3.1,-2.94,2.14,127.78,131.87,120.98,🟢,1
20260730,2026-07-31T00:02:41.364601+00:00,OGE,22,22,31.8,3.64,-2.99,-1.45,3.54,47.26,48.72,44.67,🟢,1
20260730,2026-07-31T00:02:41.364601+00:00,WELL,23,23,31.1,4.63,-3.48,5.36,16.1,235.63,244.14,220.95,🟢,1
20260730,2026-07-31T00:02:41.364601+00:00,MO,24,24,29.4,7.83,-6.56,-5.03,6.29,67.94,72.71,62.31,🟡,1
20260730,2026-07-31T00:02:41.364601+00:00,SBRA,25,25,28.2,4.66,-3.42,7.47,11.12,21.32,22.08,19.8,🟢,1
20260730,2026-07-31T00:02:41.364601+00:00,DTE,26,26,28.1,3.65,-2.68,-3.47,1.34,141.7,145.6,133.66,🟢,2
20260730,2026-07-31T00:02:41.364601+00:00,UNP,27,27,28.0,8.52,-2.39,4.6,16.45,289.46,296.54,270.33,🟡,0
20260730,2026-07-31T00:02:41.364601+00:00,MAS,28,28,27.7,8.92,-6.76,-3.49,5.92,72.11,77.34,65.13,🟡,2
20260730,2026-07-31T00:02:41.364601+00:00,KIM,29,29,26.4,8.28,-2.07,2.05,14.49,25.51,26.05,24.36,🟡,0
20260730,2026-07-31T00:02:41.364601+00:00,STAG,30,30,25.4,4.28,-3.61,-0.27,2.29,38.54,39.98,36.21,🟢,2
20260730,2026-07-31T00:02:41.364601+00:00,AHR,31,31,25.1,7.06,-2.52,8.37,13.78,55.73,57.17,52.23,🟡,1
20260730,2026-07-31T00:02:41.364601+00:00,NNN,32,32,22.7,5.54,-1.68,3.43,12.48,48.14,48.96,45.97,🟡,1
20260730,2026-07-31T00:02:41.364601+00:00,CTRE,33,33,22.7,6.26,-2.22,4.11,10.37,41.64,42.58,39.2,🟡,1
20260730,2026-07-31T00:02:41.364601+00:00,WPC,34,34,22.5,7.23,-1.83,1.12,7.62,74.08,75.46,70.29,🟡,0
20260730,2026-07-31T00:02:41.364601+00:00,WM,35,35,22.4,4.5,-4.02,0.58,2.06,226.33,235.8,211.4,🟢,3
20260730,2026-07-31T00:02:41.364601+00:00,JNJ,36,36,22.2,8.72,-2.91,4.6,13.98,255.82,263.49,239.4,🟡,3
20260730,2026-07-31T00:02:41.364601+00:00,BRX,37,37,21.7,7.51,-1.43,0.81,11.44,31.5,31.96,29.98,🟡,1
20260730,2026-07-31T00:02:41.364601+00:00,MOH,38,38,21.2,7.42,-1.77,-5.59,12.76,194.7,198.22,165.87,🟡,2
20260730,2026-07-31T00:02:41.364601+00:00,CNP,39,39,20.9,5.02,-3.21,-2.35,2.63,42.15,43.55,39.56,🟡,1
20260730,2026-07-31T00:02:41.364601+00:00,ADC,40,40,20.3,8.53,-2.23,2.75,5.45,78.41,80.2,74.54,🟡,1
20260730,2026-07-31T00:02:41.364601+00:00,ETR,41,41,19.8,10.0,-3.17,-3.79,4.48,108.03,111.57,101.35,🟡,2
20260730,2026-07-31T00:02:41.364601+00:00,O,42,42,19.5,8.59,-1.42,3.06,7.01,64.43,65.36,61.4,🟡,1
20260730,2026-07-31T00:02:41.364601+00:00,XEL,43,43,19.4,6.06,-2.14,-1.44,0.15,78.23,79.94,73.76,🟡,0
20260730,2026-07-31T00:02:41.364601+00:00,AEE,44,44,17.2,7.04,-2.4,-1.73,2.39,108.75,111.42,103.1,🟡,2
20260730,2026-07-31T00:02:41.364601+00:00,EPRT,45,45,16.4,6.53,-2.06,1.4,2.02,31.27,31.93,29.52,🟡,2
20260730,2026-07-31T00:02:41.364601+00:00,SO,46,46,16.4,7.33,-1.91,-0.18,2.66,94.34,96.18,89.42,🟡,2
20260730,2026-07-31T00:02:41.364601+00:00,DUK,47,47,16.4,7.72,-1.96,0.59,2.38,126.27,128.79,120.09,🟡,2
20260731,2026-08-01T00:03:00.633498+00:00,RAL,1,1,54.9,2.34,-2.99,-2.2,25.35,65.37,67.38,57.29,🔵,0
20260731,2026-08-01T00:03:00.633498+00:00,ODFL,2,2,52.8,1.28,-3.61,-6.26,12.93,212.14,220.09,191.87,🔵,3
20260731,2026-08-01T00:03:00.633498+00:00,LIN,3,3,45.6,2.26,-4.95,-6.96,1.37,478.38,503.28,447.8,🔵,1
20260731,2026-08-01T00:03:00.633498+00:00,PNW,4,4,43.3,1.56,-2.01,-3.26,4.72,100.99,103.06,95.47,🔵,3
20260731,2026-08-01T00:03:00.633498+00:00,NNN,5,5,43.3,2.46,-2.2,1.98,10.94,47.52,48.59,45.26,🔵,1
20260731,2026-08-01T00:03:00.633498+00:00,EIX,6,6,42.9,3.68,-5.73,-0.4,11.7,73.37,77.83,67.64,🟢,0
20260731,2026-08-01T00:03:00.633498+00:00,AAPL,7,7,42.3,3.53,-6.82,-0.19,11.25,308.91,331.5,284.15,🟢,2
20260731,2026-08-01T00:03:00.633498+00:00,TGTX,8,8,38.1,4.16,-3.53,4.22,41.86,52.03,53.93,46.57,🟢,3
20260731,2026-08-01T00:03:00.633498+00:00,LNT,9,9,36.5,2.46,-2.07,-4.33,1.56,70.78,72.28,66.77,🔵,2
20260731,2026-08-01T00:03:00.633498+00:00,EVRG,10,10,35.4,2.68,-1.59,-1.77,4.94,83.01,84.35,79.02,🟢,2
20260731,2026-08-01T00:03:00.633498+00:00,WELL,11,11,34.9,3.65,-2.57,4.67,15.32,234.44,240.61,219.83,🟢,2
20260731,2026-08-01T00:03:00.633498+00:00,SBRA,12,12,34.4,3.51,-3.06,6.69,10.22,21.17,21.84,19.61,🟢,2
20260731,2026-08-01T00:03:00.633498+00:00,CTVA,13,13,32.9,4.99,-9.55,-3.98,4.96,78.71,87.02,72.44,🟢,2
20260731,2026-08-01T00:03:00.633498+00:00,KMX,14,14,32.3,8.15,-2.07,11.82,30.93,57.26,58.47,51.59,🟡,1
20260731,2026-08-01T00:03:00.633498+00:00,STAG,15,15,31.4,3.07,-2.93,-1.04,1.5,38.26,39.41,35.9,🟢,3
20260731,2026-08-01T00:03:00.633498+00:00,TROW,16,16,31.4,8.19,-5.42,0.77,11.19,111.75,118.16,104.54,🟡,0
20260731,2026-08-01T00:03:00.633498+00:00,ES,17,17,30.0,3.69,-3.33,-0.2,3.36,71.59,74.05,67.47,🟢,2
20260731,2026-08-01T00:03:00.633498+00:00,CRNX,18,18,28.7,6.54,-0.27,54.5,81.47,83.52,83.75,82.99,🟡,1
20260731,2026-08-01T00:03:00.633498+00:00,WPC,19,19,27.4,4.29,-1.66,0.46,6.86,73.6,74.84,69.81,🟢,0
20260731,2026-08-01T00:03:00.633498+00:00,BBIO,20,20,26.4,6.68,-3.61,8.05,12.2,80.09,83.09,73.65,🟡,1
20260731,2026-08-01T00:03:00.633498+00:00,HXL,21,21,26.3,6.0,-3.1,5.46,21.53,102.95,106.24,92.92,🟡,3
20260731,2026-08-01T00:03:00.633498+00:00,MGM,22,22,26.2,4.8,-2.5,-3.24,16.65,44.57,45.71,42.13,🟢,2
20260731,2026-08-01T00:03:00.633498+00:00,KIM,23,23,25.5,7.64,-1.71,1.74,14.23,25.48,25.92,24.34,🟡,0
20260731,2026-08-01T00:03:00.633498+00:00,ABBV,24,24,25.5,9.1,-2.87,5.94,13.29,250.94,258.35,234.93,🟡,1
20260731,2026-08-01T00:03:00.633498+00:00,MAS,25,25,25.1,7.26,-5.68,-4.52,4.95,71.48,75.78,64.73,🟡,2
20260731,2026-08-01T00:03:00.633498+00:00,ALGM,26,26,24.1,7.87,-4.15,-19.11,9.07,41.5,43.3,32.28,🟡,2
20260731,2026-08-01T00:03:00.633498+00:00,AHR,27,27,24.0,6.27,-2.12,7.91,13.34,55.6,56.8,51.98,🟡,1
20260731,2026-08-01T00:03:00.633498+00:00,CNP,28,28,23.9,4.38,-2.34,-2.59,2.31,42.04,43.05,39.44,🟢,1
20260731,2026-08-01T00:03:00.633498+00:00,ADM,29,29,23.8,5.45,-2.53,-1.14,14.89,79.27,81.33,73.96,🟡,2
20260731,2026-08-01T00:03:00.633498+00:00,HR,30,30,23.7,8.12,-2.51,2.21,14.81,21.01,21.55,19.94,🟡,2
20260731,2026-08-01T00:03:00.633498+00:00,LLY,31,31,23.7,9.41,-3.17,0.13,12.33,1148.84,1186.4,1059.96,🟡,2
20260731,2026-08-01T00:03:00.633498+00:00,PBA,32,32,22.6,8.72,-1.98,1.28,14.87,48.93,49.92,46.93,🟡,2
20260731,2026-08-01T00:03:00.633498+00:00,O,33,33,22.1,4.69,-1.76,2.08,6.01,63.87,65.01,60.79,🟢,1
20260731,2026-08-01T00:03:00.633498+00:00,BYD,34,34,22.0,9.2,-4.09,-1.61,1.39,85.06,88.69,79.04,🟡,1
20260731,2026-08-01T00:03:00.633498+00:00,SRRK,35,35,21.9,7.55,-2.94,-5.38,5.84,47.29,48.73,41.62,🟡,1
20260731,2026-08-01T00:03:00.633498+00:00,D,36,36,21.1,5.36,-1.28,0.75,10.91,69.17,70.07,65.87,🟡,1
20260731,2026-08-01T00:03:00.633498+00:00,REYN,37,37,21.1,8.21,-1.97,1.8,8.02,24.94,25.44,23.3,🟡,1
20260731,2026-08-01T00:03:00.633498+00:00,ADC,38,38,20.0,5.81,-2.3,1.88,4.58,77.8,79.63,73.93,🟡,1
20260731,2026-08-01T00:03:00.633498+00:00,CI,39,39,19.8,9.55,-4.12,-2.49,0.51,279.05,291.05,255.03,🟡,2
20260731,2026-08-01T00:03:00.633498+00:00,NEE,40,40,19.6,4.58,-1.55,-0.36,0.09,86.92,88.28,82.42,🟢,1
20260731,2026-08-01T00:03:00.633498+00:00,AES,41,41,17.9,8.33,-0.82,-0.21,2.43,14.68,14.8,14.54,🟡,0
20260731,2026-08-01T00:03:00.633498+00:00,XEL,42,42,17.7,5.84,-1.32,-1.45,0.12,78.2,79.24,73.73,🟡,0
20260731,2026-08-01T00:03:00.633498+00:00,FE,43,43,17.5,7.69,-1.46,1.7,2.97,48.31,49.02,45.9,🟡,1
20260731,2026-08-01T00:03:00.633498+00:00,ETR,44,44,17.4,7.97,-2.08,-4.1,4.02,107.62,109.9,100.88,🟡,2
20260731,2026-08-01T00:03:00.633498+00:00,ED,45,45,16.6,6.93,-1.8,-0.33,3.47,108.85,110.85,102.83,🟡,2
20260731,2026-08-01T00:03:00.633498+00:00,AEP,46,46,16.1,6.77,-1.9,-2.87,2.14,127.85,130.33,120.89,🟡,2
20260731,2026-08-01T00:03:00.633498+00:00,DUK,47,47,15.8,5.15,-1.83,-0.1,1.69,125.43,127.77,119.25,🟡,2
20260731,2026-08-01T00:03:00.633498+00:00,WM,48,48,14.4,7.77,-2.92,0.63,2.13,226.55,233.36,211.57,🟡,4
20260803,2026-08-04T00:03:42.252897+00:00,TGTX,1,1,77.8,0.63,-11.24,-7.76,25.68,46.17,52.02,39.69,🔵,4
20260803,2026-08-04T00:03:42.252897+00:00,MAR,2,2,55.9,1.58,-6.76,-8.36,3.65,346.83,371.96,322.62,🔵,1
20260803,2026-08-04T00:03:42.252897+00:00,RAL,3,3,53.8,1.95,-1.95,-2.69,24.66,65.15,66.45,56.91,🔵,1
20260803,2026-08-04T00:03:42.252897+00:00,SBRA,4,4,53.1,1.23,-4.06,3.92,7.19,20.61,21.48,18.94,🔵,2
20260803,2026-08-04T00:03:42.252897+00:00,EIX,5,5,52.4,2.24,-6.46,-3.06,8.64,71.46,76.4,65.57,🔵,1
20260803,2026-08-04T00:03:42.252897+00:00,ODFL,6,6,51.9,1.09,-2.54,-6.55,12.37,211.52,217.04,191.49,🔵,3
20260803,2026-08-04T00:03:42.252897+00:00,AAPL,7,7,46.7,2.55,-6.58,-1.97,9.17,303.42,324.81,277.98,🟢,3
20260803,2026-08-04T00:03:42.252897+00:00,PNW,8,8,44.0,1.28,-1.31,-3.41,4.48,100.81,102.15,95.13,🔵,3
20260803,2026-08-04T00:03:42.252897+00:00,WPC,9,9,43.6,1.98,-1.71,-0.45,5.79,72.91,74.18,68.99,🔵,1
20260803,2026-08-04T00:03:42.252897+00:00,CTVA,10,10,42.9,3.45,-10.23,-7.18,1.31,76.04,84.71,69.79,🟢,3
20260803,2026-08-04T00:03:42.252897+00:00,WELL,11,11,42.5,2.46,-1.88,3.94,14.48,233.1,237.56,218.29,🔵,2
20260803,2026-08-04T00:03:42.252897+00:00,ADM,12,12,41.8,2.7,-2.79,-2.66,13.0,78.06,80.3,72.68,🟢,2
20260803,2026-08-04T00:03:42.252897+00:00,SRRK,13,13,38.7,3.13,-4.7,-8.18,2.45,45.85,48.11,40.18,🟢,1
20260803,2026-08-04T00:03:42.252897+00:00,D,14,14,36.7,3.05,-1.45,0.09,10.16,68.75,69.76,65.37,🟢,1
20260803,2026-08-04T00:03:42.252897+00:00,HR,15,15,36.4,3.57,-3.8,-0.08,12.16,20.54,21.35,19.4,🟢,2
20260803,2026-08-04T00:03:42.252897+00:00,AHR,16,16,36.1,3.44,-2.16,6.82,12.2,55.12,56.34,51.53,🟢,1
20260803,2026-08-04T00:03:42.252897+00:00,DUK,17,17,34.1,2.69,-2.03,-1.02,0.76,124.28,126.86,117.99,🟢,2
20260803,2026-08-04T00:03:42.252897+00:00,ADC,18,18,33.7,3.24,-2.35,1.0,3.69,76.91,78.76,72.96,🟢,1
20260803,2026-08-04T00:03:42.252897+00:00,LLY,19,19,32.7,3.98,-4.25,-2.44,9.48,1121.36,1171.17,1030.4,🟢,2
20260803,2026-08-04T00:03:42.252897+00:00,RPRX,20,20,32.7,4.7,-2.7,1.74,23.49,57.17,58.75,53.88,🟢,1
20260803,2026-08-04T00:03:42.252897+00:00,O,21,21,32.5,3.31,-1.5,1.81,5.75,63.48,64.45,60.37,🟢,1
20260803,2026-08-04T00:03:42.252897+00:00,HXL,22,22,32.4,3.99,-2.36,4.42,20.45,102.28,104.76,92.4,🟢,3
20260803,2026-08-04T00:03:42.252897+00:00,ABBV,23,23,32.4,4.32,-4.25,3.18,10.6,245.1,255.99,227.84,🟢,1
20260803,2026-08-04T00:03:42.252897+00:00,EBAY,24,24,31.8,7.67,-5.6,-3.8,11.25,107.13,113.48,98.77,🟡,0
20260803,2026-08-04T00:03:42.252897+00:00,KRG,25,25,30.2,4.04,-2.4,-0.89,12.85,28.01,28.7,26.43,🟢,2
20260803,2026-08-04T00:03:42.252897+00:00,SGHC,26,26,29.9,5.23,-4.48,-1.65,15.6,13.69,14.33,12.27,🟡,1
20260803,2026-08-04T00:03:42.252897+00:00,MNST,27,27,29.1,8.23,-3.07,-0.06,15.9,93.55,96.51,87.46,🟡,0
20260803,2026-08-04T00:03:42.252897+00:00,DOC,28,28,28.6,6.26,-2.37,3.5,21.52,21.64,22.17,20.48,🟡,1
20260803,2026-08-04T00:03:42.252897+00:00,PBA,29,29,28.2,4.42,-2.97,-0.45,12.74,48.08,49.55,46.03,🟢,2
20260803,2026-08-04T00:03:42.252897+00:00,CNP,30,30,28.1,3.43,-1.66,-2.87,1.98,41.92,42.63,39.35,🟢,2
20260803,2026-08-04T00:03:42.252897+00:00,CF,31,31,27.9,9.02,-4.52,3.08,15.15,118.3,123.91,106.98,🟡,2
20260803,2026-08-04T00:03:42.252897+00:00,MGM,32,32,26.5,4.35,-1.88,-3.73,16.29,44.5,45.35,42.03,🟢,3
20260803,2026-08-04T00:03:42.252897+00:00,INGM,33,33,26.4,8.78,-4.91,-2.44,14.38,27.9,29.34,24.77,🟡,3
20260803,2026-08-04T00:03:42.252897+00:00,CNI,34,34,25.5,6.47,-1.64,3.51,18.17,125.81,127.9,119.55,🟡,1
20260803,2026-08-04T00:03:42.252897+00:00,ED,35,35,25.0,3.94,-1.99,-1.19,2.58,107.95,110.14,101.86,🟢,2
20260803,2026-08-04T00:03:42.252897+00:00,BBIO,36,36,24.6,6.21,-2.79,7.53,11.83,79.96,82.26,73.59,🟡,1
20260803,2026-08-04T00:03:42.252897+00:00,KIM,37,37,24.4,5.63,-1.24,1.31,13.79,25.41,25.73,24.25,🟡,0
20260803,2026-08-04T00:03:42.252897+00:00,HLT,38,38,23.9,4.28,-1.83,-5.58,2.76,314.34,320.2,294.34,🟢,1
20260803,2026-08-04T00:03:42.252897+00:00,OHI,39,39,23.9,7.17,-3.16,2.51,8.83,49.01,50.61,46.1,🟡,1
20260803,2026-08-04T00:03:42.252897+00:00,BGC,40,40,23.0,6.6,-2.37,1.29,13.99,11.39,11.67,10.53,🟡,2
20260803,2026-08-04T00:03:42.252897+00:00,KVUE,41,41,22.3,8.22,-2.11,2.41,9.93,19.01,19.42,17.9,🟡,1
20260803,2026-08-04T00:03:42.252897+00:00,PM,42,42,21.8,6.73,-3.28,2.47,11.68,187.41,193.77,171.71,🟡,3
20260803,2026-08-04T00:03:42.252897+00:00,NNN,43,43,21.3,4.93,-0.79,3.09,12.21,47.49,47.87,45.29,🟢,1
20260803,2026-08-04T00:03:42.252897+00:00,PRMB,44,44,21.3,8.15,-2.37,-6.72,10.62,22.33,22.87,20.43,🟡,2
20260803,2026-08-04T00:03:42.252897+00:00,BYD,45,45,20.4,8.33,-3.38,-2.0,1.1,84.83,87.8,78.75,🟡,1
20260803,2026-08-04T00:03:42.252897+00:00,KNX,46,46,20.2,6.45,-1.96,-9.23,13.81,68.42,69.79,61.19,🟡,3
20260803,2026-08-04T00:03:42.252897+00:00,CL,47,47,20.1,8.69,-2.09,-0.65,5.56,89.88,91.8,83.47,🟡,1
20260803,2026-08-04T00:03:42.252897+00:00,BTI,48,48,19.4,9.59,-3.08,-1.89,3.95,59.56,61.45,55.2,🟡,2
20260803,2026-08-04T00:03:42.252897+00:00,VRTX,49,49,19.2,7.73,-2.07,0.34,3.86,470.72,480.65,439.85,🟡,1
20260803,2026-08-04T00:03:42.252897+00:00,TRP,50,50,18.1,9.57,-2.1,-3.31,9.16,65.86,67.27,61.6,🟡,3
20260803,2026-08-04T00:03:42.252897+00:00,NVS,51,51,17.3,7.22,-2.36,0.69,6.5,153.67,157.39,144.41,🟡,3
20260803,2026-08-04T00:03:42.252897+00:00,SO,52,52,16.0,6.26,-2.1,-1.66,1.17,92.94,94.93,87.7,🟡,2
20260803,2026-08-04T00:03:42.252897+00:00,ENB,53,53,15.2,8.44,-1.41,-2.67,6.07,54.1,54.88,51.85,🟡,3
20260803,2026-08-04T00:03:42.252897+00:00,EPRT,54,54,14.6,6.59,-1.31,0.97,1.54,31.15,31.56,29.38,🟡,2
20260803,2026-08-04T00:03:42.252897+00:00,WM,55,55,14.4,7.49,-2.01,0.51,2.05,226.43,231.06,211.77,🟡,3
20260804,2026-08-05T00:03:22.516348+00:00,EIX,1,1,53.6,1.7,-5.21,-4.14,7.34,70.69,74.58,64.7,🔵,1
20260804,2026-08-05T00:03:22.516348+00:00,KIM,2,2,53.4,1.4,-1.86,-0.38,11.9,25.01,25.48,23.78,🔵,0
20260804,2026-08-05T00:03:22.516348+00:00,MAR,3,3,51.9,1.42,-5.24,-8.67,3.04,345.2,364.29,321.26,🔵,2
20260804,2026-08-05T00:03:22.516348+00:00,WPC,4,4,50.6,1.03,-1.64,-1.21,4.89,72.32,73.52,68.31,🔵,1
20260804,2026-08-05T00:03:22.516348+00:00,WELL,5,5,49.8,1.41,-1.53,3.11,13.55,231.57,235.16,216.6,🔵,2
20260804,2026-08-05T00:03:22.516348+00:00,BRKR,6,6,49.8,7.43,-17.14,-13.35,9.55,50.3,60.71,40.5,🟡,0
20260804,2026-08-05T00:03:22.516348+00:00,AHR,7,7,48.6,1.55,-2.19,5.38,10.74,54.47,55.69,50.73,🔵,2
20260804,2026-08-05T00:03:22.516348+00:00,NNN,8,8,46.8,1.48,-0.87,2.28,11.36,47.17,47.58,44.94,🔵,2
20260804,2026-08-05T00:03:22.516348+00:00,BGC,9,9,46.0,2.18,-3.34,-1.2,11.08,11.11,11.49,10.25,🔵,2
20260804,2026-08-05T00:03:22.516348+00:00,KRG,10,10,45.9,1.87,-3.09,-2.72,10.7,27.51,28.39,25.94,🔵,3
20260804,2026-08-05T00:03:22.516348+00:00,O,11,11,45.5,1.42,-1.62,0.84,4.73,62.9,63.93,59.77,🔵,2
20260804,2026-08-05T00:03:22.516348+00:00,PLD,12,12,44.5,1.92,-3.37,-3.09,3.78,139.05,143.89,129.41,🔵,2
20260804,2026-08-05T00:03:22.516348+00:00,HR,13,13,44.5,2.17,-3.62,-1.39,10.61,20.27,21.03,19.15,🔵,3
20260804,2026-08-05T00:03:22.516348+00:00,ARMK,14,14,42.4,3.34,-1.14,1.54,27.37,56.22,56.87,53.56,🟢,1
20260804,2026-08-05T00:03:22.516348+00:00,CNP,15,15,42.1,1.54,-1.29,-3.62,1.13,41.58,42.12,39.06,🔵,2
20260804,2026-08-05T00:03:22.516348+00:00,ADC,16,16,41.3,1.92,-1.98,0.18,2.86,76.32,77.86,72.44,🔵,2
20260804,2026-08-05T00:03:22.516348+00:00,EPRT,17,17,39.4,1.95,-1.86,-0.46,0.05,30.7,31.28,28.9,🔵,2
20260804,2026-08-05T00:03:22.516348+00:00,REG,18,18,36.1,2.37,-1.08,-0.07,7.03,79.43,80.3,75.78,🔵,3
20260804,2026-08-05T00:03:22.516348+00:00,ABBV,19,19,34.8,3.5,-3.3,2.37,9.96,243.8,252.11,226.58,🟢,2
20260804,2026-08-05T00:03:22.516348+00:00,HLT,20,20,34.3,2.72,-1.9,-6.2,1.94,312.07,318.13,291.58,🟢,2
20260804,2026-08-05T00:03:22.516348+00:00,LLY,21,21,34.1,3.21,-3.0,-3.06,8.77,1115.68,1150.17,1024.67,🟢,3
20260804,2026-08-05T00:03:22.516348+00:00,TIGO,22,22,31.4,9.49,-1.63,2.33,33.64,92.86,94.4,85.18,🟡,1
20260804,2026-08-05T00:03:22.516348+00:00,DUK,23,23,30.9,2.67,-1.27,-1.02,0.75,124.27,125.87,117.9,🟢,3
20260804,2026-08-05T00:03:22.516348+00:00,PECO,24,24,30.4,3.44,-1.65,-0.08,10.59,41.61,42.31,39.52,🟢,3
20260804,2026-08-05T00:03:22.516348+00:00,PAA,25,25,28.4,8.23,-2.84,3.83,19.21,23.55,24.24,22.4,🟡,1
20260804,2026-08-05T00:03:22.516348+00:00,BRX,26,26,28.2,3.98,-0.94,-0.46,10.0,31.18,31.48,29.66,🟢,1
20260804,2026-08-05T00:03:22.516348+00:00,SFD,27,27,28.2,4.07,-3.5,-1.39,5.03,25.34,26.26,23.67,🟢,2
20260804,2026-08-05T00:03:22.516348+00:00,CUZ,28,28,28.1,5.67,-2.24,4.73,20.95,30.91,31.62,28.93,🟡,1
20260804,2026-08-05T00:03:22.516348+00:00,SPG,29,29,27.7,4.88,-1.82,3.24,16.29,225.9,230.1,215.1,🟢,0
20260804,2026-08-05T00:03:22.516348+00:00,PAGP,30,30,27.5,8.86,-2.26,3.73,19.8,25.45,26.04,24.4,🟡,1
20260804,2026-08-05T00:03:22.516348+00:00,ENB,31,31,27.4,3.54,-2.01,-3.76,4.65,53.41,54.51,51.05,🟢,3
20260804,2026-08-05T00:03:22.516348+00:00,PFGC,32,32,27.1,6.7,-1.84,5.12,16.8,112.41,114.51,105.11,🟡,0
20260804,2026-08-05T00:03:22.516348+00:00,UNH,33,33,26.7,8.57,-2.0,-0.75,19.15,407.55,415.87,373.26,🟡,1
20260804,2026-08-05T00:03:22.516348+00:00,DOC,34,34,26.5,5.78,-1.4,3.19,21.26,21.62,21.93,20.41,🟡,1
20260804,2026-08-05T00:03:22.516348+00:00,CF,35,35,26.5,8.64,-3.93,2.98,14.78,118.11,122.94,107.2,🟡,2
20260804,2026-08-05T00:03:22.516348+00:00,CCEP,36,36,24.9,6.59,-2.92,4.81,11.9,106.13,109.32,98.75,🟡,1
20260804,2026-08-05T00:03:22.516348+00:00,SYY,37,37,22.6,7.81,-2.15,3.14,6.6,82.79,84.61,77.14,🟡,0
20260804,2026-08-05T00:03:22.516348+00:00,AFL,38,38,21.7,6.56,-1.51,4.31,11.0,125.15,127.07,120.03,🟡,1
20260804,2026-08-05T00:03:22.516348+00:00,OHI,39,39,21.5,7.61,-1.77,3.26,9.56,48.74,49.62,45.83,🟡,1
20260804,2026-08-05T00:03:22.516348+00:00,F,40,40,21.5,7.99,-3.12,-2.24,8.0,14.24,14.7,12.87,🟡,2
20260804,2026-08-05T00:03:22.516348+00:00,CTRE,41,41,20.7,8.79,-1.82,2.04,7.86,40.84,41.6,38.17,🟡,1
20260804,2026-08-05T00:03:22.516348+00:00,MOH,42,42,20.5,5.95,-1.91,-7.51,10.83,191.36,195.09,166.19,🟡,2
20260804,2026-08-05T00:03:22.516348+00:00,PM,43,43,19.4,5.81,-2.2,2.19,11.27,186.91,191.12,171.61,🟡,3
20260804,2026-08-05T00:03:22.516348+00:00,FR,44,44,18.9,5.04,-1.86,0.7,7.95,64.15,65.36,59.96,🟡,2
20260804,2026-08-05T00:03:22.516348+00:00,BTI,45,45,18.4,6.84,-2.79,-2.43,3.09,59.12,60.82,54.78,🟡,2
20260804,2026-08-05T00:03:22.516348+00:00,TRP,46,46,17.8,6.69,-2.15,-3.9,8.22,65.37,66.81,61.17,🟡,3
20260804,2026-08-05T00:03:22.516348+00:00,WM,47,47,17.7,4.38,-1.31,-0.09,1.49,225.25,228.23,210.61,🟢,3
20260804,2026-08-05T00:03:22.516348+00:00,ABEV,48,48,17.5,9.4,-1.43,-2.68,6.83,3.04,3.08,2.86,🟡,2
20260804,2026-08-05T00:03:22.516348+00:00,NVS,49,49,16.0,6.06,-1.8,0.4,6.12,153.27,156.07,144.05,🟡,3
20260805,2026-08-06T00:03:20.067435+00:00,EIX,1,1,61.0,0.69,-5.78,-7.3,3.64,68.32,72.51,61.92,🔵,1
20260805,2026-08-06T00:03:20.067435+00:00,DINO,2,2,57.2,2.99,-6.51,7.92,37.04,82.98,88.76,73.19,🟢,1
20260805,2026-08-06T00:03:20.067435+00:00,KIM,3,3,54.4,0.92,-1.53,-1.02,11.17,24.87,25.26,23.68,🔵,1
20260805,2026-08-06T00:03:20.067435+00:00,WPC,4,4,51.0,0.84,-1.15,-1.37,4.63,72.18,73.02,68.45,🔵,1
20260805,2026-08-06T00:03:20.067435+00:00,BGC,5,5,50.5,1.27,-3.28,-2.49,9.48,10.96,11.33,10.09,🔵,3
20260805,2026-08-06T00:03:20.067435+00:00,KRG,6,6,48.2,1.42,-2.59,-3.29,9.96,27.36,28.09,25.87,🔵,3
20260805,2026-08-06T00:03:20.067435+00:00,O,7,7,47.6,1.02,-1.14,0.47,4.34,62.7,63.42,59.86,🔵,2
20260805,2026-08-06T00:03:20.067435+00:00,ENB,8,8,47.4,1.02,-3.58,-6.2,1.71,51.94,53.87,49.36,🔵,4
20260805,2026-08-06T00:03:20.067435+00:00,PBF,9,9,46.5,9.06,-10.14,20.92,52.97,61.17,68.07,49.67,🟡,2
20260805,2026-08-06T00:03:20.067435+00:00,DUK,10,10,45.0,1.06,-1.1,-1.73,0.0,123.34,124.72,116.97,🔵,2
20260805,2026-08-06T00:03:20.067435+00:00,BRX,11,11,44.2,1.77,-1.3,-1.32,8.99,30.92,31.33,29.5,🔵,2
20260805,2026-08-06T00:03:20.067435+00:00,ADC,12,12,43.5,1.44,-1.26,-0.17,2.51,76.08,77.05,72.53,🔵,2
20260805,2026-08-06T00:03:20.067435+00:00,REG,13,13,41.5,1.41,-1.03,-0.55,6.48,79.07,79.89,75.72,🔵,4
20260805,2026-08-06T00:03:20.067435+00:00,TRP,14,14,40.2,2.35,-3.42,-5.95,5.6,63.86,66.12,59.51,🔵,3
20260805,2026-08-06T00:03:20.067435+00:00,SPG,15,15,37.2,3.31,-1.37,2.53,15.57,224.81,227.94,214.47,🟢,1
20260805,2026-08-06T00:03:20.067435+00:00,CVS,16,16,36.2,4.37,-4.43,-2.05,18.32,99.12,103.71,91.73,🟢,1
20260805,2026-08-06T00:03:20.067435+00:00,CUZ,17,17,34.2,4.07,-1.76,3.9,20.24,30.76,31.31,28.84,🟢,1
20260805,2026-08-06T00:03:20.067435+00:00,SM,18,18,33.9,6.28,-7.08,-3.25,16.91,29.02,31.23,25.37,🟡,2
20260805,2026-08-06T00:03:20.067435+00:00,TIGO,19,19,32.8,4.98,-2.27,1.0,31.65,91.79,93.92,84.2,🟢,1
20260805,2026-08-06T00:03:20.067435+00:00,CVE,20,20,32.6,7.17,-5.38,1.33,21.18,27.73,29.31,25.05,🟡,2
20260805,2026-08-06T00:03:20.067435+00:00,AMX,21,21,32.5,3.05,-3.56,-6.5,0.79,24.02,24.91,22.31,🟢,3
20260805,2026-08-06T00:03:20.067435+00:00,PAA,22,22,32.3,4.52,-3.37,2.2,17.03,23.17,23.98,22.01,🟢,1
20260805,2026-08-06T00:03:20.067435+00:00,OVV,23,23,31.6,5.44,-4.88,2.14,17.39,57.96,60.93,52.42,🟡,1
20260805,2026-08-06T00:03:20.067435+00:00,VG,24,24,31.5,8.5,-4.34,-0.21,15.62,12.43,12.99,10.33,🟡,0
20260805,2026-08-06T00:03:20.067435+00:00,PSX,25,25,31.1,7.77,-2.33,8.08,26.71,202.55,207.38,186.36,🟡,1
20260805,2026-08-06T00:03:20.067435+00:00,EOG,26,26,30.8,5.11,-6.48,-1.77,9.35,134.23,143.53,122.92,🟡,1
20260805,2026-08-06T00:03:20.067435+00:00,SFD,27,27,29.9,3.3,-2.35,-1.74,4.48,25.23,25.84,23.63,🟢,3
20260805,2026-08-06T00:03:20.067435+00:00,PECO,28,28,29.3,3.21,-1.15,-0.22,10.38,41.58,42.06,39.62,🟢,4
20260805,2026-08-06T00:03:20.067435+00:00,YPF,29,29,28.5,7.99,-4.22,-3.36,17.69,48.67,50.81,44.68,🟡,2
20260805,2026-08-06T00:03:20.067435+00:00,XOM,30,30,28.3,4.17,-1.93,3.66,9.32,151.63,154.61,141.54,🟢,1
20260805,2026-08-06T00:03:20.067435+00:00,WM,31,31,28.2,2.64,-0.65,-0.57,1.03,224.31,225.77,210.79,🟢,4
20260805,2026-08-06T00:03:20.067435+00:00,NBIX,32,32,27.4,5.42,-4.56,-3.81,10.38,161.5,169.22,144.96,🟡,1
20260805,2026-08-06T00:03:20.067435+00:00,EQNR,33,33,27.2,7.18,-4.22,5.85,22.52,38.13,39.81,34.36,🟡,4
20260805,2026-08-06T00:03:20.067435+00:00,PFGC,34,34,25.9,5.02,-1.39,4.38,16.3,112.0,113.58,104.87,🟡,0
20260805,2026-08-06T00:03:20.067435+00:00,APA,35,35,25.4,9.16,-4.24,-1.2,11.34,34.66,36.2,31.41,🟡,2
20260805,2026-08-06T00:03:20.067435+00:00,SSL,36,36,25.3,7.36,-3.58,-4.7,13.81,10.94,11.35,9.89,🟡,2
20260805,2026-08-06T00:03:20.067435+00:00,PR,37,37,25.3,7.8,-4.4,1.34,14.24,19.79,20.7,18.02,🟡,3
20260805,2026-08-06T00:03:20.067435+00:00,ON,38,38,25.3,9.89,-4.68,-25.47,1.95,76.91,80.69,64.29,🟡,0
20260805,2026-08-06T00:03:20.067435+00:00,CTAS,39,39,25.2,4.62,-1.32,8.99,9.1,201.4,204.1,187.14,🟢,0
20260805,2026-08-06T00:03:20.067435+00:00,CF,40,40,24.7,5.31,-3.4,1.85,13.22,116.71,120.82,105.97,🟡,2
20260805,2026-08-06T00:03:20.067435+00:00,SU,41,41,24.6,6.54,-4.02,3.2,14.46,62.82,65.45,58.18,🟡,3
20260805,2026-08-06T00:03:20.067435+00:00,MUR,42,42,23.5,8.38,-5.7,-0.94,5.34,36.04,38.22,32.16,🟡,3
20260805,2026-08-06T00:03:20.067435+00:00,FANG,43,43,23.0,6.54,-4.97,-2.63,7.45,186.17,195.9,168.74,🟡,3
20260805,2026-08-06T00:03:20.067435+00:00,CNQ,44,44,22.5,8.6,-3.66,2.51,11.71,44.75,46.45,41.43,🟡,3
20260805,2026-08-06T00:03:20.067435+00:00,BP,45,45,22.1,8.91,-5.2,-0.03,4.73,41.21,43.47,38.17,🟡,3
20260805,2026-08-06T00:03:20.067435+00:00,AM,46,46,20.9,6.99,-2.5,-2.94,5.55,21.16,21.7,19.8,🟡,1
20260805,2026-08-06T00:03:20.067435+00:00,DRS,47,47,20.8,6.18,-1.88,-2.34,7.83,44.62,45.47,39.51,🟡,1
20260805,2026-08-06T00:03:20.067435+00:00,DVN,48,48,20.5,6.9,-4.35,-3.37,1.16,42.09,44.0,38.8,🟡,2
20260805,2026-08-06T00:03:20.067435+00:00,LINE,49,49,20.5,8.01,-2.17,-3.92,9.86,41.12,42.03,37.42,🟡,2
20260805,2026-08-06T00:03:20.067435+00:00,PBA,50,50,20.5,9.34,-2.97,-2.28,10.29,47.15,48.59,44.84,🟡,3
20260805,2026-08-06T00:03:20.067435+00:00,OHI,51,51,19.9,6.89,-1.08,3.09,9.32,48.69,49.22,45.99,🟡,1
20260805,2026-08-06T00:03:20.067435+00:00,PCG,52,52,19.5,9.37,-1.42,0.98,3.35,17.2,17.45,15.94,🟡,0
20260805,2026-08-06T00:03:20.067435+00:00,F,53,53,19.4,5.36,-2.34,-2.88,7.05,14.13,14.47,12.75,🟡,2
20260805,2026-08-06T00:03:20.067435+00:00,OXY,54,54,19.1,9.81,-3.01,-1.2,7.39,53.81,55.48,49.6,🟡,3
20260805,2026-08-06T00:03:20.067435+00:00,COP,55,55,18.6,8.69,-2.78,1.46,7.26,115.04,118.33,106.63,🟡,3
20260805,2026-08-06T00:03:20.067435+00:00,FR,56,56,18.1,7.18,-1.48,0.69,7.88,64.17,65.13,60.45,🟡,2
20260805,2026-08-06T00:03:20.067435+00:00,FE,57,57,18.0,5.44,-1.06,0.3,1.79,47.79,48.3,45.35,🟡,0
20260805,2026-08-06T00:03:20.067435+00:00,BALL,58,58,18.0,9.28,-1.6,5.91,10.95,63.49,64.52,59.08,🟡,3
20260805,2026-08-06T00:03:20.067435+00:00,ABEV,59,59,17.0,6.69,-1.3,-2.9,6.33,3.03,3.07,2.85,🟡,2
20260805,2026-08-06T00:03:20.067435+00:00,OGE,60,60,13.8,5.21,-0.54,-1.88,2.92,47.02,47.28,44.45,🟡,2
20260805,2026-08-06T00:03:20.067435+00:00,AEP,61,61,13.7,6.6,-1.01,-3.82,0.89,126.47,127.75,119.08,🟡,2
20260806,2026-08-07T00:03:22.523961+00:00,OSCR,1,1,82.6,1.16,-10.93,-6.89,38.91,26.54,29.8,22.23,🔵,0
20260806,2026-08-07T00:03:22.523961+00:00,MAC,2,2,64.6,1.5,-6.94,-4.88,15.47,23.49,25.24,21.74,🔵,0
20260806,2026-08-07T00:03:22.523961+00:00,KIM,3,3,60.2,0.29,-2.44,-2.78,9.13,24.43,25.04,23.2,🔵,1
20260806,2026-08-07T00:03:22.523961+00:00,BGC,4,4,59.5,0.36,-5.3,-6.46,4.91,10.51,11.1,9.58,🔵,3
20260806,2026-08-07T00:03:22.523961+00:00,CUZ,5,5,59.1,0.9,-3.43,0.54,16.51,29.83,30.89,27.77,🔵,2
20260806,2026-08-07T00:03:22.523961+00:00,EIX,6,6,59.0,0.44,-4.25,-8.7,1.88,67.23,70.21,60.85,🔵,1
20260806,2026-08-07T00:03:22.523961+00:00,DDOG,7,7,57.3,7.71,-14.58,-7.85,35.27,229.29,268.44,189.97,🟡,1
20260806,2026-08-07T00:03:22.523961+00:00,VTRS,8,8,57.1,2.1,-6.2,-1.53,16.71,16.29,17.37,14.84,🔵,1
20260806,2026-08-07T00:03:22.523961+00:00,BRX,9,9,56.9,0.41,-2.92,-3.73,6.2,30.15,31.06,28.66,🔵,2
20260806,2026-08-07T00:03:22.523961+00:00,KRG,10,10,56.1,0.46,-3.37,-5.56,7.23,26.71,27.64,25.16,🔵,3
20260806,2026-08-07T00:03:22.523961+00:00,SPG,11,11,54.4,1.2,-1.94,1.01,13.89,221.83,226.21,211.46,🔵,1
20260806,2026-08-07T00:03:22.523961+00:00,WPC,12,12,53.6,0.45,-0.99,-1.76,4.11,71.85,72.57,68.2,🔵,1
20260806,2026-08-07T00:03:22.523961+00:00,REG,13,13,53.0,0.24,-2.84,-3.17,3.59,76.96,79.21,73.29,🔵,4
20260806,2026-08-07T00:03:22.523961+00:00,WDC,14,14,52.0,8.91,-12.88,-19.82,32.99,451.52,518.26,317.15,🟡,2
20260806,2026-08-07T00:03:22.523961+00:00,DINO,15,15,51.8,2.94,-4.53,7.44,36.58,82.92,86.85,72.7,🟢,2
20260806,2026-08-07T00:03:22.523961+00:00,CVS,16,16,51.6,2.27,-5.59,-5.03,14.75,96.22,101.91,88.39,🔵,2
20260806,2026-08-07T00:03:22.523961+00:00,O,17,17,51.2,0.52,-1.11,-0.1,3.73,62.36,63.06,59.39,🔵,2
20260806,2026-08-07T00:03:22.523961+00:00,PECO,18,18,51.0,0.66,-2.4,-2.29,8.0,40.72,41.72,38.62,🔵,4
20260806,2026-08-07T00:03:22.523961+00:00,ENB,19,19,46.8,0.83,-2.68,-6.45,1.18,51.7,53.12,49.0,🔵,4
20260806,2026-08-07T00:03:22.523961+00:00,F,20,20,45.8,1.77,-3.26,-5.02,4.38,13.79,14.25,12.45,🔵,2
20260806,2026-08-07T00:03:22.523961+00:00,SFD,21,21,39.3,2.18,-1.78,-2.23,3.78,25.08,25.53,23.48,🔵,2
20260806,2026-08-07T00:03:22.523961+00:00,SU,22,22,38.5,3.26,-4.7,0.91,11.55,61.35,64.38,56.54,🟢,3
20260806,2026-08-07T00:03:22.523961+00:00,FE,23,23,38.4,2.47,-1.39,-0.61,0.87,47.37,48.04,45.02,🔵,0
20260806,2026-08-07T00:03:22.523961+00:00,HST,24,24,37.7,4.54,-5.5,-1.76,19.82,23.38,24.74,21.7,🟢,1
20260806,2026-08-07T00:03:22.523961+00:00,SNEX,25,25,37.7,5.57,-10.01,-15.78,12.95,66.72,74.15,56.2,🟡,2
20260806,2026-08-07T00:03:22.523961+00:00,FR,26,26,37.5,2.6,-1.89,-0.53,6.49,63.39,64.61,59.58,🟢,2
20260806,2026-08-07T00:03:22.523961+00:00,BBY,27,27,33.2,5.13,-5.27,0.98,15.22,80.02,84.48,72.85,🟡,0
20260806,2026-08-07T00:03:22.523961+00:00,OGE,28,28,33.1,2.63,-0.83,-2.31,2.4,46.79,47.18,44.28,🟢,2
20260806,2026-08-07T00:03:22.523961+00:00,AMX,29,29,32.9,2.57,-2.87,-6.76,0.33,23.92,24.63,22.22,🟢,4
20260806,2026-08-07T00:03:22.523961+00:00,NBIX,30,30,32.8,3.76,-2.6,-4.85,9.15,159.82,164.08,143.15,🟢,1
20260806,2026-08-07T00:03:22.523961+00:00,RDN,31,31,32.0,4.45,-6.23,-1.37,4.05,36.26,38.67,33.91,🟢,1
20260806,2026-08-07T00:03:22.523961+00:00,SM,32,32,31.7,5.13,-6.34,-4.14,15.44,28.7,30.64,24.85,🟡,2
20260806,2026-08-07T00:03:22.523961+00:00,ABEV,33,33,31.6,3.11,-1.25,-3.39,5.48,3.01,3.05,2.83,🟢,2
20260806,2026-08-07T00:03:22.523961+00:00,MTCH,34,34,30.8,9.72,-6.58,-1.56,8.99,36.61,39.19,33.34,🟡,1
20260806,2026-08-07T00:03:22.523961+00:00,SGHC,35,35,26.1,9.34,-4.08,-6.7,9.62,12.99,13.54,11.42,🟡,1
20260806,2026-08-07T00:03:22.523961+00:00,TS,36,36,25.4,6.18,-5.62,-7.98,5.75,53.4,56.58,49.4,🟡,2
20260806,2026-08-07T00:03:22.523961+00:00,PCG,37,37,25.2,4.28,-1.69,-0.27,2.12,17.0,17.29,15.75,🟢,0
20260806,2026-08-07T00:03:22.523961+00:00,LINE,38,38,24.6,4.44,-2.28,-5.02,8.54,40.64,41.59,36.74,🟢,2
20260806,2026-08-07T00:03:22.523961+00:00,SOLV,39,39,24.1,7.9,-3.95,4.78,9.79,82.96,86.38,75.72,🟡,2
20260806,2026-08-07T00:03:22.523961+00:00,TECH,40,40,23.7,7.96,-0.2,11.82,20.35,71.9,72.04,71.13,🟡,1
20260806,2026-08-07T00:03:22.523961+00:00,OUT,41,41,23.0,5.0,-1.98,-2.85,15.54,31.15,31.78,28.65,🟡,2
20260806,2026-08-07T00:03:22.523961+00:00,KHC,42,42,22.0,9.9,-3.7,1.55,6.63,24.96,25.92,22.8,🟡,2
20260806,2026-08-07T00:03:22.523961+00:00,CF,43,43,21.6,6.34,-1.91,1.91,13.05,116.73,119.01,105.37,🟡,2
20260806,2026-08-07T00:03:22.523961+00:00,KDP,44,44,19.8,9.8,-1.56,-2.09,7.19,30.37,30.85,28.13,🟡,1
20260806,2026-08-07T00:03:22.523961+00:00,D,45,45,19.4,5.55,-2.4,-2.84,6.8,66.8,68.44,63.2,🟡,2
20260806,2026-08-07T00:03:22.523961+00:00,OHI,46,46,19.1,6.64,-0.68,3.03,9.17,48.68,49.01,45.98,🟡,1
20260806,2026-08-07T00:03:22.523961+00:00,BALL,47,47,17.4,5.78,-1.49,5.07,10.18,63.13,64.08,58.86,🟡,3
20260806,2026-08-07T00:03:22.523961+00:00,MCO,48,48,16.5,7.55,-1.53,0.53,0.56,473.13,480.5,441.27,🟡,1
20260806,2026-08-07T00:03:22.523961+00:00,AEE,49,49,15.6,5.48,-0.81,-2.16,1.78,108.27,109.15,102.38,🟡,1
20260806,2026-08-07T00:03:22.523961+00:00,TRP,50,50,14.5,5.59,-2.12,-5.75,5.55,63.9,65.28,59.64,🟡,4
20260806,2026-08-07T00:03:22.523961+00:00,LNT,51,51,14.2,7.35,-1.37,-5.09,0.38,69.52,70.49,65.73,🟡,2
